RemakeVoiceID,RemakeScenaScriptFilename,RemakeScenaScriptLineno,RemakeScenaScriptAddStructLineno,RemakeScenaScriptTranslationLineno,RemakeScenaScriptTranslationAddStructLineno,OldScriptId,OldVoiceFilename,MatchType,RemakeVoiceCategory,RemakeVoiceTranslation,RemakeVoiceText,OldVoiceText
50001,mp0000,9941,9291,9941,,,,unmatched,evo,怎么了，艾丝蒂尔。你要出远门吗？,何だ、エステル。どっか出かけんのか？,
50002,mp0000,9945,9309,9945,,,,unmatched,evo,是啊。,まあね。,
50003,mp0000,9950,9315,9950,,,,unmatched,evo,是啊。,まあね。,
50004,mp0000,9957,9333,9957,,,,unmatched,evo,我要暂时离开洛连特一段时间。,しばらくロレントを留守にするわよ。,
50005,mp0000,9962,9339,9962,,,,unmatched,evo,我要暂时离开洛连特一段时间。,しばらくロレントを留守にするわよ。,
50006,mp0000,9969,9357,9969,,,,unmatched,evo,我不在的时候你可不要觉得寂寞哦。,あたしがいないからって寂しがらないようにね。,
50007,mp0000,9974,9363,9974,,,,unmatched,evo,我不在的时候你可不要觉得寂寞哦。,あたしがいないからって寂しがらないようにね。,
50008,mp0000,9979,9375,9979,,,,unmatched,evo,笨、笨蛋，才不会寂寞呢。,バ、バッカやろ、誰が寂しがるかよ。,
50009,mp0000,9981,9387,9981,,,,unmatched,evo,……那，你打算什么时候回来？,……で、いつ帰ってくるんだよ？,
50010,mp0000,9985,9405,9985,,,,unmatched,evo,我也不知道。,それは、まだ分からないわ。,
50011,mp0000,9990,9411,9990,,,,unmatched,evo,我也不知道。,それは、まだ分からないわ。,
50012,mp0000,9995,9423,9995,,,,unmatched,evo,是吗……,そうか……,
50013,mp0000,10004,9453,10004,,,,unmatched,evo,………………,………………,
50014,mp0000,10006,9465,10006,,,,unmatched,evo,……早点回来啊。,……早く帰ってこいよな。,
50015,mp0000,10010,9483,10010,,,,unmatched,evo,嗯？你说什么？,へ、何か言った？,
50016,mp0000,10015,9489,10015,,,,unmatched,evo,嗯？你说什么？,へ、何か言った？,
50017,mp0000,10020,9501,10020,,,,unmatched,evo,没、没什么。,な、何でもねぇよ。,
50018,mp0000,10032,9525,10032,,,,unmatched,evo,克劳斯伯伯家发生什么事了吗？,クラウスおじさんの家で何かあったのか？,
50019,mp0000,10043,9555,10043,,,,unmatched,evo,听说记者来这里采访卡西乌斯叔叔呢！,記者がカシウスおじさんを取材に来たらしいぜ！,
50020,mp0000,10045,9567,10045,,,,unmatched,evo,我的老爸是王国军的士兵……,うちの父ちゃんは王国軍の兵士だけど……,
50021,mp0000,10047,9579,10047,,,,unmatched,evo,和游击士比起来，又刻板，又不起眼。,ブレイサーに比べると堅苦しいし、地味だよなぁ。,
50022,mp0000,10055,9603,10055,,,,unmatched,evo,嗯，游击士果然比士兵帅气多了……,うーん、やっぱ兵士よりブレイサーのほうがかっこいいよなぁ……,
50023,mp0000,10067,9627,10067,,,,unmatched,evo,唉，好想快点变成大人啊。,あーあ、早く大人になりてーな。,
50024,mp0000,10069,9639,10069,,,,unmatched,evo,等我成为游击士，就可以大显身手了。,ブレイサーになってどんどん活躍してやるのに。,
50025,mp0000,10071,9651,10071,,,,unmatched,evo,现在却被艾丝蒂尔抢先一步，太不甘心了。,エステルなんかに先越されてたのが悔しくてしょうがないぜ。,
50026,mp0000,10082,9789,10082,,,,unmatched,evo,之前，我看到克劳斯伯伯在钟楼周围拼命除草。,クラウスおじさん、この前、時計塔のまわりで一生懸命草むしりしてたぜ。,
50027,mp0000,10084,9801,10084,,,,unmatched,evo,市长连那种事都不得不做吗？,市長ってあんな事もしなきゃいけないのか？,
50028,mp0000,10088,9711,10088,,,,unmatched,evo,那是他的爱好而已吧。都说他喜欢园艺。,あれは趣味でしょ。園芸が好きだって噂だし。,
50029,mp0000,10093,9717,10093,,,,unmatched,evo,那是他的爱好而已吧。都说他喜欢园艺。,あれは趣味でしょ。園芸が好きだって噂だし。,
50030,mp0000,10100,9735,10100,,,,unmatched,evo,所以大家都习惯叫他“克劳斯伯伯”啊。,だから『クラウスおじさん』って呼ばれちゃうんだろうね。,
50031,mp0000,10105,9741,10105,,,,unmatched,evo,所以大家都习惯叫他“克劳斯伯伯”啊。,だから『クラウスおじさん』って呼ばれちゃうんだろうね。,
50032,mp0000,10112,9759,10112,,,,unmatched,evo,这样叫多好，多亲切呀。,ま、親しみがあっていいじゃない。,
50033,mp0000,10117,9765,10117,,,,unmatched,evo,这样叫多好，多亲切呀。,ま、親しみがあっていいじゃない。,
50034,mp0000,10128,9789,10128,,,,unmatched,evo,之前，我看到克劳斯伯伯在钟楼周围拼命除草。,クラウスおじさん、この前、時計塔のまわりで一生懸命草むしりしてたぜ。,
50035,mp0000,10130,9801,10130,,,,unmatched,evo,市长连那种事都不得不做吗？,市長ってあんな事もしなきゃいけないのか？,
50036,mp0000,10142,9825,10142,,,,unmatched,evo,我是卡西乌斯·布莱特！,俺はカシウス・ブライトだぁ！,
50037,mp0000,10144,9837,10144,,,,unmatched,evo,不许跑！魔兽！吃我一棒！,逃げるな魔獣め、覚悟しやがれ！,
50038,mp0000,10156,9873,10156,,,,unmatched,evo,嘿嘿，想一起去……,へへっ、一緒に行きたきゃ……,
50039,mp0000,10158,9885,10158,,,,unmatched,evo,那就先抓到我再说！,俺を捕まえてみなっ！,
50040,mp0000,10167,9915,10167,,,,unmatched,evo,谁叫我先看见的。,発見したの俺だもんねっ。,
50041,mp0000,10400,10197,10400,,,,unmatched,evo,刚才我看到克劳斯伯伯跑得飞快……,クラウスおじさんがすごい勢いで走っていったけど……,
50042,mp0000,10402,,10402,,,,conflict,evo,发生什么事了？,どうしたの？,
50043,mp0000,10411,10233,10411,,,,unmatched,evo,说到《利贝尔通信》，我爸爸经常买来看。,リベール通信って言ったらうちのお父さんもいつも読んでるよ。,
50044,mp0000,10413,10245,10413,,,,unmatched,evo,封面会登载当今话题人物的照片。,表紙に今話題になってる人の写真が載るんだよね。,
50045,mp0000,10422,10269,10422,,,,unmatched,evo,最近，我在主日学校学习了游击士协会的知识。,最近、日曜学校で遊撃士協会のことを習ったんだ。,
50046,mp0000,10424,10281,10424,,,,unmatched,evo,游击士果然令人向往啊。,やっぱりブレイサーって憧れちゃうな。,
50047,mp0000,10433,10305,10433,,,,unmatched,evo,市长官邸的院子真的好美呀。,市長邸ってすごく庭がキレイだよね。,
50048,mp0000,10435,10317,10435,,,,unmatched,evo,听说那也是克劳斯伯伯自己装扮的。,あれもクラウスおじさんが自分でやってるんだって。,
50049,mp0000,10444,10341,10444,,,,unmatched,evo,鲁克从不会手下留情，我只能逃了。,ルック、手加減しないんだもん。逃げるしかないよー。,
50050,mp0000,10454,10371,10454,,,,unmatched,evo,带我去嘛！明明是我告诉你的。,連れてってよー！教えたのはボクなのにー。,
50051,mp0000,10723,10484,10723,,,,unmatched,evo,刚才克劳斯伯伯从这里走过哦。,さっきね、クラウスおじさんが通ったの。,
50052,mp0000,10725,10496,10725,,,,unmatched,evo,还大声地和我打了招呼呢。,すごく大きな声で挨拶してくれたの。,
50053,mp0000,10734,10520,10734,,,,unmatched,evo,鲁克真是的，从早上开始就一直那样。,ルックったら朝からあの調子なの。,
50054,mp0000,10736,10532,10736,,,,unmatched,evo,男孩子还真是单纯啊。,男の子って単純ね。,
50055,mp0000,10753,10694,10753,,,,unmatched,evo,鲁克和帕特他们究竟跑到哪里去了呢……,ルックとパット、どこに行っちゃったのかなぁ……,
50056,mp0000,10767,,10767,,49160,ch0070140821,normalized,evo,呀，是艾丝蒂尔姐姐和约书亚哥哥！,あ、エステルお姉ちゃんとヨシュアお兄ちゃん！,あ……エステルお姉ちゃんとヨシュアお兄ちゃん！
50057,mp0000,10771,10616,10771,,,,unmatched,evo,早上好啊，尤妮。,おはよう、ユニちゃん。,
50058,mp0000,10776,10622,10776,,,,unmatched,evo,早上好啊，尤妮。,おはよう、ユニちゃん。,
50059,mp0000,10783,10640,10783,,,,unmatched,evo,今天怎么没有和鲁克、帕特在一起呢。,今日はルックやパットと一緒じゃないの？,
50060,mp0000,10788,10646,10788,,,,unmatched,evo,今天怎么没有和鲁克、帕特在一起呢。,今日はルックやパットと一緒じゃないの？,
50061,mp0000,10793,10658,10793,,,,unmatched,evo,直到刚才还和他们在一起的……,さっきまで一緒にいたんだけど……,
50062,mp0000,10795,10670,10795,,,,unmatched,evo,不过一眨眼的功夫他们两个就不知道跑到哪里去了。,あの２人、急に走ってどこかに行っちゃったの。,
50063,mp0000,10803,10694,10803,,,,unmatched,evo,鲁克和帕特他们究竟跑到哪里去了呢……,ルックとパット、どこに行っちゃったのかなぁ……,
50064,mp0000,12287,10839,12287,,,,unmatched,evo,艾丝蒂尔，约书亚。听说你们要去柏斯？,エステル、ヨシュア。ボースに行っちゃうって本当？,
50065,mp0000,12291,10857,12291,,,,unmatched,evo,哈哈……不愧是克露莎。,あはは……さすがクルーセちゃん。,
50066,mp0000,12296,10863,12296,,,,unmatched,evo,哈哈……不愧是克露莎。,あはは……さすがクルーセちゃん。,
50067,mp0000,12303,10881,12303,,,,unmatched,evo,消息还是那么灵通。,相変わらずの早耳ね。,
50068,mp0000,12308,10887,12308,,,,unmatched,evo,消息还是那么灵通。,相変わらずの早耳ね。,
50069,mp0000,12315,10905,12315,,,,unmatched,evo,我们有些事情要调查，所以要去柏斯一趟。,ちょこっと調べ物があるからボースまで行くことになったの。,
50070,mp0000,12320,10911,12320,,,,unmatched,evo,我们有些事情要调查，所以要去柏斯一趟。,ちょこっと調べ物があるからボースまで行くことになったの。,
50071,mp0000,12325,10923,12325,,,,unmatched,evo,卡西乌斯叔叔不在，现在连你们也要走……,カシウスさんだけじゃなくて２人もいなくなっちゃうなんて……,
50072,mp0000,12327,10935,12327,,,,unmatched,evo,啊～我要跟着你们去取材～,あーん、クルーセも同行して取材したーい。,
50073,mp0000,12330,10953,12330,,,,unmatched,evo,约书亚，带我走！,ヨシュア、連れてって！,
50074,mp0000,12334,10971,12334,,,,unmatched,evo,哎……伤、伤脑筋。,え……こ、困ったな。,
50075,mp0000,12339,10977,12339,,,,unmatched,evo,哎……伤、伤脑筋。,え……こ、困ったな。,
50076,mp0000,12344,10989,12344,,,,unmatched,evo,………………,………………,
50077,mp0000,12346,11001,12346,,,,unmatched,evo,不过，其他事件也很让我在意。,でも、他で起こる事件もやっぱり気になるのよね。,
50078,mp0000,12348,11013,12348,,,,unmatched,evo,好烦恼。,クルーセ悩んじゃう。,
50079,mp0000,12356,11037,12356,,,,unmatched,evo,我这次就乖乖留在这里等你们吧，你们可要早点回来哦。,クルーセ、今回はおとなしく待ってるからはやく帰ってきてね。,
50080,mp0000,12358,11049,12358,,,,unmatched,evo,大家都不在，新闻素材肯定会减少很多。,みんながいないとニュースソースが減っちゃうもの。,
50081,mp0000,12373,11085,12373,,,,unmatched,evo,啊，是艾丝蒂尔和约书亚！还有……,あ、エステルとヨシュアだ！それに……,
50082,mp0000,12378,11115,12378,,,,unmatched,evo,呀，雪拉姐姐！,きゃっ、シェラさん！,
50083,mp0000,12382,11133,12382,,,,unmatched,evo,嗨，克露莎。,ハーイ、クルーセちゃん。,
50084,mp0000,12387,11139,12387,,,,unmatched,evo,嗨，克露莎。,ハーイ、クルーセちゃん。,
50085,mp0000,12392,11187,12392,,,,unmatched,evo,三位游击士居然同时出现在城里……,街でウワサの遊撃士が３人そろってるなんて……,
50086,mp0000,12394,11163,12394,,,,unmatched,evo,啊，难道出了什么大事！？,ハッ、もしかして事件ね！,
50087,mp0000,12402,11187,12402,,,,unmatched,evo,三位游击士居然同时出现在城里……,街でウワサの遊撃士が３人そろってるなんて……,
50088,mp0000,12404,11199,12404,,,,unmatched,evo,啊，难道出了什么大事！,もしかして事件ね！,
50089,mp0000,12418,11229,12418,,,,unmatched,evo,艾丝蒂尔，约书亚㈱听说你们的表现非常活跃哦。,エステル、ヨシュア㈱すっごく活躍してるって聞いたよ。,
50090,mp0000,12420,11241,12420,,,,unmatched,evo,嗯，不但赶走了帕赛尔农场的魔兽……,えっと、パーゼル農園で魔物を追いはらって……,
50091,mp0000,12422,11253,12422,,,,unmatched,evo,还在矿山救了矿工……,鉱山では鉱員さんを助けて……,
50092,mp0000,12424,11265,12424,,,,unmatched,evo,这次又要护送记者？,今度は記者さんたちを護衛したんでしょ？,
50093,mp0000,12428,11283,12428,,,,unmatched,evo,你、你知道得还真清楚。,よ、よく知ってるね。,
50094,mp0000,12433,11289,12433,,,,unmatched,evo,你、你知道得还真清楚。,よ、よく知ってるね。,
50095,mp0000,12438,,12438,,11399,ch0010021140,normalized,evo,嗯，还好吧。,うん、まーね。,うん、まーね。
50096,mp0000,12440,11397,12440,,,,unmatched,evo,那些记者要是委托我就好了。,記者さんたちクルーセを雇ってくれればいいのに。,
50097,mp0000,12442,11409,12442,,,,unmatched,evo,我一直觉得自己非常适合做记者。,クルーセ、絶対記者に向いてると思うの。,
50098,mp0000,12446,11343,12446,,,,unmatched,evo,（嗯，  的确很适合。）,（うーん、  確かに向いてるかも。）,
50099,mp0000,12451,11349,12451,,,,unmatched,evo,（嗯，  的确很适合。）,（うーん、  確かに向いてるかも。）,
50100,mp0000,12458,11367,12458,,,,unmatched,evo,（哈哈……）,（はは……）,
50101,mp0000,12463,11373,12463,,,,unmatched,evo,（哈哈……）,（はは……）,
50102,mp0000,12474,11397,12474,,,,unmatched,evo,那些记者要是委托我就好了。,記者さんたちクルーセを雇ってくれればいいのに。,
50103,mp0000,12476,11409,12476,,,,unmatched,evo,我一直觉得自己非常适合做记者。,クルーセ、絶対記者に向いてると思うの。,
50104,mp0000,12490,11439,12490,,,,unmatched,evo,不久前，我看到市长从协会出来。,この前、市長さんがギルドから出てくるのを見たわ。,
50105,mp0000,12492,11451,12492,,,,unmatched,evo,另外，我最近经常在城里看到里农哥哥和这个婆婆。,あと、最近リノンさんとこのお婆さんを街でよく見かけるのよね。,
50106,mp0000,12494,11463,12494,,,,unmatched,evo,很奇怪啊……,アヤしいわね……,
50107,mp0000,12496,11475,12496,,,,unmatched,evo,不过，到底要追哪一条线索呢？真是让人烦恼啊。,でも、どっちのヤマを追うかクルーセ悩んじゃう。,
50108,mp0000,12504,11499,12504,,,,unmatched,evo,啊啊，新闻在呼唤我。,ああ、事件がクルーセを呼んでるわ。,
50109,mp0000,12516,11523,12516,,,,unmatched,evo,我听说帕赛尔农场那边发生了事件。,クルーセの情報によればパーゼル農園のほうで何か事件があったみたいね。,
50110,mp0000,12518,11535,12518,,,,unmatched,evo,要不要给写份突击报道给爱娜姐姐呢……,アイナさんに突撃レポートしちゃおっかな……,
50111,mp0000,12529,11565,12529,,,,unmatched,evo,对了，卡西乌斯叔叔去哪里了？,ね、カシウスさんどこか行っちゃったの？,
50112,mp0000,12533,11583,12533,,,,unmatched,evo,嗯，因为工作的关系，他短期内恐怕不会回来了。,うん、仕事の都合でしばらく帰ってこないみたいよ。,
50113,mp0000,12538,11589,12538,,,,unmatched,evo,嗯，因为工作的关系，他短期内恐怕不会回来了。,うん、仕事の都合でしばらく帰ってこないみたいよ。,
50114,mp0000,12543,11601,12543,,,,unmatched,evo,唔，是吗……,しゅん、そっかー……,
50115,mp0000,12545,11613,12545,,,,unmatched,evo,卡西乌斯叔叔也是我很关注的人呢。有点可惜……,カシウスさんもクルーセ注目の人なのにな。ちょっと残念……,
50116,mp0000,12549,11631,12549,,,,unmatched,evo,克露莎……,クルーセちゃん……,
50117,mp0000,12554,11637,12554,,,,unmatched,evo,克露莎……,クルーセちゃん……,
50118,mp0000,12559,11649,12559,,,,unmatched,evo,我认为卡西乌斯叔叔是那种为人正派的传统型男人。,カシウスさんは正攻法で磨いても光る大人の男だと思うけどー。,
50119,mp0000,12561,11661,12561,,,,unmatched,evo,但是他却出乎我的意料，那种独特的时尚感实在是美得可恨呀。,それを敢えて崩して独特のダンディズムを表現してるところがまたたまらなく憎いのよねー。,
50120,mp0000,12563,11673,12563,,,,unmatched,evo,他一定受到任何年龄段的欢迎。嗯，卡西乌斯叔叔太棒了～！,きっと広い層にウケる人のはずよ。うん、カシウスさんオッケー！,
50121,mp0000,12567,11691,12567,,,,unmatched,evo,……喂，克露莎，你几岁了？,……ね、クルーセちゃんって何歳だっけ？,
50122,mp0000,12572,11697,12572,,,,unmatched,evo,……喂，克露莎，你几岁了？,……ね、クルーセちゃんって何歳だっけ？,
50123,mp0000,12579,11715,12579,,,,unmatched,evo,哈哈，好早熟啊。,はは、おマセさんだよね。,
50124,mp0000,12584,11721,12584,,,,unmatched,evo,哈哈，好早熟啊。,はは、おマセさんだよね。,
50125,mp0000,12595,11745,12595,,,,unmatched,evo,啊～卡西乌斯叔叔不在，少了很多谈资呢。,あーあ、カシウスさんいないと話題がさみしいなー。,
50126,mp0000,12619,11799,12619,,,,unmatched,evo,艾丝蒂尔和约书亚这么快就有表现了啊。,エステルとヨシュア早速活躍したって本当？,
50127,mp0000,12621,11811,12621,,,,unmatched,evo,不愧是克露莎关注的游击士呢。,さっすがクルーセがちゅーもくしてる遊撃士ね。,
50128,mp0000,12623,11919,12623,,,,unmatched,evo,嘿，继续加油哦。,えへ、どんどん活躍してね。,
50129,mp0000,12625,11931,12625,,,,unmatched,evo,我可是你们忠实的崇拜者。,クルーセ、２人のファンでもあるんだから。,
50130,mp0000,12638,12225,12638,,,,unmatched,evo,相互信任守护着彼此，并尝试脱离险境的一对游击士……,お互いの背中を守り合い危機から脱出を試みる２人の遊撃士……,
50131,mp0000,12640,12237,12640,,,,unmatched,evo,啊，此时爱的种子就在他们的心中生根发芽。,ああ、そこから愛が育まれるのもアリね。,
50132,mp0000,12644,12261,12644,,,,unmatched,evo,多美妙啊……,素敵……,
50133,mp0000,12651,11919,12651,,,,unmatched,evo,嘿，继续加油哦。,えへ、どんどん活躍してね。,
50134,mp0000,12653,11931,12653,,,,unmatched,evo,我可是你们忠实的崇拜者。,クルーセ、２人のファンでもあるんだから。,
50135,mp0000,12677,11985,12677,,,,unmatched,evo,哎，哎，艾丝蒂尔和约书亚真的成为游击士了吗？,ね、ね、エステルとヨシュア遊撃士になれたって本当？,
50136,mp0000,12681,12003,12681,,,,unmatched,evo,你的消息总是那么灵通啊～克露莎。,相変わらず早耳ねー。クルーセちゃん。,
50137,mp0000,12686,12009,12686,,,,unmatched,evo,你的消息总是那么灵通啊～克露莎。,相変わらず早耳ねー。クルーセちゃん。,
50138,mp0000,12691,12021,12691,,,,unmatched,evo,真不愧是我看重的两人啊。,さっすがクルーセが見込んだ２人なのー。,
50139,mp0000,12693,12033,12693,,,,unmatched,evo,你们今后就可以大展拳脚了吧？,これからバリバリ活躍するんでしょ？,
50140,mp0000,12695,12045,12695,,,,unmatched,evo,其实我很喜欢有大人魅力的雪拉扎德姐姐。,大人の魅力を持つシェラザードさんもクルーセ好きだけどー。,
50141,mp0000,12697,12057,12697,,,,unmatched,evo,但又忍不住会偏袒艾丝蒂尔和约书亚。,エステルとヨシュアもひいきしちゃうんだから。,
50142,mp0000,12701,12075,12701,,,,unmatched,evo,呼……,は、はぁ……,
50143,mp0000,12706,12081,12706,,,,unmatched,evo,呼……,は、はぁ……,
50144,mp0000,12713,,12713,,34150,ch0070890001,normalized,evo,多、多谢你了。,あ、ありがとう。,あ、ありがとう！
50145,mp0000,12718,,12718,,34150,ch0070890001,normalized,evo,多、多谢你了。,あ、ありがとう。,あ、ありがとう！
50146,mp0000,12734,12225,12734,,,,unmatched,evo,相互信任守护着彼此，并尝试脱离险境的一对游击士……,お互いの背中を守り合い危機から脱出を試みる２人の遊撃士……,
50147,mp0000,12738,12261,12738,,,,unmatched,evo,多美妙啊……,素敵……,
50148,mp0000,12745,12177,12745,,,,unmatched,evo,好戏终于要开演了。,いよいよドラマの始まりね。,
50149,mp0000,12747,12189,12747,,,,unmatched,evo,好期待哦★,クルーセ、期待しちゃう★,
50150,mp0000,12766,12225,12766,,,,unmatched,evo,相互信任守护着彼此，并尝试脱离险境的一对游击士……,お互いの背中を守り合い危機から脱出を試みる２人の遊撃士……,
50151,mp0000,12768,12237,12768,,,,unmatched,evo,啊，此时爱的种子就在他们的心中生根发芽。,ああ、そこから愛が育まれるのもアリね。,
50152,mp0000,12772,12261,12772,,,,unmatched,evo,多美妙啊……,素敵……,
50153,mp0000,13307,12802,13307,,,,unmatched,evo,最近，我的岳父在工作上给了我不少的建议。,最近、お義父さんが仕事のアドバイスをしてくれるんだ。,
50154,mp0000,13309,12814,13309,,,,unmatched,evo,虽说我在林业这行业里做了很久，不过要学习的东西还有很多啊。,長い間林業をやってきただけあって勉強になることが多いよ。,
50155,mp0000,13311,12862,13311,,,,unmatched,evo,我以前的确是有点自高自大……,自分はずいぶん思い上がっていたんだなぁ。,
50156,mp0000,13313,12874,13313,,,,unmatched,evo,现在我觉得有些羞愧呢。,今となっちゃ恥ずかしいよ。,
50157,mp0000,13321,12862,13321,,,,unmatched,evo,我以前的确是有点自高自大……,自分はずいぶん思い上がっていたんだなぁ。,
50158,mp0000,13323,12874,13323,,,,unmatched,evo,现在我觉得有些羞愧呢。,今となっちゃ恥ずかしいよ。,
50159,mp0000,13337,12952,13337,,,,unmatched,evo,虽说工作挺顺利的，木材的销量也不断增加……,森の仕事も順調で材木の売り上げも伸びているのに……,
50160,mp0000,13339,12916,13339,,,,unmatched,evo,怎么说呢……,どうしてだろう……,
50161,mp0000,13341,12964,13341,,,,unmatched,evo,我还是没有得到岳父的认同。,お義父さんはなかなか僕を認めてくれないんだ。,
50162,mp0000,13349,12952,13349,,,,unmatched,evo,虽说工作挺顺利的，木材的销量也不断增加……,森の仕事も順調で材木の売り上げも伸びているのに……,
50163,mp0000,13351,12964,13351,,,,unmatched,evo,我还是没有得到岳父的认同。,お義父さんはなかなか僕を認めてくれないんだ。,
50164,mp0000,13363,12988,13363,,,,unmatched,evo,木材卖出去越多，我就越有自信去撑起这个家。,材木がたくさん売れて家族を支えていく自信がふつふつと湧いてきたよ。,
50165,mp0000,13365,13000,13365,,,,unmatched,evo,事业上一帆风顺，我觉得自己的能力一点都不比当年的岳父差。,仕事のほうも順調だし、もう、かつてのお義父さんに負けない働きをしてると思うな。,
50166,mp0000,13374,13024,13374,,,,unmatched,evo,刚刚收到柏斯商人追加的木材订单了。,ボースの商人から材木の追加発注をもらったんだ。,
50167,mp0000,13376,13036,13376,,,,unmatched,evo,我要继续加油，向其他地方推销自己的木材！,頑張って他の地方にも木材をどんどん売るぞ！,
50168,mp0000,13387,13114,13387,,,,unmatched,evo,我是为了能和妻子在一起，才承继了岳父的林业工作的……,妻と一緒になるためお義父さんから林業を受け継いだんだけど……,
50169,mp0000,13389,13126,13389,,,,unmatched,evo,最近好不容易才习惯了这份工作啊。,最近ようやくこの仕事に慣れてきたよ。,
50170,mp0000,13391,13090,13391,,,,unmatched,evo,而且感觉这个行业值得我去做。,それにやりがいも出てきた気がするんだ。,
50171,mp0000,13399,13114,13399,,,,unmatched,evo,我是为了能和妻子在一起，才承继了岳父的林业工作的……,妻と一緒になるためお義父さんから林業を受け継いだんだけど……,
50172,mp0000,13401,13126,13401,,,,unmatched,evo,最近好不容易才习惯了这份工作啊。,最近ようやくこの仕事に慣れてきたよ。,
50173,mp0000,13415,13156,13415,,,,unmatched,evo,要凑齐订单所需木材，看来还要花一点时间。,注文を受けた材木をそろえるにはもう少しかかりそうだなぁ。,
50174,mp0000,13417,13192,13417,,,,unmatched,evo,为了我的妻子，为了得到岳父的承认，我一定要努力加油。,妻のためにも、お義父さんに認めてもらうためにも頑張らなきゃ。,
50175,mp0000,13425,13192,13425,,,,unmatched,evo,为了我的妻子，为了得到岳父的承认，我一定要努力加油。,妻のためにも、お義父さんに認めてもらうためにも頑張らなきゃ。,
50176,mp0000,13439,13222,13439,,,,unmatched,evo,呼，我现在要去南面的神秘森林干活。,ふぅ、今から仕事で南にあるミストヴァルトの森へ向かうところなんだ。,
50177,mp0000,13441,13270,13441,,,,unmatched,evo,柏斯的商人来这里买木材了。,ボースから材木を買い付けにきた商人がいてね。,
50178,mp0000,13443,13282,13443,,,,unmatched,evo,需要准备好订单份所需的木材才行啊。,発注を受けた分の材木を準備しなきゃ。,
50179,mp0000,13451,13270,13451,,,,unmatched,evo,柏斯的商人来这里买木材了。,ボースから材木を買い付けにきた商人がいてね。,
50180,mp0000,13453,13282,13453,,,,unmatched,evo,需要准备好订单份所需的木材才行啊。,発注を受けた分の材木を準備しなきゃ。,
50181,mp0000,14318,13483,14318,,,,unmatched,evo,虽然有些犹豫，不过我还是决定和他一起去观看女王的诞生庆典。,悩んだけど、彼と２人で女王生誕祭に行くことにしたの。,
50182,mp0000,14320,13495,14320,,,,unmatched,evo,而我还是对妈妈说自己是和普通朋友一起去的。,ママには友達と行くことにしてあるわ。,
50183,mp0000,14322,13507,14322,,,,unmatched,evo,真是对不起，妈妈……不过我还是想和他一起去。,ごめんなさい、ママ……それでもエアリーは彼と行きたいの。,
50184,mp0000,14332,13537,14332,,,,unmatched,evo,王都那个地方，听说是个很繁华的大都会。,王都って、すっごい都会なんでしょ？,
50185,mp0000,14334,13549,14334,,,,unmatched,evo,被称为不夜城的万家灯火……典雅的格兰赛尔城伫立湖畔……,不夜城と謳われる街の灯火の煌めき……湖畔に佇む優美なグランセル城……,
50186,mp0000,14336,13561,14336,,,,unmatched,evo,络绎不绝的人群……琳琅满目的街市商店……还有诞生庆典的盛装游行和烟花表演……,絶えることのない人々の往来……軒を連ねる様々な店の賑わい……そして生誕祭のパレードや花火……,
50187,mp0000,14338,13573,14338,,,,unmatched,evo,光是想想就已经很期待了。真是让人向往啊。,考えただけで刺激的だわ。ドキドキするわね。,
50188,mp0000,14340,13585,14340,,,,unmatched,evo,在那里我和他……,そこで彼と……,
50189,mp0000,14342,13597,14342,,,,unmatched,evo,哎呀～！！,きゃー！！,
50190,mp0000,14350,13621,14350,,,,unmatched,evo,啊啊，我太激动了……,ああ、胸が高鳴るわ……,
50191,mp0000,14364,13699,14364,,,,unmatched,evo,他主动约我一起到王都观看女王的诞生庆典呢。,彼が王都の生誕祭を見に行こうって誘ってくれたの。,
50192,mp0000,14366,13663,14366,,,,unmatched,evo,哎呀，有点犹豫呢。怎么和妈妈说才好呢？,きゃ、困っちゃうわ。お母さんに何て言えばいいの？,
50193,mp0000,14368,13711,14368,,,,unmatched,evo,到了王都之后，他说不定会向我求婚呢！,旅行先でプロポーズなんかされちゃったりして！,
50194,mp0000,14376,13699,14376,,,,unmatched,evo,他主动约我一起到王都观看女王的诞生庆典呢。,彼が王都の生誕祭を見に行こうって誘ってくれたの。,
50195,mp0000,14378,13711,14378,,,,unmatched,evo,到了王都之后，他说不定会向我求婚呢！,旅行先でプロポーズなんかされちゃったりして！,
50196,mp0000,14390,13735,14390,,,,unmatched,evo,我觉得每天和他见面是一件开心的事情……,彼に毎日会えるのは嬉しいんだけど……,
50197,mp0000,14392,13747,14392,,,,unmatched,evo,不过最近的约会地点已经有些千篇一律了。,デート先がそろそろマンネリ化してきたわね。,
50198,mp0000,14401,13771,14401,,,,unmatched,evo,他这个人其实挺好的呢。希望他能永远疼爱我。,彼、とても優しいの。いつまでも彼の１番でいたいわ。,
50199,mp0000,14412,13801,14412,,,,unmatched,evo,呵呵，我们才刚刚开始交往呢。,ふふ、私たちつきあい始めたばかりなのよ。,
50200,mp0000,14414,13813,14414,,,,unmatched,evo,现在在我眼里所有东西都在发光……,今は何もかも輝いて見えるわ……,
50201,mp0000,14416,13885,14416,,,,unmatched,evo,啊啊，这世界其实是如此的美丽啊。,ああ、世界ってこんなに美しかったかしら。,
50202,mp0000,14420,13843,14420,,,,unmatched,evo,（唔，二人世界呢……）,（うーん、２人の世界ねぇ……）,
50203,mp0000,14425,13849,14425,,,,unmatched,evo,（唔，二人世界呢……）,（うーん、２人の世界ねぇ……）,
50204,mp0000,14436,13873,14436,,,,unmatched,evo,呵呵，现在觉得什么都是新鲜美好的。在我眼里所有东西都在发光。,ふふ、今は何もかもが新鮮。何もかもが輝いて見えるわ。,
50205,mp0000,14438,13885,14438,,,,unmatched,evo,啊啊，这世界其实是如此的美丽啊。,ああ、世界ってこんなに美しかったかしら。,
50206,mp0000,14452,13915,14452,,,,unmatched,evo,当星星开始闪耀的时候，他在这里对我说了。,星たちが輝き始めた頃、ここで彼は言ってくれたの。,
50207,mp0000,14454,13927,14454,,,,unmatched,evo,他说……请和我交往吧……,私とつきあって欲しいって……,
50208,mp0000,14458,13951,14458,,,,unmatched,evo,呀❤,きゃっ❤,
50209,mp0000,14460,13963,14460,,,,unmatched,evo,这正是我幻想过无数次的情景啊！,これこそ私の求めていたシチュエーションだわ！,
50210,mp0000,14464,13981,14464,,,,unmatched,evo,（嗯，　这里的确是个很不错的地方……）,（うーん、確かに　悪くない場所だけど……）,
50211,mp0000,14469,13987,14469,,,,unmatched,evo,（嗯，　这里的确是个很不错的地方……）,（うーん、確かに　悪くない場所だけど……）,
50212,mp0000,14476,14005,14476,,,,unmatched,evo,（不过，就为说那句话，　两个人还特意爬上来？）,（このために下のハシゴ、　２人で登ったのかなぁ？）,
50213,mp0000,14481,14011,14481,,,,unmatched,evo,（不过，就为说那句话，　两个人还特意爬上来？）,（このために下のハシゴ、　２人で登ったのかなぁ？）,
50214,mp0000,14488,14029,14488,,,,unmatched,evo,（哈哈……看起来是这样呢。）,（はは……そうみたいだね。）,
50215,mp0000,14493,14035,14493,,,,unmatched,evo,（哈哈……看起来是这样呢。）,（はは……そうみたいだね。）,
50216,mp0000,14504,,14504,,37251,ch0010081360,vector_search (0.92),evo,呵呵……,ふふ……,そ、そんな……
50217,mp0000,14506,14071,14506,,,,unmatched,evo,好·幸·福·啊❤,し・あ・わ・せ❤,
50218,mp0000,14520,14101,14520,,,,unmatched,evo,哎～我该怎么办呢？,ああ、困ったわ。,
50219,mp0000,14522,14113,14522,,,,unmatched,evo,他是我喜欢的类型。我虽然很乐意接受他……,彼、私の好みだし、申し出を受けたいんだけど……,
50220,mp0000,14524,14125,14524,,,,unmatched,evo,不过这种地方，跟我理想中的告白场景不太一样啊。,こんな場所じゃ、私の理想のシチュエーションじゃないのよ～。,
50221,mp0000,14528,14143,14528,,,,unmatched,evo,唔……地点什么的真的那么重要吗？,うーん……場所とかって、そんなに大事なことなのかな？,
50222,mp0000,14533,14149,14533,,,,unmatched,evo,唔……地点什么的真的那么重要吗？,うーん……場所とかって、そんなに大事なことなのかな？,
50223,mp0000,14538,,14538,,,,conflict,evo,当然啦！,もちろん！,
50224,mp0000,14540,14173,14540,,,,unmatched,evo,这有可能成为我一生难忘的回忆啊！,一生の思い出に残るかもしれないのよ？,
50225,mp0000,14542,14185,14542,,,,unmatched,evo,当我变成老太婆的时候，临终前脑海里浮现的，说不定就是现在这幅场景啊？,私がおばあちゃんになって、死ぬ間際に頭に思い浮かぶ場所かもしれないのよ？,
50226,mp0000,14544,14197,14544,,,,unmatched,evo,我不能在这个胡同里面接受表白啊～,それがこんな路地裏じゃ納得いかないわ。,
50227,mp0000,14548,14215,14548,,,,unmatched,evo,呵呵……这个得问当事人的想法了。,はは……こういうことは当事者の気持ちの問題だからね。,
50228,mp0000,14553,14221,14553,,,,unmatched,evo,呵呵……这个得问当事人的想法了。,はは……こういうことは当事者の気持ちの問題だからね。,
50229,mp0000,14564,14245,14564,,,,unmatched,evo,无论怎么热情地向我告白……我还是觉得跟我理想中的告白场景不太一样啊。,彼、何度も熱心に告白してくれるんだけど……シチュエーションがね～。,
50230,mp0000,14566,14257,14566,,,,unmatched,evo,要是他能在一个令人满意的场景说那番话就好了。,もうちょっと気の利いたところで言ってくれればいいのにな。,
50231,mp0000,14578,14281,14578,,,,unmatched,evo,今天这么好的天气，真是让人神清气爽呢。,今日は、いいお天気で気持ちがいいわ。,
50232,mp0000,14580,14293,14580,,,,unmatched,evo,我感觉今天似乎有什么好事要发生呢。,何か良いこと起こりそうな予感がするの。,
50233,mp0000,15133,14610,15133,,,,unmatched,evo,成功了！,やったー！,
50234,mp0000,15135,14622,15135,,,,unmatched,evo,我约她一起去看女王的诞生庆典，她真的答应了哦。,彼女を女王生誕祭に誘ってオッケーもらえたんだ。,
50235,mp0000,15137,14634,15137,,,,unmatched,evo,我要努力打工赚钱才行！,バイトしてお金貯めなくちゃ！,
50236,mp0000,15145,14658,15145,,,,unmatched,evo,从现在起我要努力打工赚钱才行……,これから頑張ってお金貯めなくちゃな……,
50237,mp0000,15159,14688,15159,,,,unmatched,evo,听说王都将举行女王的诞生庆典呢。,ちょっと先の話だけど王都で女王生誕祭があるんだ。,
50238,mp0000,15161,14700,15161,,,,unmatched,evo,而且还会举办一年一度的武术大会，听说非常热闹。,武術大会まで開かれて毎年、それはにぎやからしいよ。,
50239,mp0000,15163,14712,15163,,,,unmatched,evo,我约了她一起去看诞生庆典。,その生誕祭に彼女を誘ったんだ。,
50240,mp0000,15171,14736,15171,,,,unmatched,evo,我约了她到王都看女王的诞生庆典。,王都の生誕祭に彼女を誘ったんだ。,
50241,mp0000,15173,14748,15173,,,,unmatched,evo,呵呵呵，其实我想在那里向她表白。,ふふふ、実はそこで彼女に伝えたいことがあるんだよ。,
50242,mp0000,15185,14772,15185,,,,unmatched,evo,每天和她见面的时候，不是聊天就是喝茶。,彼女とは毎日会って話したりお茶飲んだりしてるよ。,
50243,mp0000,15187,14784,15187,,,,unmatched,evo,洛连特的约会场所实在是有限啊。,でも、ロレントだけじゃデートの場所も限られてるんだよね。,
50244,mp0000,15196,14808,15196,,,,unmatched,evo,啊啊，真是幸福呢。,ああ、幸せだなぁ。,
50245,mp0000,15198,14820,15198,,,,unmatched,evo,每天都可以和自己喜欢的人一起度过。,こうして毎日好きな人と過ごせるなんて。,
50246,mp0000,15207,14844,15207,,,,unmatched,evo,嗯呵呵呵，今天是第一次约会。,うふふふ、今日は初デートなんだ。,
50247,mp0000,15218,14874,15218,,,,unmatched,evo,成功了！,やったー！,
50248,mp0000,15220,14886,15220,,,,unmatched,evo,请听我说！,聞いてくれ！,
50249,mp0000,15222,14898,15222,,,,unmatched,evo,她真的答应和我交往了！,彼女につき合ってもらえることになったんだ！,
50250,mp0000,15226,14994,15226,,,,unmatched,evo,啊啊，女神啊……我今天一整天的努力总算没有白费。,ああ、女神様……今日１日頑張ったかいがありました。,
50251,mp0000,15230,14940,15230,,,,unmatched,evo,（一、一整天……）,（い、１日って……）,
50252,mp0000,15235,14946,15235,,,,unmatched,evo,（一、一整天……）,（い、１日って……）,
50253,mp0000,15242,14964,15242,,,,unmatched,evo,（真是用执著换来的胜利啊。）,（まさに根性の勝利だね。）,
50254,mp0000,15247,14970,15247,,,,unmatched,evo,（真是用执著换来的胜利啊。）,（まさに根性の勝利だね。）,
50255,mp0000,15258,14994,15258,,,,unmatched,evo,啊啊，女神啊……我今天一整天的努力总算没有白费。,ああ、女神様……今日１日頑張ったかいがありました。,
50256,mp0000,15272,15072,15272,,,,unmatched,evo,唉～从早晨开始，我就告白好多次了，可她好像都不愿意接受。,ああ、朝から何度も告白してるけど受け入れてもらえないんだ。,
50257,mp0000,15274,15036,15274,,,,unmatched,evo,看起来她应该并不讨厌我呀……,嫌われてるワケじゃないみたいなんだけど……,
50258,mp0000,15276,15048,15276,,,,unmatched,evo,到底是哪里不对呢？,何がいけないのかなぁ。,
50259,mp0000,15284,15072,15284,,,,unmatched,evo,唉～从早晨开始，我就告白好多次了，可她好像都不愿意接受。,ああ、朝から何度も告白してるけど受け入れてもらえないんだ。,
50260,mp0000,15296,15096,15296,,,,unmatched,evo,啊……那个姑娘真可爱呀。,うーん……あの娘、かわいいなぁ。,
50261,mp0000,15298,15108,15298,,,,unmatched,evo,鼓足勇气去和她打招呼吧。,勇気出して、声かけてみようかなぁ。,
50262,mp0000,15597,15346,15597,,,,unmatched,evo,谢谢你们帮我找到了它。说实话，真是帮了大忙。,見つけてくれてありがとな。正直、助かったぜ。,
50263,mp0000,15599,15358,15599,,,,unmatched,evo,不过，这里明明是港口城市，还能坚持卖这些小玩意。,しっかし、船が空飛ぶような町でさ、よく小物売りなんてやってられるよな。,
50264,mp0000,15601,15406,15601,,,,unmatched,evo,我真心佩服老妈。她太没商业头脑了。,オレ、マジで感心するよ。おフクロの無神経さに。,
50265,mp0000,15609,15394,15609,,,,unmatched,evo,这里明明是港口城市，还能坚持卖这些小玩意。,船が空飛ぶような町でさ、よく小物売りなんてやってられるよな。,
50266,mp0000,15611,15406,15611,,,,unmatched,evo,我真心佩服老妈。她太没商业头脑了。,オレ、マジで感心するよ。おフクロの無神経さに。,
50267,mp0000,15625,,15625,,2502,ch1060150028,exact,evo,如果你们找到了发光石头，赶快来告诉我。我就在这附近。,もし光る石を見っけたらさ、オレに声かけてよ。この辺いるし。,もし光る石を見っけたらさ、オレに声かけてよ。この辺いるし。
50268,mp0000,15627,,15627,,2503,ch1060150029,exact,evo,已经在杂货店附近找过了，接下来该去哪里找呢？,さて、雑貨屋は調べたし……あとはどこだろ？,さて、雑貨屋は調べたし……あとはどこだろ？
50269,mp0000,15638,15478,15638,,,,unmatched,evo,可恶，到哪里去了呢。,ちくしょう、どこいっちまったんだろ。,
50270,mp0000,15640,15490,15640,,,,unmatched,evo,可疑的地方都找遍了啊……,怪しいとこはもうぜんぶ調べたんだけどな……,
50271,mp0000,15648,15514,15648,,,,unmatched,evo,真是奇怪啊……为什么会找不到呢？,おっかしいな……どうして見つかんないんだ？,
50272,mp0000,15650,15526,15650,,,,unmatched,evo,啊，到底掉到哪里了。,あ～、いらいらする。,
50273,mp0000,15662,15550,15662,,,,unmatched,evo,啊～这附近有各种各样的破烂啊。,へ～、この辺って色々とガラクタがあるな。,
50274,mp0000,15664,15562,15664,,,,unmatched,evo,就没有什么有趣的东西吗。,なんか面白いもんでも落ちてないかな。,
50275,mp0000,16211,15700,16211,,,,unmatched,evo,唉……,はあ……,
50276,mp0000,16213,15712,16213,,,,unmatched,evo,特地大老远跑来这里，真是白折腾一场。,わざわざ足運んだのにとんだ骨折り損だったよ。,
50277,mp0000,16215,15724,16215,,,,unmatched,evo,又没有顾客，商店也比想象中的破旧……,買い手は付かないし、思ったより商店もセコイし……,
50278,mp0000,16217,15736,16217,,,,unmatched,evo,乡下果然就是乡下啊。,やっぱりしょせん、田舎は田舎ってことかね。,
50279,mp0000,16221,15754,16221,,,,unmatched,evo,（哼。）,（むかっ。）,
50280,mp0000,16226,15760,16226,,,,unmatched,evo,（哼。）,（むかっ。）,
50281,mp0000,16232,15778,16232,,,,unmatched,evo,……嗯？你们是谁？,……ん？なに、あんたたち。,
50282,mp0000,16234,15790,16234,,,,unmatched,evo,算了，不管是谁，我给你们打折，随便买点什么吧。,まあ、誰だっていいさ。安くしとくよ、何か買っていきな。,
50283,mp0000,16238,15808,16238,,,,unmatched,evo,哎……？,え゛……？,
50284,mp0000,16243,15814,16243,,,,unmatched,evo,哎……？,え゛……？,
50285,mp0000,16248,15826,16248,,,,unmatched,evo,这个木雕小工艺品怎么样？,この木彫りの小物なんてどうだい？,
50286,mp0000,16250,15838,16250,,,,unmatched,evo,这么精细的工艺，只有在卡尔瓦德才买得到哦。,ここまで細工が細かいのはカルバードじゃないと手に入らないよ。,
50287,mp0000,16254,15856,16254,,,,unmatched,evo,卡尔瓦德，嗯～是我们的邻国吗……？,カルバードって、え～っと、お隣の国だっけ……？,
50288,mp0000,16259,15862,16259,,,,unmatched,evo,卡尔瓦德，嗯～是我们的邻国吗……？,カルバードって、え～っと、お隣の国だっけ……？,
50289,mp0000,16266,15880,16266,,,,unmatched,evo,卡尔瓦德共和国是利贝尔王国东面的国家哦。,カルバード共和国はリベール王国の東にある国だよ。,
50290,mp0000,16271,15886,16271,,,,unmatched,evo,卡尔瓦德共和国是利贝尔王国东面的国家哦。,カルバード共和国はリベール王国の東にある国だよ。,
50291,mp0000,16278,15904,16278,,,,unmatched,evo,这、这我当然知道啦。,も、もちろん分かってるわよ。,
50292,mp0000,16283,15910,16283,,,,unmatched,evo,这、这我当然知道啦。,も、もちろん分かってるわよ。,
50293,mp0000,16290,15928,16290,,,,unmatched,evo,但是，卡尔瓦德的民间工艺品吗……,でも、カルバード製の民芸品か……,
50294,mp0000,16295,15934,16295,,,,unmatched,evo,但是，卡尔瓦德的民间工艺品吗……,でも、カルバード製の民芸品か……,
50295,mp0000,16302,15952,16302,,,,unmatched,evo,我想要是在王都摆卖的话，一定会更受欢迎的。,王都に持っていけばきっと喜ばれると思いますけど。,
50296,mp0000,16307,15958,16307,,,,unmatched,evo,我想要是在王都摆卖的话，一定会更受欢迎的。,王都に持っていけばきっと喜ばれると思いますけど。,
50297,mp0000,16312,15970,16312,,,,unmatched,evo,唉……果然是这样吗？,はあ……やっぱりそう？,
50298,mp0000,16314,15982,16314,,,,unmatched,evo,我本来以为在乡下会更好卖，但这里也实在有点偏僻过头了。,少し田舎の方がいいかと思ったんだけどちょっと田舎すぎたね。,
50299,mp0000,16318,16000,16318,,,,unmatched,evo,（哼哼。）,（むかむかっ。）,
50300,mp0000,16323,16006,16323,,,,unmatched,evo,（哼哼。）,（むかむかっ。）,
50301,mp0000,16328,16018,16328,,,,unmatched,evo,没办法，再在这里呆一阵就去格兰赛尔看看吧。,仕方ない、もうしばらくしたらグランセルに行ってみるよ。,
50302,mp0000,16330,16030,16330,,,,unmatched,evo,……话说回来，我家的卡雷尔在做什么呢。,……それにしてもうちのカレルは何してるんだか。,
50303,mp0000,16332,16042,16332,,,,unmatched,evo,才刚帮了一会儿忙又在到处乱转了。,ちょっと手伝ったかと思ったらまたうろちょろしてるよ。,
50304,mp0000,16340,16066,16340,,,,unmatched,evo,没办法，再在这里呆一阵就去格兰赛尔看看吧……,仕方ない、しばらくしたらグランセルに行ってみるか……,
50305,mp0000,16342,16078,16342,,,,unmatched,evo,我家那傻小子真是一点用都没有。,それにしてもウチのバカ息子はほんと役に立たない子だね。,
50306,mp0000,16344,16090,16344,,,,unmatched,evo,刚帮了一会忙，又不知道跑到哪里了。,ちょっと手伝ったかと思ったらもうどっかにいっちまったよ。,
50307,mp0000,16358,16168,16358,,,,unmatched,evo,这里虽然是个小城镇，不过商店里东西的品种还是不少哦。,田舎町だと思ってたけど、けっこう商店の品揃えはいいじゃないか。,
50308,mp0000,16360,16132,16360,,,,unmatched,evo,有导力器造福，利贝尔王国果然不一样啊。,オーブメントで潤ってるリベール王国はやっぱり違うね。,
50309,mp0000,16362,16180,16362,,,,unmatched,evo,呼，明天要更加努力才行，不然就要亏了。,ふう、明日からはよほど気合を入れて商いをしないとまずいね。,
50310,mp0000,16370,16168,16370,,,,unmatched,evo,这里虽然是个小城镇，不过商店里东西的品种还是不少哦。,田舎町だと思ってたけど、けっこう商店の品揃えはいいじゃないか。,
50311,mp0000,16372,16180,16372,,,,unmatched,evo,呼，明天要更加努力才行，不然就要亏了。,ふう、明日からはよほど気合を入れて商いをしないとまずいね。,
50312,mp0000,17439,16396,17439,,,,unmatched,evo,呵呵～今天的天气也很暖和啊～,うふふ～～今日もうたたね日和ねえ～～。,
50313,mp0000,17441,16408,17441,,,,unmatched,evo,一定能睡个很舒服的午觉～,気持ちよくお昼寝ができそうだわ～～。,
50315,mp0000,17460,,17460,,2623,ch0010150667,blockwise,evo,（啊……！）,（あ……っ！）,（あ……っ！）
50316,mp0000,17462,,17462,,2624,ch0010150668,blockwise,evo,（小猫回来了。）,（猫がもどってきてる。）,（猫がもどってきてる。）
50317,mp0000,17464,,17464,,2625,ch1090150664,blockwise,evo,…………,…………,…………
50318,mp0000,17466,,17466,,2626,ch1090150665,blockwise,evo,……唔唔唔。,……むにゃむにゃ。,……むにゃむにゃ。
50320,mp0000,17478,17332,17478,,,,unmatched,evo,…………,…………,
50321,mp0000,17480,,17480,,2626,ch1090150665,exact,evo,……唔呀唔呀。,……むにゃむにゃ。,……むにゃむにゃ。
50323,mp0000,17494,17332,17494,,,,unmatched,evo,…………,…………,
50324,mp0000,17496,,17496,,2626,ch1090150665,exact,evo,……唔唔唔。,……むにゃむにゃ。,……むにゃむにゃ。
50326,mp0000,17518,16678,17518,,,,unmatched,evo,啊……！猫回来了吗？,あ……っ！猫がもどってきたの？,
50327,mp0000,17523,,17523,,2624,ch0010150668,vector_search (0.92),evo,啊……！猫回来了吗？,あ……っ！猫がもどってきたの？,（猫がもどってきてる。）
50328,mp0000,17530,16708,17530,,,,unmatched,evo,啊～～这不是尤基士吗～～,あら～～、ブレイサーさんじゃない～～。,
50329,mp0000,17532,16798,17532,,,,unmatched,evo,安莉尔已经自己回来了～～,アリルちゃんったら自分でもどってきたのよ～～。,
50330,mp0000,17534,,17534,,2627,ch1090150671,vector_search (0.91),evo,呵呵～它很聪明吧～,うふふ～～とってもおりこうでしょ～～。,……ごろごろごろごろ。
50332,mp0000,17547,16786,17547,,,,unmatched,evo,尤基士～不好意思哦～,ブレイサーさん、ごめんなさいね～～。,
50333,mp0000,17549,16798,17549,,,,unmatched,evo,安莉尔已经自己回来了～～,アリルちゃんったら自分でもどってきたのよ～～。,
50335,mp0000,17564,16840,17564,,,,unmatched,evo,真是的～～安莉尔，你刚才到底去哪里了～～？,もう～～アリルちゃんたらどこ行ってたの～～？,
50336,mp0000,17566,16852,17566,,,,unmatched,evo,我真的是好担心呢～～,心配してたんだからね～～。,
50338,mp0000,17582,16984,17582,,,,unmatched,evo,哎呀～～这不是尤基士君吗～～,あら～～ブレイサー君じゃない～～。,
50339,mp0000,17584,16996,17584,,,,unmatched,evo,哦呵呵～㈱要不要和阿姨一起来午睡呢～～？,うふふ～㈱おばさんと一緒にお昼寝しない～～？,
50340,mp0000,17588,16942,17588,,,,unmatched,evo,……还是免了吧。,……遠慮します。,
50341,mp0000,17593,16948,17593,,,,unmatched,evo,……还是免了吧。,……遠慮します。,
50342,mp0000,17606,16984,17606,,,,unmatched,evo,哎呀～～这不是尤基士君吗～～,あら～～ブレイサー君じゃない～～。,
50343,mp0000,17608,16996,17608,,,,unmatched,evo,哦呵呵～㈱要不要和阿姨一起来午睡呢～～？,うふふ～㈱おばさんと一緒にお昼寝しない～～？,
50344,mp0000,17624,,17624,,2698,ch1090150651,normalized,evo,阿姨就在这里等着你们哦～,おばさんはここで待ってるから～。,おばさんはここで待ってるから〜。
50345,mp0000,17626,,17626,,2699,ch1090150652,normalized,evo,安莉尔就拜托你们去找了啊，尤基士。,アリルちゃんのことよろしくね～、ブレイサーさん。,アリルちゃんのことよろしくね〜、ブレイサーさん。
50346,mp0000,17639,,17639,,2651,ch1090150653,normalized,evo,找到安莉尔了吗～？,アリルちゃんは見つかった～？,アリルちゃんは見つかった〜？
50347,mp0000,17643,,17643,,2652,ch0010150654,exact,evo,嗯！找到了。,うん！　見つけたよ。,うん！　見つけたよ。
50348,mp0000,17648,,17648,,2652,ch0010150654,exact,evo,嗯！找到了。,うん！　見つけたよ。,うん！　見つけたよ。
50349,mp0000,17655,,17655,,2653,ch0010150655,exact,evo,……但是又被它给跑掉了。,……逃げられちゃったけど。,……逃げられちゃったけど。
50350,mp0000,17660,,17660,,2653,ch0010150655,exact,evo,……但是又被它给跑掉了。,……逃げられちゃったけど。,……逃げられちゃったけど。
50351,mp0000,17665,,17665,,2654,ch1090150656,normalized,evo,哎呀，怎么会这样呢～？,あらそうなの～？,あらそうなの〜？
50352,mp0000,17667,,17667,,2655,ch1090150657,normalized,evo,奇怪了啊～它本来不是很怕陌生人的啊～,おかしいわね～、人見知りなんてしない子なのに～。,おかしいわね〜、人見知りなんてしない子なのに〜。
50353,mp0000,17669,,17669,,2656,ch1090150658,normalized,evo,阿姨会一直在这里等着的，拜托了啊，尤基士。,おばさんはここで待ってるから、よろしくね～、ブレイサーさん。,おばさんはここで待ってるから、よろしくね〜、ブレイサーさん。
50354,mp0000,17677,,17677,,2657,ch1090150659,normalized,evo,真是奇怪啊，怎么会逃跑呢～？它本来不是很怕陌生人的啊～,逃げるなんておかしいわね～。人見知りなんてしない子なのに～。,逃げるなんておかしいわね〜。人見知りなんてしない子なのに〜。
50355,mp0000,17679,,17679,,2658,ch1090150660,normalized,evo,阿姨会一直在这里等着的，拜托了啊，尤基士。,おばさんはここで待ってるからよろしくね～、ブレイサーさん。,おばさんはここで待ってるからよろしくね〜、ブレイサーさん。
50356,mp0000,17691,17224,17691,,,,unmatched,evo,已经中午了，我要好好睡个午觉～,これからは、お昼寝もほどほどにしなきゃだめね～。,
50357,mp0000,17694,17242,17694,,,,unmatched,evo,对吧～～安莉尔～～❤,ね～～、アリルちゃ～～ん❤,
50359,mp0000,17709,17284,17709,,,,unmatched,evo,哎～～真是不省心的孩子～,もう～～、困った子ねえ～。,
50360,mp0000,17711,17296,17711,,,,unmatched,evo,是不是在哪里睡觉呢～,どこでおネンネしてるのかしら～。,
50361,mp0000,17722,,17722,,2625,ch1090150664,blockwise,evo,…………,…………,…………
50362,mp0000,17724,,17724,,2626,ch1090150665,blockwise,evo,……唔呀唔呀。,……むにゃむにゃ。,……むにゃむにゃ。
50364,mp0000,17736,17386,17736,,,,unmatched,evo,嗯呼呼呼，今天天气很暖和哦～～,うふふふ、今日もぽかぽかね～～。,
50365,mp0000,17738,17398,17738,,,,unmatched,evo,可以睡上美美的一觉了～～,いいお昼寝ができそうだわ～～。,
50367,mp0000,18609,17834,18609,,,,unmatched,evo,昨天，我看到南面好像有什么东西飞起来了。,昨日、南の方角から何か飛び立つのが見えたんじゃ。,
50368,mp0000,18611,17846,18611,,,,unmatched,evo,如果是鸟的话也太大了吧。究竟是什么东西呢？,鳥にしては大きかったのう。一体何だったんじゃろうか？,
50369,mp0000,18613,17810,18613,,,,unmatched,evo,年纪老了眼睛也不中用了，是我看错了吧。,年寄りの目じゃから何かの見間違いかもしれんのう。,
50370,mp0000,18621,17834,18621,,,,unmatched,evo,昨天，我看到南面好像有什么东西飞起来了。,昨日、南の方角から何か飛び立つのが見えたんじゃ。,
50371,mp0000,18623,17846,18623,,,,unmatched,evo,如果是鸟的话也太大了吧。究竟是什么东西呢？,鳥にしては大きかったのう。一体何だったんじゃろうか？,
50372,mp0000,18637,17948,18637,,,,unmatched,evo,每天站在塔顶向外眺望，真是愉快啊。,毎日ここのてっぺんから外を眺めるのはなかなか楽しいぞ。,
50373,mp0000,18639,17888,18639,,,,unmatched,evo,四季的变化，还有生活在城里的人……,季節の移り変わりや街に暮らす人々の生活……,
50374,mp0000,18641,17960,18641,,,,unmatched,evo,每天都能发现各种微小的变化。,少しずつじゃが様々な変化が目に映るものじゃ。,
50375,mp0000,18643,17912,18643,,,,unmatched,evo,最近总能看到布露姆夫人。,最近はブルーム婆さんがしきりに出かけるのを見かけるわい。,
50376,mp0000,18645,17924,18645,,,,unmatched,evo,呵呵，她要去做什么呢？,ふぁふぁ、何をやっとるんだかのう。,
50377,mp0000,18653,17948,18653,,,,unmatched,evo,每天站在塔顶向外眺望，真是愉快啊。,毎日ここのてっぺんから外を眺めるのはなかなか楽しいぞ。,
50378,mp0000,18655,17960,18655,,,,unmatched,evo,每天都能发现各种微小的变化。,少しずつじゃが様々な変化が目に映るものじゃ。,
50379,mp0000,18669,18038,18669,,,,unmatched,evo,战争结束之后，梅尔达斯的儿子用导力器重建了这座钟楼。,この時計台は戦後、メルダースのせがれがオーブメントを使って復元したんじゃ。,
50380,mp0000,18671,18002,18671,,,,unmatched,evo,需要我做的事情越来越少了，总觉得有点失落……,わしがさわれる部分が減って少しさみしい気もするがのう……,
50381,mp0000,18673,18014,18673,,,,unmatched,evo,呵呵，但这也是时代的发展啊。,ふぁふぁ、これも時代が変わったということじゃろうな。,
50382,mp0000,18681,18038,18681,,,,unmatched,evo,战争结束之后，梅尔达斯的儿子用导力器重建了这座钟楼。,この時計台は戦後、メルダースのせがれがオーブメントを使って復元したんじゃ。,
50383,mp0000,18695,18068,18695,,,,unmatched,evo,１０年前，突破了国境线的帝国军曾经将洛连特重重包围。,１０年前国境を突破した帝国軍はここロレントを包囲したんじゃ。,
50384,mp0000,18697,18080,18697,,,,unmatched,evo,然后为了迫使市民投降，竟然炮轰了那座钟楼……,そして市民に降伏を促すためあの時計塔を砲撃した……,
50385,mp0000,18701,18098,18701,,,,unmatched,evo,…………,………………,
50386,mp0000,18706,18104,18706,,,,unmatched,evo,…………,………………,
50387,mp0000,18713,18128,18713,,,,unmatched,evo,……对不起，又让你想起那件事了吧……,む……すまん。思い出させてしまったか……,
50388,mp0000,18717,18146,18717,,,,unmatched,evo,不不，没事……,ううん、いいの……,
50389,mp0000,18722,18152,18722,,,,unmatched,evo,不不，没事……,ううん、いいの……,
50390,mp0000,18729,18170,18729,,,,unmatched,evo,……？,……？,
50391,mp0000,18734,18176,18734,,,,unmatched,evo,……？,……？,
50392,mp0000,18745,18200,18745,,,,unmatched,evo,如今，城市和钟楼都已经恢复如初了……,今でこそ街も時計塔も元通りじゃがな……,
50393,mp0000,18747,18212,18747,,,,unmatched,evo,但还是留下了许多看不见的伤痕啊。,目に見えない傷跡は幾らでもあるわい。,
50394,mp0000,18761,18242,18761,,,,unmatched,evo,好，我要开始检查维修了。,さて、今日もさっそく点検と整備を始めるかの。,
50395,mp0000,18763,18278,18763,,,,unmatched,evo,这座钟楼历史悠久，既是洛连特的象征，也是我的骄傲。,この塔はロレントの象徴であり、歴史でありそして、わしの誇りじゃよ。,
50396,mp0000,18771,18278,18771,,,,unmatched,evo,这座钟楼历史悠久，既是洛连特的象征，也是我的骄傲。,この塔はロレントの象徴であり、歴史でありそして、わしの誇りじゃよ。,
50397,mp0000,18785,18308,18785,,,,unmatched,evo,钟声还是如此动听啊。,あいかわらず良い響きじゃて。,
50398,mp0000,18787,18320,18787,,,,unmatched,evo,我最喜欢听这座钟楼的钟声了。,わしゃ、この塔の鐘の音が大好きでな。,
50399,mp0000,18789,18368,18789,,,,unmatched,evo,这座钟楼的作用不仅仅是报时。,この鐘は時刻を報せておるだけではない。,
50400,mp0000,18791,18380,18791,,,,unmatched,evo,它还铭刻着洛连特的历史。,ロレントの歴史をも刻んでおるのじゃ。,
50401,mp0000,18799,18368,18799,,,,unmatched,evo,这座钟楼的作用不仅仅是报时。,この鐘は時刻を報せておるだけではない。,
50402,mp0000,18801,18380,18801,,,,unmatched,evo,它还铭刻着洛连特的历史。,ロレントの歴史をも刻んでおるのじゃ。,
50403,mp0000,18817,18416,18817,,,,unmatched,evo,潘杜爷爷！,パンデュじいさん！,
50404,mp0000,18822,18422,18822,,,,unmatched,evo,潘杜爷爷！,パンデュじいさん！,
50405,mp0000,18830,18452,18830,,,,unmatched,evo,嗯？这个声音是……,ん？　その声は……,
50406,mp0000,18834,18476,18834,,,,unmatched,evo,……呵呵呵呵！,……ふぁふぁふぁっ！,
50407,mp0000,18836,18488,18836,,,,unmatched,evo,我还以为是谁呢，原来是卡西乌斯的调皮女儿和聪明儿子啊。,誰かと思えばカシウスんとこのやんちゃ娘と賢い坊主じゃないか。,
50408,mp0000,18838,18500,18838,,,,unmatched,evo,你们有段时间没来这里玩了，个子好像长高了一些啊。,最近遊びに来ないと思ったらいつの間にそんなにデカくなったんじゃ？,
50409,mp0000,18842,18518,18842,,,,unmatched,evo,潘杜爷爷，您还是一直都守在这里吗？,パンデュじいさんは相変わらずいつもここにいるんですか？,
50410,mp0000,18847,18524,18847,,,,unmatched,evo,潘杜爷爷，您还是一直都守在这里吗？,パンデュじいさんは相変わらずいつもここにいるんですか？,
50411,mp0000,18852,18572,18852,,,,unmatched,evo,这里就像我的家一样。,ここはもうワシの家みたいなもんじゃからのう。,
50412,mp0000,18854,18548,18854,,,,unmatched,evo,我会一直守着这座钟楼，直到去世。,死ぬまで時計守を続けながらここで過ごすつもりじゃわい。,
50413,mp0000,18862,18572,18862,,,,unmatched,evo,这里就像我的家一样。,ここはもうワシの家みたいなもんじゃからのう。,
50414,mp0000,18864,18584,18864,,,,unmatched,evo,我会一直守着这座钟楼，直到去世。,死ぬまで、時計守を続けながらここで過ごすつもりじゃわい。,
50415,mp0000,20715,18900,20715,,,,unmatched,evo,爸爸好像已经把它加到菜单上了。,お父さんが早速メニューに加えてくれたみたいなんだ。,
50416,mp0000,20717,18912,20717,,,,unmatched,evo,看起来很受客人欢迎呢，努力没有白费～,お客さんに注目されてるみたいだし、頑張って良かったよ～。,
50417,mp0000,20719,18924,20719,,,,unmatched,evo,话说回来，卡西乌斯先生的事情……变成大问题了呢。,とはいえ、カシウスさんの件……大変なことになっちゃったね。,
50418,mp0000,20721,18996,20721,,,,unmatched,evo,约书亚，你要多照顾艾丝蒂尔啊。,ヨシュア、エステルを支えてあげてね。,
50419,mp0000,20725,,20725,,28698,ch0010051472,normalized,evo,嗯，交给我吧。,うん、任せておいて。,うん、任せておいて！
50420,mp0000,20730,,20730,,28698,ch0010051472,normalized,evo,嗯，交给我吧。,うん、任せておいて。,うん、任せておいて！
50421,mp0000,20741,18984,20741,,,,unmatched,evo,卡西乌斯先生的事情……变成大问题了呢。,カシウスさんの件……大変なことになっちゃったね。,
50422,mp0000,20743,18996,20743,,,,unmatched,evo,约书亚，你要多照顾艾丝蒂尔啊。,ヨシュア、エステルを支えてあげてね。,
50423,mp0000,20757,19026,20757,,,,unmatched,evo,蛋在哪里呢～？,卵、どこにあるのかな～？,
50424,mp0000,20759,19038,20759,,,,unmatched,evo,就算找到了，也要小心不要踩到呢～,見つけても、うっかり踏まないように気をつけないとね～。,
50425,mp0000,20766,19056,20766,,,,unmatched,evo,从主日学校毕业后，大家都很忙……,日曜学校を卒業してからお互いに忙しかったから……,
50426,mp0000,20768,19068,20768,,,,unmatched,evo,真是好久没有像这样四个人聚在一起了呢～,こうして４人で集まるのって久しぶりだよね～。,
50427,mp0000,20770,19080,20770,,,,unmatched,evo,虽然很开心，但为了新菜品也要加油才行～！,つい楽しくなっちゃうけど、新メニューの為にも頑張らないと～！,
50428,mp0000,20784,19110,20784,,,,unmatched,evo,啊，艾丝蒂尔和约书亚啊。欢迎光临……,あ、エステルとヨシュア。いらっしゃいませ……,
50429,mp0000,20786,19122,20786,,,,unmatched,evo,你好，伊莉莎。,ハーイ、エリッサちゃーん。,
50430,mp0000,20788,19134,20788,,,,unmatched,evo,呀，连雪拉扎德姐姐也来了啊……今天也是来喝酒的吗？,ありゃ、シェラザードさんまで……今日も飲みに来たんですか？,
50431,mp0000,20790,19146,20790,,,,unmatched,evo,是不是又来欺负福克纳先生了啊～,あまりフォークナーさんをいじめないで下さいね～。,
50432,mp0000,20792,19158,20792,,,,unmatched,evo,哎呀，我才没有欺负他呢。,あら、あたしはいじめてなんかいないわよ。,
50433,mp0000,20794,19170,20794,,,,unmatched,evo,我那是疼他㈱,かわいがってるの㈱,
50434,mp0000,20802,19194,20802,,,,unmatched,evo,雪拉扎德姐姐，是不是又来欺负福克纳先生了啊～,シェラザードさん、あまりフォークナーさんをいじめないで下さいね～。,
50435,mp0000,20816,19224,20816,,,,unmatched,evo,艾丝蒂尔，听我说听我说～！,エステル、聞いて聞いて～！,
50436,mp0000,20818,19236,20818,,,,unmatched,evo,前一阵里农的妈妈忽然来我家，问我要不要嫁到他们家去。,この前、リノンさんのお母さんが急に尋ねて来て嫁に来ないかって言うの。,
50437,mp0000,20820,19248,20820,,,,unmatched,evo,吓了我一跳呢～,もうびっくり～。,
50438,mp0000,20822,19260,20822,,,,unmatched,evo,不过， 我还是想自己挑老公。,でも、パートナーは自分で選びたいよね。,
50439,mp0000,20830,19284,20830,,,,unmatched,evo,里农先生年纪也不小了。也难怪她妈妈会担心～,リノンさん、いい年だもん。お母さんも心配かもね～。,
50440,mp0000,20844,19362,20844,,,,unmatched,evo,之前雪拉扎德姐姐来店里喝酒了……,シェラザードさんがこの前、お店に飲みに来たの……,
50441,mp0000,20846,19326,20846,,,,unmatched,evo,就像艾丝蒂尔说的那样，真是不得了呢～,エステルに聞いた通りもうスゴかったよ～。,
50442,mp0000,20848,19338,20848,,,,unmatched,evo,简直难以言表。,口に出して言えないわ。,
50443,mp0000,20856,19362,20856,,,,unmatched,evo,之前雪拉扎德姐姐来店里喝酒了……,シェラザードさんがこの前、お店に飲みに来たの……,
50444,mp0000,20858,19374,20858,,,,unmatched,evo,总之真是不得了呢～,とにかくスゴかったよ～。,
50445,mp0000,20870,19398,20870,,,,unmatched,evo,艾丝蒂尔、约书亚。怎么样？工作还顺利吗？,エステル、ヨシュア。どーう？　仕事のほうは順調？,
50446,mp0000,20872,19410,20872,,,,unmatched,evo,偶尔也来我们这里休息休息啊。,たまにはうちで休んでいってね～。,
50447,mp0000,20883,19524,20883,,,,unmatched,evo,你们俩也终于踏出了成为游击士的第一步了啊。,２人もついに遊撃士として１歩を踏み出したのね。,
50448,mp0000,20885,19452,20885,,,,unmatched,evo,客人之间已经在议论纷纷了呢～,お客さんの間でもう噂されてたりするんだよ～。,
50449,mp0000,20887,,20887,,51154,ch0010110322,normalized,evo,是、是吗？,そ、そうなの？,そ、そうなの？
50450,mp0000,20889,19476,20889,,,,unmatched,evo,洛连特虽说是乡下地方，但也有卡西乌斯先生和雪拉姐姐这样了不起的人物在啊。,ロレントって田舎だけどカシウスさんやシェラさんっていうスゴイ人たちがいるじゃない。,
50451,mp0000,20891,19488,20891,,,,unmatched,evo,大家都说你们也会加入他们的行列呢。,そこにどう割って入っていくんだろうって。,
50452,mp0000,20893,19500,20893,,,,unmatched,evo,唔唔，伊莉莎，别给我太大压力嘛。,うう、エリッサあまりプレッシャーかけないでよ。,
50453,mp0000,20901,19524,20901,,,,unmatched,evo,你们俩也终于踏出了成为游击士的第一步了啊。,２人もついに遊撃士として１歩を踏み出したのね。,
50454,mp0000,20903,,20903,,3996,ch0350000365,normalized,evo,加油哦★,頑張ってね★,頑張ってね。
50455,mp0000,20921,19578,20921,,,,unmatched,evo,啊，欢迎光临～★,あ、いらっしゃいませ～★,
50456,mp0000,20923,19590,20923,,,,unmatched,evo,你们俩有空就到这里来吃饭吧。,２人ともたまにはウチで食べて行ってね。,
50457,mp0000,20925,19602,20925,,,,unmatched,evo,我会拜托爸爸和妈妈给你们优惠哦～,パパとママに頼んでサービスするよ～？,
50458,mp0000,20933,19626,20933,,,,unmatched,evo,叫全家人都来好好吃一顿如何呢？,家族そろって食べに来てくれてもいいよ？,
50459,mp0000,20945,20484,20945,,,,unmatched,evo,欢迎光临～☆,いらっしゃいませ～☆,
50460,mp0000,20947,20496,20947,,,,unmatched,evo,哦？艾丝蒂尔和约书亚？,って、エステルにヨシュア？,
50461,mp0000,20949,20508,20949,,,,unmatched,evo,好久不见了，伊莉莎。,エリッサ、久しぶりだね。,
50462,mp0000,20951,20520,20951,,,,unmatched,evo,你们今天在一起做什么呢？,今日はどうしたの？,
50463,mp0000,20955,19710,20955,,,,unmatched,evo,啊～难道说你们是在约会～？,あー、ひょっとしてデート～？,
50464,mp0000,20957,19722,20957,,,,unmatched,evo,哈哈哈……这当然不是啦。,たはは……んなワケないって。,
50465,mp0000,20959,19734,20959,,,,unmatched,evo,说起来，你们两个不是在努力成为游击士吗～？,そう言えば、２人は遊撃士を目指してたよね～？,
50466,mp0000,20961,19746,20961,,,,unmatched,evo,有什么进展吗？,どうなったの？,
50467,mp0000,20963,19758,20963,,,,unmatched,evo,嗯，其实我们已经……,うん、ほら一応……,
50468,mp0000,20965,19770,20965,,,,unmatched,evo,艾丝蒂尔向伊莉莎展示了徽章。,エステルは紋章をエリッサに見せた。,
50469,mp0000,20967,19782,20967,,,,unmatched,evo,哇～合格了吗～？恭喜你们！！,わぁ、合格したんだ～？おめでとう！！,
50470,mp0000,20969,20298,20969,,,,unmatched,evo,这可是艾丝蒂尔从小就向往的职业呢～,エステル、子供の頃から憧れてたもんね～。,
50471,mp0000,20971,19806,20971,,,,unmatched,evo,哈哈，是啊……,はは、まあね……,
50472,mp0000,20973,19818,20973,,,,unmatched,evo,对了，为了庆祝你们俩合格今天就到我家吃饭好吗？,そうだ、２人ともお祝いにウチで食べて行くってどう？,
50473,mp0000,20975,19830,20975,,,,unmatched,evo,我会拜托爸爸和妈妈给你们优惠哦～,パパとママに頼んでサービスするよ～？,
50474,mp0000,20977,19842,20977,,,,unmatched,evo,啊，真的吗？,え、本当？,
50475,mp0000,20979,19854,20979,,,,unmatched,evo,不行，艾丝蒂尔。父亲还在家里等着我们回去呢。,ダメだよ、エステル。家で父さんが待ってるんだから。,
50476,mp0000,20981,,20981,,,,conflict,evo,啊，对啊。,あ、そっか。,
50477,mp0000,20983,19878,20983,,,,unmatched,evo,不好意思呢，伊莉莎……,悪いけど、エリッサ……,
50478,mp0000,20985,19890,20985,,,,unmatched,evo,啊，唔。没关系呢。,あ、うん。気にしないでね。,
50479,mp0000,20987,19902,20987,,,,unmatched,evo,不过你们下次一定要来我家吃饭哦～,また今度家族で食べに来てよ～。,
50480,mp0000,20995,19926,20995,,,,unmatched,evo,艾丝蒂尔，你们下次一定要来我家吃饭哦～,エステル、また今度家族で食べに来てよ～。,
50481,mp0000,21011,20484,21011,,,,unmatched,evo,欢迎光临～☆,いらっしゃいませ～☆,
50482,mp0000,21013,20496,21013,,,,unmatched,evo,哦？艾丝蒂尔和约书亚？,って、エステルにヨシュア？,
50483,mp0000,21015,20508,21015,,,,unmatched,evo,好久不见了，伊莉莎。,エリッサ、久しぶりだね。,
50484,mp0000,21017,20520,21017,,,,unmatched,evo,你们今天在一起做什么呢？,今日はどうしたの？,
50485,mp0000,21021,20022,21021,,,,unmatched,evo,啊～难道说你们是在约会～？,あー、ひょっとしてデート～？,
50486,mp0000,21023,20034,21023,,,,unmatched,evo,不是啦。听我说，伊莉莎！,んなワケないって。それより聞いてよ、エリッサ！,
50487,mp0000,21025,20046,21025,,,,unmatched,evo,我终于成为游击士了！,わたし、ついに遊撃士になれたの！,
50488,mp0000,21027,20058,21027,,,,unmatched,evo,真的啊？恭喜恭喜～！,本当に？おめでとう～！,
50489,mp0000,21029,20070,21029,,,,unmatched,evo,这可是艾丝蒂尔从小就向往的职业呢～,エステル、子供の頃から憧れてたもんね～。,
50490,mp0000,21031,20310,21031,,,,unmatched,evo,不过，游击士的工作很多都很危险吧？,でも、遊撃士って危険な仕事が多いんだよね？,
50491,mp0000,21033,20322,21033,,,,unmatched,evo,这个，可能会吧。,そりゃ、まぁね。,
50492,mp0000,21035,20106,21035,,,,unmatched,evo,约书亚，你要看着艾丝蒂尔，不要让她乱来哦。,ヨシュア、エステルが無茶しないようによく見てなきゃ～。,
50493,mp0000,21037,20118,21037,,,,unmatched,evo,艾丝蒂尔就像就像一只小野猪一样，今后鲁莽的时候肯定不少呢～,エステルって、イノシシみたいなトコあるし無茶する事がきっと多いよ？,
50494,mp0000,21039,20130,21039,,,,unmatched,evo,我很明白这一点，伊莉莎。,よく分かってるね、エリッサ。,
50495,mp0000,21041,20370,21041,,,,unmatched,evo,不过她本人根本就不自觉，这点最让人头疼……,本人が一番自覚なくて困ってるんだけど……,
50496,mp0000,21043,20154,21043,,,,unmatched,evo,哼，你们两个说的怎么全部都是我的坏话呢。,ちょっと、２人で何失礼なこと言ってるのよ～。,
50497,mp0000,21045,20394,21045,,,,unmatched,evo,我和约书亚只是为你感到有些不放心呢～,えー、私もヨシュアもエステルのこと気遣ってるんだよ～。,
50498,mp0000,21047,20178,21047,,,,unmatched,evo,总之不要高兴过头，结果受伤啊。,とにかく、浮かれて大怪我だけはしないでね。,
50499,mp0000,21049,20418,21049,,,,unmatched,evo,呼，知道了……,うう、はい……,
50500,mp0000,21057,20214,21057,,,,unmatched,evo,约书亚，你要看着艾丝蒂尔，不要让她乱来哦。,ヨシュア、エステルが無茶しないようによく見てなきゃ。,
50501,mp0000,21059,20226,21059,,,,unmatched,evo,艾丝蒂尔就像就像一只小野猪一样，今后鲁莽的时候肯定不少呢～,エステルって～、イノシシみたいなトコあるし無茶する事がきっと多いよ？,
50502,mp0000,21071,20250,21071,,,,unmatched,evo,咦，研修已经结束了吗？,あれれ、研修はもう終わったの？,
50503,mp0000,21073,20262,21073,,,,unmatched,evo,是啊！太好了，伊莉莎！,いぇーい！やったよ、エリッサ！,
50504,mp0000,21075,20274,21075,,,,unmatched,evo,我终于成为游击士了！,あたし、ついに遊撃士になれたの！,
50505,mp0000,21077,20286,21077,,,,unmatched,evo,真的啊？恭喜恭喜～！,本当に？おめでとう～！,
50506,mp0000,21079,20298,21079,,,,unmatched,evo,这可是艾丝蒂尔从小就向往的职业呢～,エステル、子供の頃から憧れてたもんね～。,
50507,mp0000,21081,20310,21081,,,,unmatched,evo,不过，游击士的工作很多都很危险吧？,でも、遊撃士って危険な仕事が多いんだよね？,
50508,mp0000,21083,20322,21083,,,,unmatched,evo,这个，可能会吧。,そりゃ、まぁね。,
50509,mp0000,21085,20442,21085,,,,unmatched,evo,约书亚，你要看着艾丝蒂尔，不要让她乱来哦。,ヨシュア、エステルが無茶しないようによく見てなきゃ。,
50510,mp0000,21087,20346,21087,,,,unmatched,evo,因为艾丝蒂尔就像一只小野猪一样，今后鲁莽的时候肯定不少呢～,エステルってイノシシみたいなトコあるし無茶する事がきっと多いよ？,
50511,mp0000,21089,20358,21089,,,,unmatched,evo,我很明白这一点，伊莉莎。,よく分かってるね、エリッサ。,
50512,mp0000,21091,20370,21091,,,,unmatched,evo,不过她本人根本就不自觉，这点最让人头疼……,本人が一番自覚なくて困ってるんだけど……,
50513,mp0000,21093,20382,21093,,,,unmatched,evo,哼，你们两个说的怎么全部都是我的坏话呢。,ちょっと、２人で何失礼なこと言ってるのよ。,
50514,mp0000,21095,20394,21095,,,,unmatched,evo,我和约书亚只是为你感到有些不放心呢～,えー、私もヨシュアもエステルのこと気遣ってるんだよ～。,
50515,mp0000,21097,20406,21097,,,,unmatched,evo,总之不要高兴过头，结果受伤啊。,とにかく浮かれて大怪我だけはしないでね。,
50516,mp0000,21099,20418,21099,,,,unmatched,evo,呼，知道了……,うう、はい……,
50517,mp0000,21107,20442,21107,,,,unmatched,evo,约书亚，你要看着艾丝蒂尔，不要让她乱来哦。,ヨシュア、エステルが無茶しないようによく見てなきゃ。,
50518,mp0000,21109,20454,21109,,,,unmatched,evo,艾丝蒂尔就像就像一只小野猪一样，今后鲁莽的时候肯定不少呢～,エステルって～、イノシシみたいなトコあるし無茶する事がきっと多いよ？,
50519,mp0000,21123,20484,21123,,,,unmatched,evo,欢迎光临～☆,いらっしゃいませ～☆,
50520,mp0000,21125,20496,21125,,,,unmatched,evo,哦？艾丝蒂尔和约书亚？,って、エステルにヨシュア？,
50521,mp0000,21127,20508,21127,,,,unmatched,evo,好久不见了，伊莉莎。,エリッサ、久しぶりだね。,
50522,mp0000,21129,20520,21129,,,,unmatched,evo,你们今天在一起做什么呢？,今日はどうしたの？,
50523,mp0000,21133,20544,21133,,,,unmatched,evo,啊～难道说你们是在约会～？,あ、もしかしてデート～？,
50524,mp0000,21135,20556,21135,,,,unmatched,evo,怎么可能啊。我们正要去参加游击士的研修呢。,んなワケないって。今から遊撃士の研修なの。,
50525,mp0000,21137,20568,21137,,,,unmatched,evo,这样啊～,なーんだ。,
50526,mp0000,21139,20676,21139,,,,unmatched,evo,当年在主日学校上课的同学们都朝着各自的理想拼命努力了～,日曜学校のみんなもそれぞれの進路や目標を決めて頑張ってるみたいだね～。,
50527,mp0000,21141,20592,21141,,,,unmatched,evo,……哪怕是艾丝蒂尔，也变了一个样子呢。,……さすがにエステルはひと味変わってるけど。,
50528,mp0000,21143,20604,21143,,,,unmatched,evo,什么呀～这样不好吗？,何よ～、悪い？,
50529,mp0000,21145,20616,21145,,,,unmatched,evo,嗯，没有啦，我反倒觉得这样才符合艾丝蒂尔你的风格哦。,ううん、ちっとも。エステルらしくっていいと思うよ。,
50530,mp0000,21147,20628,21147,,,,unmatched,evo,哦，对啦。缇欧已经在帮家里做农活了。,そうそう、ティオは家の農場を手伝うことにしたんだって。,
50531,mp0000,21149,20640,21149,,,,unmatched,evo,上次还叫大家一起去她家玩呢。,今度、みんなで遊びに来てって言ってたよ。,
50532,mp0000,21151,20652,21151,,,,unmatched,evo,咦……缇欧啊。是这样啊。,へー、ティオがね……そうなんだ。,
50533,mp0000,21159,20676,21159,,,,unmatched,evo,当年在主日学校上课的同学们都朝着各自的理想拼命努力了～,日曜学校のみんなもそれぞれの進路や目標を決めて頑張ってるみたいだね～。,
50534,mp0000,21161,20688,21161,,,,unmatched,evo,艾丝蒂尔也要好好加油哦。,ま、エステルも頑張ってね。,
50535,mp0000,22358,21197,22358,,,,unmatched,evo,“阳光草莓千层蛋糕”，看起来已经开始受到关注了。,『お日様いちごミルクレープ』、早速注目されてるみたいなんだ。,
50536,mp0000,22360,21209,22360,,,,unmatched,evo,多亏了伊莉莎，这次的新菜品看起来也成功了。,エリッサのおかげで、今回の新メニューも成功したみたいだな。,
50537,mp0000,22370,21287,22370,,,,unmatched,evo,说起来之前市长官邸好像被强盗洗劫了一番哦。,そう言えば市長さんとこに泥棒が入ったんだってな。,
50538,mp0000,22372,21299,22372,,,,unmatched,evo,偏偏是选择市长官邸下手，看来犯人也挺猖狂的。,よりによって市長邸に押し入るなんて大胆だよなぁ。,
50539,mp0000,22374,21263,22374,,,,unmatched,evo,不过，幸好没人受伤。,まあ、ともかくけが人が出なくてよかったよ。,
50540,mp0000,22382,21287,22382,,,,unmatched,evo,说起来之前市长官邸好像被强盗洗劫了一番哦。,そう言えば市長さんとこに泥棒が入ったんだってな。,
50541,mp0000,22384,21299,22384,,,,unmatched,evo,偏偏是选择市长官邸下手，看来犯人也挺猖狂的。,よりによって市長邸に押し入るなんて大胆だよなぁ。,
50542,mp0000,22400,21335,22400,,,,unmatched,evo,哈喽，福克纳君❤,はろー、フォークナー君❤,
50543,mp0000,22405,21341,22405,,,,unmatched,evo,哈喽，福克纳君❤,はろー、フォークナー君❤,
50544,mp0000,22414,21377,22414,,,,unmatched,evo,啊，雪、雪拉扎德小姐！？,げぇっ、シェ、シェラザードさん！？,
50545,mp0000,22416,21389,22416,,,,unmatched,evo,欢、欢迎光临。,い、いらっしゃいませ。,
50546,mp0000,22420,21407,22420,,,,unmatched,evo,什么嘛，你慌什么。不用担心，我正在工作呢。,なーによう、そのあわてぶりは。心配しなくても今は勤務中よ。,
50547,mp0000,22425,21413,22425,,,,unmatched,evo,什么嘛，你慌什么。不用担心，我正在工作呢。,なーによう、そのあわてぶりは。心配しなくても今は勤務中よ。,
50548,mp0000,22430,21425,22430,,,,unmatched,evo,那、那太好了。不不，您辛苦了。,そ、それはよかった。いや、お疲れさまです。,
50549,mp0000,22434,21443,22434,,,,unmatched,evo,呵呵，工作结束之后，我会再来这里喝一杯的。,ふふ、仕事が終わったらまた１杯やりにくるから。,
50550,mp0000,22439,21449,22439,,,,unmatched,evo,呵呵，工作结束之后，我会再来这里喝一杯的。,ふふ、仕事が終わったらまた１杯やりにくるから。,
50551,mp0000,22446,21467,22446,,,,unmatched,evo,到时候请多关照❤,その時はよろしくね❤,
50552,mp0000,22451,21473,22451,,,,unmatched,evo,到时候请多关照❤,その時はよろしくね❤,
50553,mp0000,22456,21485,22456,,,,unmatched,evo,哈、哈哈……恭候光临。,は、はは……お待ちしてます。,
50554,mp0000,22460,21503,22460,,,,unmatched,evo,（唉，被吓到了。）,（うーん、恐れられてるなぁ。）,
50555,mp0000,22465,21509,22465,,,,unmatched,evo,（唉，被吓到了。）,（うーん、恐れられてるなぁ。）,
50556,mp0000,22472,21527,22472,,,,unmatched,evo,（还被吓得不轻呢。）,（ハンパじゃないよね。）,
50557,mp0000,22477,21533,22477,,,,unmatched,evo,（还被吓得不轻呢。）,（ハンパじゃないよね。）,
50558,mp0000,22488,21557,22488,,,,unmatched,evo,……我今天想早退了。,……俺、今日は早退しようかな。,
50559,mp0000,22502,21587,22502,,,,unmatched,evo,游击士协会的人酒量都很好啊。,遊撃士協会の人ってみんな酒に強いんだよな。,
50560,mp0000,22504,21599,22504,,,,unmatched,evo,雪拉扎德小姐就不用说了，卡西乌斯先生也挺能喝的呢。,シェラザードさんは言うに及ばずカシウスさんもかなりイケるしな。,
50561,mp0000,22506,21611,22506,,,,unmatched,evo,不过，最让人意外的还是爱娜小姐。,でも、意外なのはアイナさんだよ。,
50562,mp0000,22510,21629,22510,,,,unmatched,evo,我们听雪拉姐说过，爱娜姐的酒量也挺厉害的。,シェラさんから聞いてます。あの人もすごいらしいですね。,
50563,mp0000,22515,21635,22515,,,,unmatched,evo,我们听雪拉姐说过，爱娜姐的酒量也挺厉害的。,シェラさんから聞いてます。あの人もすごいらしいですね。,
50564,mp0000,22520,21647,22520,,,,unmatched,evo,是啊，她能和雪拉扎德小姐用同样的速度喝酒。,そうなんだ、シェラザードさんと同じペースで飲むんだよ。,
50565,mp0000,22522,21659,22522,,,,unmatched,evo,而且喝完之后脸色都一点没变，还是那么镇静自若。,しかも顔色一つ変えずに冷静なままなんだよなぁ。,
50566,mp0000,22526,21677,22526,,,,unmatched,evo,哈哈，只要不像雪拉姐那样胡搅蛮缠就已经很好了。,はは、シェラ姉みたいに絡まないだけマシだとは思うけど。,
50567,mp0000,22531,21683,22531,,,,unmatched,evo,哈哈，只要不像雪拉姐那样胡搅蛮缠就已经很好了。,はは、シェラ姉みたいに絡まないだけマシだとは思うけど。,
50568,mp0000,22536,21695,22536,,,,unmatched,evo,看起来，游击士协会真是恐怖的地方。,いずれにしても恐るべし遊撃士協会、だよ。,
50569,mp0000,22538,21707,22538,,,,unmatched,evo,……啊，只有利吉先生不大能喝。,……あ、でも確かリッジさんだけ弱かったな。,
50570,mp0000,22546,21731,22546,,,,unmatched,evo,竟然有人能和雪拉扎德小姐用同样的速度喝酒，真让人吃惊……,シェラザードさんと同じペースで飲める人がいるだけでビックリなのに……,
50571,mp0000,22548,21743,22548,,,,unmatched,evo,而那个人居然是爱娜小姐，就更让人惊上加惊了。,それがあのアイナさんってのが二重にビックリだよ。,
50572,mp0000,22562,21893,22562,,,,unmatched,evo,雪拉扎德小姐不久前来过。,この前シェラザードさんが店に来たんだ。,
50573,mp0000,22564,21905,22564,,,,unmatched,evo,我一直陪她到打烊，真是苦不堪言啊……,閉店後までつき合わされてさんざんだったよ……,
50574,mp0000,22566,21797,22566,,,,unmatched,evo,她连喝了五瓶我们这里最烈的酒，而且还没喝倒。,あの人、ウチで１番強い酒を５本以上空けてもまるで潰れる気配がないんだよな。,
50575,mp0000,22570,21815,22570,,,,unmatched,evo,是啊，雪拉姐喝倒这种事……,うん、だってシェラ姉が酔いつぶれるなんて……,
50576,mp0000,22575,21821,22575,,,,unmatched,evo,是啊，雪拉姐喝倒这种事……,うん、だってシェラ姉が酔いつぶれるなんて……,
50577,mp0000,22582,21839,22582,,,,unmatched,evo,闻所未闻见所未见呢。,見たことも聞いたこともないね。,
50578,mp0000,22587,21845,22587,,,,unmatched,evo,闻所未闻见所未见呢。,見たことも聞いたこともないね。,
50579,mp0000,22592,21857,22592,,,,unmatched,evo,伊莉莎自己躲起来了，厨师长也先回去了。,エリッサは隠れちまうしシェフも先に帰っちまうしなぁ。,
50580,mp0000,22594,21869,22594,,,,unmatched,evo,结果第二天我整个人软绵绵的，根本都没法工作呢。,次の日はもうヘロヘロで仕事どころじゃなかったよ。,
50581,mp0000,22602,21893,22602,,,,unmatched,evo,雪拉扎德小姐不久前来过。,この前シェラザードさんが店に来たんだ。,
50582,mp0000,22604,21905,22604,,,,unmatched,evo,我一直陪她到打烊，真是苦不堪言啊……,閉店後までつき合わされてさんざんだったよ……,
50583,mp0000,22618,21935,22618,,,,unmatched,evo,洛连特分部有个叫雪拉扎德的外籍游击士。,シェラザードさんっていう外国人の遊撃士がロレント支部にいるだろ？,
50584,mp0000,22620,21947,22620,,,,unmatched,evo,她很漂亮，而且经常光顾本店，我们非常欢迎她……,美人な上にウチのお得意さんでありがたいんだけどさ……,
50585,mp0000,22622,21959,22622,,,,unmatched,evo,但她只要喝了酒，后果就很严重了。,酒が入るととにかくスゴいんだ。,
50586,mp0000,22624,21971,22624,,,,unmatched,evo,具体来说嘛……,どうスゴいって言うと……,
50587,mp0000,22628,21989,22628,,,,unmatched,evo,哈哈，我知道……,はは、知ってるわ……,
50588,mp0000,22633,21995,22633,,,,unmatched,evo,哈哈，我知道……,はは、知ってるわ……,
50589,mp0000,22640,22013,22640,,,,unmatched,evo,深有体会。,お察しします。,
50590,mp0000,22645,22019,22645,,,,unmatched,evo,深有体会。,お察しします。,
50591,mp0000,22650,22031,22650,,,,unmatched,evo,唉，平时倒真是个爽朗又漂亮的大姐姐。,はぁ、普段は気さくで美人なお姉さんなんだけどなぁ。,
50592,mp0000,22658,22055,22658,,,,unmatched,evo,雪拉扎德小姐一个人来的时候是最恐怖的，因为陪她喝酒的人只能是我。,シェラザードさんが１人で来た時は恐怖だよ。相手するのは俺だからね。,
50593,mp0000,22660,22067,22660,,,,unmatched,evo,平时明明是个随和又漂亮的大姐姐啊。,普段は気さくで美人なお姉さんなんだけどなぁ。,
50594,mp0000,22672,22091,22672,,,,unmatched,evo,厨师长突然让我们更换进货商……,シェフが急に仕入れ先を変えるって言ってたけど……,
50595,mp0000,22674,22103,22674,,,,unmatched,evo,出什么事了？,何があったんだろ？,
50596,mp0000,22685,22181,22685,,,,unmatched,evo,本店的厨师很注重发挥食材的特点，展现当地的风味。,うちのシェフは素材を活かした郷土の味を大切にするんだ。,
50597,mp0000,22687,22145,22687,,,,unmatched,evo,洛连特的周围有很多农场。,ロレントって農場が多いだろう？,
50598,mp0000,22689,22193,22689,,,,unmatched,evo,我要向你们大力推荐用那些农场的蔬菜制作的料理。,特に野菜を使ったメニューはおすすめだぜ。,
50599,mp0000,22697,22181,22697,,,,unmatched,evo,本店的厨师很注重发挥食材的特点，展现当地的风味。,うちのシェフは素材を活かした郷土の味を大切にするんだ。,
50600,mp0000,22699,22193,22699,,,,unmatched,evo,我要向你们大力推荐用那些农场的蔬菜制作的料理。,特に野菜を使ったメニューはおすすめだぜ。,
50601,mp0000,22713,22223,22713,,,,unmatched,evo,坐在那边的那位女商人好像是从柏斯来的……,あそこにいる女商人さんボースから来たみたいだけど……,
50602,mp0000,22715,22235,22715,,,,unmatched,evo,头脑聪明，人又漂亮。,頭も良さそうな上にすっげー美人なんだよ。,
50603,mp0000,22717,22247,22717,,,,unmatched,evo,像我这种人，她只怕理都不会理啊～,俺なんか全く相手にしてくれないだろうな～。,
50604,mp0000,22719,22295,22719,,,,unmatched,evo,……可是，她说话的口音总让人感觉有些怪怪的。,……でも、ちょっと言葉が変わってるよな。,
50605,mp0000,22727,22283,22727,,,,unmatched,evo,在那边的那位女商人头脑聪明，人又漂亮。,あそこの女商人さん頭も良さそうな上にすっげー美人なんだよ。,
50606,mp0000,22729,22295,22729,,,,unmatched,evo,……可是，她说话的口音总让人感觉有些怪怪的。,……でも、ちょっと言葉が変わってるよな。,
50607,mp0000,22741,22319,22741,,,,unmatched,evo,我刚来的时候，老板让我当酒保，之后我就开始在这里工作。,最初バーテンをやらせてくれるっていうからここの手伝いを始めたのにな。,
50608,mp0000,22743,22331,22743,,,,unmatched,evo,自从店里开始提供早餐和午餐，我就成了一名服务员。,店がモーニングとランチを始めてからすっかりウェイターだよ。,
50609,mp0000,23368,23253,23368,,,,unmatched,evo,（狼吞虎咽）……,ガツガツガツ……,
50610,mp0000,23370,23265,23370,,,,unmatched,evo,（张口大嚼）……,パクパクパクパク……,
50611,mp0000,23372,23277,23372,,,,unmatched,evo,呼噜呼噜呼噜呼噜……,ムシャムシャムシャムシャ……,
50612,mp0000,23374,23337,23374,,,,unmatched,evo,…………嗝。,…………ゴックン。,
50613,mp0000,23377,22827,23377,,,,unmatched,evo,说起来，刚才好像在街上看到了老大。,そう言えば、さっき親方の姿を街で見かけたな。,
50614,mp0000,23379,22839,23379,,,,unmatched,evo,得小心一点，别让他发现我旷工……,サボってるのがバレないように気をつけなきゃ。,
50615,mp0000,23387,23325,23387,,,,unmatched,evo,（狼吞虎咽）……（张口大嚼）……,ガツガツガツパクパクムシャムシャ……,
50616,mp0000,23389,,23389,,,,conflict,evo,…………嗝。,…………ゴックン。,
50617,mp0000,23403,,23403,,37120,ch2000181225,vector_search (0.93),evo,（狼吞虎咽）……,ガツガツガツ……,…………………………
50618,mp0000,23405,23265,23405,,,,unmatched,evo,（张口大嚼）……,パクパクパクパク……,
50619,mp0000,23407,23277,23407,,,,unmatched,evo,呼噜呼噜呼噜呼噜……,ムシャムシャムシャムシャ……,
50620,mp0000,23409,23337,23409,,,,unmatched,evo,…………嗝。,…………ゴックン。,
50621,mp0000,23412,22959,23412,,,,unmatched,evo,玛鲁加矿山的魔兽事件也总算平静下来了。,マルガ鉱山もようやく魔獣騒ぎが落ち着いたよ。,
50622,mp0000,23414,22971,23414,,,,unmatched,evo,总算可以安心吃饭了。,やっとゆっくり食事が出来るってもんだ。,
50623,mp0000,23422,23325,23422,,,,unmatched,evo,（狼吞虎咽）……（张口大嚼）……,ガツガツガツパクパクムシャムシャ……,
50624,mp0000,23436,,23436,,,,conflict,evo,（狼吞虎咽）……,ガツガツガツ……,
50625,mp0000,23438,23265,23438,,,,unmatched,evo,（张口大嚼）……,パクパクパクパク……,
50626,mp0000,23440,23277,23440,,,,unmatched,evo,呼噜呼噜呼噜呼噜……,ムシャムシャムシャムシャ……,
50627,mp0000,23442,23337,23442,,,,unmatched,evo,…………嗝。,…………ゴックン。,
50628,mp0000,23444,23073,23444,,,,unmatched,evo,吃完这一盘、吃完这一盘，我就一定回去工作。,次の一皿、次の一皿で今度こそ仕事に戻ろう。,
50629,mp0000,23452,23325,23452,,,,unmatched,evo,（狼吞虎咽）……（张口大嚼）……,ガツガツガツパクパクムシャムシャ……,
50630,mp0000,23454,,23454,,,,conflict,evo,…………嗝。,…………ゴックン。,
50631,mp0000,23468,,23468,,37120,ch2000181225,vector_search (0.93),evo,（狼吞虎咽）……,ガツガツガツ……,…………………………
50632,mp0000,23470,23265,23470,,,,unmatched,evo,（张口大嚼）……,パクパクパクパク……,
50633,mp0000,23472,23277,23472,,,,unmatched,evo,呼噜呼噜呼噜呼噜……,ムシャムシャムシャムシャ……,
50634,mp0000,23474,23337,23474,,,,unmatched,evo,…………嗝。,…………ゴックン。,
50635,mp0000,23476,23187,23476,,,,unmatched,evo,再不赶快回矿山，我旷工的事情就会被老大发现了。,そろそろ鉱山に帰らないと親方にサボってるのバレるかな。,
50636,mp0000,23484,23325,23484,,,,unmatched,evo,（狼吞虎咽）……（张口大嚼）……,ガツガツガツパクパクムシャムシャ……,
50637,mp0000,23486,,23486,,,,conflict,evo,…………嗝。,…………ゴックン。,
50638,mp0000,23500,,23500,,37120,ch2000181225,vector_search (0.93),evo,（狼吞虎咽）……,ガツガツガツ……,…………………………
50639,mp0000,23502,23265,23502,,,,unmatched,evo,（张口大嚼）……,パクパクパクパク……,
50640,mp0000,23504,23277,23504,,,,unmatched,evo,呼噜呼噜呼噜呼噜……,ムシャムシャムシャムシャ……,
50641,mp0000,23506,23337,23506,,,,unmatched,evo,…………嗝。,…………ゴックン。,
50642,mp0000,23508,23301,23508,,,,unmatched,evo,矿山工作，肚子很容易饿～,鉱山の仕事ってお腹減るんだよな～。,
50643,mp0000,23516,23325,23516,,,,unmatched,evo,（狼吞虎咽）……（张口大嚼）……,ガツガツガツパクパクムシャムシャ……,
50644,mp0000,23518,23337,23518,,,,unmatched,evo,…………嗝。,…………ゴックン。,
50645,mp0000,24096,23591,24096,,,,unmatched,evo,啊啊，我真想以个人身份买下玛鲁加矿山开采出来的那颗翠耀石。,ああ、マルガ鉱山で出たっちゅう翠耀石はプライベートで欲しかったわぁ。,
50646,mp0000,24098,23567,24098,,,,unmatched,evo,到底是什么人抢在我之前买走了呢……,どこのどいつがウチに先んじて買いつけたんやろか……,
50647,mp0000,24106,23591,24106,,,,unmatched,evo,啊啊，我真想以个人身份买下玛鲁加矿山开采出来的那颗翠耀石。,ああ、マルガ鉱山で出たっちゅう翠耀石はプライベートで欲しかったわぁ。,
50648,mp0000,24120,23621,24120,,,,unmatched,evo,我听说洛连特的游击士中有很多很厉害的人物在哦。,小耳に挟んだんやけどロレントの遊撃士にはスゴイやつが揃っとるそうやなぁ。,
50649,mp0000,24122,23633,24122,,,,unmatched,evo,听说最近还新加入两个很有前途的年轻人。,最近デビューした若い２人も有望やって聞くしな。,
50650,mp0000,24124,23681,24124,,,,unmatched,evo,这个城镇不仅资源丰富，人才也很多呀……,この街は資源だけやなく人材も豊富なんやろか……,
50651,mp0000,24126,23693,24126,,,,unmatched,evo,要是能网罗到有前途的新人，小姐也会开心的。,新人をスカウトしていったらお嬢も喜ぶんとちゃう？,
50652,mp0000,24134,23681,24134,,,,unmatched,evo,这个城镇不仅资源丰富，人才也很多呀……,この街は資源だけやなく人材も豊富なんやろか……,
50653,mp0000,24136,23693,24136,,,,unmatched,evo,要是能网罗到有前途的新人，小姐也会开心的。,新人をスカウトしていったらお嬢も喜ぶんとちゃう？,
50654,mp0000,24150,23723,24150,,,,unmatched,evo,哎呀，这次可真走运。,いやー、今回はラッキーやったわ。,
50655,mp0000,24152,23735,24152,,,,unmatched,evo,想不到正在谈判的时候，矿山竟然发现了新矿脉。,まさか商談の間に新しい鉱脈が見つかるなんてな。,
50656,mp0000,24154,23747,24154,,,,unmatched,evo,这种事情比看在父亲的份上去听帝国商人啰里啰嗦好得多了。,お父の顔立てるため帝国商人のごたく聞くよりよっぽどかマシやったな。,
50657,mp0000,24156,23759,24156,,,,unmatched,evo,对吧，西蒙？,な、シモン君？,
50658,mp0000,24164,23783,24164,,,,unmatched,evo,虽然很多人认为洛连特是乡下地方，但其实却是个资源的宝库啊。,ロレントは田舎町思うてる人が多いけどまさに資源の宝庫やわぁ。,
50659,mp0000,24178,23813,24178,,,,unmatched,evo,哈哈哈，西蒙！,あーっはっはっ、シモン君！,
50660,mp0000,24180,23825,24180,,,,unmatched,evo,这次我特意来做这笔生意，真是来对了。,今回はウチがわざわざ買い付けにきたかいがあったわ。,
50661,mp0000,24182,23873,24182,,,,unmatched,evo,预订的七耀石也可以全部收购。,予定通り七耀石も仕入れることができそうやし。,
50662,mp0000,24184,23885,24184,,,,unmatched,evo,还能在洛连特多呆上几天呢。,もうちょいロレントで色々粘ってみる価値ありそうやな。,
50663,mp0000,24192,23873,24192,,,,unmatched,evo,预订的七耀石也可以全部收购。,予定通り七耀石も仕入れることができそうやし。,
50664,mp0000,24194,23885,24194,,,,unmatched,evo,还能在洛连特多呆上几天呢。,もうちょいロレントで色々粘ってみる価値ありそうやな。,
50665,mp0000,24208,23915,24208,,,,unmatched,evo,木材方面总算确保能采购了。,木材のほうは何とか確保できそうやな。,
50666,mp0000,24210,23963,24210,,,,unmatched,evo,我说西蒙，七耀石的收购没问题吧？,シモン君、七耀石の買い付けは大丈夫なんやろな？,
50667,mp0000,24212,23975,24212,,,,unmatched,evo,我特地来到洛连特做这笔交易，怎么能让它失败呢？,わざわざ、ウチ自身がロレントまで出向いたんやから失敗は許さへんで？,
50668,mp0000,24220,23963,24220,,,,unmatched,evo,我说西蒙，七耀石的收购没问题吧？,シモン君、七耀石の買い付けは大丈夫なんやろな？,
50669,mp0000,24222,23975,24222,,,,unmatched,evo,我特地来到洛连特做这笔交易，怎么能让它失败呢？,わざわざ、ウチ自身がロレントまで出向いたんやから失敗は許さへんで？,
50670,mp0000,24236,24005,24236,,,,unmatched,evo,西蒙，你听好了。,シモン君、よう聞きや。,
50671,mp0000,24238,24017,24238,,,,unmatched,evo,现在是应该收购洛连特的木材和七耀石的时候了。,今、このロレントの木材と七耀石は買い時や。,
50672,mp0000,24240,24029,24240,,,,unmatched,evo,无论风险有多大，只要预算允许就尽量多购入一些。,多少のリスクは目ェつむって予算が許す限り買い込むんやっ。,
50673,mp0000,24248,24053,24248,,,,unmatched,evo,目标就是女王诞生庆典，到了那个时候价格就会上扬了。,狙いは女王生誕祭や。生誕祭前後は価格が上がるさかい。,
50674,mp0000,24250,24065,24250,,,,unmatched,evo,趁现在还是便宜的时候买入，到时候再放到市场。,今の安い時期に仕入れて後で市場へ投入するんや。,
50675,mp0000,24531,24280,24531,,,,unmatched,evo,米拉诺小姐，下次的谈判就要开始了，差不多该回柏斯去了吧。,ミラノさん、そろそろボースに戻らないと次の商談が控えてます。,
50676,mp0000,24533,24292,24533,,,,unmatched,evo,小姐也一定对这次的报告迫不及待了吧。,お嬢さんも今回の報告を心待ちにしていらっしゃるでしょうね。,
50677,mp0000,24542,24316,24542,,,,unmatched,evo,米拉诺小姐，那个……,ミラノさん、あの……,
50678,mp0000,24544,24328,24544,,,,unmatched,evo,我、我想我们实在是没什么时间去招募人才了。,さ、さすがに人材募集してる時間はないと思います。,
50679,mp0000,24553,24352,24553,,,,unmatched,evo,米拉诺小姐伶牙俐齿，真是说不过她啊。,ミラノさんの皮肉って反論の余地がないんだよな。,
50680,mp0000,24555,24364,24555,,,,unmatched,evo,唉唉……,とほほ……,
50681,mp0000,24564,24388,24564,,,,unmatched,evo,说起来最近在玛鲁加矿山好像发现了新的矿脉。,そう言えばマルガ鉱山で新しい鉱脈が見つかったそうです。,
50682,mp0000,24566,24400,24566,,,,unmatched,evo,或许很值得期待哦。,これは期待できるかもしれませんね。,
50683,mp0000,24575,24424,24575,,,,unmatched,evo,嗯，这个嘛，我已经和玛鲁加矿山的人取得了联系，商谈也正在进行中。,え、えっと、マルガ鉱山の人間とコンタクトを取って商談を進めているところです。,
50684,mp0000,24577,24436,24577,,,,unmatched,evo,再耐心等待一下吧。,も、もう少し待って下さい。,
50685,mp0000,24588,24466,24588,,,,unmatched,evo,好、好的，木材方面事情都已经安排好了。,は、はい、木材のほうはすでに手配しました。,
50686,mp0000,24590,24478,24590,,,,unmatched,evo,七耀石那边也开始着手进行了。,七耀石のほうは今当たっています。,
50687,mp0000,24598,24502,24598,,,,unmatched,evo,木材方面事情都已经安排好了。七耀石那边也开始着手进行了。,木材のほうはすでに手配しました。七耀石は今当たっています。,
50688,mp0000,24917,24634,24917,,,,unmatched,evo,接下来，总算要去柏斯地区了。,次はいよいよボース地方ね。,
50689,mp0000,24919,24646,24919,,,,unmatched,evo,说起柏斯，我最期待的就是去逛柏斯超市。,ボースと言えば、やっぱりボースマーケットが楽しみだわ。,
50690,mp0000,24921,24658,24921,,,,unmatched,evo,听说那个超市里有各种帝国进口的珍奇商品。,帝国の様々な珍しい品物も店先に並ぶっていうしね。,
50691,mp0000,24923,24670,24923,,,,unmatched,evo,为了这一天，我一直在努力攒钱。,この日のためにへそくりしたのよ。,
50692,mp0000,24925,24718,24925,,,,unmatched,evo,准备充分，干劲十足，钱包满满！,支度よし、気合いよし、お財布の中身よーし！,
50693,mp0000,24927,24730,24927,,,,unmatched,evo,出发！目标是柏斯超市！,いざボースマーケットへ出撃よ！,
50694,mp0000,24935,24718,24935,,,,unmatched,evo,准备充分，干劲十足，钱包满满！,支度よし、気合いよし、お財布の中身よーし！,
50695,mp0000,24937,24730,24937,,,,unmatched,evo,出发！目标是柏斯超市！,いざボースマーケットへ出撃よ！,
50696,mp0000,24951,24808,24951,,,,unmatched,evo,哎呀呀，这酒店比我想象中的要好呢。,あらあら、これは思った以上にいいホテルね。,
50697,mp0000,24953,24772,24953,,,,unmatched,evo,服务人员的态度彬彬有礼，房间也安静整洁。,係の人の対応も丁寧だし落ち着いていて小ぎれいだわ。,
50698,mp0000,24955,24784,24955,,,,unmatched,evo,与王都的高级酒店相比，可谓别有一番特色。,王都の高級ホテルとはまた違った良さね。,
50699,mp0000,24963,24808,24963,,,,unmatched,evo,哎呀呀，这酒店比我想象中的要好呢。,あらあら、これは思った以上にいいホテルね。,
50700,mp0000,24965,24820,24965,,,,unmatched,evo,与王都的高级酒店相比，可谓别具一番特色。,王都の高級ホテルとはまた違った良さだわ。,
50701,mp0000,24979,24850,24979,,,,unmatched,evo,呵呵，我和老公一起来这里观光购物。,ふふ、私は観光とショッピングが目的で旦那にくっついてきたのよ。,
50702,mp0000,24981,24886,24981,,,,unmatched,evo,洛连特这座城市不仅空气清新，而且气氛非常宁静祥和。,ロレントは空気がきれいだしとても穏やかで落ち着く街だわ。,
50703,mp0000,24989,24886,24989,,,,unmatched,evo,洛连特这座城市不仅空气清新，而且气氛非常宁静祥和。,ロレントは空気がきれいだしとても穏やかで落ち着く街だわ。,
50704,mp0000,25174,25019,25174,,,,unmatched,evo,我们准备乘坐下一班的飞行船去柏斯。,次の飛行船でボースに向かう予定なんだ。,
50705,mp0000,25176,25031,25176,,,,unmatched,evo,柏斯最近好像发生了很多起案件，我还真有点害怕。,最近、ボースは色々な事件が起きてるみたいだからちょっと心配だな。,
50706,mp0000,25185,25055,25185,,,,unmatched,evo,我们是为了巡礼而来的。洛连特的风土人情真是很不错。,巡礼で来たんだけどロレントは本当に土地柄がいいところだね。,
50707,mp0000,25187,25067,25187,,,,unmatched,evo,我非常喜欢这里。,気に入ったよ。,
50708,mp0000,25198,25097,25198,,,,unmatched,evo,我们正在进行巡礼之旅，要走遍王国各地的礼拜堂。,僕たちは巡礼の旅で王国各地の礼拝堂をまわっているんだ。,
50709,mp0000,25200,25109,25200,,,,unmatched,evo,我们是坐飞行船来的，刚刚抵达洛连特。,さっき飛行船でロレントに着いたばかりなんだ。,
50710,mp0000,25208,25133,25208,,,,unmatched,evo,多亏有了飞行船，旅途真是轻松愉快。,飛行船のおかげで旅も楽になったよ。,
50711,mp0000,25210,25145,25210,,,,unmatched,evo,而且还不用请太久的假。,仕事も長い間休まずに済むし、助かるよなぁ。,
50712,mp0000,25651,25264,25651,,,,unmatched,evo,怎么了？还有什么事情吗？,なんだね？まだ何か用があるのか？,
50713,mp0000,25653,25276,25653,,,,unmatched,evo,抱歉，我现在正在忙着准备交易的事情。,すまないが私は商談の準備で忙しいんだ。,
50714,mp0000,25654,25282,25654,,,,unmatched,evo,请不要打扰我。,邪魔しないでくれたまえ。,
50715,mp0000,25665,25312,25665,,,,unmatched,evo,嗯～,う～む。,
50716,mp0000,25667,25324,25667,,,,unmatched,evo,在柏斯的交易无论如何也要成功。,ボースでの商談はなんとしても成功させねば。,
50717,mp0000,25692,,25692,,8576,ch1070150132,normalized,evo,有什么问题吗？,何か問題かね？,何か問題かね？
50718,mp0000,25702,,25702,,8577,ch1070150133,vector_search (0.98),evo,据说“荧光菇”只生长在富含七耀石成分的土壤里。,『ホタル茸』は七耀石が豊富な土壌にしか生えないと言われている。,『ホタル茸』は七耀石（セプチウム）が豊富な土壌にしか生えないと言われている。
50719,mp0000,25704,,25704,,8578,ch1070150134,exact,evo,而且通常会生长在茂密的草丛中。,普通は草むらのある場所に生えているそうだ。,普通は草むらのある場所に生えているそうだ。
50720,mp0000,25706,25468,25706,,,,unmatched,evo,而且它们喜欢阴暗的地方，如果不仔细寻找的话，很难发现的。,おまけに日陰を好むそうだから注意していないととても見つけられないだろう。,
50721,mp0000,25708,,25708,,8580,ch1070150136,exact,evo,至于其他特征，就是会发出和其名字相符的淡绿色光芒了。,あとキノコの特徴と言えるのは名前の通り薄緑色に光ることぐらいか。,あとキノコの特徴と言えるのは名前の通り薄緑色に光ることぐらいか。
50722,mp0000,25710,,25710,,8581,ch1070150137,exact,evo,……嗯，大概就这么多了。,……まあ、だいたいこんなところだな。,……まあ、だいたいこんなところだな。
50723,mp0000,25712,,25712,,8582,ch0010150138,vector_search (0.99),evo,总之，就是要在玛鲁加山道的阴暗草丛里找到发光的蘑菇就行了吧。,要するに、マルガ山道の日陰の草むらで光るキノコを見つければいいってことね。,要するに、マルガ山道の草むらで光るキノコを見つければいいってことね。
50724,mp0000,25714,,25714,,8583,ch1070150139,vector_search (0.98),evo,嗯，那就赶紧拜托你们了。,うむ、では取り急ぎお願いするよ。,では、取り急ぎお願いするよ。
50725,mp0000,25720,,25720,,8641,ch1070150139,exact,evo,那么，希望你们快一点。,では、取り急ぎお願いするよ。,では、取り急ぎお願いするよ。
50726,mp0000,25732,,25732,,8592,ch1070150116,vector_search (0.98),evo,真是的，要让我等到什么时候啊。,ったく、いつまで待たせる気なんだ。,ったく、ブレイサーどもめ。一体いつまで待たせる気なんだ。
50727,mp0000,25734,,25734,,8593,ch1070150117,exact,evo,再不快一点，我就要赶不上定期船了。,急がないと定期船に間に合わなくなるじゃないか。,急がないと定期船に間に合わなくなるじゃないか。
50728,mp0000,25736,25576,25736,,,,unmatched,evo,哼，所以我才讨厌乡下地方。,ふう、これだから田舎は困るんだよ。,
50729,mp0000,26542,25793,26542,,,,unmatched,evo,听说从柏斯出发的定期船突然失去了行踪啊。,どうやらボースを発った船が行方不明になったらしいよ。,
50730,mp0000,26544,25805,26544,,,,unmatched,evo,公社还没有收到来自飞行船的联络，真是担心。,飛行船から公社に何の連絡もないみたいだし心配だよ。,
50731,mp0000,26555,25835,26555,,,,unmatched,evo,好慢啊……怎么了啊？,遅いな……どうしたんだろう？,
50732,mp0000,26557,25847,26557,,,,unmatched,evo,从柏斯起飞的定期船到现在还没到。,ボースから来るはずの船がまだ到着していないんだ。,
50733,mp0000,26559,25859,26559,,,,unmatched,evo,我这边的准备都已经做好了。,こちらの準備はもう出来ているんだけどな。,
50734,mp0000,26567,25883,26567,,,,unmatched,evo,好慢啊……怎么了啊？,遅いな……どうしたんだろう……,
50735,mp0000,26569,25895,26569,,,,unmatched,evo,不会是发生事故了吧……,まさか事故じゃないだろうな……,
50736,mp0000,26583,25973,26583,,,,unmatched,evo,你们知道王家的专用高速巡洋舰《埃尔赛尤号》吗？,王家の専用高速船、《アルセイユ》を知ってるかい？,
50737,mp0000,26585,25937,26585,,,,unmatched,evo,它是艘拥有纯白流线型的高级飞艇，极具王家气派。,純白で優美なラインの船なんだがまさに王家のものにふさわしいね。,
50738,mp0000,26587,25949,26587,,,,unmatched,evo,而且它还凝聚了导力技术的精华，据说拥有世界第一的性能。,しかも、導力技術の粋を結集しただけあって世界一の性能と言われているんだ。,
50739,mp0000,26595,25973,26595,,,,unmatched,evo,你们知道王家的专用高速巡洋舰《埃尔赛尤号》吗？,王家の専用高速船、《アルセイユ》を知ってるかい？,
50740,mp0000,26597,25985,26597,,,,unmatched,evo,它凝聚了导力技术的精华，据说拥有世界第一的性能。,導力技術の粋を結集しただけあって世界一の性能と言われているんだ。,
50741,mp0000,26611,26015,26611,,,,unmatched,evo,这艘飞行船是西向航线的定期船《赛希莉亚号》。,こいつが西周りの定期飛行船、《セシリア号》だよ。,
50742,mp0000,26613,26027,26613,,,,unmatched,evo,马上就要起飞，开往柏斯地区了。,今からボース地方へ向かって飛び立つところさ。,
50743,mp0000,26615,26039,26615,,,,unmatched,evo,国内还没有发生过严重的定期飞行船事故。,今のところ国内で定期飛行船が大きな事故を起こしたことはないんだ。,
50744,mp0000,26617,26051,26617,,,,unmatched,evo,因为飞行船公社在飞行船安全方面下了很大工夫。,飛行船公社もずいぶん安全には気を使ってるからね。,
50745,mp0000,26619,26063,26619,,,,unmatched,evo,从未发生过事故这一点，也是我们维修员的骄傲啊。,事故を起こしてないってのは僕たち整備士の誇りでもあるんだ。,
50746,mp0000,26627,26087,26627,,,,unmatched,evo,好，导力引擎和机体的检查完成了。,よーし、オーバルエンジンと機体の点検はバッチリだ。,
50747,mp0000,26629,26099,26629,,,,unmatched,evo,随时都能起飞。,いつでも離陸できるぞ。,
50748,mp0000,26643,26129,26643,,,,unmatched,evo,每艘飞行船上，都配备着一台相当强力的导力引擎。,飛行船にはとても強力なオーバルエンジンが搭載されているんだ。,
50749,mp0000,26645,26141,26645,,,,unmatched,evo,听说引擎的开发费用非常昂贵。,開発にはすごくミラがかかるって話だよ。,
50750,mp0000,26647,26189,26647,,,,unmatched,evo,不过，正因为有了王家的出资，定期飞行船才能广泛投入使用。,王家が出資してくれたから定期飛行船が実現できたんだ。,
50751,mp0000,26655,26177,26655,,,,unmatched,evo,听说导力引擎的开发费用非常昂贵。,オーバルエンジンの開発はすごくミラがかかるって話だよ。,
50752,mp0000,26657,26189,26657,,,,unmatched,evo,不过，正因为有了王家的出资，定期飞行船才能广泛投入使用。,王家が出資してくれたから定期飛行船が実現できたんだ。,
50753,mp0000,26669,26213,26669,,,,unmatched,evo,呼，终于忙完一阵了。,ふぅ、一仕事終えたよ。,
50754,mp0000,26671,26225,26671,,,,unmatched,evo,今天风和日丽，遨游蓝天一定令人心旷神怡。,今日は風が穏やかだね。空の旅は快適だろうな。,
50755,mp0000,26682,26255,26682,,,,unmatched,evo,说起来，王国的五大都市都有很显著的特点。,王国の五大都市って言えばどこも特徴的だよ。,
50756,mp0000,26684,26267,26684,,,,unmatched,evo,我们这里是风光明媚的地方都市洛连特。,まずは、ここ風光明媚な地方都市ロレント。,
50757,mp0000,26686,26279,26686,,,,unmatched,evo,在我们西边的是和帝国保持密切贸易往来的商业都市柏斯。,その西にあるのが帝国とも盛んに取り引きをする商業都市ボース。,
50758,mp0000,26688,26291,26688,,,,unmatched,evo,再往西就是利贝尔的海上窗口，美丽的海港都市卢安。,そのさらに西にあるのがリベールの海の玄関口海港都市ルーアンだ。,
50759,mp0000,26690,26303,26690,,,,unmatched,evo,王国的南部则有以导力器研究而闻名的工房都市蔡斯。,そして、南部にあるのがオーブメント研究で有名な工房都市ツァイス。,
50760,mp0000,26692,26315,26692,,,,unmatched,evo,而在瓦雷利亚湖东岸的则是宏伟的王都格兰赛尔。,そしてヴァレリア湖東岸にある麗しの王都グランセル。,
50761,mp0000,26694,26327,26694,,,,unmatched,evo,每一个城市都很有特色，乘坐飞行船到各地旅游是非常有趣的。,どこも特色ある街だから飛行船で回ってみるのも面白いよ。,
50762,mp0000,26702,26351,26702,,,,unmatched,evo,王国的五大都市各具特色，乘坐定期船到各地旅游是非常有趣的。,王国の五大都市はどこも特色ある街だから順に回ってみるのも面白いよ。,
50763,mp0000,26704,26363,26704,,,,unmatched,evo,建议你们乘坐飞行船去旅游。,ぜひ飛行船での旅をおすすめするよ。,
50764,mp0000,26718,26393,26718,,,,unmatched,evo,在五大都市之间往返的定期船分为东向航线和西向航线。,飛行客船には五大都市を東回りにまわるものと西回りにまわるものがあるんだ。,
50765,mp0000,26720,26405,26720,,,,unmatched,evo,西向航线从格兰赛尔起飞，途中经过洛连特、柏斯、卢安，最后到蔡斯……,西回りはグランセルロレント、ボース、ルーアンツァイスという順番……,
50766,mp0000,26722,26417,26722,,,,unmatched,evo,而东向航线则相反，从格兰赛尔起飞后，途径蔡斯、卢安、柏斯，最后抵达洛连特。,東回りは反対にグランセルツァイス、ルーアン、ボースロレントという順番で回るんだ。,
50767,mp0000,26730,26441,26730,,,,unmatched,evo,顺便一说，不相邻的地区之间并没有直通航线。,ちなみに隣同士でない地方を直接つなぐルートはないんだ。,
50768,mp0000,26732,26453,26732,,,,unmatched,evo,除了王国军的飞艇和王族专用飞行船之外，只有非法航行的飞艇才会偏离航线飞行。,そんな飛び方をする船といったら王国軍のものか王家の専用船……もしくは非合法船ってことだね。,
50769,mp0000,26746,26483,26746,,,,unmatched,evo,从格兰赛尔飞来的定期船很快就要到了。,もうすぐ、グランセルから定期便が到着するんだ。,
50770,mp0000,26748,26495,26748,,,,unmatched,evo,必须准备进行着陆导航了。,着陸誘導の準備をしなきゃね。,
50771,mp0000,26756,26519,26756,,,,unmatched,evo,到了下午，从柏斯来的航班也会抵达这里。,午後になると今度はボースからの便が到着するんだよ。,
50772,mp0000,27295,26780,27295,,,,unmatched,evo,公社的飞行船突然失踪，这可是前所未闻的事情啊。,公社の飛行船が丸ごと消えたなんて前代未聞だぜ。,
50773,mp0000,27297,26792,27297,,,,unmatched,evo,希望乘客和飞行船都平安无事……,乗客も飛行船も無事ならいいんだが……,
50774,mp0000,27306,26816,27306,,,,unmatched,evo,……怎么回事。,……どうなってやがる。,
50775,mp0000,27308,26828,27308,,,,unmatched,evo,迟到这么久，肯定是出什么事了。,こんなに到着が遅れるなんて何かあったとしか思えないな。,
50776,mp0000,27319,26858,27319,,,,unmatched,evo,自从飞行船发明之后，各式各样的人都会来洛连特。,飛行船ができてからロレントにも色々な人間が来るようになったもんだよ。,
50777,mp0000,27321,26870,27321,,,,unmatched,evo,过去基本只有来收购七耀石、木材和蔬菜的商人。,昔は七耀石や材木、野菜を買い付けにくる商人がほとんどだったけどなぁ。,
50778,mp0000,27323,26918,27323,,,,unmatched,evo,现在还徒步旅行的人减少了很多。,今となっちゃ街道を歩いて旅する奴もずいぶん減ったそうだ。,
50779,mp0000,27325,26930,27325,,,,unmatched,evo,因为坐飞行船要轻松得多，而且速度还快。,飛行船に乗ったほうが疲れないし、何たって速いからな。,
50780,mp0000,27333,26918,27333,,,,unmatched,evo,现在还徒步旅行的人减少了很多。,今となっちゃ街道を歩いて旅する奴もずいぶん減ったそうだ。,
50781,mp0000,27335,26930,27335,,,,unmatched,evo,因为坐飞行船要轻松得多，而且速度还快。,飛行船に乗ったほうが疲れないし、何たって速いからな。,
50782,mp0000,27349,26960,27349,,,,unmatched,evo,有没有什么别人没感觉，但你却很喜欢的味道呢？,他の人はそうでもないけど自分だけが気に入ってる匂いってないか？,
50783,mp0000,27351,26972,27351,,,,unmatched,evo,我就喜欢引擎发动时独特的焦糊味。,俺、エンジン独特の焼けついた匂いが好きなんだよな。,
50784,mp0000,27353,27020,27353,,,,unmatched,evo,还有飞行船跑道被雨水打湿时的味道……,あとは滑走路が雨に濡れた匂いも好きだな……,
50785,mp0000,27361,27008,27361,,,,unmatched,evo,我很喜欢引擎发动时独特的焦糊味。,俺、このエンジンの焼けついた独特の匂いが好きなんだよな。,
50786,mp0000,27363,27020,27363,,,,unmatched,evo,还有飞行船跑道被雨水打湿时的味道……,あとは滑走路が雨に濡れた匂いも好きだな……,
50787,mp0000,27375,27044,27375,,,,unmatched,evo,从这里运出去的货物还是七耀石最多。,積荷で１番多いのはやっぱり七耀石だよ。,
50788,mp0000,27377,27056,27377,,,,unmatched,evo,自从导力器产业发展起来后，矿山那边的生意看起来很不错呢。,オーブメント産業が発展してから鉱山の方は景気がいいみたいだね。,
50789,mp0000,27386,27080,27386,,,,unmatched,evo,刚才飞走的那班飞行船是卡西乌斯先生乘的那艘吧？,今出た飛行船にカシウスさんが乗っていったろ？,
50790,mp0000,27388,27092,27388,,,,unmatched,evo,他又去出差了吗？真是够忙的……,また、どこかへ出張か？あの人も忙しい人だな……,
50791,mp0000,27397,27116,27397,,,,unmatched,evo,今天的航运终于结束了，为了让明天的飞行船安全起降，一定要认真做好安全检查工作。,今日の運行は終わったが明日のために安全点検はきちんとやっとかないとな。,
50792,mp0000,27399,27128,27399,,,,unmatched,evo,“有备无患”，这是我们的行为准则之一。,『備えよ常に』ここのモットーの１つだ。,
50793,mp0000,27410,27158,27410,,,,unmatched,evo,这份工作让我感到很自豪。,俺はこれでもこの仕事に誇りを持ってるんだ。,
50794,mp0000,27412,27170,27412,,,,unmatched,evo,我原本就想做调整导力引擎的工作。,もともとオーバルエンジンをいじる仕事に就きたかったしな。,
50795,mp0000,27420,27194,27420,,,,unmatched,evo,虽然我现在只是一个维修员，但我的梦想是成为一名飞行船设计师。,今は整備員やってるが将来は、飛行船の設計に携わるのが夢なんだ。,
50796,mp0000,27434,27224,27434,,,,unmatched,evo,啧，今天睡过头了……,ちっ、今日に限って寝坊しちまったぜ……,
50797,mp0000,27436,27236,27436,,,,unmatched,evo,昨天喝得太多了啊。,昨日飲み過ぎちまったかな。,
50798,mp0000,27444,27260,27444,,,,unmatched,evo,好，要赶快开始工作了。,うしっ、始業点検急がなきゃ。,
50799,mp0000,27446,27272,27446,,,,unmatched,evo,打起精神来！,気合入れるぞ！,
50800,mp0000,28713,27536,28713,,,,unmatched,evo,王国军正在搜索下落不明的飞行船。,王国軍が行方不明の飛行船を捜索しているんだ。,
50801,mp0000,28715,27548,28715,,,,unmatched,evo,不过，根据公社的消息，目前还没有找到定期船的下落。,でも、公社の情報によればまだ見つかっていないみたいだよ。,
50802,mp0000,28717,27500,28717,,,,unmatched,evo,发生什么事了……我今天是没心情欣赏女孩子了。,何てこったい……女の子眺めるのも当分お預けだなぁ。,
50803,mp0000,28719,27512,28719,,,,unmatched,evo,拜托了，王国军。我可是纳税人啊。,頼むよ、王国軍。税金払ってるんだからさ。,
50804,mp0000,28727,27536,28727,,,,unmatched,evo,王国军正在搜索下落不明的飞行船。,王国軍が行方不明の飛行船を捜索しているんだ。,
50805,mp0000,28729,27548,28729,,,,unmatched,evo,不过，根据公社的消息，目前还没有找到定期船的下落。,でも、公社の情報によればまだ見つかっていないみたいだよ。,
50806,mp0000,28743,27578,28743,,,,unmatched,evo,杰尼丝王立学园吗……那里的校服真可爱啊。,ジェニス王立学園か……あそこの制服は可愛いんだよね。,
50807,mp0000,28745,,28745,,8391,ch1030011163,exact,evo,清纯可爱的白色短裙和蓝色的长筒袜形成鲜明的对比。,清楚で可憐な白のスカートと紺のハイソックスのコントラスト。,清楚で可憐な白のスカートと紺のハイソックスのコントラスト。
50808,mp0000,28747,27602,28747,,,,unmatched,evo,嗯～真是太迷人了。,うーん、ロマンだよねぇ。,
50809,mp0000,28761,27704,28761,,,,unmatched,evo,从柏斯起飞的定期船到现在还没来啊。,ボース方面からの飛行客船が遅れているんだ。,
50810,mp0000,28763,27716,28763,,,,unmatched,evo,就因为这个，让我不能欣赏下船的女孩子了。,おかげで降りてくるはずの女の子を眺めることもできないよ。,
50811,mp0000,28765,27656,28765,,,,unmatched,evo,啊，那可是我唯一的乐趣啊……真烦人。,ああ、僕の唯一の楽しみが……全くもって迷惑な話だ。,
50812,mp0000,28769,27674,28769,,,,unmatched,evo,真是的……他还是老样子。,全く、あいかわらずね。この人は……,
50813,mp0000,28774,27680,28774,,,,unmatched,evo,真是的……他还是老样子。,全く、あいかわらずね。この人は……,
50814,mp0000,28785,27704,28785,,,,unmatched,evo,从柏斯起飞的定期船到现在还没来啊。,ボース方面からの飛行客船が遅れているんだ。,
50815,mp0000,28787,27716,28787,,,,unmatched,evo,就因为这个，让我不能欣赏下船的女孩子了。,おかげで降りてくるはずの女の子を眺めることもできないよ。,
50816,mp0000,28801,27866,28801,,,,unmatched,evo,听说最近柏斯地区有一伙驾驶飞行船进行抢劫的空贼在到处作案。,最近、ボース地方で飛行船を使って略奪を働く空賊ってのが暴れているらしいよ。,
50817,mp0000,28803,27878,28803,,,,unmatched,evo,对乘客的安检必须要再严格些才行啊。,乗客のチェックは厳重に行わなきゃ。,
50818,mp0000,28805,27770,28805,,,,unmatched,evo,要是有罪犯混进来可就糟了。,もし犯罪者がまぎれていたら大変だからね。,
50819,mp0000,28809,27788,28809,,,,unmatched,evo,咦，难得听到阿兰哥哥说这么正经的话啊。,へー、アランさんが珍しく真面目なこと言ってるじゃない。,
50820,mp0000,28814,27794,28814,,,,unmatched,evo,咦，难得听到阿兰哥哥说这么正经的话啊。,へー、アランさんが珍しく真面目なこと言ってるじゃない。,
50821,mp0000,28819,27806,28819,,,,unmatched,evo,要是女孩子遇到危险，我会很伤心的。,そりゃ、女の子たちが危険にさらされたら悲しいからね。,
50822,mp0000,28821,27818,28821,,,,unmatched,evo,现在可以对可爱的女孩进行安检，真是一举两得啊。,ついでにかわいい子もチェックできるし一石二鳥だよ。,
50823,mp0000,28825,27836,28825,,,,unmatched,evo,……真是白夸他了。,……感心して損した。,
50824,mp0000,28830,27842,28830,,,,unmatched,evo,……真是白夸他了。,……感心して損した。,
50825,mp0000,28841,27866,28841,,,,unmatched,evo,听说最近柏斯地区有一伙驾驶飞行船进行抢劫的空贼在到处作案。,最近、ボース地方で飛行船を使って略奪を働く空賊ってのが暴れているらしいよ。,
50826,mp0000,28843,27878,28843,,,,unmatched,evo,对乘客的安检必须要再严格些才行啊。,乗客のチェックは厳重に行わなきゃ。,
50827,mp0000,28857,27980,28857,,,,unmatched,evo,女王诞生庆典前后是飞艇最繁忙的时期。,女王生誕祭の前後は飛行船が１番混み合う時期なんだ。,
50828,mp0000,28859,27992,28859,,,,unmatched,evo,我要是有个女朋友，也想和她一起去王都游览啊。,僕も彼女でもいれば一緒に王都まで見物に行くのになぁ。,
50829,mp0000,28861,27932,28861,,,,unmatched,evo,我真想见见那位在各国皇帝与大臣的面前一步不让的女王陛下啊。,列強の皇帝や大臣相手に１歩も引かないという女王陛下を是非１度見てみたいものだよ。,
50830,mp0000,28863,27944,28863,,,,unmatched,evo,当然，也想见见她的孙女克萝蒂雅公主。,もちろん、その孫娘であるクローディア姫もね。,
50831,mp0000,28865,27956,28865,,,,unmatched,evo,……唔呵呵㈱,……むふふ㈱,
50832,mp0000,28873,27980,28873,,,,unmatched,evo,女王诞生庆典前后是飞艇最繁忙的时期。,女王生誕祭の前後は飛行船が１番混み合う時期なんだ。,
50833,mp0000,28875,27992,28875,,,,unmatched,evo,我要是有个女朋友，也想和她一起去王都游览啊。,僕も彼女でもいれば一緒に王都まで見物に行くのになぁ。,
50834,mp0000,28889,28022,28889,,,,unmatched,evo,虽然纯朴的姑娘也不错，但还是来自王都、柏斯的美女更有女性魅力。,純朴な子もいいけど王都やボースから来る女性は美しさが磨かれてるよなぁ。,
50835,mp0000,28891,28034,28891,,,,unmatched,evo,说起王都，艾莉茜雅女王的孙女克萝蒂雅公主也在那里呢。,王都と言えば、アリシア女王の孫娘であるクローディア姫がいるんだよね。,
50836,mp0000,28893,28046,28893,,,,unmatched,evo,据说她是个楚楚动人的女孩，不知实际又是什么样。,清楚可憐な人物ってウワサだけど実際どうなんだろ？,
50837,mp0000,28901,28070,28901,,,,unmatched,evo,从王都和柏斯来的美女更加时尚靓丽……,王都やボースから来る女性は美しさが磨かれてるよなぁ。,
50838,mp0000,28903,28082,28903,,,,unmatched,evo,但纯朴的姑娘也让我难以割舍啊。,でも、やっぱり純朴な子も捨てがたいよね。,
50839,mp0000,28915,28106,28915,,,,unmatched,evo,嗯……今天开了个好头啊。,むふふ……今日は出だし好調だよ。,
50840,mp0000,28917,28118,28917,,,,unmatched,evo,从目前的情况来看，平均能打８３分吧。,今のところ平均８３点といったとこかな。,
50841,mp0000,28921,28136,28921,,,,unmatched,evo,？？,？？,
50842,mp0000,28926,28142,28926,,,,unmatched,evo,？？,？？,
50843,mp0000,28940,28172,28940,,,,unmatched,evo,真失望……,がっくし……,
50844,mp0000,28942,28184,28942,,,,unmatched,evo,今天的乘客里，连一个我喜欢的类型都没有。,今日の乗客には僕好みの子がいなかったよ。,
50845,mp0000,28944,28232,28944,,,,unmatched,evo,昨天从柏斯飞来的定期船里倒是有个大美女，但她口音很奇怪。,昨日のボースからの便には言葉は変わってるけどなかなかの美人がいたんだ。,
50846,mp0000,28946,28244,28946,,,,unmatched,evo,不知她现在是否还在洛连特。,彼女はまだロレントにいるのかな？,
50847,mp0000,28954,28232,28954,,,,unmatched,evo,昨天从柏斯飞来的定期船里倒是有个大美女，但她口音很奇怪。,昨日のボースからの便には言葉は変わってるけどなかなかの美人がいたんだ。,
50848,mp0000,28956,28244,28956,,,,unmatched,evo,不知她现在是否还在洛连特。,彼女はまだロレントにいるのかな？,
50849,mp0000,28970,28274,28970,,,,unmatched,evo,褐色的肌肤，如海蓝宝石般的瞳孔……,褐色の肌、藍玉のような瞳……,
50850,mp0000,28972,28286,28972,,,,unmatched,evo,雪拉扎德小姐的确是一位充满异国色彩的美女啊。,シェラザードさんってまさにエキゾチック美人だよね。,
50851,mp0000,28974,28298,28974,,,,unmatched,evo,她有着利贝尔人所没有的奇特魅力啊。,リベールの人にはない魅力を持ってるよなぁ。,
50852,mp0000,28978,28316,28978,,,,unmatched,evo,又来了，阿兰哥哥的嗜好又要开始发作了。,また、アランさんのクセが始まったわね。,
50853,mp0000,28983,28322,28983,,,,unmatched,evo,又来了，阿兰哥哥的嗜好又要开始发作了。,また、アランさんのクセが始まったわね。,
50854,mp0000,28990,28340,28990,,,,unmatched,evo,哈哈……,はは……,
50855,mp0000,28995,28346,28995,,,,unmatched,evo,哈哈……,はは……,
50856,mp0000,29000,28358,29000,,,,unmatched,evo,其实我以前还和雪拉扎德小姐一起去喝过酒呢。,実はシェラザードさんと飲みに行ったことがあるんだよ。,
50857,mp0000,29002,28370,29002,,,,unmatched,evo,但奇怪的是，我完全记不起当时的事情了。,でも、おかしなことにその時の記憶が全然ないんだよね。,
50858,mp0000,29004,28382,29004,,,,unmatched,evo,哈哈哈，下次再邀请她一起去喝酒吧。,はっはっはっ、もう１度誘ってみようかな。,
50859,mp0000,29015,28424,29015,,,,unmatched,evo,整个上午，连一个可爱的女孩子都没有出现呢。,午前の便にかわいい子は乗ってなかったなぁ。,
50860,mp0000,29017,28436,29017,,,,unmatched,evo,唯有看下午的班次会不会有了。,こうなると午後の便が頼りだよ。,
50861,mp0000,29031,28466,29031,,,,unmatched,evo,今天又有许多人从这里踏上他们各自的旅途了……,今日もたくさんの人たちがここから旅立ち……,
50862,mp0000,29033,28478,29033,,,,unmatched,evo,同时也有许多人来到洛连特这里……,たくさんの人たちがこのロレントへやってくる……,
50863,mp0000,29035,28490,29035,,,,unmatched,evo,最重要的是，有许多女孩子会经过这里。,そして、たくさんの女の子もここを通り過ぎていく。,
50864,mp0000,29037,28502,29037,,,,unmatched,evo,看着她们从这里走过，我的心情就会很愉快。,その子たちを眺めるのが僕のささやかな楽しみなんだ。,
50865,mp0000,29040,28520,29040,,,,unmatched,evo,你能体会吗？约书亚。,分かるよね、ヨシュア？,
50866,mp0000,29044,28538,29044,,,,unmatched,evo,呼……,は、はぁ……,
50867,mp0000,29049,28544,29049,,,,unmatched,evo,呼……,は、はぁ……,
50868,mp0000,29056,28562,29056,,,,unmatched,evo,阿兰哥哥，你还是老样子呢。,アランさんってば相変わらずなんだから。,
50869,mp0000,29061,28568,29061,,,,unmatched,evo,阿兰哥哥，你还是老样子呢。,アランさんってば相変わらずなんだから。,
50870,mp0000,29068,28586,29068,,,,unmatched,evo,就因为你总是这样，才会找不到女朋友。,そんなことばかり言ってるから彼女が出来ないのよ。,
50871,mp0000,29073,28592,29073,,,,unmatched,evo,就因为你总是这样，才会找不到女朋友。,そんなことばかり言ってるから彼女が出来ないのよ。,
50872,mp0000,29080,28616,29080,,,,unmatched,evo,你戳到我的痛处了。,痛いところをつくね。,
50873,mp0000,29082,28628,29082,,,,unmatched,evo,不过，正是因为有这种乐趣，工作时才会觉得很有意思嘛。,でも、この楽しみがあるから仕事にやりがいを感じられるんだよ。,
50874,mp0000,29084,28640,29084,,,,unmatched,evo,哈哈哈！,はっはっはっ！,
50875,mp0000,29088,,29088,,,,conflict,evo,真是无药可救了……,ダメだ、こりゃ……,
50876,mp0000,29093,,29093,,,,conflict,evo,真是无药可救了……,ダメだ、こりゃ……,
50877,mp0000,29104,28688,29104,,,,unmatched,evo,看着女孩子们从这里经过，我的心情就会很愉快。,ここを通り過ぎていく女の子たちを眺めるのが僕のささやかな楽しみなんだ。,
50878,mp0000,29891,29152,29891,,,,unmatched,evo,从过去捡蛋的经验来看……,ニワトリの卵だけど、今までの傾向から考えると……,
50879,mp0000,29893,29164,29893,,,,unmatched,evo,我觉得它应该是在几乎没人通过的安静角落下蛋。,人が通らないひっそりとした場所で産んでると思うわ。,
50880,mp0000,29895,29176,29895,,,,unmatched,evo,唉，今天到底在哪里下蛋了呢……,ふぅ、今日は一体どこで産んじゃったのかしら……,
50881,mp0000,29902,29194,29902,,,,unmatched,evo,大家一起热热闹闹地工作，也挺有趣的呢。,みんなでワイワイ言いながら仕事をするのも、ちょっと楽しいわね。,
50882,mp0000,29904,29206,29904,,,,unmatched,evo,我晚点跟上，你们就按自己的想法开始吧。,私は後から付いて行くから、好きなように始めちゃっていいわよ。,
50883,mp0000,29918,29236,29918,,,,unmatched,evo,这不是艾丝蒂尔和约书亚吗，你们怎么背着旅行包？ ,エステルとヨシュアじゃない。どうしたの、その荷物は？,
50884,mp0000,29924,29248,29924,,,,unmatched,evo,哎呀，你们又来了啊。伊莉莎那边怎么样了？,あら、また来てくれたのね。エリッサの方はどうだった？,
50885,mp0000,29926,29494,29926,,,,unmatched,evo,非常顺利哦。伊莉莎的方案被采用了！,バッチリだったわよ。エリッサの案が採用されたの！,
50886,mp0000,29928,29506,29928,,,,unmatched,evo,是吗，伊莉莎还挺厉害的嘛。我下次去吃吃看吧。,そっか、エリッサもやるじゃない。今度食べに行こうかな。,
50887,mp0000,29930,29284,29930,,,,unmatched,evo,不过……话说回来。,って……それはそれとして。,
50888,mp0000,29932,29296,29932,,,,unmatched,evo,仔细一看，你们这些行李是怎么回事？,よく見たらその荷物はどうしたの？,
50889,mp0000,29937,29308,29937,,,,unmatched,evo,那个，我们要去一趟柏斯。,えっと、ちょっとボースまで行くことになったんだ。,
50890,mp0000,29939,29320,29939,,,,unmatched,evo,艾丝蒂尔向缇欧说明了卡西乌斯的事情。,エステルはティオにカシウスの件を説明した。,
50891,mp0000,29941,29332,29941,,,,unmatched,evo,……原来如此。那确实让人担心呢。,……なるほどね。それは確かに心配だわ。,
50892,mp0000,29943,29344,29943,,,,unmatched,evo,不过柏斯的话……听说飞行船停运了呢。,でもボースって……飛行船は止まってるって聞いたわよ。,
50893,mp0000,29945,29356,29945,,,,unmatched,evo,难道你们打算徒步去？,もしかして街道を歩いて行くつもりなの？,
50894,mp0000,29947,29368,29947,,,,unmatched,evo,正是。,そういうことになるね。,
50895,mp0000,29949,29380,29949,,,,unmatched,evo,没什么啦，听说也不算很远。,平気平気。大した距離じゃないって聞いてるし。,
50896,mp0000,29951,29392,29951,,,,unmatched,evo,嗯，也许对艾丝蒂尔你们来说不算很远吧……,うーん、まあエステル達にかかればそうなのかもしれないけど……,
50897,mp0000,29953,29404,29953,,,,unmatched,evo,你们路上要小心哦。,気をつけて行ってきてね。,
50898,mp0000,29955,29416,29955,,,,unmatched,evo,嗯，我们去去就回。,うん、行ってくるね。,
50899,mp0000,29975,29470,29975,,,,unmatched,evo,啊，对了，伊莉莎那边怎么样了？,あ、そういえばエリッサの方はどうだった？,
50900,mp0000,29979,29488,29979,,,,unmatched,evo,非常顺利哦。伊莉莎的方案被采用了！,バッチリだったわよ。エリッサの案が採用されたの！,
50901,mp0000,29984,29494,29984,,,,unmatched,evo,非常顺利哦。伊莉莎的方案被采用了！,バッチリだったわよ。エリッサの案が採用されたの！,
50902,mp0000,29989,29506,29989,,,,unmatched,evo,是吗，伊莉莎还挺厉害的嘛。我下次去吃吃看吧。,そっか、エリッサもやるじゃない。今度食べに行こうかな。,
50903,mp0000,29997,29530,29997,,,,unmatched,evo,你们差不多要离开洛连特了吧？,そろそろロレントを出発する所なのかしら？,
50904,mp0000,29999,29542,29999,,,,unmatched,evo,对艾丝蒂尔你们来说，到柏斯也许不算多远的距离吧……,エステル達にかかれば、ボースまで大した距離じゃないのかもしれないけど……,
50905,mp0000,30001,29554,30001,,,,unmatched,evo,你们路上要小心哦。,気をつけて行ってきてね。,
50906,mp0000,30015,29584,30015,,,,unmatched,evo,哦，是你们啊，最近还好吗？,あら、お２人さん。元気でやってる？,
50907,mp0000,30017,29632,30017,,,,unmatched,evo,我想在最近办一场聚会，把当年在主日学校一起读书的同学都叫来。,また、そのうちに日曜学校時代の仲間で集まりたいわよね。,
50908,mp0000,30019,29644,30019,,,,unmatched,evo,已经好久没见过伊莉莎了，挺想她的。,エリッサにも久しぶりに会いたいわ。,
50909,mp0000,30027,29632,30027,,,,unmatched,evo,我想在最近办一场聚会，把当年在主日学校一起读书的同学都叫来。,また、そのうちに日曜学校時代の仲間で集まりたいわよね。,
50910,mp0000,30029,29644,30029,,,,unmatched,evo,已经好久没见过伊莉莎了，挺想她的。,エリッサにも久しぶりに会いたいわ。,
50911,mp0000,30043,29674,30043,,,,unmatched,evo,艾丝蒂尔、约书亚，之前真是多谢你们了。,エステル、ヨシュアこの前はありがとう。,
50912,mp0000,30045,29686,30045,,,,unmatched,evo,自那之后，我家一直很平静。,あれから我が家は平和そのものよ。,
50913,mp0000,30047,29698,30047,,,,unmatched,evo,蔬菜恢复了正常供应，大家都很繁忙。,野菜も出荷できるようになって大忙しってところなの。,
50914,mp0000,30049,29734,30049,,,,unmatched,evo,查儿和维鲁年纪太小，暂时还不能帮家里干活……,チェルとウィルも早く手伝ってくれるようにならないかしら……,
50915,mp0000,30057,29734,30057,,,,unmatched,evo,查儿和维鲁年纪太小，暂时还不能帮家里干活……,チェルとウィルも早く手伝ってくれるようにならないかしら……,
50916,mp0000,30071,,30071,,4788,ch1080150794,normalized,evo,艾丝蒂尔、约书亚，真是谢谢你们了！,エステル、ヨシュア本当にありがとう！,エステル、ヨシュア。本当にありがとう。
50917,mp0000,30073,29824,30073,,,,unmatched,evo,以后要是有空，一定要来玩啊。,今度は仕事を抜きにして遊びにきてね。,
50918,mp0000,30075,29788,30075,,,,unmatched,evo,查儿和维鲁一直缠着我，问你们什么时候再来呢。,チェルとウィルが次はいつあなたたちに会えるのってうるさいのよ。,
50919,mp0000,30083,,30083,,4788,ch1080150794,normalized,evo,艾丝蒂尔、约书亚，真是谢谢你们了！,エステル、ヨシュア本当にありがとう！,エステル、ヨシュア。本当にありがとう。
50920,mp0000,30085,29824,30085,,,,unmatched,evo,以后要是有空，一定要来玩啊。,今度は仕事を抜きにして遊びにきてね。,
50921,mp0000,30097,29848,30097,,,,unmatched,evo,我父母出去送货了。,うちのお父さんたち外に配達に行っちゃってるの。,
50922,mp0000,30099,29860,30099,,,,unmatched,evo,应该快回来了……,そろそろ戻ってくると思うわ。,
50923,mp0000,30556,30129,30556,,,,unmatched,evo,我从缇欧那里听说了新菜单的事。听说伊莉莎提议了千层蛋糕？,ティオから新メニューの話を聞いたよ。ミルクレープを提案したそうだね？,
50924,mp0000,30558,30141,30558,,,,unmatched,evo,我们不仅对蔬菜，对蛋和鲜奶也是充满信心呢。,ウチは野菜だけじゃなくて、卵と牛乳にも自信があるんだ。,
50925,mp0000,30560,30153,30560,,,,unmatched,evo,如果这次的千层蛋糕，能让大家也注意到我们的蛋和鲜奶就太好了。,今回のミルクレープの件で、卵と牛乳にも注目してもらえたら嬉しいね。,
50926,mp0000,30569,30225,30569,,,,unmatched,evo,自从飞行船发明之后，我们农场就不断接到来自各个地区的订购单。,飛行船ができてから色々な地方から注文を受けるようになったんだ。,
50927,mp0000,30571,30237,30571,,,,unmatched,evo,不过，我们实在是没能力满足所有顾客的需求。,でも、なかなか全ての注文に応じきれなくてねぇ。,
50928,mp0000,30573,30201,30573,,,,unmatched,evo,蔬菜总是供不应求，真不知该高兴还是该烦恼啊。 ,まさに嬉しい悲鳴ってやつなんだが何とかしたいよ。,
50929,mp0000,30581,30225,30581,,,,unmatched,evo,自从飞行船发明之后，我们农场就不断接到来自各个地区的订购单。,飛行船ができてから色々な地方から注文を受けるようになったんだ。,
50930,mp0000,30583,30237,30583,,,,unmatched,evo,不过，我们实在是没能力满足所有顾客的需求。,でも、なかなか全ての注文に応じきれなくてねぇ。,
50931,mp0000,30597,30369,30597,,,,unmatched,evo,哦，是你们啊。,おお、２人とも。,
50932,mp0000,30599,30327,30599,,,,unmatched,evo,我之前去市里的时候听到了有关你们的传闻呢。,街に行った時に君たちの噂を聞いたよ。,
50933,mp0000,30601,30291,30601,,,,unmatched,evo,作为游击士已经完全是名人了嘛。,遊撃士としてすっかり有名人じゃないか。,
50934,mp0000,30603,30339,30603,,,,unmatched,evo,我现在逢人便说你们当时帮我们守卫农田的事情。,君たちに畑を守ってもらったことは今では私の自慢話さ。,
50935,mp0000,30611,30327,30611,,,,unmatched,evo,我之前去市里的时候听到了有关你们的传闻呢。,街に行った時に君たちの噂を聞いたよ。,
50936,mp0000,30613,30339,30613,,,,unmatched,evo,我现在逢人便说你们当时帮我们守卫农田的事情。,君たちに畑を守ってもらったことは今では私の自慢話さ。,
50937,mp0000,30627,30369,30627,,,,unmatched,evo,哦，是你们啊。,おお、２人とも。,
50938,mp0000,30629,30381,30629,,,,unmatched,evo,你们上次把那些魔兽赶走之后，它们就再也没有来过。,君たちに追い払ってもらって以来魔獣も出ていないよ。,
50939,mp0000,30631,30441,30631,,,,unmatched,evo,我们现在已经可以正常供应蔬菜了，全家人总算松了口气。,野菜も元通り出荷できるようになって一安心ってところさ。,
50940,mp0000,30633,30405,30633,,,,unmatched,evo,这都是你们的功劳啊，太谢谢了。,君たちのおかげだ。本当にありがとう。,
50941,mp0000,30641,30429,30641,,,,unmatched,evo,多亏你们帮忙，那些魔兽后来再也没有出现过。,２人のおかげであれ以来魔獣も出ていないよ。,
50942,mp0000,30643,30441,30643,,,,unmatched,evo,我们现在已经可以正常供应蔬菜了，全家人总算松了口气。,野菜も元通り出荷できるようになって一安心ってところさ。,
50943,mp0000,30657,30471,30657,,,,unmatched,evo,你们这次真是帮了大忙。这样一来，我们就能正常供应蔬菜了。,今回は本当に助かったよ。これで元通り野菜を出荷できるな。,
50944,mp0000,30659,30483,30659,,,,unmatched,evo,还有很多人等着购买本农场的蔬菜呢。,ありがたいことにうちの野菜を心待ちにしてる人たちもいるんだ。,
50945,mp0000,30661,30495,30661,,,,unmatched,evo,必须要加把劲了。,頑張らなきゃね。,
50946,mp0000,30669,30519,30669,,,,unmatched,evo,你们这次真是帮了大忙。这样一来，我们就能正常供应蔬菜了。,今回は助かったよ。これで元通り野菜を出荷できる。,
50947,mp0000,30671,,30671,,,,conflict,evo,真是十分感谢。,本当にありがとう。,
50948,mp0000,31014,30701,31014,,,,unmatched,evo,我从缇欧和雪拉扎德小姐那里听说了。刚才谢谢你们帮忙啊。,ティオとシェラザードさんから聞いてるよ。さっきは手伝ってくれてありがとねぇ。,
50949,mp0000,31016,30713,31016,,,,unmatched,evo,看缇欧的表情，似乎也让她放松了一些呢。,ティオの表情を見るに、いい息抜きにもなったみたいだよ。,
50950,mp0000,31025,30737,31025,,,,unmatched,evo,是艾丝蒂尔和约书亚啊，你们正在执行任务吗？,エステルとヨシュアじゃないかい。仕事でこっちへ来たのかい？,
50951,mp0000,31027,30785,31027,,,,unmatched,evo,游击士的工作也不轻松啊。,遊撃士って仕事も楽じゃないねぇ。,
50952,mp0000,31029,30797,31029,,,,unmatched,evo,凡事都要量力而行，不要太勉强自己哦。,あまり無理しないでほどほどに頑張るんだよ。,
50953,mp0000,31037,30785,31037,,,,unmatched,evo,游击士的工作也不轻松啊。,遊撃士って仕事も楽じゃないねぇ。,
50954,mp0000,31039,30797,31039,,,,unmatched,evo,凡事都要量力而行，不要太勉强自己哦。,あまり無理しないでほどほどに頑張るんだよ。,
50955,mp0000,31051,30821,31051,,,,unmatched,evo,哟，艾丝蒂尔、约书亚，你们最近还好吧？,おや、エステル、ヨシュア。どうだい、元気でやってるかい？,
50956,mp0000,31053,30833,31053,,,,unmatched,evo,有空时再来玩哦，孩子们都很想你们。,暇が出来たら、また遊びにおいで。子供たちも会いたがってるんだよ。,
50957,mp0000,31064,30863,31064,,,,unmatched,evo,哎呀，这不是艾丝蒂尔和约书亚吗。,おやおや、エステルとヨシュアじゃないかい。,
50958,mp0000,31066,30911,31066,,,,unmatched,evo,多亏你们，孩子们现在总算可以在晚上睡个安心觉了。,あんたたちのおかげで子供たちも夜、安心して寝られるようになったよ。,
50959,mp0000,31068,30923,31068,,,,unmatched,evo,睡眠质量可是头等大事啊。,やっぱり人間ぐっすり眠らなきゃね。,
50960,mp0000,31076,30911,31076,,,,unmatched,evo,多亏你们，孩子们现在总算可以在晚上睡个安心觉了。,あんたたちのおかげで子供たちも夜、安心して寝られるようになったよ。,
50961,mp0000,31078,30923,31078,,,,unmatched,evo,睡眠质量可是头等大事啊。,やっぱり人間ぐっすり眠らなきゃね。,
50962,mp0000,31092,30953,31092,,,,unmatched,evo,艾丝蒂尔、约书亚，你们已经成为游击士了啊，真棒。,エステルもヨシュアも立派にもう遊撃士なんだねぇ。,
50963,mp0000,31094,30965,31094,,,,unmatched,evo,不过，也不要太蛮干哦。,でも、あまり無茶はしないでおくれよ。,
50964,mp0000,31102,30989,31102,,,,unmatched,evo,有空时就过来玩。等你们哦。,暇ができたら遊びにおいで。待ってるからね。,
50965,mp0000,31583,31168,31583,,,,unmatched,evo,连查儿姐姐都开始帮家里干农活了，我越来越无聊了。,チェル姉ちゃんまで農場の手伝いはじめちゃったからますます退屈だよ。,
50966,mp0000,31585,31144,31585,,,,unmatched,evo,我是不是也该帮家里干些农活呢……,オレもしよっかな……農場のてつだい。,
50967,mp0000,31593,31168,31593,,,,unmatched,evo,连查儿姐姐都开始帮家里干农活了，我越来越无聊了。,チェル姉ちゃんまで農場の手伝いはじめちゃったからますます退屈だよ。,
50968,mp0000,31607,31198,31607,,,,unmatched,evo,啊，是约书亚哥哥和艾丝蒂尔姐姐！,あ、ヨシュアとエステル！,
50969,mp0000,31609,31210,31609,,,,unmatched,evo,你们是不是已经成为维护正义的游击士了？,ねーねー、２人は正義を守るブレイサーってやつなんでしょ？,
50970,mp0000,31611,31222,31611,,,,unmatched,evo,厉害啊，太帅了……我以后也能当游击士吗？,すごいな、かっこいい……オレにもなれるのかなぁ。,
50971,mp0000,31619,31246,31619,,,,unmatched,evo,你们已经成为维护正义的游击士了吧？,２人は正義を守るブレイサーってやつなんでしょ？,
50972,mp0000,31621,31258,31621,,,,unmatched,evo,我以后也能当游击士吗？,オレにもなれるのかなぁ。,
50973,mp0000,31635,31336,31635,,,,unmatched,evo,唉，我要是有个约书亚这样的哥哥就好了。,あーあ、ヨシュアみたいな兄ちゃんがいてくれたらなー。,
50974,mp0000,31637,31300,31637,,,,unmatched,evo,缇欧姐姐要帮家里干活，根本没时间陪我玩……,ティオ姉ちゃんは仕事でなかなか遊んでくれないし……,
50975,mp0000,31639,31312,31639,,,,unmatched,evo,查儿姐姐只会玩过家家……,チェル姉ちゃんはママゴトばっかだし……,
50976,mp0000,31647,31336,31647,,,,unmatched,evo,唉，我要是有个约书亚这样的哥哥就好了。,あーあ、ヨシュアみたいな兄ちゃんがいてくれたらなー。,
50977,mp0000,31661,31372,31661,,,,unmatched,evo,约书亚哥哥，下次再来玩哦。,ヨシュア兄ちゃん、また遊びにきて。,
50978,mp0000,31663,31558,31663,,,,unmatched,evo,一定呀。,きっとだよ。,
50979,mp0000,31675,31420,31675,,,,unmatched,evo,啊，是约书亚哥哥！,あ、ヨシュア兄ちゃんだー！,
50980,mp0000,31677,31432,31677,,,,unmatched,evo,太好了！你是来找我玩的吗？,やった！遊びに来てくれたの？,
50981,mp0000,31681,31450,31681,,,,unmatched,evo,对不起哦，我们今天是来工作的。,いや、ごめんね。今日は仕事で来たんだ。,
50982,mp0000,31686,31456,31686,,,,unmatched,evo,对不起哦，我们今天是来工作的。,いや、ごめんね。今日は仕事で来たんだ。,
50983,mp0000,31691,31468,31691,,,,unmatched,evo,工作？没人陪我玩，好无聊啊。,仕事ぉー？遊んでくれないとつまんないな……,
50984,mp0000,31695,31486,31695,,,,unmatched,evo,哈哈，以后有时间再陪你玩。,はは、後で時間があったらね。,
50985,mp0000,31700,31492,31700,,,,unmatched,evo,哈哈，以后有时间再陪你玩。,はは、後で時間があったらね。,
50986,mp0000,31707,31510,31707,,,,unmatched,evo,约书亚，这孩子还是这么喜欢你啊。,ヨシュアって相変わらずここの子たちに好かれてるわよねー。,
50987,mp0000,31712,31516,31712,,,,unmatched,evo,约书亚，这孩子还是这么喜欢你啊。,ヨシュアって相変わらずここの子たちに好かれてるわよねー。,
50988,mp0000,31724,31546,31724,,,,unmatched,evo,约书亚哥哥，有空时要来陪我玩哦。,ヨシュア兄ちゃん時間あったら遊んでね。,
50989,mp0000,31726,31558,31726,,,,unmatched,evo,一定别忘了。,きっとだよ。,
50990,mp0000,32388,31762,32388,,,,unmatched,evo,啊，约书亚哥哥……你要去哪里？ ,あれ、ヨシュア……どこか行っちゃうの？,
50991,mp0000,32392,31780,32392,,,,unmatched,evo,哦，我们要去柏斯地区。,うん、ちょっと隣のボース地方まで行くことになったんだ。,
50992,mp0000,32397,31786,32397,,,,unmatched,evo,哦，我们要去柏斯地区。,うん、ちょっと隣のボース地方まで行くことになったんだ。,
50993,mp0000,32402,31798,32402,,,,unmatched,evo,很快就会回来吧？,すぐ帰ってくる？,
50994,mp0000,32406,31816,32406,,,,unmatched,evo,嗯……恐怕不会很快……,うーん、すぐは無理かもしれないな……,
50995,mp0000,32411,31822,32411,,,,unmatched,evo,嗯……恐怕不会很快……,うーん、すぐは無理かもしれないな……,
50996,mp0000,32416,,32416,,32005,ch0070180771,exact,evo,……………………,……………………,……………………
50997,mp0000,32418,31924,32418,,,,unmatched,evo,那个……我会等你的。,あのね……チェル待ってるから。,
50998,mp0000,32420,31858,32420,,,,unmatched,evo,所以，回来之后可以再来陪我玩吗？,だから、また遊びに来てくれる？,
50999,mp0000,32424,31876,32424,,,,unmatched,evo,嗯，一定。,うん、約束するよ。,
51000,mp0000,32429,31882,32429,,,,unmatched,evo,嗯，一定。,うん、約束するよ。,
51001,mp0000,32434,31894,32434,,,,unmatched,evo,嘿嘿，太好了！,えへ、わーい！,
51002,mp0000,32443,31924,32443,,,,unmatched,evo,那个……我会等你的。,あのね……チェル待ってるから。,
51003,mp0000,32445,31936,32445,,,,unmatched,evo,以后一定要再来陪我玩哦。,だから、また遊びに来てね。,
51004,mp0000,32460,31972,32460,,,,unmatched,evo,那、那个……约书亚哥哥。,あ、あのね、ヨシュア。,
51005,mp0000,32462,31984,32462,,,,unmatched,evo,我以后也要帮家里干农活了。,今度からチェルも農場のお手伝いするの。,
51006,mp0000,32466,32002,32466,,,,unmatched,evo,哦，真了不起。,へー、すごいじゃないか。,
51007,mp0000,32471,,32471,,37575,ch0010071333,vector_search (0.86),evo,哦，真了不起。,へー、すごいじゃないか。,うん、もうバッチリよ！
51008,mp0000,32478,32026,32478,,,,unmatched,evo,要加油哦。,頑張るんだよ。,
51009,mp0000,32483,32032,32483,,,,unmatched,evo,要加油哦。,頑張るんだよ。,
51010,mp0000,32488,32044,32488,,,,unmatched,evo,约书亚摸了摸查儿的头。,ヨシュアはチェルの頭をそっとなでた。,
51011,mp0000,32490,32056,32490,,,,unmatched,evo,嗯！嘿嘿，我会努力的。,うん！えへへ、頑張るよ。,
51012,mp0000,32498,32080,32498,,,,unmatched,evo,我以后也要帮家里干农活了。,今度からチェルも農場のお手伝いするの。,
51013,mp0000,32512,32254,32512,,,,unmatched,evo,啊……约书亚哥哥、艾丝蒂尔姐姐。,あ……ヨシュア、エステル。,
51014,mp0000,32516,32272,32516,,,,unmatched,evo,哟，查儿，最近还好吧？,やっほー、チェル。元気してた？,
51015,mp0000,32521,32278,32521,,,,unmatched,evo,哟，查儿，最近还好吧？,やっほー、チェル。元気してた？,
51016,mp0000,32528,32152,32528,,,,unmatched,evo,查儿，你爸爸和妈妈回来了吗？,チェルちゃん、パパとママは帰ってきたかな？,
51017,mp0000,32533,32158,32533,,,,unmatched,evo,查儿，你爸爸和妈妈回来了吗？,チェルちゃん、パパとママは帰ってきたかな？,
51018,mp0000,32538,32170,32538,,,,unmatched,evo,嗯，回来啦。,う、うん、帰ってきたよ。,
51019,mp0000,32540,32182,32540,,,,unmatched,evo,现在就在家里。,今、おうちの中にいるの。,
51020,mp0000,32549,32212,32549,,,,unmatched,evo,啊，约书亚哥哥……爸爸和妈妈已经回来了。,あ、ヨシュア……あのね、パパとママ帰ってきたよ。,
51021,mp0000,32551,32224,32551,,,,unmatched,evo,他们现在就在家里。,え、えっとねおうちの中にいるから。,
51022,mp0000,32565,32254,32565,,,,unmatched,evo,啊……约书亚哥哥、艾丝蒂尔姐姐。,あ……ヨシュア、エステル。,
51023,mp0000,32569,32272,32569,,,,unmatched,evo,哟，查儿，最近还好吧？,やっほー、チェル。元気してた？,
51024,mp0000,32574,32278,32574,,,,unmatched,evo,哟，查儿，最近还好吧？,やっほー、チェル。元気してた？,
51025,mp0000,32581,32296,32581,,,,unmatched,evo,查儿，你爸爸和妈妈在哪里？,チェルちゃん、パパとママはどこかな？,
51026,mp0000,32586,32302,32586,,,,unmatched,evo,查儿，你爸爸和妈妈在哪里？,チェルちゃん、パパとママはどこかな？,
51027,mp0000,32591,32350,32591,,,,unmatched,evo,啊，爸爸和妈妈都不在。,え、えっとね、今パパとママはいないよ。,
51028,mp0000,32593,32362,32593,,,,unmatched,evo,姐姐倒是在那边。,おねえちゃんなら今はおそとにいるの。,
51029,mp0000,32601,32350,32601,,,,unmatched,evo,啊，爸爸和妈妈都不在。,え、えっとね、今パパとママはいないよ。,
51030,mp0000,32603,32362,32603,,,,unmatched,evo,姐姐倒是在那边。,おねえちゃんなら今はおそとにいるの。,
51031,mp0000,32820,32633,32820,,,,unmatched,evo,我也是个男人。所以我下定决心……,ワシも男じゃ。腹を決めたぞ……,
51032,mp0000,32822,32705,32822,,,,unmatched,evo,绝对信任女儿选择的男人。,娘が決めた男を信じるわい。,
51033,mp0000,32824,32657,32824,,,,unmatched,evo,那家伙一定能成为独当一面的人，给我的女儿带来幸福。,あやつならきっと１人前になって娘を幸せにしてくれる。,
51034,mp0000,32826,32669,32826,,,,unmatched,evo,我也要尽我所能，在工作上好好协助他。,ワシに出来ることなら何でも協力しようじゃないか。,
51035,mp0000,32834,32693,32834,,,,unmatched,evo,我也是个男人。所以我下定决心……,ワシも男じゃ腹を決めたぞ……,
51036,mp0000,32836,32705,32836,,,,unmatched,evo,绝对信任女儿选择的男人。,娘が決めた男を信じるわい。,
51037,mp0000,32850,32783,32850,,,,unmatched,evo,哼……,ひっく……,
51038,mp0000,32852,32795,32852,,,,unmatched,evo,太嫩了，那小子还差得远呢。,ふん、まだまだヤツは半人前じゃな。,
51039,mp0000,32854,32759,32854,,,,unmatched,evo,想在两三年内做出一番成绩独当一面，林业这行可没那么简单啊。,２年や３年で一人前になれるほど林業の仕事は甘くないわい。,
51040,mp0000,32862,32783,32862,,,,unmatched,evo,哼……,ひっく……,
51041,mp0000,32864,32795,32864,,,,unmatched,evo,太嫩了，那小子还差得远呢。,ふん、まだまだヤツは半人前じゃな。,
51042,mp0000,33097,32888,33097,,,,unmatched,evo,哟，这不是游击士小妹妹和小兄弟吗。,よう、遊撃士の姉ちゃんたちじゃないか。,
51043,mp0000,33099,32900,33099,,,,unmatched,evo,坑道内的魔兽总算被解决了。,ようやく坑道の魔獣騒ぎが落ち着いたんだぜ。,
51044,mp0000,33101,32912,33101,,,,unmatched,evo,已经很久没回家的老大终于回到了洛连特的家里。,親方も久しぶりにロレントの自宅へ帰ってるよ。,
51045,mp0000,33110,32936,33110,,,,unmatched,evo,我稍不注意，提恩特那小子就偷偷溜出去了。,俺が目を離したすきにティントのやつがコソコソ出て行ったんだ。,
51046,mp0000,33112,32948,33112,,,,unmatched,evo,那小子又想偷懒。,あいつ、またサボる気だな。,
51047,mp0000,33121,32972,33121,,,,unmatched,evo,哦，是上次来过的游击士啊。,お、この間の遊撃士さんか。,
51048,mp0000,33123,32984,33123,,,,unmatched,evo,有什么事吗？里面很暗，请小心。,何か用かい？中は暗いから気ぃつけろよ。,
51049,mp0000,33132,33008,33132,,,,unmatched,evo,哎呀呀，竟然发生了那么严重的事故。,やれやれ、とんでもないことになっちまったねぇ。,
51050,mp0000,33134,33020,33134,,,,unmatched,evo,幸好有你们帮忙，真是太感谢了。,でも、あんたたちがいてくれたおかげで助かったぜ。,
51051,mp0000,33136,33032,33136,,,,unmatched,evo,要是只有我们几个，恐怕就会很危险了。,俺たちだけじゃヤバかったかもな。,
51052,mp0000,33145,33056,33145,,,,unmatched,evo,里面很暗，请小心。,中は暗いから気ぃつけろよ。,
51053,mp0000,33147,33068,33147,,,,unmatched,evo,加通老大在地下的坑道。,ガートン親方だったら地下の坑道に潜っているはずだ。,
51054,mp0000,33771,33225,33771,,,,unmatched,evo,这个关所也在施行通行管制。,この関所でも一応通行規制が行われているんだ。,
51055,mp0000,33773,,33773,,7651,ch1120020297,exact,evo,你们如果想通过，就去旁边向队长领取通行许可证吧。,通りたいんだったら、隣の受付で隊長から通行許可証を貰ってくれ。,通りたいんだったら、隣の受付で隊長から通行許可証を貰ってくれ。
51056,mp0000,33780,33255,33780,,,,unmatched,evo,一旦过去了，除非在那边拿到通行许可证否则就回不来这边了。,一度渡ったら、向こう側で通行許可証を貰わないかぎりこちらには戻ってこれないからね。,
51057,mp0000,33782,,33782,,7637,ch1120020317,exact,evo,请一定要注意。,そこんところ、注意してくれよ。,そこんところ、注意してくれよ。
51058,mp0000,33796,33327,33796,,,,unmatched,evo,旁边的柏斯地区在最近连续发生了抢劫案件。,最近、隣のボース地方では強盗事件が立て続けに起きてるんだ。,
51059,mp0000,33798,33339,33798,,,,unmatched,evo,据说是空贼干的。,どうも空賊の仕業らしいよ。,
51060,mp0000,33805,33327,33805,,,,unmatched,evo,旁边的柏斯地区在最近连续发生了抢劫案件。,最近、隣のボース地方では強盗事件が立て続けに起きてるんだ。,
51061,mp0000,33807,33339,33807,,,,unmatched,evo,据说是空贼干的。,どうも空賊の仕業らしいよ。,
51062,mp0000,33809,33351,33809,,,,unmatched,evo,如此看来，训练确实是有必要的……,こりゃ、訓練しておいて良かったかも……,
51063,mp0000,33823,33381,33823,,,,unmatched,evo,偷偷告诉你们……,ここだけの話なんだけど……,
51064,mp0000,33825,33429,33825,,,,unmatched,evo,队长在王都的总队中非常有威望。,隊長は王都の本隊所属ですごく有望な人だったらしいよ。,
51065,mp0000,33827,33441,33827,,,,unmatched,evo,他竟然被分配到了这种地方，是不是有什么原因呢？,こんなところに配属されるなんて何があったんだろうな。,
51066,mp0000,33836,33429,33836,,,,unmatched,evo,队长在王都的总队中非常有威望。,隊長は王都の本隊所属ですごく有望な人だったらしいよ。,
51067,mp0000,33838,33441,33838,,,,unmatched,evo,他竟然被分配到了这种地方，是不是有什么原因呢？,こんなところに配属されるなんて何があったんだろうな。,
51068,mp0000,33840,33453,33840,,,,unmatched,evo,……话说回来，突然安排战斗训练，未免也太过分了。,……それにしてもいきなり戦闘訓練なんてひどいよな。,
51069,mp0000,33842,33465,33842,,,,unmatched,evo,好疼，身体直到现在都在疼。,あいたた、まだ体が痛むよ。,
51070,mp0000,33850,33489,33850,,,,unmatched,evo,突然安排战斗训练，未免也太过分了。,いきなり戦闘訓練なんてひどいよな。,
51071,mp0000,33852,33501,33852,,,,unmatched,evo,好疼，身体直到现在都在疼。,あたたた、まだ体が痛むよ。,
51072,mp0000,33868,33537,33868,,,,unmatched,evo,我今天也在这里站岗，从这里通行的人实在是太少了。,今日もこうして立っているけど通行人は本当にまばらなんだよ。,
51073,mp0000,33870,33585,33870,,,,unmatched,evo,啊，真无聊。,ああ、退屈だなぁ。,
51074,mp0000,33872,33597,33872,,,,unmatched,evo,无聊时，我就观察云彩的形状，然后玩联想游戏。,退屈のあまり雲の形を見てつい連想ゲーム始めちゃうんだ。,
51075,mp0000,33880,33585,33880,,,,unmatched,evo,啊，真无聊。,ああ、退屈だなぁ。,
51076,mp0000,33882,33597,33882,,,,unmatched,evo,无聊时，我就观察云彩的形状，然后玩联想游戏。,退屈のあまり雲の形を見てつい連想ゲーム始めちゃうんだ。,
51077,mp0000,33892,33615,33892,,,,unmatched,evo,我很讨厌无聊，但更加讨厌训练。,退屈なのも嫌だけど訓練なんてもっと嫌だよ。,
51078,mp0000,33894,33627,33894,,,,unmatched,evo,训练之后，全身上下到处都疼。,なんだか体のあちこちが痛むよ。,
51079,mp0000,33896,33639,33896,,,,unmatched,evo,好疼…………,あたた…………,
51080,mp0000,33910,33669,33910,,,,unmatched,evo,自从飞行船开始通航之后，就基本没人徒步旅行了。,飛行船の運行が始まってから街道を旅をする人はあまりいないんだ。,
51081,mp0000,33912,33681,33912,,,,unmatched,evo,所以，守卫关所实在是很无聊。,だから、こうやって関所を守っているのも退屈なんだよね。,
51082,mp0000,33914,33729,33914,,,,unmatched,evo,只有队长一个人干劲十足。,隊長１人が張り切ってるんだよなぁ。,
51083,mp0000,33922,33717,33922,,,,unmatched,evo,从这里通行的人减少了，守卫关所实在是很无聊。,通行人が減ったおかげで関所を守るのも退屈なんだよね。,
51084,mp0000,33924,33729,33924,,,,unmatched,evo,只有队长一个人干劲十足。,隊長１人が張り切ってるんだよなぁ。,
51085,mp0000,34489,34068,34489,,,,unmatched,evo,自从参军之后，我还是第一次这么忙呢。,軍に入って、こんなに忙しいのは初めてなんだ。,
51086,mp0000,34491,33966,34491,,,,unmatched,evo,现在可不是一边钓鱼，一边看书的时候。,こりゃ釣りをしたり本を読んでる場合じゃないなぁ。,
51087,mp0000,34493,33978,34493,,,,unmatched,evo,这本书刚买不久，就送给你们吧。,買ったばかりだけどこの本は君たちにあげるよ。,
51088,mp0000,34495,33990,34495,,,,unmatched,evo,要是被队长发现，就又要挨骂了。,隊長に見つかったらまた怒られちゃうしね。,
51089,mp0000,34512,34068,34512,,,,unmatched,evo,自从参军之后，我还是第一次这么忙呢。,軍に入って、こんなに忙しいのは初めてなんだ。,
51090,mp0000,34514,34080,34514,,,,unmatched,evo,我平时一直都在这个几乎没人来的关所执勤。,ずっと人通りのない関所を見張っていただけだからね。,
51091,mp0000,34516,34092,34516,,,,unmatched,evo,这还是第一次切身感受到自己是一名王国军的军人。,初めて自分は王国軍なんだって実感してるよ。,
51092,mp0000,34530,34152,34530,,,,unmatched,evo,目前正处于警戒状态。因为柏斯地区出现了一些暴徒。,今、一応警戒体制なんだ。ボース地方に悪いヤツらがいるんだって。,
51093,mp0000,34532,34134,34532,,,,unmatched,evo,呜呜……希望他们不要来这里。,ぶるぶる……こっち来ないといいけどなぁ。,
51094,mp0000,34539,34152,34539,,,,unmatched,evo,目前正处于警戒状态。因为柏斯地区出现了一些暴徒。,今、一応警戒体制なんだ。ボース地方に悪いヤツらがいるんだって。,
51095,mp0000,34541,34164,34541,,,,unmatched,evo,呜呜……除了训练，我可不想在其他时间战斗啊。,ぶるぶる……戦闘は訓練だけにしといて欲しいよな。,
51096,mp0000,34557,34248,34557,,,,unmatched,evo,我之前在那条河的河边钓鱼，结果却被队长狠狠训斥了一顿。,そこの川で釣りしてたら隊長にこっぴどく怒られたんだ。,
51097,mp0000,34559,34260,34559,,,,unmatched,evo,唔……河里有那么多鱼，不钓多可惜。,うーん、せっかく魚がたくさんいるのになぁ。,
51098,mp0000,34561,34224,34561,,,,unmatched,evo,水凉凉得多舒服。,水も冷たくて気持ちいいのに。,
51099,mp0000,34569,34248,34569,,,,unmatched,evo,我之前在那条河的河边钓鱼，结果却被队长狠狠训斥了一顿。,そこの川で釣りしてたら隊長にこっぴどく怒られたんだ。,
51100,mp0000,34571,34260,34571,,,,unmatched,evo,唔……河里有那么多鱼，不钓多可惜。,うーん、せっかく魚がたくさんいるのになぁ。,
51101,mp0000,34581,34278,34581,,,,unmatched,evo,不久前，我在那条河的河边钓鱼，结果却被队长狠狠训斥了一顿。,この前、そこの川で釣りしてたら隊長にこっぴどく怒られたんだ。,
51102,mp0000,34583,34290,34583,,,,unmatched,evo,嗯……所以队长才会安排那场训练吧……,うーん、だからあんな訓練になったのかなぁ……,
51103,mp0000,34599,34404,34599,,,,unmatched,evo,这个关所很少有人通行，所以非常安静。 ,ここの関所は本当に人通りがなくて静かだよなぁ。,
51104,mp0000,34601,34416,34601,,,,unmatched,evo,站在这里，只能听到河水流淌声和鸟叫声。,聞こえてくるのは川のせせらぎと鳥の鳴き声だけなんだ。,
51105,mp0000,34603,34386,34603,,,,unmatched,evo,比以前在农场工作时还要悠闲轻松。,俺が働いてた農場よりのほほんとしちゃってるよ。,
51106,mp0000,34611,34374,34611,,,,unmatched,evo,站在这里，只能听到河水流淌声和鸟叫声。,ここにいて聞こえてくるのは川のせせらぎと鳥の鳴き声だけなんだ。,
51107,mp0000,34613,34386,34613,,,,unmatched,evo,比以前在农场工作时还要悠闲轻松。,俺が働いてた農場よりのほほんとしちゃってるよ。,
51108,mp0000,34623,34404,34623,,,,unmatched,evo,这个关所很少有人通行，所以非常安静。 ,ここの関所は本当に人通りがなくて静かだよなぁ。,
51109,mp0000,34625,34416,34625,,,,unmatched,evo,站在这里，只能听到河水流淌声和鸟叫声。,聞こえてくるのは川のせせらぎと鳥の鳴き声だけなんだ。,
51110,mp0000,34627,34428,34627,,,,unmatched,evo,呼，如果没有那种训练，真是比在农场工作还要悠闲啊。,ふう、あんな訓練さえなけりゃ本当に農場よりのどかなんだけどな。,
51111,mp0000,34639,34452,34639,,,,unmatched,evo,我刚被分配到这里。,俺、ここに配属されたばかりなんだ。,
51112,mp0000,34641,34464,34641,,,,unmatched,evo,我原本在农场工作，后来报名加入王国军了。,農場で働いてたけど王国軍に志願してみたんだよ。,
51113,mp0000,34894,34779,34894,,,,unmatched,evo,呀，是艾丝蒂尔和约书亚啊。,やあ、エステルにヨシュア。,
51114,mp0000,34896,34737,34896,,,,unmatched,evo,前一阵子，我在米尔西街道看到了一种异常敏捷的魔兽。,この前、ミルヒ街道でやたらとすばしこい魔獣を見たんだ。,
51115,mp0000,34898,34749,34898,,,,unmatched,evo,它闪着光冲过来，一眨眼功夫就逃走了。,光りながら突進してきたと思ったらあっという間に逃げていったよ。,
51116,mp0000,34900,34713,34900,,,,unmatched,evo,到底是什么东西呢……,何だったんだろうなぁ……,
51117,mp0000,34908,34737,34908,,,,unmatched,evo,前一阵子，我在米尔西街道看到了一种异常敏捷的魔兽。,この前、ミルヒ街道でやたらとすばしこい魔獣を見たんだ。,
51118,mp0000,34910,34749,34910,,,,unmatched,evo,它闪着光冲过来，一眨眼功夫就逃走了。,光りながら突進してきたと思ったらあっという間に逃げていったよ。,
51119,mp0000,34924,34779,34924,,,,unmatched,evo,呀，是艾丝蒂尔和约书亚啊。,やあ、エステルにヨシュア。,
51120,mp0000,34928,34797,34928,,,,unmatched,evo,利吉哥哥……,リッジさん……,
51121,mp0000,34933,34803,34933,,,,unmatched,evo,利吉哥哥……,リッジさん……,
51122,mp0000,34938,34815,34938,,,,unmatched,evo,你们当上游击士的第一天就出了大事啊。,何やら初日から大変だったみたいだね。,
51123,mp0000,34940,34863,34940,,,,unmatched,evo,听说连卡西乌斯先生都去帮你们了，没出什么事吧？,カシウスさんまで出ていったみたいだけど大丈夫だったかい？,
51124,mp0000,34948,34851,34948,,,,unmatched,evo,你们当上游击士的第一天就出了大事啊。,何やら就任初日から大変だったみたいだね。,
51125,mp0000,34950,34863,34950,,,,unmatched,evo,听说连卡西乌斯先生都去帮你们了，没出什么事吧？,カシウスさんまで出ていったみたいだけど大丈夫だったかい？,
51126,mp0000,35291,34974,35291,,,,unmatched,evo,哦，你们要去柏斯地区吗？走错方向啦。,え、ボース地方へ行くのかい？それじゃ、こっちじゃないぞ。,
51127,mp0000,35293,34986,35293,,,,unmatched,evo,你们要先回洛连特，从西口出去，然后往威尔特桥那边走。,１度ロレントへ戻って西の出口からヴェルテ橋へ向かうんだ。,
51128,mp0000,35295,34998,35295,,,,unmatched,evo,也就是帕赛尔农场的方向。,パーゼル農園へ向かう方角だよ。,
51129,mp0000,35304,35022,35304,,,,unmatched,evo,最近有人报告说，在神秘森林附近看到了可疑的人影。,最近、ミストヴァルトの森付近で怪しい人影を見たという報告があるんだ。,
51130,mp0000,35306,35034,35306,,,,unmatched,evo,你们在郊外行动时要小心一点。,街道を通る時は注意してくれ。,
51131,mp0000,35315,35058,35315,,,,unmatched,evo,自从飞行客船出现之后，从这里通行的人就明显减少了。,飛行客船の運行が始まってから通行のためにここへ来る人は減ったな。,
51132,mp0000,35317,35070,35317,,,,unmatched,evo,如今，来这里的人基本都是为了看长城的。,今の時期、ここに来る人は大抵この長城を見に来るのが目的だよ。,
51133,mp0000,35326,35094,35326,,,,unmatched,evo,王国军中有一位年纪轻轻，却非常了不起的上校。,今の王国軍には若いけどなかなかやり手の大佐がいるんだ。,
51134,mp0000,35328,35106,35328,,,,unmatched,evo,最近有很多士兵都很崇拜他。,最近じゃ兵士たちの間でも人気がある人なんだよ。,
51135,mp0000,35337,35130,35337,,,,unmatched,evo,在百日战役时期，多亏有亚宁堡，才使王都免于沦陷。,百日戦役の時にはこのアーネンベルクのおかげで王都は陥落を免れたんだよ。,
51136,mp0000,35339,35142,35339,,,,unmatched,evo,帝国军虽然占领了四个城市，但在面对这道长城时，也仍然束手无策。,４都市を制圧した帝国軍もさすがにこの長城には手を焼いたらしいね。,
51137,mp0000,35350,35232,35350,,,,unmatched,evo,这道巨大的长城名为亚宁堡。,この巨大な長城はアーネンベルクって呼ばれている。,
51138,mp0000,35352,35244,35352,,,,unmatched,evo,它环绕着与洛连特地区相邻的格兰赛尔地区。,となりのグランセル地方一帯を取り囲むように建てられているんだ。,
51139,mp0000,35354,35196,35354,,,,unmatched,evo,据说，这道长城在利贝尔王国建立之前就已经存在了。,何でもリベール王国が建国される以前から在ったそうだ。,
51140,mp0000,35356,35208,35356,,,,unmatched,evo,究竟是谁出于何种目的建造了它呢？,誰が何のために作ったんだろうな。,
51141,mp0000,35364,35232,35364,,,,unmatched,evo,这道巨大的长城名为亚宁堡。,この巨大な長城はアーネンベルクって呼ばれている。,
51142,mp0000,35366,35244,35366,,,,unmatched,evo,它环绕着与洛连特地区相邻的格兰赛尔地区。,となりのグランセル地方一帯を取り囲むように建てられているんだ。,
51143,mp0000,35656,35417,35656,,,,unmatched,evo,欢迎来到格鲁纳门。,グリューネ門へようこそ。,
51144,mp0000,35658,35429,35658,,,,unmatched,evo,如果想去格兰赛尔地区，可以由此通行。,グランセル地方へ行くならこの関所を通っていくといいよ。,
51145,mp0000,35667,35453,35667,,,,unmatched,evo,哦？你们好像都是游击士吧？,おや、君たちは全員遊撃士のようだね。,
51146,mp0000,35669,35465,35669,,,,unmatched,evo,这一带是不是发生了什么事件？,こっちのほうで何か事件でもあったのかい？,
51147,mp0000,35678,35489,35678,,,,unmatched,evo,说起来，利贝尔通信社的记者曾在不久前来这里取材。,そう言えば最近、リベール通信の記者がこのアーネンベルクの取材に来ました。,
51148,mp0000,35680,35501,35680,,,,unmatched,evo,好像是要出一份介绍古老遗迹的特刊。,何でも古い遺跡の特集を組むとか言っていましたよ。,
51149,mp0000,35689,35525,35689,,,,unmatched,evo,前方除了王都之外，还有王族的艾尔贝离宫。,この先には王都だけではなく王家のエルベ離宮があります。,
51150,mp0000,35691,35537,35691,,,,unmatched,evo,除了处理公务的时间之外，离宫一直都向市民们开放，可以自由出入。,離宮は公用があるとき以外はグランセル市民に開放されていて自由に出入りできるんですよ。,
51151,mp0000,35693,35549,35693,,,,unmatched,evo,自从艾莉茜雅女王即位之后，王族有了很多改变。,アリシア女王が即位してから王家も色々と変わりましたからね。,
51152,mp0000,35702,35573,35702,,,,unmatched,evo,格兰赛尔城矗立于瓦雷利亚湖畔，是一座非常美丽的城堡。,グランセル城はヴァレリア湖の湖畔に佇む大変優美なお城です。,
51153,mp0000,35704,35585,35704,,,,unmatched,evo,王城之外也是人声鼎沸。,城下のにぎわいも大変なものですよ。,
51154,mp0000,35713,35609,35713,,,,unmatched,evo,前方是格兰赛尔地区。你们有事要去王都吗？,この先はグランセル地方です。王都にご用事ですか？,
51155,mp0000,35828,,35828,,447,ch0010010834,blockwise,evo,约书亚，好点了吗？,ヨシュア、具合はどう？,ヨシュア、具合はどう？
51156,mp0000,35830,,35830,,448,ch0020010835,blockwise,evo,唔，还没完全恢复……,うん、まだちょっとね……,うん、まだちょっとね……
51157,mp0000,35832,,35832,,449,ch0020010836,blockwise,evo,我还要再休息一会，你继续参观吧。,もう少し休んでるから、エステルは見学を続けてていいよ。,もう少し休んでるから、エステルは見学を続けてていいよ。
51158,mp0000,35834,,35834,,450,ch0010010837,blockwise,evo,嗯，知道了。,うん、わかった。,うん、わかった。
51159,mp0000,36092,,36104,,475,ch0270010755,blockwise,evo,此外，王国军也有很多新动向。,他にも、王国軍方面で新しい動きが色々とあるしな。,他にも、王国軍方面で新しい動きが色々とあるしな。
51160,mp0000,36094,,36106,,476,ch0270010756,blockwise,evo,真是的，就算有好几个分身都不够用。,まったく、いくつ身体があっても足りないくらいだぜ。,まったく、いくつ身体があっても足りないくらいだぜ。
51161,mp0000,36096,,36108,,477,ch0010010757,blockwise,evo,新动向？,新しい動きって？,新しい動きって？
51162,mp0000,36098,,36110,,478,ch0270010758,blockwise,evo,军中有一位非常精干的年轻军官。,若手の将校にキレ者がいてな。,若手の将校にキレ者がいてな。
51163,mp0000,36100,,36112,,479,ch0270010759,blockwise,evo,听说他给缺乏人才且因循守旧的王国军制定了很多新举措。,人材不足で、旧態依然の王国軍に色々と新風を吹き込んでいるらしい。,人材不足で、旧態依然の王国軍に色々と新風を吹き込んでいるらしい。
51164,mp0000,36102,,36114,,480,ch0270010760,blockwise,evo,真想约个时间采访他……,なんとかアポを取りたいんだが……,なんとかアポを取りたいんだが……
51165,mp0000,36115,,36129,,481,ch0270010761,blockwise,evo,呼，话说回来，香烟真是美味啊。,はあ、それにしてもタバコが美味いぜ……,はあ、それにしてもタバコが美味いぜ……
51166,mp0000,36117,,36134,,482,ch0270010762,blockwise,evo,王都最近兴起了禁烟活动，我都不敢随便抽了……,最近、王都じゃ禁煙ブームで肩身の狭い思いをしてるんだが……,最近、王都じゃ禁煙ブームで肩身の狭い思いをしてるんだが……
51167,mp0000,36119,,36138,,483,ch0270010763,blockwise,evo,但还是戒不掉。,やっぱりコレだけは止められねぇな。,やっぱりコレだけは止められねぇな。
51168,mp0000,36132,,36154,,4943,ch0270010455,normalized,evo,啊～肚子饿扁了，肚子。,あ～、ハラ減ったぜ、ハラ。,あ〜、ハラ減ったぜ、ハラ。
51169,mp0000,36295,,36317,,501,ch0280010781,normalized,evo,对了，既然他不愿意，那就拍你好了。,そうだ、ヨシュア君がダメならエステルちゃんはどう～？,そうだ、ヨシュア君がダメならエステルちゃんはどう〜？
51170,mp0000,36297,,36319,,502,ch0280010782,blockwise,evo,可以让姐姐拍几张吗？,お姉さんに撮らせてくれないかなぁ？,お姉さんに撮らせてくれないかなぁ？
51171,mp0000,36299,,36321,,503,ch0010010783,blockwise,evo,拍、拍我吗？,あ、あたし？,あ、あたし？
51172,mp0000,36301,,36323,,504,ch0010010784,blockwise,evo,为什么要拍我呢？,あたしなんか撮ってどうするの？,あたしなんか撮ってどうするの？
51173,mp0000,36303,,36325,,505,ch0280010785,blockwise,evo,你很可爱嘛，而且还有一种散发着强烈气场的耀眼感觉～,可愛いし、なんか強いオーラをビリビリ放ってる感じなのよね～。,可愛いし、なんか強いオーラをビリビリ放ってる感じなのよね〜。
51174,mp0000,36305,,36327,,506,ch0280010786,blockwise,evo,说不定能上封面呢❤,もしかしたら表紙を飾っちゃうかも❤,もしかしたら表紙を飾っちゃうかも❤
51175,mp0000,36307,,36329,,507,ch0010010787,blockwise,evo,还、还是算了吧！我实在是不太适合。,え、遠慮しとく！どう考えてもガラじゃないもん。,え、遠慮しとく！どう考えてもガラじゃないもん。
51176,mp0000,36309,,36331,,508,ch0280010788,blockwise,evo,唉，又被拒绝了啊。,ちぇっ、フラれちゃったか。,ちぇっ、フラれちゃったか。
51177,mp0000,36317,,36339,,509,ch0280010789,normalized,evo,那么，拍什么好呢～,さ～て、何を撮ろうかな～。,さ〜て、何を撮ろうかな〜。
51178,mp0000,36552,,36574,,419,ch0010010819,blockwise,evo,对了，教授……关于这座塔，您有什么发现吗？,ところで教授……この塔のこと、何か判りそう？,ところで教授……この塔のこと、何か判りそう？
51179,mp0000,36554,,36576,,420,ch0150010820,blockwise,evo,哦，目前还没有。,いえ、今のところサッパリ。,いえ、今のところサッパリ。
51180,mp0000,36556,,36578,,421,ch0150010821,blockwise,evo,恐怕需要和其他几座塔进行对比调查。,どうやら他の塔とあわせて比較調査する必要がありそうです。,どうやら他の塔とあわせて比較調査する必要がありそうです。
51181,mp0000,36558,,36580,,422,ch0010010822,blockwise,evo,其他几座塔……是指位于洛连特之外的三座塔吧？,他の塔っていうと……ロレント以外にある３つの塔ね。,他の塔っていうと……ロレント以外にある３つの塔ね。
51182,mp0000,36560,,36582,,423,ch0150010823,blockwise,evo,嗯，正是。,ええ、その通りです。,ええ、その通りです。
51183,mp0000,36562,,36584,,424,ch0150010824,blockwise,evo,柏斯地区的《琥珀之塔》……,ボース地方の《琥珀の塔》……,ボース地方の《琥珀（こはく）の塔》……
51184,mp0000,36564,,36586,,425,ch0150010825,blockwise,evo,卢安地区的《绀碧之塔》……,ルーアン地方の《紺碧の塔》……,ルーアン地方の《紺碧（こんぺき）の塔》……
51185,mp0000,36566,,36588,,426,ch0150010826,blockwise,evo,蔡斯地区的《红莲之塔》……,ツァイス地方の《紅蓮の塔》……,ツァイス地方の《紅蓮（ぐれん）の塔》……
51186,mp0000,36568,,36590,,427,ch0150010827,blockwise,evo,那三座塔和这座《翡翠之塔》建造于同一个时代。,どの塔も、この《翡翠の塔》と同じ時代に建てられたそうですよ。,どの塔も、この《翡翠（ひすい）の塔》と同じ時代に建てられたそうですよ。
51187,mp0000,36570,,36592,,428,ch0010010828,blockwise,evo,您了解得还真清楚啊。,さすが詳しいわねぇ。,さすが詳しいわねぇ。
51188,mp0000,36572,,36594,,429,ch0010010829,blockwise,evo,话说回来，调查的确很有意义，但也不能太冒险哦。,でも、調査するのはいいけどあまり危険なことはしないでね。,でも、調査するのはいいけどあまり危険なことはしないでね。
51189,mp0000,36574,,36596,,430,ch0010010830,blockwise,evo,虽然可能要花点钱，但最好还是雇个游击士吧？,少し費用はかかると思うけど遊撃士を雇った方がいいわよ？,少し費用はかかると思うけどブレイサーを雇った方がいいわよ？
51190,mp0000,36576,,36598,,431,ch0150010831,blockwise,evo,哈哈，我可是个穷学者啊……,はは、貧乏学者なもので……,はは、貧乏学者なもので……
51191,mp0000,36584,,36606,,432,ch0150010832,blockwise,evo,看样子，这个装置的机能已经完全停止了。,どうやらこの装置は完全に機能を停止しているようです。,どうやらこの装置は完全に機能を停止しているようです。
51192,mp0000,36586,,36608,,433,ch0150010833,blockwise,evo,不过，如果达成某种条件，说不定可以再次启动……,何らかのきっかけがあれば動き出すかもしれないのですが……,何らかのきっかけがあれば動き出すかもしれないのですが……
51193,mp0000,39281,,39303,,1138,ch0920010070,exact,evo,哦，这里是玛鲁加矿山。,よう、ここはマルガ鉱山だ。,よう、ここはマルガ鉱山だ。
51194,mp0000,39283,,39305,,1139,ch0920010071,exact,evo,无关人员请不要进去。,関係者以外は遠慮してもらおうか。,関係者以外は遠慮してもらおうか。
51195,mp0000,39540,,39562,,5544,ch0010011075,exact,evo,扶手上面有划痕……,手すりについた引っかけたような跡か……,手すりについた引っかけたような跡か……
51196,mp0000,39542,39519,39564,,,,unmatched,evo,还是记在游击士手册上比较好呢。,一応、遊撃士手帳にメモした方がよさそうだね。,
51197,mp0000,40000,,40022,,2710,ch0010150051,normalized,evo,嗯……是什么掉在下面呢。,う～ん……何が落ちてるんだろ。,う〜ん……何が落ちてるんだろ。
51198,mp0000,40002,,40024,,2711,ch0020150052,exact,evo,如果想要弄清楚，我们就去下面调查一下吧？,気になるなら地下水路に行って確かめてみたら？,気になるなら地下水路に行って確かめてみたら？
51199,mp0000,40004,,40026,,2712,ch0020150050,exact,evo,地下水道的入口在礼拜堂的后面。,地下水路の入口なら礼拝堂の裏手にあったはずだよ。,地下水路の入口なら礼拝堂の裏手にあったはずだよ。
51200,mp0000,40011,,40033,,2711,ch0020150052,exact,evo,如果想要弄清楚，我们就去下面调查一下吧？,気になるなら地下水路に行って確かめてみたら？,気になるなら地下水路に行って確かめてみたら？
51201,mp0000,40013,,40035,,2712,ch0020150050,exact,evo,地下水道的入口在礼拜堂的后面。,地下水路の入口なら礼拝堂の裏手にあったはずだよ。,地下水路の入口なら礼拝堂の裏手にあったはずだよ。
51202,mp0000,40186,,40208,,8300,ch0020011193,blockwise,evo,这里是控制塔的入口。,ここは管制塔の入口だね。,ここは管制塔の入口だね。
51203,mp0000,40188,,40210,,8301,ch0020011194,blockwise,evo,照明装置和搭乘用的船桥都是由这里来控制的。,照明装置と搭乗用ブリッジはここで制御しているみたいだ。,照明装置と搭乗用ブリッジはここで制御しているみたいだ。
51204,mp0000,40236,,40258,,8302,ch0020011195,blockwise,evo,这里面好像不许无关人员进入。,ここは関係者以外立入り禁止みたいだね。,ここは関係者以外立入り禁止みたいだね。
51205,mp0000,40238,,40260,,8303,ch0010011196,normalized,evo,越说不许进入，我就越想进去看看～,入るなって言われると余計に入りたくなるわね～。,入るなって言われると余計に入りたくなるわね〜。
51206,mp0000,40328,40271,40350,,,,unmatched,evo,仔细观察，可以看到写在上面的字。,良く見ると何か書いてある。,
51207,mp0000,40336,40398,40358,,,,unmatched,evo,竖立着用于练习棒术的木桩。,棒術の練習用の丸太が立っている。,
51208,mp0000,40382,40398,40404,,,,unmatched,evo,竖立着用于练习棒术的木桩。,棒術の練習用の丸太が立っている。,
51209,mp0000,40425,40398,40447,,,,unmatched,evo,竖立着用于练习棒术的木桩。,棒術の練習用の丸太が立っている。,
51210,mp0000,40616,40505,40638,,,,unmatched,evo,这是一架通向瞭望台的梯子。,展望台に登るハシゴがある。,
51211,mp0000,40618,,40640,,5470,ch0010020136,blockwise,evo,…………………………,…………………………,…………………………
51212,mp0000,40620,,40642,,5471,ch0020020137,blockwise,evo,哎，你怎么了？为何突然发愣？,あれ、どうしたの？ボーッとしちゃって。,あれ、どうしたの？ボーッとしちゃって。
51213,mp0000,40622,,40644,,5472,ch0010020138,blockwise,evo,啊……没、没什么！,あ、ううん、何でもない！,あ、ううん、何でもない！
51214,mp0000,40624,,40646,,5473,ch0010020139,blockwise,evo,对了，我们爬到瞭望台上看看吧。,それじゃ、展望台に登ろっか。,それじゃ、展望台に登ろっか。
51215,mp0000,40626,,40648,,5474,ch0020020140,blockwise,evo,嗯……？,うん……？,うん……？
51216,mp0000,40630,,40652,,5475,ch0030020141,blockwise,evo,…………………………,…………………………,…………………………
51217,mp0000,40935,40914,40957,,,,unmatched,evo,门锁着。,扉には鍵がかかっている。,
