RemakeVoiceID,RemakeScenaScriptFilename,RemakeScenaScriptLineno,RemakeScenaScriptAddStructLineno,RemakeScenaScriptTranslationLineno,RemakeScenaScriptTranslationAddStructLineno,OldScriptId,OldVoiceFilename,MatchType,RemakeVoiceCategory,RemakeVoiceTranslation,RemakeVoiceText,OldVoiceText
65471,mp2000_ev,12779,,12779,12125,24342,ch0010040381,blockwise,evo,呼～终于来到有人住的地方了。,は～っ。やっと人里に着いたわね。,は〜っ。やっと人里に着いたわね。
65472,mp2000_ev,12792,,12792,12203,24343,ch0010040382,blockwise,evo,这里到处都是盛开的白花……,なんだか、白い花があちこちに咲いてるけど……,なんだか、白い花があちこちに咲いてるけど……
65473,mp2000_ev,12799,,12799,12245,24806,ch0010040383,blockwise,evo,这村子叫什么名字？,ここって何ていう村だっけ？,ここって何ていう村だっけ？
65474,mp2000_ev,12811,,12811,12317,24807,ch0020040384,blockwise,evo,玛诺利亚村。一个位于海道沿岸的小村落。,マノリアだよ。海道沿いにある宿場村さ。,マノリアだよ。海道沿いにある宿場村さ。
65475,mp2000_ev,12815,,12815,12341,24808,ch0020040385,blockwise,evo,这种白色的花应该是木兰花的一种。,あの白い花は、木蓮の一種だね。,あの白い花は、木蓮の一種だね。
65476,mp2000_ev,12824,,12824,12395,24347,ch0010040386,blockwise,evo,嗯～好漂亮～,ふーん、キレイよね～。,ふーん、キレイよね〜。
65477,mp2000_ev,12828,,12828,12419,24810,ch0010040387,blockwise,evo,而且可以隐隐闻到一股混杂着海风气息的淡淡香味。,それに潮の香りに混じってかすかに甘い匂いがするような。,それに潮の香りに混じってかすかに甘い匂いがするような。
65478,mp2000_ev,12832,,12832,12443,24811,ch0010040388,blockwise,evo,嗯……肚子突然有点饿了。,うーん……何だかお腹が空いてきちゃった。,うーん……何だかお腹が空いてきちゃった。
65479,mp2000_ev,12841,,12841,12497,24812,ch0020040389,blockwise,evo,哈哈，闻到花香，食欲就被刺激起来了，还真符合你的习性……,あはは、花の香りで食欲を刺激されるあたりがエステルらしいって言うか……,あはは、花の香りで食欲を刺激されるあたりがエステルらしいって言うか……
65480,mp2000_ev,12843,,12843,12509,24813,ch0020040390,blockwise,evo,正所谓“好看不如好吃”啊。,まさに花よりダンゴだね。,まさに花よりダンゴだね。
65481,mp2000_ev,12851,,12851,12557,24352,ch0010040391,blockwise,evo,因为正是长身体的时候嘛。,だって育ち盛りなんだもん。,だって育ち盛りなんだもん。
65482,mp2000_ev,12854,,12854,12575,24815,ch0010040392,blockwise,evo,已经到中午了。我们找个地方休息一下，吃个午餐吧？,ちょうどお昼だし休憩がてらランチにしない？,ちょうどお昼だし休憩がてらランチにしない？
65483,mp2000_ev,12856,,12856,12587,24816,ch0020040393,blockwise,evo,好啊……我们身上好像还有一些干粮。,いいけど……何か手持ちの食料はあったかな？,いいけど……何か手持ちの食料はあったかな？
65484,mp2000_ev,12858,,12858,12599,24355,ch0010040394,blockwise,evo,啊，等一下。,あ、ちょっとタンマ。,あ、ちょっとタンマ。
65485,mp2000_ev,12861,,12861,12617,24818,ch0010040395,blockwise,evo,难得来一次，不如找个地方坐下，尝尝刚出炉的料理吧？,どうせだったら落ち着ける場所でできたての料理を頼まない？,どうせだったら落ち着ける場所でできたての料理を頼まない？
65486,mp2000_ev,12863,,12863,12629,24819,ch0010040396,blockwise,evo,我们可是第一次来到卢安地区呢。,せっかくルーアン地方に来たんだし。,せっかくルーアン地方に来たんだし。
65487,mp2000_ev,12871,,12871,12677,24820,ch0020040397,blockwise,evo,嗯，也是。那我们去这里的旅馆看看吧。,たしかにそうだね。それじゃあ、宿酒場を探そうか。,たしかにそうだね。それじゃあ、宿酒場を探そうか。
65615,mp2000_ev,23404,,23404,21110,24488,ch0010040581,blockwise,evo,啊……,あうっ……,あうっ……
65616,mp2000_ev,23425,,23425,21236,24951,ch0010040582,blockwise,evo,今、今天怎么总是撞到人。,な、なんだか今日はやたらとぶつかる日ねぇ。,な、なんだか今日はやたらとぶつかる日ねぇ。
65619,mp2000_ev,23452,,23452,21398,24954,ch0010040585,blockwise,evo,那当然了。我们又不是这个村子的人。,そりゃそうよ。この村の人間じゃないもん。,そりゃそうよ。この町の人間じゃないもん。
65620,mp2000_ev,23454,,23454,21410,24955,ch0010040586,blockwise,evo,啊，你难道就是……,あれ、それよりキミって……,あれ、それよりキミって……
65622,mp2000_ev,23478,,23478,21554,24957,ch0010040588,blockwise,evo,刚才有个穿校服的女生说自己正在找一个戴帽子的男孩子……,さっき制服姿のお姉ちゃんが帽子をかぶった男の子を探しているって言ってたけど……,さっき制服姿のお姉ちゃんが帽子をかぶった男の子を探しているって言ってたけど……
65623,mp2000_ev,23480,,23480,21566,24958,ch0010040589,blockwise,evo,就是你吧？,キミ、なんか心当たりある？,キミ、なんか心当たりある？
65626,mp2000_ev,23506,,23506,21722,24961,ch0010040592,blockwise,evo,在旅馆附近……,宿酒場の近くだけど……,宿酒場の近くだけど……
65627,mp2000_ev,23508,,23508,21734,24962,ch0010040593,blockwise,evo,不过已经过去一段时间了，不知她后来又去了哪里。,ちょっと前のことだからどこに行ったか判らないわよ？,ちょっと前のことだからどこに行ったか判らないわよ？
65628,mp2000_ev,23511,,23511,21752,24963,ch0010040594,blockwise,evo,我们陪你一起找她吧。,あたしたちも一緒に捜してあげよっか？,あたしたちも一緒に捜してあげよっか？
65631,mp2000_ev,23556,,23556,22022,24504,ch0010040597,blockwise,evo,真是个活泼的孩子啊～,元気な子ね～。,元気な子ね〜。
65632,mp2000_ev,23558,,23558,22034,24967,ch0010040598,blockwise,evo,感觉他和洛连特的鲁克在某些方面有点像……,ロレントのルックに少し感じが似ているような……,ロレントのルックに少し感じが似ているような……
65633,mp2000_ev,23561,,23561,22052,24968,ch0010040599,blockwise,evo,不知道鲁克那小子如今正在做什么。,あの子たち、今頃何してるのかな。,あの子たち、今頃何してるのかな。
65634,mp2000_ev,23577,,23577,22148,24507,ch0010040600,blockwise,evo,约书亚，怎么了？,ヨシュア、どうしたの？,ヨシュア、どうしたの？
65635,mp2000_ev,23580,,23580,22166,24508,ch0020040601,blockwise,evo,嗯……但愿是我多心。,うん……気のせいならいいんだけど。,うん……気のせいならいいんだけど。
65636,mp2000_ev,23590,,23590,22226,24971,ch0020040602,blockwise,evo,艾丝蒂尔，你有没有丢失东西？,エステル、何か失くしてない？,エステル、何か失（な）くしてない？
65637,mp2000_ev,23592,,23592,22238,24510,ch0010040603,blockwise,evo,丢东西？丢什么？,失くす？　何を？,失くす？　何を？
65638,mp2000_ev,23595,,23595,22256,24511,ch0020040604,blockwise,evo,随身携带的东西。,身に付けている物だよ。,身に付けている物だよ。
65639,mp2000_ev,23597,,23597,22268,24974,ch0020040605,blockwise,evo,比如钱包、饰品之类的。,財布とかアクセサリーとか。,財布とかアクセサリーとか。
65640,mp2000_ev,23604,,23604,22310,24513,ch0010040606,blockwise,evo,为何突然这么问？,なによ、やぶから棒に？,なによ、やぶから棒に？
65641,mp2000_ev,23617,,23617,22388,24976,ch0010040607,blockwise,evo,钱包……在啊。,財布は……ある。,財布は……ある。
65642,mp2000_ev,23629,,23629,22460,24977,ch0010040608,blockwise,evo,头饰……也在。,髪飾りも……ＯＫ。,髪飾りも……ＯＫ。
65643,mp2000_ev,23631,,23631,22472,24978,ch0010040609,blockwise,evo,游击士徽章……,遊撃士の紋章は……,遊撃士の紋章は……
65644,mp2000_ev,23649,,23649,22580,24979,ch0010040610,blockwise,evo,…………………………,……………………………,……………………………
65645,mp2000_ev,23657,,23657,22628,24518,ch0020040611,blockwise,evo,果然……,やっぱりね……,やっぱりね……
65646,mp2000_ev,23673,,23673,22724,24519,ch0010040612,blockwise,evo,哎──！？怎么回事！？,ええええ！？一体どうなってるの！？,ええええ！？一体どうなってるの！？
65647,mp2000_ev,23675,,23675,22736,24982,ch0010040613,blockwise,evo,难道是下山时掉了吗！？,峠越えをする時に落としちゃったとかっ！？,峠越えをする時に落としちゃったとかっ！？
65648,mp2000_ev,23683,,23683,22784,24521,ch0020040614,blockwise,evo,冷静点，艾丝蒂尔。,落ち着いて、エステル。,落ち着いて、エステル。
65649,mp2000_ev,23686,,23686,22802,24984,ch0020040615,blockwise,evo,吃午餐的时候你确实是戴着的。,ランチを食べていた時にはちゃんと付けていたよ。,ランチを食べていた時にはちゃんと左胸に付けていたよ。
65650,mp2000_ev,23688,,23688,22814,24985,ch0020040616,blockwise,evo,所以丢失地点只能是这个地方。,失くしたとすれば……この場所でしか考えられない。,失くしたとすれば……この場所でしか考えられない。
65651,mp2000_ev,23698,,23698,22874,24524,ch0010040617,blockwise,evo,可、可是……会丢在哪里呢？,で、でも……どこにも落ちてないけど。,で、でも……どこにも落ちてないけど。
65652,mp2000_ev,23703,,23703,22904,24525,ch0010040618,blockwise,evo,难、难道是……,ま、まさか……,ま、まさか……
65653,mp2000_ev,23714,,23714,22970,24526,ch0020040619,blockwise,evo,嗯，很可能是刚才那个男孩偷走的。,たぶん、さっきの子だろうね。,たぶん、さっきの子だろうね。
65654,mp2000_ev,23716,,23716,22982,24989,ch0020040620,blockwise,evo,他撞你的动作很不自然，我当时就起了疑心……,不自然なぶつかり方をしたからもしかしたらとは思ったけど……,不自然なぶつかり方をしたからもしかしたらとは思ったけど……
65655,mp2000_ev,23728,,23728,23054,24528,ch0010040621,blockwise,evo,你、你说什么～！？,あ、あんですってー！？,あ、あんですってー！？
65656,mp2000_ev,23731,,23731,23072,24991,ch0010040622,blockwise,evo,他、他为什么要偷我的游击士徽章啊！？,ど、どうして遊撃士の紋章なんかを！？,ど、どうして遊撃士の紋章なんかを！？
65657,mp2000_ev,23743,,23743,23144,24530,ch0020040623,blockwise,evo,那东西在小孩子的手里也没什么用处。,確かに、子供が持ってても何の意味もないものだからね。,確かに、子供が持ってても何の意味もないものだからね。
65658,mp2000_ev,23745,,23745,23156,24993,ch0020040624,blockwise,evo,所以很可能只是恶作剧。,イタズラの可能性が高そうだ。,イタズラの可能性が高そうだ。
65659,mp2000_ev,23754,,23754,23210,24532,ch0010040625,blockwise,evo,唔～那个可恶的调皮蛋，我绝对饶不了他！,むむむむ～……イタズラ小僧、許すまじ！,むむむむ〜……イタズラ小僧、許すまじ！
65660,mp2000_ev,23757,,23757,23228,24995,ch0010040626,blockwise,evo,抓到他之后，一定要好好教训一顿！,絶対に捕まえてお仕置きしてやるんだからっ！,絶対に捕まえてお仕置きしてやるんだからっ！
65661,mp2000_ev,23764,,23764,23270,24534,ch0020040627,blockwise,evo,对小孩子可要手下留情哦。,まあ、お手柔らかに。,まあ、お手柔らかに。
65662,mp2000_ev,23767,,23767,23288,24997,ch0020040628,blockwise,evo,总之，我们先在这附近找找那孩子吧。,とりあえず、あの子がどこに行ったのか調べてみよう。,とりあえず、あの子がどこに行ったのか調べてみよう。
65663,mp2000_ev,24505,,24505,23984,24269,ch1470040643,blockwise,evo,哎呀，怎么了？,あら、どうしたの？,あら、どうしたの？
65664,mp2000_ev,24507,,24507,23996,24270,ch0010040644,blockwise,evo,有件事想请问您……,ちょっと聞きたいんだけど……,ちょっと聞きたいんだけど……
65665,mp2000_ev,24510,,24510,24014,24271,ch0010040645,blockwise,evo,您有没有在这附近见到一个戴帽子的男孩？,この辺で、帽子をかぶった男の子を見かけたことないかな？,この辺で、帽子をかぶった男の子を見かけたことないかな？
65666,mp2000_ev,24518,,24518,24062,24272,ch1470040646,blockwise,evo,戴帽子的男孩……,帽子をかぶった男の子……,帽子をかぶった男の子……
65667,mp2000_ev,24520,,24520,24074,24273,ch1470040647,blockwise,evo,哦，就是那个王立学园的女学生带来的吧？,ああ、王立学園の生徒さんの連れがそうだったかしら。,ああ、王立学園の生徒さんの連れがそうだったかしら。
65668,mp2000_ev,24528,,24528,24122,24274,ch0010040648,blockwise,evo,嗯，就是那孩子！,うん、まさにその子よ！,うん、まさにその子よ！
65669,mp2000_ev,24531,,24531,24140,24275,ch0020040649,blockwise,evo,您知道他是哪家的孩子吗？,どこの子かご存じありませんか？,どこの子かご存じありませんか？
65670,mp2000_ev,24540,,24540,24194,24276,ch1470040650,blockwise,evo,不是这个村子的孩子呢。,この村の子供じゃないわね。,この町の子供じゃないわね。
65671,mp2000_ev,24542,,24542,24206,24277,ch1470040651,blockwise,evo,应该是孤儿院的孩子……,孤児院の子だと思うけど……,孤児院の子だと思うけど……
65672,mp2000_ev,24544,,24544,24218,24278,ch0010040652,blockwise,evo,孤儿院……？,孤児院……？,孤児院……？
65673,mp2000_ev,24547,,24547,24236,24279,ch1470040653,blockwise,evo,嗯，就是“玛西亚孤儿院”。,『マーシア孤児院』って言ってね。,『マーシア孤児院』って言ってね。
65674,mp2000_ev,24549,,24549,24248,24280,ch1470040654,blockwise,evo,由一位叫特蕾莎的女士开设的慈善设施。,テレサ院長っていう女の方が運営していらっしゃる福祉施設よ。,テレサ院長っていう女の方が運営していらっしゃる福祉施設よ。
65675,mp2000_ev,24565,,24565,24344,24281,ch1470040655,blockwise,evo,走东面的梅威海道就会经过那里。,東のメーヴェ海道の途中にあるわ。,東のメーヴェ海道の途中にあるわ。
65676,mp2000_ev,24577,,24577,24416,24282,ch0010040656,blockwise,evo,原来那孩子是住在孤儿院的……,あの子、孤児院に住んでるんだ……,あの子、孤児院に住んでるんだ……
65677,mp2000_ev,24581,,24581,24440,24283,ch0020040657,blockwise,evo,我们赶快去看看吧。,さっそく訪ねてみようか。,さっそく訪ねてみようか。
65678,mp2000_ev,25516,,25516,25024,19262,ch0010040658,blockwise,evo,…………………………,…………………………,…………………………
65679,mp2000_ev,25518,,25518,25036,19263,ch0020040659,blockwise,evo,看来孤儿院就在前面了。,どうやらこの先にあるみたいだね。,どうやらこの先にあるみたいだね。
65680,mp2000_ev,25527,,25527,25090,19264,ch0010040660,blockwise,evo,嗯……,うーん……,うーん……
65681,mp2000_ev,25529,,25529,25102,19265,ch0010040661,blockwise,evo,…………………………,…………………………,…………………………
65682,mp2000_ev,25542,,25542,25180,19266,ch0020040662,blockwise,evo,怎么了？艾丝蒂尔。,どうしたの、エステル？,どうしたの、エステル？
65683,mp2000_ev,25546,,25546,25204,19267,ch0010040663,blockwise,evo,……我已经想好了！,……よし、決めた！,……よし、決めた！
65684,mp2000_ev,25556,,25556,25264,19268,ch0010040664,blockwise,evo,无论身世有多么坎坷，偷别人的东西也是不对的！,境遇うんぬんは関係ない！人の物を取るのは悪いこと！,境遇うんぬんは関係ない！人の物を取るのは悪いこと！
65685,mp2000_ev,25558,,25558,25276,19269,ch0010040665,blockwise,evo,抓到那孩子之后，我一定要好好教训他一顿！,見つけたらきっちりお仕置きしてやるんだから！,見つけたらきっちりお仕置きしてやるんだから！
65686,mp2000_ev,25576,,25576,25384,19270,ch0020040666,blockwise,evo,哈哈，在烦恼之后得出这样的结论，确实很符合你的性格啊……,はは、悩んでそう結論するのがエステルらしいっていうか……,はは、悩んでそう結論するのがエステルらしいっていうか……
65687,mp2000_ev,25579,,25579,25402,19271,ch0020040667,blockwise,evo,不过，还是要适当留情哦。,とりあえず、お手柔らかにね。,とりあえず、お手柔らかにね。
65775,mp2000_ev,34804,,34804,33275,26412,ch0010040819,blockwise,evo,嗯……特蕾莎院长真是一位非常和蔼可亲的人啊。,うーん、テレサ院長ってあったかい感じのする人よね。,うーん、テレサ院長ってあったかい感じのする人よね。
65776,mp2000_ev,34808,,34808,33299,26413,ch0020040820,blockwise,evo,是啊……感觉就像孩子们的母亲一样。,そうだね……お母さんって感じの人かな。,そうだね……お母さんって感じの人かな。
65777,mp2000_ev,34811,,34811,33317,26414,ch0060040821,blockwise,evo,呵呵，那些孩子一直都把院长视为真正的母亲。,ふふ、子供たちにとっては本当のお母さんと同じですから。,ふふ、子供たちにとっては本当のお母さんと同じですから。
65778,mp2000_ev,34868,,34868,33659,26415,ch0060040822,blockwise,evo,吉克，你已经等我很久了吧？,ジーク。待っていてくれたの？,ジーク。待っていてくれたの？
65780,mp2000_ev,34881,,34881,33737,26417,ch0060040824,blockwise,evo,嗯，是的，他们并不是坏人哦。,うん、そうなの。悪い人たちじゃなかったの。,うん、そうなの。悪い人たちじゃなかったの。
65781,mp2000_ev,34885,,34885,33761,26418,ch0060040825,blockwise,evo,他们是艾丝蒂尔和约书亚。,エステルさんとヨシュアさんっていってね。,エステルさんとヨシュアさんっていってね。
65782,mp2000_ev,34887,,34887,33773,26419,ch0060040826,blockwise,evo,你记住了吗？,あなたも覚えていてくれる？,あなたも覚えていてくれる？
65784,mp2000_ev,34891,,34891,33797,26421,ch0060040828,blockwise,evo,呵呵，乖孩子。,ふふ、いい子ね。,ふふ、いい子ね。
65785,mp2000_ev,34894,,34894,33815,26422,ch0010040829,blockwise,evo,好、好厉害，你在和它交谈吗？,す、すごい。その子と喋れるの？,す、すごい。その子と喋れるの？
65786,mp2000_ev,34910,,34910,33911,26423,ch0060040830,blockwise,evo,交谈倒还算不上，但我可以理解它的意思。,さすがに喋れませんけど何が言いたいのかは判ります。,さすがに喋れませんけど何が言いたいのかは判ります。
65787,mp2000_ev,34917,,34917,33953,26424,ch0060040831,blockwise,evo,这也许是因为我们能够感受到对方的心情……,お互いの気持ちが通じ合っているっていうか……,お互いの気持ちが通じ合っているっていうか……
65788,mp2000_ev,34920,,34920,33971,26425,ch0010040832,blockwise,evo,哇～,ほえ～……,ほえ〜……
65789,mp2000_ev,34923,,34923,33989,26426,ch0020040833,blockwise,evo,这就是所谓的心有灵犀吧。,相思相愛ってわけだね。,相思相愛ってわけだね。
65790,mp2000_ev,34928,,34928,34019,26427,ch0060040834,blockwise,evo,是啊。,はい。,はい。
65791,mp2000_ev,34939,,34939,34085,26428,ch0010040835,blockwise,evo,你好啊，吉克。,こんにちは、ジーク。,こんにちは、ジーク。
65792,mp2000_ev,34945,,34945,34121,26429,ch0010040836,blockwise,evo,我叫艾丝蒂尔，请多指教❤,あたしエステル、よろしくね❤,あたしエステル、よろしくね❤
65795,mp2000_ev,34975,,34975,34301,26432,ch0010040839,blockwise,evo,啊……,ああっ……,ああっ……
65796,mp2000_ev,34977,,34977,34313,26433,ch0010040840,blockwise,evo,呜呜……被它嫌弃了。,しくしく、フラれちゃった。,しくしく、フラれちゃった。
65797,mp2000_ev,34983,,34983,34349,26434,ch0020040841,blockwise,evo,哈哈，真遗憾。,はは、残念だったね。,はは、残念だったね。
65798,mp2000_ev,34986,,34986,34367,26435,ch0060040842,blockwise,evo,嘻嘻……,クスクス……,クスクス……
65799,mp2000_ev,34995,,34995,34421,26436,ch0060040843,blockwise,evo,话说回来，你们要去卢安市吧？,そういえば、エステルさんたちはルーアン市に行かれるんですよね？,そういえば、エステルさんたちはルーアン市に行かれるんですよね？
65800,mp2000_ev,35003,,35003,34469,26437,ch0010040844,blockwise,evo,嗯，我们要去协会分部办理转属手续。,うん、ギルドの支部で転属手続きをするつもりなの。,うん、ギルドの支部で転属手続きをするつもりなの。
65801,mp2000_ev,35005,,35005,34481,26438,ch0010040845,blockwise,evo,办完之后才能接受工作。,そうしないとお仕事できないし。,そうしないとお仕事できないし。
65802,mp2000_ev,35013,,35013,34529,26439,ch0060040846,blockwise,evo,卢安的协会分部啊，我去过好几次呢。,ルーアンのギルドでしたら私、何回か行った事があります。,ルーアンのギルドでしたら私、何回か行った事があります。
65803,mp2000_ev,35015,,35015,34541,26440,ch0060040847,blockwise,evo,如果不介意，可以让我带你们去吗？,よかったら案内しましょうか？,よかったら案内しましょうか？
65804,mp2000_ev,35018,,35018,34559,26441,ch0010040848,blockwise,evo,哇～可以吗？那真是求之不得。,わ、いいの？すごく助かっちゃうけど。,わ、いいの？すごく助かっちゃうけど。
65805,mp2000_ev,35021,,35021,34577,26442,ch0020040849,blockwise,evo,你有空吗？不用赶快回学园？,君の方は大丈夫？すぐに学園に戻らなくて。,君の方は大丈夫？すぐに学園に戻らなくて。
65806,mp2000_ev,35032,,35032,34643,26443,ch0060040850,blockwise,evo,嗯，没问题，我今天请了一天的假。,はい、今日一日は外出許可を貰っていますから。,はい、今日一日は外出許可を貰っていますから。
65807,mp2000_ev,35034,,35034,34655,26444,ch0060040851,blockwise,evo,只要在天黑之前回去就可以了。,夜までに戻れば大丈夫です。,夜までに戻れば大丈夫です。
65808,mp2000_ev,35037,,35037,34673,26445,ch0010040852,blockwise,evo,那就这么定啦♪,それじゃあ決まりね♪,それじゃあ決まりね♪
65809,mp2000_ev,35039,,35039,34685,26446,ch0010040853,blockwise,evo,目的地是卢安，出发～！,ルーアンに向けてレッツ・ゴー！,ルーアンに向けてレッツ・ゴー！
65810,mp2000_ev,37460,,37460,35340,19272,ch0400040862,blockwise,evo,……克萝赛姐姐。,……クローゼ姉ちゃん。,……クローゼ姉ちゃん。
65811,mp2000_ev,37504,,37504,35604,19273,ch0060040863,blockwise,evo,克拉姆？,クラム君？,クラム君？
65812,mp2000_ev,37507,,37507,35622,19274,ch0010040864,blockwise,evo,啊，是捣蛋鬼！,あ、イタズラ小僧！,あ、イタズラ小僧！
65813,mp2000_ev,37519,,37519,35694,19275,ch0060040865,blockwise,evo,你可真是的……不能跑到这种地方玩哦。,もう……こんな所で遊んだらダメよ。,もう……こんな所で遊んだらダメよ。
65814,mp2000_ev,37521,,37521,35706,19276,ch0060040866,blockwise,evo,万一遇到魔兽怎么办。,魔獣に襲われたらどうするの？,魔獣に襲われたらどうするの？
65815,mp2000_ev,37524,,37524,35724,19277,ch0400040867,blockwise,evo,克萝赛姐姐，我是来向你道歉的……,オイラ、クローゼ姉ちゃんにどうしても謝りたくってさ……,オイラ、クローゼ姉ちゃんにどうしても謝りたくってさ……
65816,mp2000_ev,37526,,37526,35736,19278,ch0400040868,blockwise,evo,对不起，我当时不该说谎。,何もしてないなんて嘘ついたりしてごめんなさい。,何もしてないなんて嘘ついたりしてごめんなさい。
65817,mp2000_ev,37538,,37538,35808,19279,ch0060040869,blockwise,evo,呵呵……我根本没生气，别放在心上啦。,ふふ……怒ってないから安心して。,ふふ……怒ってないから安心して。
65818,mp2000_ev,37540,,37540,35820,19280,ch0060040870,blockwise,evo,另外，其实你还想对另一个人道歉吧？,それに、本当に謝りたい人は他にもいるんだよね？,それに、本当に謝りたい人は他にもいるんだよね？
65819,mp2000_ev,37545,,37545,35850,19281,ch0400040871,blockwise,evo,啊……,ギクッ……,ギクッ……
65820,mp2000_ev,37549,,37549,35874,19282,ch0400040872,blockwise,evo,没、没有的事！,そ、そんなことないもんね！,そ、そんなことないもんね！
65821,mp2000_ev,37552,,37552,35892,19283,ch0010040873,blockwise,evo,？？？,？？？,？？？
65822,mp2000_ev,37563,,37563,35958,19284,ch0060040874,blockwise,evo,我非常了解你，你是一个很好的孩子。,あなたが良い子なのは私、よく知っているから。,あなたが良い子なのは私、よく知っているから。
65823,mp2000_ev,37565,,37565,35970,19285,ch0060040875,blockwise,evo,来……向人家道个歉吧。,ね……ちゃんと謝ろう？,ね……ちゃんと謝ろう？
65824,mp2000_ev,37575,,37575,36030,19286,ch0400040876,blockwise,evo,…………………………,…………………………,…………………………
65825,mp2000_ev,37578,,37578,36048,19287,ch0400040877,blockwise,evo,没办法，既然克萝赛姐姐都这么说了……,クローゼ姉ちゃんの頼みなら仕方ないや……,クローゼ姉ちゃんの頼みなら仕方ないや……
65826,mp2000_ev,37605,,37605,36210,19288,ch0400040878,blockwise,evo,我错了，游击士姐姐。,悪かったよ。遊撃士の姉ちゃん。,悪かったよ。遊撃士の姉ちゃん。
65827,mp2000_ev,37611,,37611,36246,19289,ch0400040879,blockwise,evo,对……对不起。,ゴメン……なさい。,ゴメン……なさい。
65828,mp2000_ev,37621,,37621,36306,19290,ch0010040880,blockwise,evo,啊、啊哈哈……原来你是来向我道歉的啊。,あ、あはは……あたしに謝りに来たんだ。,あ、あはは……あたしに謝りに来たんだ。
65829,mp2000_ev,37623,,37623,36318,19291,ch0010040881,blockwise,evo,还是有老实的一面嘛❤,素直なとこ、あるじゃない❤,素直なとこ、あるじゃない❤
65830,mp2000_ev,37629,,37629,36354,19292,ch0400040882,blockwise,evo,不、不要搞错！,か、勘違いすんなよ！？,か、勘違いすんなよ！？
65831,mp2000_ev,37631,,37631,36366,19293,ch0400040883,blockwise,evo,我只是听克萝赛姐姐的话，才会给你道歉！,クローゼ姉ちゃんに頼まれたからだってば！,クローゼ姉ちゃんに頼まれたからだってば！
65832,mp2000_ev,37639,,37639,36414,19294,ch0400040884,blockwise,evo,其实你也该反省一下。身为游击士，注意力未免太不集中了吧？,大体なぁ、遊撃士のくせに注意力が足りないんじゃないの？,大体なぁ、遊撃士のくせに注意力が足りないんじゃないの？
65833,mp2000_ev,37641,,37641,36426,19295,ch0400040885,blockwise,evo,竟然会被我这样的小孩轻松偷走身上的东西。,オイラみたいな子供に簡単に取られてどうするのさ？,オイラみたいな子供に簡単に取られてどうするのさ？
65834,mp2000_ev,37644,,37644,36444,19296,ch0010040886,blockwise,evo,唔……,うぐっ……,うぐっ……
65835,mp2000_ev,37652,,37652,36492,19297,ch0400040887,blockwise,evo,拜拜！你要努力锻炼哦！,バイバイ！せいぜい修行しろよな！,バイバイ！せいぜい修行しろよな！
65836,mp2000_ev,37688,,37688,36708,19298,ch0010040888,blockwise,evo,还、还是一点都不可爱！,や、やっぱり可愛くない！,や、やっぱり可愛くない！
65837,mp2000_ev,37697,,37697,36762,19299,ch0020040889,blockwise,evo,好啦，他只是想掩饰害羞而已。,まあまあ。ただの照れ隠しだってば。,まあまあ。ただの照れ隠しだってば。
65838,mp2000_ev,37706,,37706,36816,19300,ch0020040890,blockwise,evo,而且，孩子说的也是事实，你的注意力的确不够集中。,それに、あの子の言う通り注意不足だったのは事実だしね。,それに、あの子の言う通り注意不足だったのは事実だしね。
65839,mp2000_ev,37711,,37711,36846,19301,ch0020040891,blockwise,evo,你难道不觉得自己应该加强锻炼吗？,修行が必要なのは確かだと思うよ？,修行が必要なのは確かだと思うよ？
65840,mp2000_ev,37713,,37713,36858,19302,ch0010040892,blockwise,evo,唔……约书亚，你比他还不可爱！,ううう……ヨシュアはもっと可愛くない！,ううう……ヨシュアはもっと可愛くない！
65841,mp2000_ev,37717,,37717,52262,19303,ch0060040893,blockwise,evo,呵呵……,クスクス……,クスクス……
65842,mp2000_ev,37725,,37725,36930,19304,ch0060040894,blockwise,evo,艾丝蒂尔、约书亚，你们的感情真好啊。,エステルさんとヨシュアさんってとっても仲がいいんですね。,エステルさんとヨシュアさんってとっても仲がいいんですね。
65843,mp2000_ev,37730,,37730,36960,19305,ch0060040895,blockwise,evo,简直就像一对亲姐弟。,まるで本当の姉弟みたいです。,まるで本当の姉弟みたいです。
65844,mp2000_ev,37738,,37738,37008,19306,ch0010040896,blockwise,evo,是、是吗～？,そ、そうかな～？,そ、そうかな〜？
65845,mp2000_ev,37742,,37742,37032,19307,ch0020040897,blockwise,evo,如果从照顾对方的角度来看，倒更像是兄妹呢。,面倒を見る割合からいうと姉弟っていうより兄妹だけどね。,面倒を見る割合からいうと姉弟っていうより兄妹だけどね。
65846,mp2000_ev,37745,,37745,37050,19308,ch0010040898,blockwise,evo,哼，这样说也太失礼了。,む、失礼しちゃうわね。,む、失礼しちゃうわね。
65847,mp2000_ev,37759,,37759,37134,19309,ch0060040899,blockwise,evo,呵呵，真羡慕你们。,ふふ、うらやましいです。私は一人っ子でしたから。,ふふ、うらやましいです。私は一人っ子でしたから。
65848,mp2000_ev,37764,,37764,37164,19310,ch0060040900,blockwise,evo,我是个独生女，所以一直都很向往这种亲情……,だから、あそこの雰囲気に憧れてしまうんですけど……,だから、あそこの雰囲気に憧れてしまうんですけど……
65849,mp2000_ev,37770,,37770,37200,19311,ch0010040901,blockwise,evo,哎？,え？,え？
65850,mp2000_ev,37781,,37781,37266,19312,ch0060040902,blockwise,evo,啊，没什么……,あ、いえ……,あ、いえ……
65851,mp2000_ev,37787,,37787,37302,19313,ch0060040903,blockwise,evo,好啦，我们这就出发吧。,それではそろそろ出発しましょうか。,それではそろそろ出発しましょうか。
65852,mp2000_ev,37792,,37792,37332,19314,ch0060040904,blockwise,evo,沿着海岸一直走就到卢安了。,このまま、海岸沿いにまっすぐ行けばルーアンです。,このまま、海岸沿いにまっすぐ行けばルーアンです。
65853,mp2000_ev,37796,,37796,37356,19315,ch0010040905,blockwise,evo,好，那我们走吧。,オッケー。それじゃあ行きましょ。,オッケー。それじゃあ行きましょ。
65869,mp2000_ev,40026,,40026,39254,19902,ch0010040973,blockwise,evo,哇……这就是伦格兰德大桥吗……,うわぁ……これが《ラングランド大橋》か……,うわぁ……これが《ラングランド大橋》か……
65870,mp2000_ev,40060,,40060,39458,19903,ch0010040974,blockwise,evo,真是好大啊，恐怕有威尔特桥的几倍大。,やっぱり大きいわねぇ。ヴェルテ橋の倍くらいはありそう。,やっぱり大きいわねぇ。ヴェルテ橋の倍くらいはありそう。
65871,mp2000_ev,40062,,40062,39470,19904,ch0060040975,blockwise,evo,听说这座桥是在大约四十年前建造的。,この橋が作られたのは４０年ほど前のことだそうです。,この橋が作られたのは４０年ほど前のことだそうです。
65872,mp2000_ev,40071,,40071,39524,19905,ch0060040976,blockwise,evo,在那之前，这里的市民一直用渡船来往于两岸。,それまでは、渡し船を使って両岸を行き来してたんですって。,それまでは、渡し船を使って両岸を行き来してたんですって。
65873,mp2000_ev,40080,,40080,39578,19906,ch0010040977,blockwise,evo,哎……？那为什么不早点建造大桥？,え……どうして橋を作らなかったの？,え……どうして橋を作らなかったの？
65874,mp2000_ev,40084,,40084,39602,19907,ch0020040978,blockwise,evo,因为卢比诺河是连接大海与瓦雷利亚湖的唯一河流。,このルビーヌ川は海と湖を結ぶ唯一の川だからね。,このルビーヌ川は海と湖を結ぶ唯一の川だからね。
65875,mp2000_ev,40088,,40088,39626,19908,ch0020040979,blockwise,evo,所以不能让大桥挡住驶往王都的船。,湖畔にある王都に向かう船が通れないと困るからじゃないかな。,湖畔にある王都に向かう船が通れないと困るからじゃないかな。
65876,mp2000_ev,40100,,40100,39698,19909,ch0060040980,blockwise,evo,没错，正是如此。,はい、ご明察です。,はい、ご明察です。
65877,mp2000_ev,40103,,40103,39716,19910,ch0060040981,blockwise,evo,直到五十年前，导力革命让建造这种大规模的开合桥成为了可能。,５０年前の導力革命によってこれほど大規模な跳ね橋を建造することが可能になったそうです。,５０年前の導力革命によってこれほど大規模な跳ね橋を建造することが可能になったそうです。
65878,mp2000_ev,40116,,40116,39794,19911,ch0010040982,blockwise,evo,原来如此……导力器的作用真是太广泛了。,なるほど……オーブメント様々ってわけね。,なるほど……オーブメント様々ってわけね。
65879,mp2000_ev,40119,,40119,39812,19912,ch0010040983,blockwise,evo,话说回来，真想亲眼看看这座桥抬起时的样子。,しかし、それは実際に跳ね上がる所を見てみたいな。,しかし、それは実際に跳ね上がる所を見てみたいな。
65880,mp2000_ev,40128,,40128,39866,19913,ch0060040984,blockwise,evo,这座开合桥每天会按时分离三次。,跳ね橋が上げられるのは日に三回と決められています。,跳ね橋が上げられるのは日に三回と決められています。
65881,mp2000_ev,40131,,40131,39884,19914,ch0060040985,blockwise,evo,从现在算起……到傍晚就可以看见了。,今からだったら……夕方には見られると思いますよ。,今からだったら……夕方には見られると思いますよ。
65882,mp2000_ev,40140,,40140,39938,19915,ch0010040986,blockwise,evo,好～我们一定不能错过！,よ～し、それは絶対に見逃さないようにしないと！,よ〜し、それは絶対に見逃さないようにしないと！
65883,mp2000_ev,40143,,40143,39956,19916,ch0020040987,blockwise,evo,是啊。,だね。,だね。
65884,mp2000_ev,40762,,40762,40470,20358,ch0010040988,blockwise,evo,这里好像尽是些大型的建筑物啊。,なんか、大きな建物がいっぱい並んでるわね～。,なんか、大きな建物がいっぱい並んでるわね〜。
65885,mp2000_ev,40767,,40767,40500,20359,ch0060040989,blockwise,evo,这里是仓库区域哦。,ここは倉庫区画ですね。,ここは倉庫区画ですね。
65886,mp2000_ev,40774,,40774,40542,20360,ch0060040990,blockwise,evo,从外国运来的货物和其他物品都是保管在这里的。,外国から運ばれた荷などが保管されているんです。,外国から運ばれた荷などが保管されているんです。
65887,mp2000_ev,40786,,40786,40614,20361,ch0010040991,blockwise,evo,嗯……不过，这里有点冷清呢。,ふーん……でも、少し寂しい場所ね。,ふーん……でも、少し寂しい場所ね。
65888,mp2000_ev,40789,,40789,40632,20362,ch0060040992,blockwise,evo,因为自从飞行船普及之后，只能在水面上行驶的轮船就用得越来越少了……,飛行船が普及してから水の上に浮かぶだけの船は少なくなりましたから……,飛行船が普及してから水の上に浮かぶだけの船は少なくなりましたから……
65889,mp2000_ev,40791,,40791,40644,20363,ch0060040993,blockwise,evo,跟以前相比，卸货的数量似乎也减少了。,昔と比べると、荷卸しの量も減ってしまったそうです。,昔と較べると、荷卸しの量も減ってしまったそうです。
65890,mp2000_ev,40794,,40794,40662,20364,ch0010040994,blockwise,evo,这样啊……,そうなんだ……,そうなんだ……
65891,mp2000_ev,40797,,40797,40680,20365,ch0020040995,blockwise,evo,果然，好像还有很多仓库闲置着呢。,使われていない倉庫もありそうだね。,使われていない倉庫もありそうだね。
65892,mp2000_ev,41530,,41530,41126,20207,ch1480040996,blockwise,evo,……为、为什么这种地方会有年轻的女孩……,……ど、どうしてこんな場所に若い女の子たちが……,……ど、どうしてこんな場所に若い女の子たちが……
65893,mp2000_ev,41532,,41532,41138,20208,ch1480040997,blockwise,evo,不行不行，你们不许进入！,やいやい、ここは立入禁止だ！,やいやい、ここは立入禁止だ！
65894,mp2000_ev,41535,,41535,41156,20209,ch1480040998,blockwise,evo,这、这可不是你们这些小鬼可以来的地方！,て、てめえらみたいなガキどもが入っていい場所じゃねえんだよ！,て、てめえらみたいなガキどもが入っていい場所じゃねえんだよ！
65895,mp2000_ev,41543,,41543,41204,20210,ch0010040999,blockwise,evo,你误会了吧，我们可没说要进去啊……,いや、別に入りたいなんて一言も言ってないんだけど……,いや、別に入りたいなんて一言も言ってないんだけど……
65896,mp2000_ev,41545,,41545,41216,20211,ch0010041000,blockwise,evo,这位大哥，你为什么这么紧张呢？,ところでお兄さん、なんでそんなに緊張しちゃってるわけ？,ところでお兄さん、なんでそんなに緊張しちゃってるわけ？
65897,mp2000_ev,41554,,41554,41270,20212,ch1480041001,blockwise,evo,你、你能看出我很紧张吗……？,や、やっぱり緊張してるように見える……？,や、やっぱり緊張してるように見える……？
65898,mp2000_ev,41562,,41562,41318,20213,ch1480041002,blockwise,evo,……这不是重点！总之，这里不许进入！,……じゃなくて、とにかくここは立入禁止だ！,……じゃなくて、とにかくここは立入禁止だ！
65899,mp2000_ev,41566,,41566,41342,20214,ch1480041003,blockwise,evo,赶快去别的地方吧！,とっとと向こうに行っちまえ！,とっとと向こうに行っちまえ！
65900,mp2000_ev,41575,,41575,41396,20215,ch0020041004,normalized,evo,（看来还是悄悄离开  比较好……）,（これは、そっとしておいて  あげた方がよさそうだね……）,（これは、そっとしておいてあげた方がよさそうだね……）
65901,mp2000_ev,41580,,41580,41426,20216,ch0010041005,normalized,evo,（嗯，打扮也很奇怪，  到底是什么人呢？）,（うーん、カッコも妙だし  いったいどういう人なのかしら？）,（うーん、カッコも妙だしいったいどういう人なのかしら？）
65902,mp2000_ev,41583,,41583,41444,20217,ch0060041006,exact,evo,（…………………………）,（…………………………）,（…………………………）
66025,mp2000_ev,51137,,51137,49836,19917,ch0010041225,blockwise,evo,哇，已经傍晚了……,わあ、もう夕方か……,わあ、もう夕方か……
66026,mp2000_ev,51149,,51149,49908,19918,ch0010041226,blockwise,evo,好漂亮的夕阳啊！,すっごくキレイな夕陽ねぇ！,すっごくキレイな夕陽ねぇ！
66027,mp2000_ev,51153,,51153,49932,19919,ch0020041227,blockwise,evo,这里的夕阳很特别，与白色的街道相映生辉。,ここの夕陽は格別だな。白い町並みによく映えてる。,ここの夕陽は格別だな。白い町並みによく映えてる。
66028,mp2000_ev,51157,,51157,49956,19920,ch0060041228,blockwise,evo,呵呵，我也很喜欢。,ふふ、私も大好きです。,ふふ、私も大好きです。
66029,mp2000_ev,51171,,51171,50040,19921,ch0060041229,blockwise,evo,对了……快到时间了。,そうだ……そろそろだと思いますよ。,そうだ……そろそろだと思いますよ。
66030,mp2000_ev,51186,,51186,50130,19922,ch0010041230,blockwise,evo,哎？什么时间？,え、何が？,え、何が？
66031,mp2000_ev,51260,,51260,50574,19923,ch0010041231,blockwise,evo,呼～好惊人啊。,はぁ～、なんていうか圧巻ね。,はぁ〜、なんていうか圧巻ね。
66032,mp2000_ev,51266,,51266,50610,19924,ch0010041232,blockwise,evo,开合桥分开的状态会维持多久呢？,あれ、どのくらいの間跳ね上がっているものなの？,あれ、どのくらいの間跳ね上がっているものなの？
66033,mp2000_ev,51278,,51278,50682,19925,ch0060041233,blockwise,evo,应该是三十分钟左右。,３０分くらいだと思います。,３０分くらいだと思います。
66034,mp2000_ev,51282,,51282,50706,19926,ch0060041234,blockwise,evo,清晨、上午、傍晚共三次，一直到所有的船都通过为止。,早朝、昼前、夕方の３回、通る船が無くなるまでですね。,早朝、昼前、夕方の３回、通る船が無くなるまでですね。
66035,mp2000_ev,51290,,51290,50754,19927,ch0020041235,blockwise,evo,原来如此，是选择了来往行人比较少的时间段啊。,なるほど、比較的人通りの少ない時間帯だね。,なるほど、比較的人通りの少ない時間帯だね。
66036,mp2000_ev,51293,,51293,50772,19928,ch0060041236,blockwise,evo,呵呵，刚到这里的人最初都会有点摸不着规律呢。,ふふ、初めて来られた方は最初は戸惑われるらしいですけど。,ふふ、初めて来られた方は最初は戸惑われるらしいですけど。
66037,mp2000_ev,51302,,51302,50826,19929,ch0060041237,blockwise,evo,啊，说起来……,あ、そういえば……,あ、そういえば……
66038,mp2000_ev,51304,,51304,50838,19930,ch0060041238,blockwise,evo,艾丝蒂尔你们今晚住在哪里呢？,エステルさんたちは今夜の宿はどうされるんですか？,エステルさんたちは今夜の宿はどうされるんですか？
66039,mp2000_ev,51312,,51312,50886,19931,ch0010041239,blockwise,evo,嗯～这个嘛……其实我们原定住在协会的二楼的。,うーん、ギルドの２階に泊まらせてもらう手もあるけど。,うーん、ギルドの２階に泊まらせてもらう手もあるけど。
66040,mp2000_ev,51315,,51315,50904,19932,ch0010041240,blockwise,evo,不过刚来这几天，我还是想找家酒店好好休息一下。,やっぱり最初くらいは優雅にホテルに泊まりたいかも。,やっぱり最初くらいは優雅にホテルに泊まりたいかも。
66041,mp2000_ev,51323,,51323,50952,19933,ch0060041241,blockwise,evo,这样的话，那你们快点去订个房间比较好。,だったら、急いで部屋を取った方がいいかもしれません。,だったら、急いで部屋を取った方がいいかもしれません。
66042,mp2000_ev,51325,,51325,50964,19934,ch0060041242,blockwise,evo,因为现在是旅游旺季，我想酒店很快就会住满人的。,今は観光シーズンですからすぐに一杯になってしまうと思います。,今は観光シーズンですからすぐに一杯になってしまうと思います。
66043,mp2000_ev,51334,,51334,51018,19935,ch0020041243,blockwise,evo,这样啊……看来要快点才行了。,そうか……だったら急いだ方が良さそうだね。,そうか……だったら急いだ方が良さそうだね。
66044,mp2000_ev,51338,,51338,51042,19936,ch0010041244,blockwise,evo,嗯，现在去酒店吧。,うん、ホテルに行きましょ。,うん、ホテルに行きましょ。
66045,mp2000_ev,52918,,52918,51704,19937,ch0060041272,blockwise,evo,今天你们能陪我，我真是十分感谢。,今日は付き合わせてもらってありがとうございました。,今日は付き合わせてもらってありがとうございました。
66046,mp2000_ev,52921,,52921,51722,19938,ch0010041273,blockwise,evo,啊哈哈，别这么说嘛。应该是我们多谢你才对。,えへへ、やだな。お礼を言うのはこっちだってば。,えへへ、やだな。お礼を言うのはこっちだってば。
66047,mp2000_ev,52925,,52925,51746,19939,ch0020041274,blockwise,evo,说得没错。谢谢你带我们参观了这么多地方。,そうだね。案内してくれてありがとう。,そうだね。案内してくれてありがとう。
66048,mp2000_ev,52928,,52928,51764,19940,ch0060041275,blockwise,evo,哪里，这点小事不值一提。,そんな、大したことはしてません。,そんな、大したことはしてません。
66049,mp2000_ev,52940,,52940,51836,19941,ch0060041276,blockwise,evo,对了，你们会在卢安待上一段时间吧？,そうだ、お２人はしばらくルーアン地方にいるんですよね？,そうだ、お２人はしばらくルーアン地方にいるんですよね？
66050,mp2000_ev,52943,,52943,51854,19942,ch0060041277,blockwise,evo,如果有兴趣，可以来参加下周末的学园祭吗？,よかったら、来週末にある学園祭にいらっしゃいませんか？,よかったら、来週末にある学園祭にいらっしゃいませんか？
66051,mp2000_ev,52951,,52951,51902,19943,ch0010041278,blockwise,evo,学园祭？,ガクエンサイ？,ガクエンサイ？
66052,mp2000_ev,52953,,52953,51914,19944,ch0020041279,blockwise,evo,这个名字听起来似乎是某种活动吧。,名前から察するに何かの行事みたいだね。,名前から察するに何かの行事みたいだね。
66053,mp2000_ev,52962,,52962,51968,19945,ch0060041280,blockwise,evo,嗯，是获得校方许可的由学生自发组织和筹办的活动。,ええ、学園側の許可を貰って生徒が自主的に開くお祭りです。,ええ、学園側の許可を貰って生徒が自主的に開くお祭りです。
66054,mp2000_ev,52964,,52964,51980,19946,ch0060041281,blockwise,evo,这可是王立学园的传统活动哦。,王立学園の伝統行事なんですよ。,王立学園の伝統行事なんですよ。
66055,mp2000_ev,52968,,52968,52004,19947,ch0010041282,blockwise,evo,啊，我最喜欢那种庆典活动了！,あ、そーいうのあたしメチャメチャ好きかも！,あ、そーいうのあたしメチャメチャ好きかも！
66056,mp2000_ev,52970,,52970,52016,19948,ch0010041283,blockwise,evo,会有露天店和演出吗！？,出店とか演し物はあるの！？,出店とか演（だ）し物はあるの！？
66057,mp2000_ev,52973,,52973,52034,19949,ch0060041284,blockwise,evo,呵呵，当然，而且都是很正式的。,ふふ、もちろんです。けっこう本格的なんですよ。,ふふ、もちろんです。けっこう本格的なんですよ。
66058,mp2000_ev,52982,,52982,52088,19950,ch0010041285,blockwise,evo,我去我去，一定要去！,行く行く、ぜーったい行く！,行く行く、ぜーったい行く！
66059,mp2000_ev,52984,,52984,52100,19951,ch0010041286,blockwise,evo,甚至都想和你们一起为学园祭做准备！,ていうかあたしも一緒にお祭りの準備がしたいくらい！,ていうかあたしも一緒にお祭りの準備がしたいくらい！
66060,mp2000_ev,52992,,52992,52148,19952,ch0020041287,blockwise,evo,我说，艾丝蒂尔……,ちょっとエステル……,ちょっとエステル……
66061,mp2000_ev,52994,,52994,52160,19953,ch0020041288,blockwise,evo,我们接下来的工作会很繁忙，你刚听完就忘了吗？,さっきギルドで、忙しくなるって聞いたばかりなのを忘れたのかい？,さっきギルドで、忙しくなるって聞いたばかりなのを忘れたのかい？
66062,mp2000_ev,53000,,53000,52196,19954,ch0010041289,blockwise,evo,唔，还有那边的事啊……,うう、それがあったか……,うう、それがあったか……
66063,mp2000_ev,53003,,53003,52214,19955,ch0020041290,blockwise,evo,不过，可以只在学园祭当天去，算是暂时放松……,まあ、学園祭の当日だけならいい息抜きにもなると思うし……,まあ、学園祭の当日だけならいい息抜きにもなると思うし……
66064,mp2000_ev,53005,,53005,52226,19956,ch0020041291,blockwise,evo,在那之前，先好好工作吧。,それまでしっかり仕事しようね。,それまでしっかり仕事しようね。
66065,mp2000_ev,53008,,53008,52244,19957,ch0010041292,blockwise,evo,呼～,ふあ～い。,ふあ〜い。
66066,mp2000_ev,53011,,53011,52262,19958,ch0060041293,blockwise,evo,呵呵……,クスクス……,クスクス……
66067,mp2000_ev,53024,,53024,52340,19959,ch0060041294,blockwise,evo,艾丝蒂尔、约书亚，那我这就告辞了。,エステルさん、ヨシュアさん。それでは私、そろそろ失礼しますね。,エステルさん、ヨシュアさん。それでは私、そろそろ失礼しますね。
66068,mp2000_ev,53027,,53027,52358,19960,ch0060041295,blockwise,evo,近期再见吧……,近いうちにまた……,近いうちにまた……
66069,mp2000_ev,53029,,53029,52370,19961,ch0010041296,blockwise,evo,嗯，再见！,うん、またね！,うん、またね！
66070,mp2000_ev,53031,,53031,52382,19962,ch0020041297,blockwise,evo,路上小心。,気を付けて帰ってね。,気を付けて帰ってね。
66071,mp2000_ev,53067,,53067,52598,19963,ch0010041298,blockwise,evo,嗯～不仅长得可爱，又有正义感，还有种很可靠的感觉。,うーん、可憐な雰囲気なのに凜とした所もあって頼もしい……,うーん、可憐な雰囲気なのに凜とした所もあって頼もしい……
66072,mp2000_ev,53069,,53069,52610,19964,ch0010041299,blockwise,evo,我要是男孩子，肯定会喜欢上她。,あたしが男だったら間違いなくホレちゃってるわね。,あたしが男だったら間違いなくホレちゃってるわね。
66073,mp2000_ev,53077,,53077,52658,19965,ch0020041300,blockwise,evo,嗯，这个暂且不说……,まあ、それはともかく……,まあ、それはともかく……
66074,mp2000_ev,53079,,53079,52670,19966,ch0020041301,blockwise,evo,她确实不像有什么企图的样子，应该是个好女孩。,何か企んでいそうな様子もないしいい子であるのは確かみたいだね。,何か企んでいそうな様子もないしいい子であるのは確かみたいだね。
66075,mp2000_ev,53082,,53082,52688,19967,ch0010041302,blockwise,evo,那还用说，她又不是那个傲慢的女空贼。,そんな、どこぞの空賊娘じゃないんだから。,そんな、どこぞの空賊娘じゃないんだから。
66076,mp2000_ev,53089,,53089,52730,19968,ch0010041303,blockwise,evo,话说回来，我们不但认识了好朋友，还订到了酒店顶楼的好房间……,でも、出会いには恵まれたし最上階の良い部屋も取れたし……,でも、出会いには恵まれたし最上階の良い部屋も取れたし……
66077,mp2000_ev,53091,,53091,52742,19969,ch0010041304,blockwise,evo,当时在玛诺利亚村的瞭望台上看见了吉克，果然是件好事啊。,やっぱり、マノリアの展望台でジークを見たのがよかったのかも。,やっぱり、マノリアの展望台でジークを見たのがよかったのかも。
66078,mp2000_ev,53100,,53100,52796,19970,ch0020041305,blockwise,evo,呵呵，也许吧。,はは、そうかもしれないね。,はは、そうかもしれないね。
66079,mp2000_ev,53102,,53102,52808,19971,ch0020041306,blockwise,evo,……那么，我们赶快去房间把行李放下吧。,……それじゃ、さっそく部屋に荷物を置いちゃおうか？,……それじゃ、さっそく部屋に荷物を置いちゃおうか？
66080,mp2000_ev,53105,,53105,52826,19972,ch0010041307,blockwise,evo,嗯，是顶楼哦♪,うん、最上階よね♪,うん、最上階よね♪
66081,mp2000_ev,53947,,53947,53459,19973,ch0020041319,blockwise,evo,好棒……居然还有这么漂亮的露台。,すごいな……こんなバルコニーまであるんだ。,すごいな……こんなバルコニーまであるんだ。
66082,mp2000_ev,53950,,53950,53477,19974,ch0010041320,blockwise,evo,嗯……真是绝佳的风景。,うん……さすが絶景よね。,うん……さすが絶景よね。
66083,mp2000_ev,53953,,53953,53495,19975,ch0010041321,blockwise,evo,不过，我们两人住这么大的房间，真是有点浪费……,でも確かに、あたしたちだけで使うにはもったいない部屋かも……,でも確かに、あたしたちだけで使うにはもったいない部屋かも……
66084,mp2000_ev,53965,,53965,53567,19976,ch0010041322,blockwise,evo,……要是老爸也在就好了。,……父さんも一緒だったら良かったのに。,……父さんも一緒だったら良かったのに。
66085,mp2000_ev,53975,,53975,53627,19977,ch0020041323,blockwise,evo,是啊……,そうだね……,そうだね……
66086,mp2000_ev,53978,,53978,53645,19978,ch0020041324,blockwise,evo,父亲究竟在哪里，正在做些什么呢……,本当に……どこで何をしてるんだろうな。,本当に……どこで何をしてるんだろうな。
66088,mp2000_ev,54012,,54012,53849,19980,ch0010041326,blockwise,evo,刚才那是……？,なに、今の？,なに、今の？
66089,mp2000_ev,54014,,54014,53861,19981,ch0020041327,blockwise,evo,嗯，似乎是从房间里传来的声音……,うん、部屋の中から聞こえてきたみたいだけど……,うん、部屋の中から聞こえてきたみたいだけど……
66090,mp2000_ev,55407,54760,55407,54760,,,unmatched,evo,次日清晨，卢安市内。,──翌朝、ルーアン市街。,
66091,mp2000_ev,55415,,55415,54808,19983,ch0270050028,blockwise,evo,呼～～～,う゛ぁ～～～～～……,う゛ぁ〜〜〜〜〜……
66092,mp2000_ev,55417,,55417,54820,19984,ch0270050029,blockwise,evo,头好痛……,頭がガンガンしやがる……,頭がガンガンしやがる……
66093,mp2000_ev,55425,,55425,54868,19985,ch0010050030,blockwise,evo,真是标准的宿醉啊。,カンペキな二日酔いね。,カンペキな二日酔いね。
66094,mp2000_ev,55427,,55427,54880,19986,ch0010050031,blockwise,evo,明明没酒量，却偏要喝那么多。,そんなに強くないクセに飲み過ぎたりするからよ。,そんなに強くないクセに飲み過ぎたりするからよ。
66095,mp2000_ev,55430,,55430,54898,19987,ch0020050032,blockwise,evo,要我去买点药来吗？,薬でも買ってきましょうか？,薬でも買ってきましょうか？
66096,mp2000_ev,55438,,55438,54946,19988,ch0270050033,blockwise,evo,不用……没事。,いや……いい。,いや……いい。
66097,mp2000_ev,55442,,55442,54970,19989,ch0270050034,blockwise,evo,好了，我要去取材了……,それじゃ、俺はこのまま取材に向かうとするぜ……,それじゃ、俺はこのまま取材に向かうとするぜ……
66098,mp2000_ev,55450,,55450,55018,19990,ch0010050035,blockwise,evo,这样啊……多谢你昨天让我们留宿。,そっか……昨日は泊めてくれてありがとね。,そっか……昨日は泊めてくれてありがとね。
66099,mp2000_ev,55452,,55452,55030,19991,ch0020050036,blockwise,evo,还要感谢您请我们吃饭。,それと、ご馳走さまでした。,それと、ご馳走さまでした。
66100,mp2000_ev,55460,,55460,55078,19992,ch0270050037,blockwise,evo,嗯，要是听到什么有趣的消息，可要记得告诉我哦……,ま、せいぜい面白いネタを掴んだら教えてくれや……,ま、せいぜい面白いネタを掴んだら教えてくれや……
66101,mp2000_ev,55462,,55462,55090,19993,ch0270050038,blockwise,evo,我会暂时留在卢安……,俺もしばらくはルーアンに滞在するからよ……,俺もしばらくはルーアンに滞在するからよ……
66102,mp2000_ev,55465,,55465,55108,19994,ch0270050039,blockwise,evo,好，再见吧……,んじゃ、またな～……,んじゃ、またな〜……
66103,mp2000_ev,55492,,55492,55270,19995,ch0020050040,blockwise,evo,那么，我们也该去协会了吧？,さてと、僕たちもそろそろギルドに行こうか？,さてと、僕たちもそろそろギルドに行こうか？
66104,mp2000_ev,55501,,55501,55324,19996,ch0010050041,blockwise,evo,嗯，是啊。,うん、そうね。,うん、そうね。
66105,mp2000_ev,55504,,55504,55342,19997,ch0010050042,blockwise,evo,让嘉恩先生给我们安排一些工作。,ジャンさんに仕事を紹介してもらいましょ。,ジャンさんに仕事を紹介してもらいましょ。
66106,mp2000_ev,56894,,56894,56032,26468,ch0010050155,blockwise,evo,太、太惨了……,ひ、ひどい……,ひ、ひどい……
66107,mp2000_ev,56896,,56896,56044,26469,ch0020050156,blockwise,evo,完全被烧毁了啊……,完全に焼け落ちてるね……,完全に焼け落ちてるね……
66108,mp2000_ev,56899,,56899,56062,26470,ch1500050157,blockwise,evo,哎，你们是……,あれ、あんたたち……？,あれ、あんたたち……？
66109,mp2000_ev,56919,,56919,56182,26471,ch1510050158,blockwise,evo,莫非你们就是游击士协会派来的人？,ひょっとして君たち遊撃士協会から来たのかい？,ひょっとして君たち遊撃士協会から来たのかい？
66110,mp2000_ev,56922,,56922,56200,26472,ch0010050159,blockwise,evo,嗯，是的……,う、うん……,う、うん……
66111,mp2000_ev,56924,,56924,56212,26473,ch0020050160,blockwise,evo,你们是玛诺利亚村的村民吧？,皆さんはマノリアの方ですね？,皆さんはマノリアの方ですね？
66112,mp2000_ev,56928,,56928,56236,26474,ch1500050161,blockwise,evo,是的……我们正在清理瓦砾。,ああ……瓦礫の片付けをしてるんだ。,ああ……瓦礫の片付けをしてるんだ。
66113,mp2000_ev,56930,,56930,56248,26475,ch1500050162,blockwise,evo,昨天夜里，这里突然着火，我们马上便赶来灭火……,昨日の夜中に火事が起きて慌てて消火に来たんだけど……,昨日の夜中に火事が起きて慌てて消火に来たんだけど……
66114,mp2000_ev,56933,,56933,56266,26476,ch1500050163,blockwise,evo,唉，但正如你们所见，整个房子都被烧毁了。,まあ、ご覧の通りほぼ建物は焼け落ちちまった。,まあ、ご覧の通りほぼ建物は焼け落ちちまった。
66115,mp2000_ev,56935,,56935,56278,26477,ch0010050164,blockwise,evo,那……院长和孩子们呢！？,そ、それで……院長先生と子供たちは！？,そ、それで……院長先生と子供たちは！？
66116,mp2000_ev,56938,,56938,56296,26478,ch1510050165,blockwise,evo,别担心，大家都平安无事。,大丈夫、みんな無事だよ。,大丈夫、みんな無事だよ。
66117,mp2000_ev,56942,,56942,56320,26479,ch1510050166,blockwise,evo,他们正在玛诺利亚村的旅馆休息呢。,今、マノリアの宿屋で休んでもらってる最中なんだ。,今、マノリアの宿屋で休んでもらってる最中なんだ。
66118,mp2000_ev,56945,,56945,56338,26480,ch1510050167,blockwise,evo,虽然火灾很严重，但所有人都没受太重的伤。,これだけの火事だったのに全員、大したケガは無いそうだぜ。,これだけの火事だったのに全員、大したケガは無いそうだぜ。
66119,mp2000_ev,56953,,56953,56386,26481,ch0010050168,blockwise,evo,太、太好了……,よ、よかったぁ～……,よ、よかったぁ〜……
66120,mp2000_ev,56956,,56956,56404,26482,ch0020050169,blockwise,evo,嗯……真是不幸中的万幸。,うん……不幸中の幸いだね。,うん……不幸中の幸いだね。
66121,mp2000_ev,56958,,56958,56416,26483,ch1500050170,blockwise,evo,我们准备继续在这里清理。,俺たちはもう少し後片づけをするつもりだけど。,俺たちはもう少し後片づけをするつもりだけど。
66122,mp2000_ev,56964,,56964,56452,26484,ch1500050171,blockwise,evo,你们有什么打算呢？,あんたらはどうするんだい？,あんたらはどうするんだい？
66123,mp2000_ev,56966,,56966,56464,26485,ch0010050172,blockwise,evo,啊，我想赶快去旅馆看望那些孩子……,あ、さっそく宿屋に行ってあの子たちのお見舞いに……,あ、さっそく宿屋に行ってあの子たちのお見舞いに……
66124,mp2000_ev,56969,,56969,56482,26486,ch0020050173,blockwise,evo,不行，现在还不能去。,悪いけど、それは後回し。,悪いけど、それは後回し。
66125,mp2000_ev,56975,,56975,56518,26487,ch0010050174,blockwise,evo,哎！？,ふえっ！？,ふえっ！？
66126,mp2000_ev,56983,,56983,56566,26488,ch0020050175,blockwise,evo,粗略看去，就能发现这个现场有很多可疑之处。,この現場、ざっと見ただけでも妙なことが多すぎる。,この現場、ざっと見ただけでも妙なことが多すぎる。
66127,mp2000_ev,56985,,56985,56578,26489,ch0020050176,blockwise,evo,时间一久，这些线索说不定会消失。,そして、そういう手がかりは時間が経つと失われてしまうんだ。,そして、そういう手がかりは時間が経つと失われてしまうんだ。
66128,mp2000_ev,56988,,56988,56596,26490,ch0020050177,blockwise,evo,……我能理解你的心情，但现在还是要以现场取证为重。,……君の気持ちもわかるけど今は現場検証の方を優先しよう。,……君の気持ちもわかるけど今は現場検証の方を優先しよう。
66129,mp2000_ev,56992,,56992,56620,26491,ch0010050178,blockwise,evo,…………………………,……………………………,……………………………
66130,mp2000_ev,57000,,57000,56668,26492,ch0010050179,blockwise,evo,明白了……我们毕竟是游击士。,わかった……あたしたち、遊撃士だもんね。,わかった……あたしたち、遊撃士だもんね。
66131,mp2000_ev,57003,,57003,56686,26493,ch0010050180,blockwise,evo,一定要查明事情的真相。,何があったのか突き止めないと。,何があったのか突き止めないと。
66132,mp2000_ev,57006,,57006,56704,26494,ch0020050181,blockwise,evo,嗯……赶快在这个院子内仔细调查吧。,うん……さっそく敷地内を調べてみよう。,うん……さっそく敷地内を調べてみよう。
66133,mp2000_ev,57012,,57012,56740,26495,ch1510050182,blockwise,evo,你们已经有头绪了吧？,話はまとまったみたいだね。,話はまとまったみたいだね。
66134,mp2000_ev,57018,,57018,56776,26496,ch1500050183,blockwise,evo,那就拜托你们了！,それじゃ、よろしく頼んだぜ！,それじゃ、よろしく頼んだぜ！
66135,mp2000_ev,57329,57191,57329,57191,,,unmatched,evo,石墙完全倒塌了。,石壁は完全に崩れ落ちている。,
66136,mp2000_ev,57336,,57336,57233,26498,ch0010050187,blockwise,evo,这里……塌得最为彻底啊。,ここ……特にひどく崩れちゃってるね。,ここ……特にひどく崩れちゃってるね。
66137,mp2000_ev,57339,,57339,57251,26499,ch0010050188,blockwise,evo,另外……你有没有闻到一股奇怪的气味？,それと……なんか変なニオイがしない？,それと……なんか変なニオイがしない？
66138,mp2000_ev,57342,,57342,57269,26500,ch0020050189,blockwise,evo,嗯，这恐怕是……,そうだね。これはひょっとしたら……,そうだね。これはひょっとしたら……
66139,mp2000_ev,57948,57689,57948,57689,,,unmatched,evo,门板倒在地上。,扉の残骸が転がっている。,
66140,mp2000_ev,57951,,57951,57707,26503,ch0010050190,blockwise,evo,哇……被烧得焦黑。,うわ……真っ黒コゲになってる。,うわ……真っ黒コゲになってる。
66141,mp2000_ev,57953,,57953,57719,26504,ch0010050191,blockwise,evo,哎……？,あれっ……？,あれっ……？
66142,mp2000_ev,57957,,57957,57743,26505,ch0020050192,blockwise,evo,怎么了？,どうしたの？,どうしたの？
66143,mp2000_ev,57966,,57966,57797,26506,ch0010050193,blockwise,evo,可能是我多心了……,気のせいかもしれないけど……,気のせいかもしれないけど……
66144,mp2000_ev,57969,,57969,57815,26507,ch0010050194,blockwise,evo,不过，感觉合叶部分有些奇怪，似乎是被人扯坏的。,蝶つがいの部分が変な風に引きちぎられてない？,蝶つがいの部分が変な風に引きちぎられてない？
66145,mp2000_ev,57977,,57977,57863,26508,ch0020050195,blockwise,evo,……的确。,……確かに。,……確かに。
66146,mp2000_ev,57981,,57981,57887,26509,ch0020050196,vector_search (0.98),evo,感觉在火势蔓延之前就已经被破坏了。,火が燃え移る前に破壊されたような感じだね。,まるで火がつく前に破壊されたような感じだね。
66147,mp2000_ev,60494,,60494,58358,26517,ch0020050218,blockwise,evo,好……我们已经调查过很多地方了。,さてと……色々なことが見えてきたね。,さてと……色々なことが見えてきたね。
66148,mp2000_ev,60497,,60497,58376,26518,ch0020050219,blockwise,evo,现在就把已经掌握的信息整理一下吧。,このあたりでいったん整理してみようか？,このあたりでいったん整理してみようか？
66149,mp2000_ev,60500,,60500,58394,26519,ch0010050220,blockwise,evo,嗯，好的。,うん、わかったわ。,うん、わかったわ。
66150,mp2000_ev,60502,,60502,58406,26520,ch0020050221,blockwise,evo,首先……着火地点应该不在室内。,まず、出火場所なんだけど……どうやら建物の中じゃなさそうだ。,まず、出火場所なんだけど……どうやら建物の中じゃなさそうだ。
66151,mp2000_ev,60504,,60504,58418,26521,ch0020050222,blockwise,evo,基本可以断定是在室外。,屋外の可能性が高いと思う。,屋外の可能性が高いと思う。
66152,mp2000_ev,60506,,60506,58430,26522,ch0010050223,blockwise,evo,室外？,屋外？,屋外？
66153,mp2000_ev,60508,,60508,58442,26523,ch0020050224,blockwise,evo,嗯，就是这里。,うん、こっちだ。,うん、こっちだ。
66154,mp2000_ev,60533,,60533,58592,26524,ch0020050225,blockwise,evo,……火是在这一带着起来的，然后不断蔓延，最终烧着了整座房子。,……ちょうどこの辺りから建物全体に火が回ったんだろう。,……ちょうどこの辺りから建物全体に火が回ったんだろう。
66155,mp2000_ev,60543,,60543,58652,26525,ch0010050226,blockwise,evo,啊……是石墙倒塌的地方。,あ……石壁が崩れ落ちちゃった場所ね。,あ……石壁が崩れ落ちちゃった場所ね。
66156,mp2000_ev,60546,,60546,58670,26526,ch0010050227,blockwise,evo,不过……你怎么能确定这里就是起火地点？,でも、どうしてここが出火場所ってわかるの？,でも、どうしてここが出火場所ってわかるの？
66157,mp2000_ev,60554,,60554,58718,26527,ch0020050228,blockwise,evo,因为地面的烧焦程度比别的地方更加严重。,地面の焦げ方が他の場所よりも激しいからだよ。,地面の焦げ方が他の場所よりも激しいからだよ。
66158,mp2000_ev,60556,,60556,58730,26528,ch0020050229,blockwise,evo,和周围对比一下就能看出来了。,周りと見比べれば判るはずさ。,周りと見比べれば判るはずさ。
66159,mp2000_ev,60571,,60571,58820,26529,ch0010050230,blockwise,evo,啊，确实……,あ、ほんとだ……,あ、ほんとだ……
66160,mp2000_ev,60577,,60577,58856,26530,ch0020050231,blockwise,evo,火势是由室外向室内蔓延的……,建物外部の、この場所から火が広がったという事実……,建物外部の、この場所から火が広がったという事実……
66161,mp2000_ev,60581,,60581,58880,26531,ch0020050232,blockwise,evo,你知道这意味着什么吗？,これが何を意味するか判るかい？,これが何を意味するか判るかい？
66162,mp2000_ev,60583,,60583,58892,26532,ch0010050233,blockwise,evo,这、这个……,そ、それって……,そ、それって……
66163,mp2000_ev,60595,,60595,58958,26533,ch0020050234,blockwise,evo,房屋后面的树的确被烧得焦黑……,確かに、建物の裏手の木は真っ黒になっているけど……,確かに、建物の裏手の木は真っ黒になっているけど……
66164,mp2000_ev,60597,,60597,58970,26534,ch0020050235,blockwise,evo,不过，这只是因为大火从房屋蔓延到了树林而已。,それは単に、建物からの火が燃え移っただけだと思うんだ。,それは単に、建物からの火が燃え移っただけだと思うんだ。
66165,mp2000_ev,60599,,60599,58982,26535,ch0010050236,blockwise,evo,那么，难道是……,それじゃあ、もしかして……,それじゃあ、もしかして……
66166,mp2000_ev,60602,,60602,59096,26536,ch0020050237,blockwise,evo,毫无疑问，是人为纵火。,間違いなく放火だろうね。,間違いなく放火だろうね。
66167,mp2000_ev,60611,,60611,59024,26539,ch0020050240,exact,evo,嗯，我也是这么想的。,うん、僕もそう思う。,うん、僕もそう思う。
66168,mp2000_ev,60618,,60618,59042,26542,ch0020050243,exact,evo,有些火灾确实是如此引起的。,確かにそういった原因で火事になる事もあるらしいけど。,確かにそういった原因で火事になる事もあるらしいけど。
66169,mp2000_ev,60620,,60620,59054,26543,ch0020050244,exact,evo,不过，我记得这里并没有照明工具。,僕が覚えている限りではこの場所に照明は無かったと思う。,僕が覚えている限りではこの場所に照明は無かったと思う。
66170,mp2000_ev,60622,,60622,59066,26544,ch0010050245,normalized,evo,你、你居然连这些都记得啊～,よ、よく覚えてるわね～。,よ、よく覚えてるわね〜。
66171,mp2000_ev,60624,,60624,59078,26545,ch0010050246,blockwise,evo,那么，难道是……,それじゃあ、もしかして……,それじゃあ、もしかして……
66172,mp2000_ev,60627,,60627,59096,26546,ch0020050247,blockwise,evo,毫无疑问，是人为纵火。,間違いなく放火だろうね。,間違いなく放火だろうね。
66173,mp2000_ev,60632,,60632,59108,26547,ch0020050248,blockwise,evo,飘散在这附近的气味……是一种可燃性很高的油散发出来的气味。,このあたりに漂う匂い……これは可燃性の高い油の匂いだ。,このあたりに漂う匂い……これは可燃性の高い油の匂いだ。
66174,mp2000_ev,60634,,60634,59120,26548,ch0020050249,blockwise,evo,犯人多半是把油泼在了这一带，然后再点火引燃的。,多分、このあたりにぶちまけてから火を付けたんだろう。,多分、このあたりにぶちまけてから火を付けたんだろう。
66175,mp2000_ev,60636,,60636,59132,26549,ch0010050250,blockwise,evo,怎、怎么会……,そ、そんな……,そ、そんな……
66176,mp2000_ev,60639,,60639,59150,26550,ch0020050251,blockwise,evo,另外，院子里一片狼藉，也让我觉得很可疑。,それから、建物の敷地が散らかり過ぎているのも変だ。,それから、建物の敷地が散らかり過ぎているのも変だ。
66177,mp2000_ev,60641,,60641,59162,26551,ch0020050252,blockwise,evo,与灭火毫无关系的香草田都被破坏得一团糟。,消火するのに関係のないハーブ畑までが荒らされている。,消火するのに関係のないハーブ畑までが荒らされている。
66178,mp2000_ev,60643,,60643,59174,26552,ch0020050253,blockwise,evo,这一定是人为造成的。,これも何者かの仕業だと思う。,これも何者かの仕業だと思う。
66206,mp2000_ev,63755,,63755,61348,24998,ch0010050481,blockwise,evo,话说回来，这件事还真是不好办……,それにしても大変なことになったわね……,それにしても大変なことになったわね……
66207,mp2000_ev,63757,,63757,61360,24999,ch0010050482,blockwise,evo,我们要从哪里开始找呢？,犯人捜し、どこから始めよう？,犯人捜し、どこから始めよう？
66208,mp2000_ev,63764,,63764,61402,25000,ch0020050483,blockwise,evo,这个嘛……,そうだね……,そうだね……
66209,mp2000_ev,63766,,63766,61414,25001,ch0020050484,blockwise,evo,还是先回协会向嘉恩先生报告吧。,とりあえず、ギルドに戻ってジャンさんに報告した方がいい。,とりあえず、ギルドに戻ってジャンさんに報告した方がいい。
66210,mp2000_ev,63768,,63768,61426,25002,ch0020050485,blockwise,evo,然后再制定调查方针。,捜査方針はそれから決めよう。,捜査方針はそれから決めよう。
66211,mp2000_ev,63772,,63772,61450,25003,ch0010050486,blockwise,evo,嗯，好吧。,うん、わかったわ。,うん、わかったわ。
66212,mp2000_ev,63780,,63780,61498,25004,ch0060050487,blockwise,evo,…………………………,…………………………,…………………………
66213,mp2000_ev,63796,,63796,61594,25005,ch0010050488,blockwise,evo,哎？你怎么了？怎么突然发起呆了……,あれ、どうしたの？ボーッとしちゃって……,あれ、どうしたの？ボーッとしちゃって……
66214,mp2000_ev,63810,,63810,61678,25006,ch0060050489,blockwise,evo,啊，对不起……,あ、ごめんなさい……,あ、ごめんなさい……
66215,mp2000_ev,63813,,63813,61696,25007,ch0060050490,blockwise,evo,我觉得自己的脑子稍微有点乱……,私もちょっと混乱しているみたいで……,私もちょっと混乱しているみたいで……
66216,mp2000_ev,63820,,63820,162722,25008,ch0010050491,blockwise,evo,是吗……,そっか……,そっか……
66217,mp2000_ev,63823,,63823,61756,25009,ch0010050492,blockwise,evo,对了，约瑟夫先生是特蕾莎院长的丈夫吗？,そういえば、ジョセフさんって院長先生の旦那さんのこと？,そういえば、ジョセフさんって院長先生の旦那さんのこと？
66218,mp2000_ev,63832,,63832,61810,25010,ch0060050493,blockwise,evo,是的。,はい。,はい。
66219,mp2000_ev,63834,,63834,61822,25011,ch0060050494,blockwise,evo,不过已经在几年前去世了……,数年前にお亡くなりになりましたけど……,数年前にお亡くなりになりましたけど……
66220,mp2000_ev,63836,,63836,61834,25012,ch0060050495,blockwise,evo,他生前非常疼爱我。,私もずいぶん可愛がっていただきました。,私もずいぶん可愛がっていただきました。
66221,mp2000_ev,63843,,63843,61876,25013,ch0010050496,blockwise,evo,是这样啊……,そうなんだ……,そうなんだ……
66222,mp2000_ev,63845,,63845,61888,25014,ch0010050497,blockwise,evo,咦？那就是说……你也是在孤儿院长大的？,あれ、という事は……クローゼさんも孤児院の出身？,あれ、という事は……クローゼさんも孤児院の出身？
66223,mp2000_ev,63853,,63853,61936,25015,ch0060050498,blockwise,evo,不……,いえ、残念ですけど……,いえ、残念ですけど……
66224,mp2000_ev,63855,,63855,61948,25016,ch0060050499,blockwise,evo,在很久以前，由于一些特殊原因，我曾受到他们的照顾。,ずいぶん昔に、ある事情でお世話になったことがあるんです。,ずいぶん昔に、ある事情でお世話になったことがあるんです。
66225,mp2000_ev,63858,,63858,61966,25017,ch0060050500,blockwise,evo,当我考入王立学园，也就是来到卢安之后，就和他们更加亲近了……,それで、王立学園に入ってルーアンに来たのをきっかけにまた親しくさせていただいて……,それで、王立学園に入ってルーアンに来たのをきっかけにまた親しくさせていただいて……
66226,mp2000_ev,63865,,63865,62008,25018,ch0010050501,blockwise,evo,原来如此……,なるほど……,なるほど……
66227,mp2000_ev,63868,,63868,62026,25019,ch0020050502,blockwise,evo,所以你就常去玩，顺便帮忙做事吧？,だから、いつも遊びにきて色々と手伝いをしてたんだね。,だから、いつも遊びにきて色々と手伝いをしてたんだね。
66228,mp2000_ev,63874,,63874,62062,25020,ch0060050503,blockwise,evo,是的……,はい……,はい……
66229,mp2000_ev,63884,,63884,62122,25021,ch0060050504,blockwise,evo,…………………………,…………………………,…………………………
66230,mp2000_ev,63886,,63886,62134,25022,ch0060050505,blockwise,evo,我受到的打击跟院长和那些孩子们相比，根本不算什么。,私の受けたショックなんて先生やあの子たちに比べたら全然大したことはありません。,私の受けたショックなんて先生やあの子たちに較べたら全然大したことはありません。
66231,mp2000_ev,63888,,63888,62146,25023,ch0060050506,blockwise,evo,所以我一定要帮大家打起精神……,何とかして元気づけて……,何とかして元気づけて……
66232,mp2000_ev,63892,,63892,62170,25024,ch0410050507,blockwise,evo,克萝赛姐姐！,クローゼお姉ちゃん！,クローゼお姉ちゃん！
66233,mp2000_ev,63930,,63930,62398,25025,ch0060050508,blockwise,evo,玛丽。怎么了，为何慌成这个样子？,マリィちゃん。どうしたの、そんなに慌てて？,マリィちゃん。どうしたの、そんなに慌てて？
66234,mp2000_ev,63939,,63939,62452,24564,ch0410050509,blockwise,evo,那个、那个……！,あのね、あのね！,あのね、あのね！
66235,mp2000_ev,63941,,63941,62464,25027,ch0410050510,blockwise,evo,克拉姆那家伙不知跑到哪里去了！,クラムのやつがどこかに行っちゃったのよ！,クラムのやつがどこかに行っちゃったのよ！
66236,mp2000_ev,63950,,63950,62518,25028,ch0060050511,blockwise,evo,哎……？,え……,え……
66237,mp2000_ev,63952,,63952,62530,25029,ch0010050512,blockwise,evo,不、不知跑到哪里去了？难道跑出玛诺利亚村了？,ど、どこかに行ったってもしかしてマノリアの外に？,ど、どこかに行ったってもしかしてマノリアの外に？
66238,mp2000_ev,63955,,63955,62548,25030,ch0020050513,blockwise,evo,能说得详细点吗？,詳しく話してくれるかな？,詳しく話してくれるかな？
66239,mp2000_ev,63959,,63959,62572,24569,ch0410050514,blockwise,evo,啊，好的……,あ、はい……,あ、はい……
66240,mp2000_ev,63969,,63969,62632,25032,ch0410050515,blockwise,evo,那两个叔叔来了之后，克拉姆就跑上了二楼……,あのオジサンたちが来てからクラム、２階に上がったみたいで……,あのオジサンたちが来てからクラム、２階に上がったみたいで……
66241,mp2000_ev,63971,,63971,62644,25033,ch0410050516,blockwise,evo,然后没过多久就下来了，脸涨得通红，嘴里说着“饶不了他们”什么的……,すぐに降りてきて、真っ赤なカオして『ぜったい許さない！』とか言って……,すぐに降りてきて、真っ赤なカオして『ぜったい許さない！』とか言って……
66242,mp2000_ev,63973,,63973,62656,25034,ch0410050517,blockwise,evo,就那样气冲冲地跑出去了！,そのまま飛び出してっちゃったんです！,そのまま飛び出してっちゃったんです！
66243,mp2000_ev,63982,,63982,62710,25035,ch0010050518,blockwise,evo,饶不了他们……,ぜったいに許さない……,ぜったいに許さない……
66244,mp2000_ev,63984,,63984,62722,25036,ch0010050519,blockwise,evo,这、这难道是指……！,そ、それってまさか！,そ、それってまさか！
66245,mp2000_ev,64003,,64003,62830,25037,ch0020050520,blockwise,evo,那是肯定的……,もちろんそうだけど……,もちろんそうだけど……
66246,mp2000_ev,64007,,64007,62908,25038,ch0020050521,blockwise,evo,但具体来说，应该是指《渡鸦帮》的那些人。,この場合、具体的には《レイヴン》の連中だろうね。,この場合、具体的には《レイヴン》の連中だろうね。
66247,mp2000_ev,64009,,64009,62950,25039,ch0020050522,blockwise,evo,那孩子大概听见了秘书说的话……,秘書の人が喋っていたのを聞いてしまったんだろう……,秘書の人が喋っていたのを聞いてしまったんだろう……
66248,mp2000_ev,64017,,64017,62884,25040,ch0020050523,blockwise,evo,你怎么会这么想……,なんでそうなるのさ……,なんでそうなるのさ……
66249,mp2000_ev,64021,,64021,62908,25041,ch0020050524,blockwise,evo,但具体来说，应该是指《渡鸦帮》的那些人。,この場合、具体的には《レイヴン》の連中だろうね。,この場合、具体的には《レイヴン》の連中だろうね。
66250,mp2000_ev,64023,,64023,62950,25042,ch0020050525,blockwise,evo,那孩子大概听见了秘书说的话……,秘書の人が喋っていたのを聞いてしまったんだろう……,秘書の人が喋っていたのを聞いてしまったんだろう……
66251,mp2000_ev,64030,,64030,62938,25043,ch0020050526,blockwise,evo,嗯……应该就是指《渡鸦帮》的那些人。,うん……《レイヴン》の連中だと思う。,うん……《レイヴン》の連中だと思う。
66252,mp2000_ev,64032,,64032,62950,25044,ch0020050527,blockwise,evo,那孩子大概听见了秘书说的话……,秘書の人が喋っていたのを聞いてしまったんだろう……,秘書の人が喋っていたのを聞いてしまったんだろう……
66253,mp2000_ev,64045,,64045,63010,25045,ch0010050528,blockwise,evo,那、那可糟了！,た、大変じゃない！,た、大変じゃない！
66254,mp2000_ev,64049,,64049,63034,25046,ch0010050529,blockwise,evo,那孩子该不会是想闯到他们的地盘去吧……,まさかあの子、連中の所に乗り込むつもりなんじゃ……,まさかあの子、連中の所に乗り込むつもりなんじゃ……
66255,mp2000_ev,64063,,64063,63118,25047,ch0060050530,blockwise,evo,怎、怎么会……！,そ、そんな……！,そ、そんな……！
66256,mp2000_ev,64065,,64065,63130,25048,ch0060050531,blockwise,evo,不能让他那么做！我必须得赶快追上他……,こうしてはいられません！私、急いで追いかけないと……,こうしてはいられません！私、急いで追いかけないと……
66257,mp2000_ev,64082,,64082,63232,25049,ch0020050532,blockwise,evo,我们也一起去。,僕たちも付き合うよ。,僕たちも付き合うよ。
66258,mp2000_ev,64084,,64084,63244,25050,ch0020050533,blockwise,evo,如果动作快一点，或许能在他到达卢安市之前追上。,急げば、ルーアンに行くまでに何とか追いつけるかもしれない。,急げば、ルーアンに行くまでに何とか追いつけるかもしれない。
66259,mp2000_ev,64096,,64096,63316,24589,ch0410050534,blockwise,evo,克萝赛姐姐……,クローゼお姉ちゃん……,クローゼお姉ちゃん……
66260,mp2000_ev,64109,,64109,63394,25052,ch0060050535,blockwise,evo,不用担心。我们一定会把克拉姆带回来的。,心配しないで。クラム君は必ず連れ戻すから。,心配しないで。クラム君は必ず連れ戻すから。
66261,mp2000_ev,64112,,64112,63412,25053,ch0060050536,blockwise,evo,玛丽，你要照顾好其他孩子哦。,マリィちゃんは他の子たちの面倒をみてあげてね。,マリィちゃんは他の子たちの面倒をみてあげてね。
66262,mp2000_ev,64115,,64115,63430,24592,ch0410050537,blockwise,evo,嗯……哥哥姐姐，拜托了！,うん……お姉ちゃんたち、お願いね！,うん……お姉ちゃんたち、お願いね！
66263,mp2000_ev,64152,,64152,63652,25055,ch0010050538,blockwise,evo,好，我们赶快返回卢安市！,それじゃあ急いでルーアンに引き返しましょ！,それじゃあ急いでルーアンに引き返しましょ！
66264,mp2000_ev,64155,,64155,63670,25056,ch0060050539,blockwise,evo,嗯……！,はい……！,はい……！
66265,mp2000_ev,64794,,64794,64637,19998,ch0010050565,blockwise,evo,……没在路上看见那孩子。,……街道にはいなかったね。,……街道にはいなかったね。
66266,mp2000_ev,64796,,64796,64649,19999,ch0010050566,blockwise,evo,难道已经闯到那帮人的地盘了……,まさか、もう連中の所に乗り込んでいったんじゃ……,まさか、もう連中の所に乗り込んでいったんじゃ……
66267,mp2000_ev,64799,,64799,64667,20000,ch0060050567,blockwise,evo,…………………………,…………………………,…………………………
66268,mp2000_ev,64802,,64802,64685,20001,ch0020050568,blockwise,evo,总之，赶快去南街区的仓库吧。,とにかく南の倉庫区画に急ごう。,とにかく南の倉庫区画に急ごう。
66269,mp2000_ev,66640,,66640,65539,20002,ch0020050592,blockwise,evo,糟了，已经是正午了……！,しまった、もう昼前か……！,しまった、もう昼前か……！
66270,mp2000_ev,66724,,66724,65935,20003,ch0060050593,blockwise,evo,啊……！,ああっ……！,ああっ……！
66271,mp2000_ev,66726,,66726,65947,20004,ch0060050594,blockwise,evo,克拉姆，等等！,クラム君、待って！,クラム君、待って！
66272,mp2000_ev,66740,,66740,66031,20005,ch0020050595,blockwise,evo,不行……他根本听不见。,駄目だ……聞こえていないみたいだ。,駄目だ……聞こえていないみたいだ。
66273,mp2000_ev,66743,,66743,66049,20006,ch0010050596,blockwise,evo,真是的！桥怎么偏偏在这种时候分开！,も～っ！どうしてこんな時に橋がっ！,も〜っ！どうしてこんな時に橋がっ！
66274,mp2000_ev,66745,,66745,66061,20007,ch0010050597,blockwise,evo,这下要足足等三十分钟啊！,３０分も待ってられないわよ！,３０分も待ってられないわよ！
66275,mp2000_ev,66756,,66756,66127,20008,ch0060050598,blockwise,evo,怎么会……再这样下去，那孩子就……,そんな……このままじゃあの子が……,そんな……このままじゃあの子が……
66276,mp2000_ev,66760,,66760,66151,20009,ch0060050599,blockwise,evo,怎么办……该怎么办才好……,どうしよう……どうすれば……,どうしよう……どうすれば……
66277,mp2000_ev,66766,,66766,66187,20010,ch0020050600,blockwise,evo,克萝赛，冷静点。,クローゼさん、落ち着いて。,クローゼさん、落ち着いて。
66278,mp2000_ev,66773,,66773,66229,20011,ch0020050601,blockwise,evo,你忘了自己昨天对我们说过的话了吗？,忘れたのかい？君が教えてくれたことを。,忘れたのかい？君が教えてくれたことを。
66279,mp2000_ev,66780,,66780,66271,20012,ch0060050602,blockwise,evo,哎……？,え……,え……
66280,mp2000_ev,66782,,66782,66283,20013,ch0020050603,blockwise,evo,这座桥还未建成的时候，是用什么工具来往于两岸的？,橋が無かった頃は、何を使って向こう側と行き来していたって？,橋が無かった頃は、何を使って向こう側と行き来していたって？
66281,mp2000_ev,66791,,66791,66337,20014,ch0010050604,blockwise,evo,啊，是小船！,あ、小船ね！,あ、小船ね！
66282,mp2000_ev,66795,,66795,66361,20015,ch0060050605,blockwise,evo,……对！,……そうでした！,……そうでした！
66283,mp2000_ev,66797,,66797,66373,20016,ch0060050606,blockwise,evo,我记得酒店后面有小船出租！,確かホテルの裏手に貸しボートがあるはずです！,確かホテルの裏手に貸しボートがあるはずです！
66284,mp2000_ev,66801,,66801,66397,20017,ch0010050607,blockwise,evo,好极了！就乘那个去对岸吧！,よっしゃあ！それで向こうに渡りましょ！,よっしゃあ！それで向こうに渡りましょ！
66285,mp2000_ev,68897,,68897,67131,19692,ch1520050608,blockwise,evo,唔……？怎么了，你们几个。,ん……なんじゃお前さんたち。,ん……なんじゃお前さんたち。
66286,mp2000_ev,68901,,68901,67155,19693,ch0010050609,blockwise,evo,这船可以租给我们吗！？我们急着要去对岸！,そのボート、貸してくれる！？急いで向こう岸まで渡りたいの！,そのボート、貸してくれる！？急いで向こう岸まで渡りたいの！
66287,mp2000_ev,68910,,68910,67209,19694,ch1520050610,blockwise,evo,很遗憾，这船已经被那个什么公爵给订下了。,残念じゃが、このボートは公爵とやらの予約が入っていてな。,残念じゃが、このボートは公爵とやらの予約が入っていてな。
66288,mp2000_ev,68912,,68912,67221,19695,ch1520050611,blockwise,evo,他等一下好像要乘船戏水……,これから水遊びをするそうじゃが……,これから水遊びをするそうじゃが……
66289,mp2000_ev,68917,,68917,67251,19696,ch0010050612,blockwise,evo,怎、怎么会这样……,そ、そんな～……,そ、そんな〜……
66290,mp2000_ev,68927,,68927,67311,19697,ch0060050613,blockwise,evo,拜托了……请您一定要帮帮我们！,どうか……どうかお願いします！,どうか……どうかお願いします！
66291,mp2000_ev,68930,,68930,67329,19698,ch0060050614,blockwise,evo,如果我们不快点过去的话，有个小男孩可能会遇到危险呢！,小さな男の子が、危険な目に遭うかもしれないんです！,小さな男の子が、危険な目に遭うかもしれないんです！
66292,mp2000_ev,68933,,68933,67347,19699,ch1520050615,blockwise,evo,哎呀呀，别哭别哭。一看到小姑娘哭我就想起自己孙女来了。,泣きそうな顔をするな。孫娘のことを思い出すじゃろが。,泣きそうな顔をするな。孫娘のことを思い出すじゃろが。
66293,mp2000_ev,68941,,68941,67395,19700,ch1520050616,blockwise,evo,好了，船先借给你们吧。总之救人要紧嘛。,まあ、いいじゃろ。人助けとあらば仕方あるまい。,まあ、いいじゃろ。人助けとあらば仕方あるまい。
66294,mp2000_ev,68944,,68944,67413,19701,ch1520050617,blockwise,evo,快点上来开船吧。,とっとと乗っていくがええ。,とっとと乗っていくがええ。
66295,mp2000_ev,68949,,68949,67443,19702,ch0060050618,blockwise,evo,谢、谢谢您！,あ、ありがとうございます！,あ、ありがとうございます！
66296,mp2000_ev,68952,,68952,67461,19703,ch0010050619,blockwise,evo,老爷爷，谢谢您！,おじいさん、サンキュ！,おじいさん、サンキュ！
66297,mp2000_ev,68961,,68961,67515,19704,ch1520050620,blockwise,evo,呵呵，反正我会跟公爵说这船还在维修当中。,ふふ、公爵とやらには整備しとる最中と言っておく。,ふふ、公爵とやらには整備しとる最中と言っておく。
66298,mp2000_ev,68966,,68966,67545,19705,ch1520050621,blockwise,evo,小子，你会开船吗？,坊主、ボートの操縦は判るか？,坊主、ボートの操縦は判るか？
66299,mp2000_ev,68972,,68972,67581,19706,ch0020050622,blockwise,evo,嗯，会一点。,はい、何とか。,はい、何とか。
66300,mp2000_ev,68977,,68977,67611,19707,ch0020050623,blockwise,evo,你们俩也快上来！,それじゃあ２人とも乗って！,それじゃあ２人とも乗って！
66301,mp2000_ev,69085,,69085,68259,20489,ch0010050624,blockwise,evo,这里就是……仓库区域的最南面了。,ここは……倉庫区画の一番南側ね。,ここは……倉庫区画の一番南側ね。
66302,mp2000_ev,69145,,69145,68619,20490,ch0010050625,blockwise,evo,啊，吉克！？,あ、ジーク！？,あ、ジーク！？
66305,mp2000_ev,69154,,69154,68673,20493,ch0060050628,blockwise,evo,是吗……我知道了。,そう……わかったわ。,そう……わかったわ。
66306,mp2000_ev,69161,,69161,68715,20494,ch0060050629,blockwise,evo,……那孩子果然跑到最里面的仓库了。,……やっぱりあの子、一番奥の倉庫に行ったみたいです。,……やっぱりあの子、一番奥の倉庫に行ったみたいです。
66307,mp2000_ev,69169,,69169,68763,20495,ch0020050630,blockwise,evo,我们赶快过去吧。那帮家伙的地盘就在最里面。,急ごう。連中のたまり場は奥の方だ。,急ごう。連中のたまり場は奥の方だ。
66308,mp2000_ev,69174,,69174,68793,20496,ch0010050631,blockwise,evo,明白！,了解ッ！,了解ッ！
66309,mp2000_ev,69176,,69176,68805,20497,ch0060050632,blockwise,evo,是……！,はい……！,はい……！
66400,mp2000_ev,77994,,77994,77168,26870,ch0010060376,blockwise,evo,总之……先去找找约书亚吧。,とにかく……ヨシュアを捜しましょ。,とにかく……ヨシュアを捜しましょ。
66401,mp2000_ev,77996,,77996,77180,26871,ch0010060377,blockwise,evo,虽然不知道那个银发男子是谁……,その銀髪男が何者かは知らないけど……,その銀髪男が何者かは知らないけど……
66402,mp2000_ev,77998,,77998,77192,26872,ch0010060378,blockwise,evo,但不知为什么，总有种不好的预感。,なんだかイヤな予感がする。,なんだかイヤな予感がする。
66403,mp2000_ev,78006,,78006,77240,26873,ch0060060379,blockwise,evo,先等一下。,ちょっと待ってください。,ちょっと待ってください。
66404,mp2000_ev,78012,,78012,77276,26874,ch0060060380,blockwise,evo,……吉克！,……ジーク！,……ジーク！
66406,mp2000_ev,78059,,78059,77558,26876,ch0060060382,blockwise,evo,有事想问你。,聞きたいことがあるの。,聞きたいことがあるの。
66407,mp2000_ev,78061,,78061,77570,26877,ch0060060383,blockwise,evo,你知道约书亚去哪里了吗？,ヨシュアさんがどこに行ったかわかる？,ヨシュアさんがどこに行ったかわかる？
66409,mp2000_ev,78112,,78112,77876,26879,ch0010060385,normalized,evo,它还是这么厉害啊～,相変わらず凄いわね～。,相変わらず凄いわね〜。
66410,mp2000_ev,78114,,78114,77888,26880,ch0010060386,exact,evo,啊，那个方向是……,あれ、あっちの方角って……,あれ、あっちの方角って……
66411,mp2000_ev,78117,,78117,77906,26881,ch0060060387,exact,evo,嗯……是本馆后面的旧校舍。,ええ……本館の裏手にある旧校舎の方です。,ええ……本館の裏手にある旧校舎の方です。
66415,mp2000_ev,79828,,79828,78585,29782,ch0020060415,blockwise,evo,艾丝蒂尔、克萝赛……,エステル、クローゼ……,エステル、クローゼ……
66416,mp2000_ev,79832,,79832,78609,29783,ch0010060416,blockwise,evo,真是的，不要让别人这么担心啊！,もう、あんまり心配かけないでよね！,もう、あんまり心配かけないでよね！
66417,mp2000_ev,79834,,79834,78621,29784,ch0010060417,blockwise,evo,听说你去追那个银发男人时，我可是吓了一大跳呢。,銀髪男を追いかけたっていうからビックリしちゃったじゃない。,銀髪男を追いかけたっていうからビックリしちゃったじゃない。
66418,mp2000_ev,79836,,79836,78633,29785,ch0020060418,blockwise,evo,咦……你们怎么知道？,あれ……何で知ってるんだい？,あれ……何で知ってるんだい？
66419,mp2000_ev,79845,,79845,78687,29786,ch0060060419,blockwise,evo,是波利告诉我们的。,ポーリィちゃんが教えてくれたんです。,ポーリィちゃんが教えてくれたんです。
66420,mp2000_ev,79849,,79849,78711,29787,ch0060060420,blockwise,evo,那孩子看见你们了……,あの子も見ていたらしくて……,あの子も見ていたらしくて……
66421,mp2000_ev,79851,,79851,78723,29788,ch0020060421,blockwise,evo,这样啊……好敏锐的孩子……,そうか、鋭い子だな……,そうか、鋭い子だな……
66422,mp2000_ev,79859,,79859,78771,29789,ch0020060422,blockwise,evo,我刚才看到了一个很熟悉的背影，就一直追到这里……,それらしい後姿を見かけてここまで追ってきたんだけど……,それらしい後姿を見かけてここまで追ってきたんだけど……
66423,mp2000_ev,79861,,79861,78783,29790,ch0020060423,blockwise,evo,但似乎被他甩开了。,どうやら撒かれたみたいだ。,どうやら撒（ま）かれたみたいだ。
66424,mp2000_ev,79864,,79864,78801,29791,ch0060060424,blockwise,evo,是吗……,まあ……,まあ……
66425,mp2000_ev,79867,,79867,78819,29792,ch0010060425,blockwise,evo,能甩开约书亚，那家伙可不是等闲之辈呢。,ヨシュアを撒くなんてそいつ、タダ者じゃないわね。,ヨシュアを撒（ま）くなんてそいつ、タダ者じゃないわね。
66426,mp2000_ev,79869,,79869,78831,29793,ch0010060426,blockwise,evo,他究竟是什么人呢？,いったい何者なんだろ？,いったい何者なんだろ？
66427,mp2000_ev,79879,,79879,78891,29794,ch0020060427,blockwise,evo,……不知道。,……わからない。,……わからない。
66428,mp2000_ev,79881,,79881,78903,29795,ch0020060428,blockwise,evo,不过，我认为他并不是纵火烧毁孤儿院的犯人。,ただ、孤児院放火の犯人じゃなさそうな気がする。,ただ、孤児院放火の犯人じゃなさそうな気がする。
66429,mp2000_ev,79883,,79883,78915,29796,ch0020060429,blockwise,evo,当然，这只是我的直觉而已。,あくまで、僕のカンだけどね。,あくまで、僕のカンだけどね。
66430,mp2000_ev,79887,,79887,78939,29797,ch0010060430,blockwise,evo,是吗……,そっか……,そっか……
66431,mp2000_ev,79896,,79896,78993,29798,ch0010060431,blockwise,evo,话说回来……你为什么要独自行动呢？,それにしても……どうして１人で行動するかな？,それにしても……どうして１人で行動するかな？
66432,mp2000_ev,79899,,79899,79011,29799,ch0060060432,blockwise,evo,对啊。,本当にそうですよ。,本当にそうですよ。
66433,mp2000_ev,79903,,79903,79035,29800,ch0060060433,blockwise,evo,至少也应该找人通知我们一声吧……,私たちに伝言するなりしてくれればいいのに……,私たちに伝言するなりしてくれればいいのに……
66434,mp2000_ev,79911,,79911,79083,29801,ch0020060434,blockwise,evo,对不起，让你们为我担心了。,ごめん。心配かけたみたいだね。,ごめん。心配かけたみたいだね。
66435,mp2000_ev,79915,,79915,79107,29802,ch0010060435,blockwise,evo,也、也不是很担心啦。,べ、別に心配してないってば。,べ、別に心配してないってば。
66436,mp2000_ev,79917,,79917,79119,29803,ch0010060436,blockwise,evo,只是想让你明白团队精神的重要性而已……,あくまでチームワークの大切さを指摘しているだけであって……,あくまでチームワークの大切さを指摘しているだけであって……
66437,mp2000_ev,79926,,79926,79173,29804,ch0060060437,blockwise,evo,呵呵呵，真不坦率。,うふふ、ウソばっかり。,うふふ、ウソばっかり。
66438,mp2000_ev,79928,,79928,79185,29805,ch0060060438,blockwise,evo,你刚才明明很慌张。,さっきは、あんなに慌てていたじゃないですか？,さっきは、あんなに慌てていたじゃないですか？
66439,mp2000_ev,79933,,79933,79215,29806,ch0010060439,blockwise,evo,才、才没有呢。,そ、そんな事ないってば。,そ、そんな事ないってば。
66440,mp2000_ev,79935,,79935,79227,29807,ch0010060440,blockwise,evo,倒是你，当时露出一副那么凝重的表情～,そういうクローゼだって真剣な顔してたくせにさ～。,そういうクローゼだって真剣な顔してたくせにさ〜。
66441,mp2000_ev,79937,,79937,79239,29808,ch0060060441,blockwise,evo,这、这个……,そ、それは……,そ、それは……
66442,mp2000_ev,79939,,79939,79251,29809,ch0020060442,blockwise,evo,哈哈……谢谢你们了。,はは……２人ともありがとう。,はは……２人ともありがとう。
66453,mp2000_ev,80017,79719,80017,79719,,,unmatched,evo,艾丝蒂尔等人向卡露娜讲述了有关银发男子的事情，随后赶往礼堂。,エステルたちは、銀髪の男の情報を遊撃士のカルナに伝えてから講堂に向かった。,
66454,mp2000_ev,80019,79731,80019,79731,,,unmatched,evo,三十分钟后──,そして３０分後……,
66455,mp2000_ev,81574,80250,81574,80250,,,unmatched,evo,特蕾莎院长和孩子们起程回玛诺利亚之后……,テレサ院長と子供たちがマノリアへ帰った後……,
66456,mp2000_ev,81576,80262,81576,80262,,,unmatched,evo,艾丝蒂尔、约书亚和其他学生一起收拾学园祭的场地。,エステルとヨシュアは他の生徒と一緒に祭りの後片付けをした。,
66457,mp2000_ev,81578,80274,81578,80274,,,unmatched,evo,当全部收拾完毕的时候，已经是黄昏时分了。,そして、片付けが終わった頃にはすっかり夕方になっていた。,
66458,mp2000_ev,81595,,81595,80376,26882,ch0510060897,blockwise,evo,……难得来学园一次，怎么不多留一晚再走呢？,……せっかくだからもう一泊して行けばいいのに。,……せっかくだからもう一泊して行けばいいのに。
66459,mp2000_ev,81597,,81597,80388,26883,ch0510060898,blockwise,evo,接下来还有学园祭的庆功宴哦。,これから学園祭の打ち上げだってあるのよ？,これから学園祭の打ち上げだってあるのよ？
66460,mp2000_ev,81605,,81605,80436,26884,ch0010060899,blockwise,evo,哈哈……虽然很想参加，但还是算了。,あはは……残念だけど遠慮しとくわ。,あはは……残念だけど遠慮しとくわ。
66461,mp2000_ev,81607,,81607,80448,26885,ch0010060900,blockwise,evo,我们还是新人，不能太久不回协会～,新米のくせに、あまりギルドを留守にするのもなんだしね～。,新米のくせに、あまりギルドを留守にするのもなんだしね〜。
66462,mp2000_ev,81609,,81609,80460,26886,ch0020060901,blockwise,evo,我们想在今天回去报告，所以只能失陪了，不好意思。,今日中に報告したいから悪いけど、これで失礼するよ。,今日中に報告したいから悪いけど、これで失礼するよ。
66463,mp2000_ev,81619,,81619,80520,26887,ch0520060902,blockwise,evo,是吗……,そうか……,そうか……
66464,mp2000_ev,81622,,81622,80538,26888,ch0520060903,blockwise,evo,啊，从今晚开始，我又孤身一人了。,ああ、今夜からまた俺だけになっちまうのか。,ああ、今夜からまた俺だけになっちまうのか。
66465,mp2000_ev,81624,,81624,80550,26889,ch0520060904,blockwise,evo,一个人睡实在是太寂寞了。,独り寝っていうのは寂しいぜ。,独り寝っていうのは寂しいぜ。
66466,mp2000_ev,81634,,81634,80610,26890,ch0010060905,blockwise,evo,哎！？,ええっ！？,ええっ！？
66467,mp2000_ev,81637,,81637,80628,26891,ch0020060906,blockwise,evo,汉斯……玩笑开过头了吧。,ハンス……悪ふざけが過ぎるよ。,ハンス……悪ふざけが過ぎるよ。
66468,mp2000_ev,81639,,81639,80640,26892,ch0020060907,blockwise,evo,艾丝蒂尔，你别把他的鬼话当真。,エステルも信じないように。,エステルも信じないように。
66469,mp2000_ev,81643,,81643,80664,26893,ch0010060908,blockwise,evo,啊、啊哈哈，是玩笑啊……,あ、あはは、冗談ね……,あ、あはは、冗談ね……
66470,mp2000_ev,81656,,81656,80742,26894,ch0510060909,blockwise,evo,和你们在一起，真是从来都没有无聊的时候啊。,ほんと、あんたたちってば一緒にいて退屈しなかったわ。,ほんと、あんたたちってば一緒にいて退屈しなかったわ。
66471,mp2000_ev,81660,,81660,80766,26895,ch0510060910,blockwise,evo,以后要是有空，还要再来玩哦！,また、何かあったら遠慮なく遊びに来なさいよね？,また、何かあったら遠慮なく遊びに来なさいよね？
66472,mp2000_ev,81663,,81663,80784,26896,ch0520060911,blockwise,evo,还要留下过夜哦。,もちろん泊まりがけでな。,もちろん泊まりがけでな。
66473,mp2000_ev,81672,,81672,80838,26897,ch0010060912,blockwise,evo,嗯……谢谢。,うん……ありがと。,うん……ありがと。
66474,mp2000_ev,81675,,81675,80856,26898,ch0020060913,blockwise,evo,我们一定会再来的。,ぜひ寄らせてもらうよ。,ぜひ寄らせてもらうよ。
66475,mp2000_ev,81691,,81691,80952,26899,ch0060060914,blockwise,evo,呵呵……那我们走吧。,ふふ……それでは行きましょうか。,ふふ……それでは行きましょうか。
66476,mp2000_ev,81693,,81693,80964,26900,ch0060060915,blockwise,evo,再不赶快，天就要黑了。,早くしないと日が暮れてしまいますから。,早くしないと日が暮れてしまいますから。
66477,mp2000_ev,81705,,81705,81036,26901,ch0510060916,blockwise,evo,你现在要去玛诺利亚村吧？,あんたはこれからマノリア村に行くのよね？,あんたはこれからマノリア村に行くのよね？
66478,mp2000_ev,81709,,81709,81060,26902,ch0060060917,blockwise,evo,嗯，我有好多话想和院长他们说……,うん、先生たちと話したいことが一杯あるし……,うん、先生たちと話したいことが一杯あるし……
66479,mp2000_ev,81711,,81711,81072,26903,ch0060060918,blockwise,evo,校长已经允许我今天外宿了。,外泊許可を貰ってきちゃった。,外泊許可を貰ってきちゃった。
66480,mp2000_ev,81720,,81720,81126,26904,ch0510060919,blockwise,evo,热热闹闹的庆功宴，主角却一个都不在，真是太遗憾了……,せっかくの打ち上げに揃って主役がいなくなるのはちょっと残念だけど……,せっかくの打ち上げに揃って主役がいなくなるのはちょっと残念だけど……
66481,mp2000_ev,81722,,81722,81138,26905,ch0510060920,blockwise,evo,不过，也没办法啦，你们好好休息吧。,ま、仕方ないわね。ゆっくり過ごしてきなさいな。,ま、仕方ないわね。ゆっくり過ごしてきなさいな。
66482,mp2000_ev,81733,,81733,81204,26906,ch0520060921,blockwise,evo,说起来，特蕾莎院长他们……,そういや、院長先生たち……,そういや、院長先生たち……
66483,mp2000_ev,81735,,81735,81216,26907,ch0520060922,blockwise,evo,带着那么一大笔钱走回去，不觉得有点危险吗？,あんな大金を持ち歩いてちょっと危なくなかったか？,あんな大金を持ち歩いてちょっと危なくなかったか？
66484,mp2000_ev,81743,,81743,81264,26908,ch0010060923,blockwise,evo,哦，这倒不用担心。,あ、それは心配しないで。,あ、それは心配しないで。
66485,mp2000_ev,81746,,81746,81282,26909,ch0010060924,blockwise,evo,今天来这里负责警备工作的游击士卡露娜姐姐会护送他们回去。,警備に来てた遊撃士のカルナさんが護衛を引き受けてくれたから。,警備に来てた遊撃士のカルナさんが護衛を引き受けてくれたから。
66486,mp2000_ev,81748,,81748,81294,26910,ch0020060925,blockwise,evo,好像是校长特意请她帮忙。,わざわざ学園長さんが頼んでくれたみたいだね。,わざわざ学園長さんが頼んでくれたみたいだね。
66487,mp2000_ev,81754,,81754,81330,26911,ch0520060926,blockwise,evo,不愧是校长，处理事情还真是滴水不漏。,さすが学園長。やることにソツがないぜ。,さすが学園長。やることにソツがないぜ。
66493,mp2000_ev,82909,82128,82909,82128,,,unmatched,evo,嗯……,うーん……,
66494,mp2000_ev,82915,,82915,82164,19479,ch0010060940,normalized,evo,虽然只有短短几天，但真是非常开心呢～！,数日間だけだったけどすっごく楽しかったわね～！,数日間だけだったけどすっごく楽しかったわね〜！
66495,mp2000_ev,82917,,82917,82176,19480,ch0010060941,exact,evo,当然，上课除外。,もちろん授業を除いてだけど。,もちろん授業を除いてだけど。
66496,mp2000_ev,82927,,82927,82236,19481,ch0020060942,exact,evo,你这不是本末倒置吗……,なにムシのいいこと言ってるんだか……,なにムシのいいこと言ってるんだか……
66497,mp2000_ev,82929,,82929,82248,19482,ch0020060943,vector_search (1.00),evo,本来上课才是主要的，学园祭反而是特别的活动。,本来は、授業が主で学園祭の方が特別なんだから。,本来は、授業が主（おも）で学園祭の方が特別なんだから。
66498,mp2000_ev,82937,,82937,82296,19483,ch0010060944,normalized,evo,这倒也是～,そうなのよね～。,そうなのよね〜。
66499,mp2000_ev,82939,,82939,82308,19484,ch0010060945,blockwise,evo,呼，没想到当学生也不轻松啊。,はあ、学生っていうのも意外とラクじゃないわ。,はあ、学生っていうのも意外とラクじゃないわ。
66500,mp2000_ev,82942,,82942,82326,19485,ch0060060946,blockwise,evo,呵呵……,ふふ……,ふふ……
66501,mp2000_ev,82956,,82956,82410,19486,ch0060060947,blockwise,evo,……咦……？,……あら……？,……あら……？
66502,mp2000_ev,82994,,82994,159125,19487,ch0020060948,blockwise,evo,怎么了？,どうしたの？,どうしたの？
66503,mp2000_ev,82997,,82997,82656,19488,ch0060060949,blockwise,evo,没什么……,いえ……,いえ……
66504,mp2000_ev,82999,,82999,82668,19489,ch0060060950,blockwise,evo,只是吉克似乎不在附近……,ジークがいる気配が近くに感じられなくて……,ジークがいる気配が近くに感じられなくて……
66505,mp2000_ev,83001,,83001,82680,19490,ch0060060951,blockwise,evo,它会去哪里呢？,どこに行っちゃったのかしら？,どこに行っちゃったのかしら？
66506,mp2000_ev,83004,,83004,82698,19491,ch0010060952,blockwise,evo,会不会是去找吃的了？,ゴハンでも取りに行ってるんじゃないの？,ゴハンでも取りに行ってるんじゃないの？
66507,mp2000_ev,83014,,83014,82758,19492,ch0060060953,blockwise,evo,嗯，有可能。,はい……そうかもしれません。,はい……そうかもしれません。
66508,mp2000_ev,83018,,83018,82782,19493,ch0060060954,blockwise,evo,对不起，突然说了些奇怪的话……,すみません。変なことを言って……,すみません。変なことを言って……
66509,mp2000_ev,83020,,83020,82794,19494,ch0060060955,blockwise,evo,那么，我就送你们到海道吧。,では、海道に出るまでご一緒させてください。,では、海道に出るまでご一緒させてください。
66510,mp2000_ev,83023,,83023,82812,19495,ch0010060956,blockwise,evo,嗯♪慢慢走吧。,うん♪のんびり行きましょ。,うん♪のんびり行きましょ。
66511,mp2000_ev,85535,,85535,83441,19384,ch0020060957,blockwise,evo,好了，我们就在这里说再见吧。,さてと、ここでお別れだね。,さてと、ここでお別れだね。
66512,mp2000_ev,85544,,85544,83495,19385,ch0060060958,blockwise,evo,嗯……,はい……,はい……
66513,mp2000_ev,85547,,85547,83513,19386,ch0060060959,blockwise,evo,这几天真是多谢你们帮忙了。,この数日間、本当にありがとうございました。,この数日間、本当にありがとうございました。
66514,mp2000_ev,85556,,85556,83567,19387,ch0010060960,blockwise,evo,哈哈，别客气。我们也很开心啊。,あはは、いいって。あたしたちも楽しかったし。,あはは、いいって。あたしたちも楽しかったし。
66515,mp2000_ev,85559,,85559,83585,19388,ch0010060961,blockwise,evo,那么……请替我们向院长和孩子们问好。,それじゃあ……先生とあの子たちによろしくね。,それじゃあ……先生とあの子たちによろしくね。
66516,mp2000_ev,85568,,85568,83639,19389,ch0060060962,blockwise,evo,嗯，一定。,はい、必ず伝えます。,はい、必ず伝えます。
66517,mp2000_ev,85574,,85574,83675,19390,ch1500060963,blockwise,evo,哦哦，是你们啊！,おお、あんたたちは！,おお、あんたたちは！
66518,mp2000_ev,85617,,85617,83933,19391,ch0010060964,blockwise,evo,咦……？,あれ……,あれ……
66519,mp2000_ev,85619,,85619,83945,19392,ch0020060965,blockwise,evo,您是……玛诺利亚村的……,あなたは……確かマノリアに住んでいる……,あなたは……確かマノリアに住んでいる……
66520,mp2000_ev,85627,,85627,83993,19393,ch1500060966,blockwise,evo,果然是你们啊，二位游击士！,そういうあんたたちは確か遊撃士だったな！,そういうあんたたちは確か遊撃士だったな！
66521,mp2000_ev,85631,,85631,84017,19394,ch1500060967,blockwise,evo,出、出大事了！,た、大変な事になったんだ！,た、大変な事になったんだ！
66522,mp2000_ev,85633,,85633,84029,19395,ch0010060968,blockwise,evo,大事……？,大変なこと……？,大変なこと……？
66523,mp2000_ev,85641,,85641,84077,19396,ch1500060969,blockwise,evo,呼……呼……呼……,はあはあはあ……,はあはあはあ……
66524,mp2000_ev,85643,,85643,84089,19397,ch1500060970,blockwise,evo,稍、稍等一下，先、先让我喘口气……,ちょ、ちょっと待ってくれ。い、息が切れて……,ちょ、ちょっと待ってくれ。い、息が切れて……
66525,mp2000_ev,85646,,85646,84107,19398,ch1500060971,blockwise,evo,呼～呼……,ふーっ、ふーっ……,ふーっ、ふーっ……
66526,mp2000_ev,85652,,85652,84143,19399,ch1500060972,blockwise,evo,…………………呼……,…………………ふう……,…………………ふう……
66527,mp2000_ev,85665,,85665,84221,19400,ch1500060973,blockwise,evo,……特蕾莎院长和孩子们在玛诺利亚村的附近被人袭击了。,……テレサ先生と子供たちがマノリアの近くで何者かに襲われた。,……テレサ先生と子供たちがマノリアの近くで何者かに襲われた。
66528,mp2000_ev,85681,,85681,84317,19401,ch0010060974,blockwise,evo,你、你说什么～！？,あ、あんですってー！？,あ、あんですってー！？
66529,mp2000_ev,85693,,85693,84389,19402,ch0060060975,blockwise,evo,………………啊………,………………あ………,………………あ………
66530,mp2000_ev,85720,,85720,84551,19403,ch0010060976,blockwise,evo,不、不要紧吧！？,だ、大丈夫！？,だ、大丈夫！？
66531,mp2000_ev,85730,,85730,84611,19404,ch0020060977,blockwise,evo,……振作点，现在可不能倒下啊。,……しっかり。倒れている場合じゃないよ。,……しっかり。倒れている場合じゃないよ。
66532,mp2000_ev,85733,,85733,84629,19405,ch0060060978,blockwise,evo,对、对不起……,す、すみません……,す、すみません……
66533,mp2000_ev,85760,,85760,84791,19406,ch0060060979,blockwise,evo,请您……把详细情况告诉我们。,お願いします……詳しいことを教えてください。,お願いします……詳しいことを教えてください。
66534,mp2000_ev,85767,,85767,84833,19407,ch1500060980,blockwise,evo,啊，嗯……,あ、ああ……,あ、ああ……
66535,mp2000_ev,85770,,85770,84851,19408,ch1500060981,blockwise,evo,他们在从王立学园回来的路上被几个奇怪的家伙袭击了。,学園祭から帰って来る途中で変な連中に襲われたみたいでな。,学園祭から帰って来る途中で変な連中に襲われたみたいでな。
66536,mp2000_ev,85772,,85772,84863,19409,ch1500060982,blockwise,evo,孩子们倒是没受伤，但特蕾莎院长和护送他们的游击士小姐都晕过去了……,子供たちにケガは無かったがテレサ先生と遊撃士の姉ちゃんが気絶させられたみたいで……,子供たちにケガは無かったがテレサ先生と遊撃士の姉ちゃんが気絶させられたみたいで……
66537,mp2000_ev,85782,,85782,84923,19410,ch0010060983,blockwise,evo,什么！？连卡露娜姐姐都……！？,ええっ、カルナさんも！？,ええっ、カルナさんも！？
66538,mp2000_ev,85785,,85785,84941,19411,ch0020060984,blockwise,evo,看来犯人很不简单……,相当の手練みたいだね……,相当の手練みたいだね……
66539,mp2000_ev,85788,,85788,84959,19412,ch0060060985,blockwise,evo,……………………………,……………………………,……………………………
66540,mp2000_ev,85805,,85805,85061,19413,ch1500060986,blockwise,evo,我们本想通知协会，但旅馆的通信器却坏了。,ギルドに連絡するはずが宿の通信器が壊れたみたいでな。,ギルドに連絡するはずが宿の通信器が壊れたみたいでな。
66541,mp2000_ev,85807,,85807,85073,19414,ch1500060987,blockwise,evo,情急之下，我只能赶快往卢安市跑。,仕方なく俺が大急ぎで走ってきたんだ。,仕方なく俺が大急ぎで走ってきたんだ。
66542,mp2000_ev,85816,,85816,85127,19415,ch0020060988,blockwise,evo,是这样啊……感谢您的协助。,そうですか……協力、感謝します。,そうですか……協力、感謝します。
66543,mp2000_ev,85819,,85819,85145,19416,ch0020060989,blockwise,evo,如果可以，请您按照原定计划，去卢安市向协会报告。,ただ、できればこのままルーアンに行ってくれませんか？,ただ、できればこのままルーアンに行ってくれませんか？
66544,mp2000_ev,85821,,85821,85157,19417,ch0020060990,blockwise,evo,因为我们要立刻赶往玛诺利亚村。,僕たちはマノリアに急ぎますから。,僕たちはマノリアに急ぎますから。
66545,mp2000_ev,85828,,85828,85199,19418,ch1500060991,blockwise,evo,嗯，知道了！,ああ、わかった！,ああ、わかった！
66546,mp2000_ev,85862,,85862,85403,19419,ch0020060992,blockwise,evo,好，我们赶快走吧！,さあ、僕たちも急ごう！,さあ、僕たちも急ごう！
66547,mp2000_ev,85864,,85864,85415,19420,ch0010060993,blockwise,evo,嗯、嗯！,う、うん！,う、うん！
66548,mp2000_ev,85867,,85867,85433,19421,ch0060060994,blockwise,evo,……………好的！,……………はい！,……………はい！
66579,mp2000_ev,89548,,89548,89106,19237,ch0050061126,blockwise,evo,好像真的是在给我们引路啊……,確かに誘導してるみたいだが……,確かに誘導してるみたいだが……
66580,mp2000_ev,89552,,89552,89130,19238,ch0050061127,blockwise,evo,喂，小姑娘。如果你是在开玩笑，那就到此为止吧。,おい、嬢ちゃん。冗談だったら勘弁してくれよ？,おい、嬢ちゃん。冗談だったら勘弁してくれよ？
66581,mp2000_ev,89569,,89569,89232,19239,ch0060061128,blockwise,evo,我没有开玩笑。,冗談なんて言いません。,冗談なんて言いません。
66582,mp2000_ev,89572,,89572,89250,19240,ch0060061129,blockwise,evo,因为院长和那些孩子就像我的家人一样……,先生とあの子たちは私の家族も同然ですから……,先生とあの子たちは私の家族も同然ですから……
66583,mp2000_ev,89582,,89582,89310,19241,ch0050061130,blockwise,evo,啧……好吧。,ち……仕方ねえな。,ち……仕方ねえな。
66584,mp2000_ev,89584,,89584,89322,19242,ch0050061131,blockwise,evo,跟着你走就是了，顶多也就是被骗一次。,ダマされたと思ってここは乗せられてやるとするか。,ダマされたと思ってここは乗せられてやるとするか。
66585,mp2000_ev,89592,,89592,89370,19243,ch0010061132,blockwise,evo,你可真是的，一点都不坦诚。,まったくもう。素直じゃないんだから。,まったくもう。素直じゃないんだから。
66586,mp2000_ev,89596,,89596,89394,19244,ch0020061133,blockwise,evo,我们加快脚步吧，要跟上吉克。,とにかく急いでジークの後を追いかけよう。,とにかく急いでジークの後を追いかけよう。
66587,mp2000_ev,90429,,90429,90283,19245,ch0010061134,blockwise,evo,那边好像是……,あっちは確か……,あっちは確か……
66588,mp2000_ev,90431,,90431,90295,19246,ch0020061135,blockwise,evo,嗯……过去看看吧。,うん……とにかく行ってみよう。,うん……とにかく行ってみよう。
66634,mp2000_ev,94735,94352,94735,94352,,,unmatched,evo,……就这样，艾丝蒂尔等人成功取回了被抢走的善款。,……こうして、エステルたちは奪われた寄付金を無事取り戻すことができた。,
66635,mp2000_ev,94737,94364,94737,94364,,,unmatched,evo,随后把市长秘书和渡鸦帮的不良青年们关在了玛诺利亚村的风车小屋内。此时，天已经亮了起来……,そして、市長秘書や不良青年たちをマノリアの風車小屋に拘禁した頃にはもうすでに空は明るくなっていた……,
66636,mp2000_ev,95944,,95944,95129,24626,ch0320061335,blockwise,evo,好了……那帮家伙由我看管。,さてと……連中はあたしが見張っている。,さてと……連中はあたしが見張っている。
66637,mp2000_ev,95947,,95947,95147,25334,ch0320061336,blockwise,evo,你们赶快去卢安向嘉恩报告吧。,あんたたちはルーアンに行ってジャンに報告してきておくれ。,あんたたちはルーアンに行ってジャンに報告してきておくれ。
66638,mp2000_ev,95955,,95955,95195,24628,ch0010061337,blockwise,evo,好的，不过……你已经没事了吗？卡露娜姐姐。,それは構わないけど……カルナさん、もう大丈夫なの？,それは構わないけど……カルナさん、もう大丈夫なの？
66639,mp2000_ev,95962,,95962,95237,24629,ch0320061338,blockwise,evo,我没事啦。只不过是一时大意，闻到了他们的催眠药而已。,なあに、スキを突かれて眠り薬を嗅がされただけだからね。,なあに、スキを突かれて眠り薬を嗅がされただけだからね。
66640,mp2000_ev,95964,,95964,95249,24630,ch0320061339,blockwise,evo,由于事出突然，我已经不记得对方的外貌了……,とっさの事だったからどんな連中だか覚えてないんだが……,とっさの事だったからどんな連中だか覚えてないんだが……
66641,mp2000_ev,95967,,95967,95267,24631,ch0320061340,blockwise,evo,真是丢脸啊。,まったく面目ないったらないよ。,まったく面目ないったらないよ。
66642,mp2000_ev,95970,,95970,95285,25338,ch0020061341,blockwise,evo,这也不能怪您。,無理もないですよ。,無理もないですよ。
66643,mp2000_ev,95972,,95972,95297,24633,ch0020061342,blockwise,evo,我们四人联手，才勉强打败了那些犯人。,僕たちも４人がかりでなんとか撃退できた相手でしたし。,僕たちも４人がかりでなんとか撃退できた相手でしたし。
66644,mp2000_ev,95981,,95981,95351,25340,ch0060061343,blockwise,evo,多亏有您，孩子们才会平安无事。,あの子たちが無事だったのもカルナさんのおかげです。,あの子たちが無事だったのもカルナさんのおかげです。
66645,mp2000_ev,95983,,95983,95363,25341,ch0060061344,blockwise,evo,真是太感谢您了。,本当にありがとうございました。,本当にありがとうございました。
66646,mp2000_ev,95986,,95986,95381,24636,ch0320061345,blockwise,evo,哈哈……嗯，这总算是不幸中的万幸。,はは……ま、それだけが幸いだったね。,はは……ま、それだけが幸いだったね。
66647,mp2000_ev,95999,,95999,95459,24637,ch0320061346,blockwise,evo,对了，听说阿加特一个人去追那帮家伙了……,しかしアガットは１人で連中を追っていったのか……,しかしアガットは１人で連中を追っていったのか……
66648,mp2000_ev,96001,,96001,95471,24638,ch0320061347,blockwise,evo,我虽然很了解他的实力，但还是有些担心。,あいつの腕前は知っているけどさすがに、ちょっと心配だねぇ。,あいつの腕前は知っているけどさすがに、ちょっと心配だねぇ。
66649,mp2000_ev,96011,,96011,95531,24639,ch0010061348,blockwise,evo,嗯……万一反被对方……,う、うん……返り討ちにあったりしたら……,う、うん……返り討ちにあったりしたら……
66650,mp2000_ev,96015,,96015,95555,24640,ch0020061349,blockwise,evo,现在也唯有相信阿加特兄了。,今はアガットさんを信じよう。,今はアガットさんを信じよう。
66651,mp2000_ev,96018,,96018,95573,24641,ch0020061350,blockwise,evo,他昨天说过，自己已经追查那些人很久了。,どうやらずっと、あの連中を追いかけていたみたいだからね。,どうやらずっと、あの連中を追いかけていたみたいだからね。
66652,mp2000_ev,96020,,96020,95585,24642,ch0020061351,blockwise,evo,既然熟知对方的手段，阿加特兄应该不会被轻易击败。,手口も知ってるみたいだからそう簡単に遅れは取らないと思う。,手口も知ってるみたいだからそう簡単に遅れは取らないと思う。
66653,mp2000_ev,96028,,96028,95633,24643,ch0010061352,blockwise,evo,嗯……这倒也是。,うん……そうだよね。,うん……そうだよね。
66654,mp2000_ev,96030,,96030,95645,25350,ch0010061353,blockwise,evo,既然如此，我们现在也只能尽力做好自己能做的事情了。,あたしたちは、あたしたちの出来ることをするしかないか。,あたしたちは、あたしたちの出来ることをするしかないか。
66655,mp2000_ev,96045,,96045,95735,24645,ch0320061354,blockwise,evo,不错，正是如此。,そうだね、その通りだ。,そうだね、その通りだ。
66656,mp2000_ev,96048,,96048,95753,24646,ch0320061355,blockwise,evo,在事情了结之前，你们夺回的这些善款就由我来保管。,取り戻した寄付金は事件のケリがつくまであたしが預かっておく。,取り戻した寄付金は事件のケリがつくまであたしが預かっておく。
66657,mp2000_ev,96050,,96050,95765,25353,ch0320061356,blockwise,evo,我这次一定会保管好的，你们就放心出发吧。,今度こそ守りきってみせるから安心して出発しておくれ。,今度こそ守りきってみせるから安心して出発しておくれ。
66658,mp2000_ev,96053,,96053,95783,24648,ch0060061357,blockwise,evo,好的，拜托您了。,はい、よろしくお願いします。,はい、よろしくお願いします。
66659,mp2000_ev,96067,,96067,95867,24649,ch0010061358,blockwise,evo,那么，我们出发吧～！,それじゃあ、レッツ・ゴー！,それじゃあ、レッツ・ゴー！
66660,mp2000_ev,97135,,97135,96391,19325,ch0010061367,blockwise,evo,话说回来，真没想到戴尔蒙市长就是这一系列事件的幕后主使……,しかし、ダルモア市長が事件の黒幕だったなんて……,しかし、ダルモア市長が事件の黒幕だったなんて……
66661,mp2000_ev,97141,,97141,96427,19326,ch0010061368,blockwise,evo,那种亲切的言谈举止原来都是装出来的啊！,親切そうに振る舞っていたのも全部お芝居だったわけね！,親切そうに振る舞っていたのも全部お芝居だったわけね！
66662,mp2000_ev,97152,,97152,96493,19327,ch0060061369,blockwise,evo,那个……我在想一个问题……,あの……少し気になったんですけど……,あの……少し気になったんですけど……
66663,mp2000_ev,97154,,97154,96505,19328,ch0060061370,blockwise,evo,虽然发生了这种事情，但我们有权逮捕戴尔蒙市长吗？,今回の件で、ダルモア市長を逮捕する事はできるんでしょうか？,今回の件で、ダルモア市長を逮捕する事はできるんでしょうか？
66664,mp2000_ev,97163,,97163,96559,19329,ch0010061371,blockwise,evo,……哎？,……え？,……え？
66665,mp2000_ev,97168,,97168,96589,19330,ch0020061372,blockwise,evo,这个……恐怕很难。,そうだね……難しいかもしれない。,そうだね……難しいかもしれない。
66666,mp2000_ev,97172,,97172,96613,19331,ch0020061373,blockwise,evo,因为游击士协会一向以不干涉国家内政为原则。,遊撃士協会は、国家の内政に不干渉という原則があるからね。,遊撃士協会は、国家の内政に不干渉という原則があるからね。
66667,mp2000_ev,97174,,97174,96625,19332,ch0020061374,blockwise,evo,所以我们很难逮捕卢安地区的负责人，也就是现任市长。,ルーアン地方の責任者である現職市長を逮捕するのは難しそうだ。,ルーアン地方の責任者である現職市長を逮捕するのは難しそうだ。
66668,mp2000_ev,97182,,97182,96673,19333,ch0010061375,blockwise,evo,等一下！这也太没道理了吧！？,ちょっと待ってよ！それっておかしくない！？,ちょっと待ってよ！それっておかしくない！？
66669,mp2000_ev,97192,,97192,96733,19334,ch0020061376,blockwise,evo,你说得没错，但规章就是如此。,おかしいけどそれが決まりだからね。,おかしいけどそれが決まりだからね。
66670,mp2000_ev,97194,,97194,96745,19335,ch0020061377,blockwise,evo,游击士协会在埃雷波尼亚帝国都能建立分部，正是因为一直贯彻着这项原则。,この決まりがあるからこそギルドはエレボニア帝国にすら支部を持つことができたんだ。,この決まりがあるからこそギルドはエレボニア帝国にすら支部を持つことができたんだ。
66671,mp2000_ev,97201,,97201,96787,19336,ch0010061378,blockwise,evo,话、话虽如此……,そ、そうは言っても……,そ、そうは言っても……
66672,mp2000_ev,97204,,97204,96805,19337,ch0020061379,blockwise,evo,总之，我们先回协会，和嘉恩先生商量一下吧。,とにかくギルドに行ってジャンさんに相談してみよう。,とにかくギルドに行ってジャンさんに相談してみよう。
66673,mp2000_ev,97206,,97206,96817,19338,ch0020061380,blockwise,evo,他应该会给我们提出好建议。,良い知恵を貸してくれると思う。,良い知恵を貸してくれると思う。
66674,mp2000_ev,97209,,97209,96835,19339,ch0010061381,blockwise,evo,嗯、嗯……,う、うん……,う、うん……
66675,mp2000_ev,97219,,97219,96895,19340,ch0060061382,blockwise,evo,……………………………,……………………………,……………………………
66676,mp2000_ev,97231,,97231,96967,19341,ch0010061383,blockwise,evo,没事的，不用担心！,大丈夫、心配することないって！,大丈夫、心配することないって！
66677,mp2000_ev,97235,,97235,96991,19342,ch0010061384,blockwise,evo,我们一定会让犯人得到应有的教训，给院长好好出一口气！,院長先生たちを苦しめたツケはきっちり払ってもらわないとね！,院長先生たちを苦しめたツケはきっちり払ってもらわないとね！
66678,mp2000_ev,97244,,97244,97045,19343,ch0060061385,blockwise,evo,嗯……说得对。,はい……そうですね。,はい……そうですね。
66692,mp2000_ev,99558,,99558,99257,23597,ch0010061436,normalized,evo,话说回来，这房子真大啊～,しっかし、大きな屋敷よね～。,しっかし、大きな屋敷よね〜。
66693,mp2000_ev,99560,,99560,99269,23598,ch0010061437,blockwise,evo,他肯定是因为做尽了坏事，所以才能住上这么好的房子吧？,やっぱり悪どい事してるからこんな屋敷に住めるのかしら？,やっぱり悪どい事してるからこんな屋敷に住めるのかしら？
66694,mp2000_ev,99569,,99569,99323,23599,ch0020061438,blockwise,evo,两者之间应该没有因果关系……,それは関係ないと思うけど……,それは関係ないと思うけど……
66695,mp2000_ev,99577,,99577,99371,23600,ch0060061439,blockwise,evo,戴尔蒙家族在过去是王国的名门贵族。,ダルモア市長は元は大貴族の家柄ですから。,ダルモア市長は元は大貴族の家柄ですから。
66696,mp2000_ev,99579,,99579,99383,23601,ch0060061440,blockwise,evo,这座官邸应该是他们世代继承的房产。,この屋敷も、代々の当主に受け継がれたものだと思います。,この屋敷も、代々の当主に受け継がれたものだと思います。
66697,mp2000_ev,99581,,99581,99395,23602,ch0010061441,blockwise,evo,是这样啊……也对，房屋是没有罪的。,そっか……確かに屋敷に罪はないわよね。,そっか……確かに屋敷に罪はないわよね。
66698,mp2000_ev,99594,,99594,99473,23603,ch0010061442,blockwise,evo,先不说这些啦。总之，一定要严厉审问那个市长。,まあいいや、何とかあの市長を問い詰めてやらなくちゃ。,まあいいや、何とかあの市長を問い詰めてやらなくちゃ。
66922,mp2000_ev,122546,,122546,121896,29942,ch0010070205,normalized,evo,哇……这里的气氛真不错啊。,へ～っ……すごく雰囲気のいい場所ね。,へ〜っ……すごく雰囲気のいい場所ね。
66923,mp2000_ev,122549,,122549,121962,29943,ch0010070206,blockwise,evo,相比关所，感觉更像一个观光景点。,関所というより観光地って感じかも。,関所というより観光地って感じかも。
66924,mp2000_ev,122558,,122558,121944,29944,ch0010070207,blockwise,evo,这里的气氛真不错啊……我们之前就来过。,前にも来たけど……すごく雰囲気のいい場所ね。,前にも来たけど……すごく雰囲気のいい場所ね。
66925,mp2000_ev,122561,,122561,121962,29945,ch0010070208,blockwise,evo,相比关所，感觉更像一个观光景点。,関所というより観光地って感じかも。,関所というより観光地って感じかも。
66926,mp2000_ev,122581,,122581,122064,29946,ch0060070209,blockwise,evo,嗯，有很多游客都会专程来这里观赏瀑布呢。,実際、滝目当てに訪れる観光客も多いそうですよ。,実際、滝目当てに訪れる観光客も多いそうですよ。
66927,mp2000_ev,122590,,122590,122118,29947,ch0010070210,blockwise,evo,啊，果然如此。,あ、やっぱり？,あ、やっぱり？
66928,mp2000_ev,122598,,122598,122166,29948,ch0010070211,blockwise,evo,唔～卢安地区有很多景色优美的地方啊。,うーん、ルーアン地方ってほんと綺麗な場所が多いよね。,うーん、ルーアン地方ってほんと綺麗な場所が多いよね。
66929,mp2000_ev,122602,,122602,122190,29949,ch0010070212,blockwise,evo,那个公爵的心情倒也可以理解，连我都想在这里住下来。,あの公爵じゃないけど住んでみたい気はするかな。,あの公爵じゃないけど住んでみたい気はするかな。
66930,mp2000_ev,122605,,122605,122208,29950,ch0060070213,blockwise,evo,嗯，是啊。,ええ、そうですね。,ええ、そうですね。
66931,mp2000_ev,122608,,122608,122226,29951,ch0060070214,blockwise,evo,说起来，洛连特也是个宁静漂亮的好地方啊。,でも、ロレントの街も落ち着いていて素敵だと思いますよ。,でも、ロレントの街も落ち着いていて素敵だと思いますよ。
66932,mp2000_ev,122611,,122611,122244,29952,ch0010070215,blockwise,evo,啊，克萝赛，你去过洛连特吗？,あ、クローゼってロレントに来たことあるんだ？,あ、クローゼってロレントに来たことあるんだ？
66933,mp2000_ev,122614,,122614,122262,29953,ch0060070216,blockwise,evo,是的，五大都市我都去过。,はい、五大都市には一通り行った事があります。,はい、五大都市には一通り行った事があります。
66934,mp2000_ev,122622,,122622,122310,29954,ch0060070217,blockwise,evo,对了，过了这个关所，就是蔡斯市了……,そうだ、この先にあるツァイス市なんですけど……,そうだ、この先にあるツァイス市なんですけど……
66935,mp2000_ev,122625,,122625,122328,29955,ch0060070218,blockwise,evo,那是一个非常有特色的城市，肯定能让你们大吃一惊。,とても個性的な街でビックリすると思いますよ。,とても個性的な街でビックリすると思いますよ。
66936,mp2000_ev,122627,,122627,122340,29956,ch0010070219,blockwise,evo,哦～是吗？,ふーん、そうなんだ？,ふーん、そうなんだ？
66937,mp2000_ev,122630,,122630,122358,29957,ch0010070220,blockwise,evo,嗯……我已经开始期待了～,うーん……楽しみになってきたわね～。,うーん……楽しみになってきたわね〜。
66938,mp2000_ev,122635,,122635,122388,29958,ch0020070221,blockwise,evo,好了，我们这就去办理通行手续吧。,よし、それじゃあ関所で通行手続をしようか？,よし、それじゃあ関所で通行手続をしようか？
66939,mp2000_ev,122643,,122643,122436,29959,ch0010070222,blockwise,evo,嗯，走吧。,うん、オッケー。,うん、オッケー。
67030,mp2000_ev,129922,129065,129922,129065,,,unmatched,evo,……这里就是为了纪念百日战役结束而建造的公园。,……こちらが百日戦役の終結を記念して造られた公園となっております。,
67031,mp2000_ev,129930,129113,129930,129113,,,unmatched,evo,嗯……那么，现在考大家一个问题。,えー、それではここで皆さんに問題です。,
67032,mp2000_ev,129933,129131,129933,129131,,,unmatched,evo,众所周知，沿着这条卢比诺河溯流而上，就可以通到座落于湖畔的王都。,ごぞんじの通り、このルビーヌ川をさかのぼれば湖畔にある王都は目の前です。,
67033,mp2000_ev,129935,129143,129935,129143,,,unmatched,evo,在百日战役的时候，为了防止帝国海军的入侵，王国军曾在这里采取了一项措施。,そこで百日戦役の時に帝国海軍の侵入を防ぐため王国軍が行ったことがあります。,
67034,mp2000_ev,129937,129155,129937,129155,,,unmatched,evo,有谁知道那项措施究竟是什么呢？,それは一体何でしょうか？,
67035,mp2000_ev,129940,129173,129940,129173,,,unmatched,evo,我！,ほいっ！,
67036,mp2000_ev,129946,129209,129946,129209,,,unmatched,evo,好，请回答！,はい、どうぞ！,
67037,mp2000_ev,129956,129269,129956,129269,,,unmatched,evo,嘿嘿，这个我知道哦。,ほっほっ、それなら知っとるぞ。,
67038,mp2000_ev,129958,129281,129958,129281,,,unmatched,evo,他们在卢安市里调集了很多大炮对吧？,ルーアンの街に大砲をたくさん集めたんじゃろ？,
67039,mp2000_ev,129967,129335,129967,129335,,,unmatched,evo,唔～答错了。,うーん、ハズレです。,
67040,mp2000_ev,129970,129353,129970,129353,,,unmatched,evo,当时的确调集了很多大炮过来，但由于帝国的攻击太猛烈了，所以没能来得及装上。,大砲も集めたんですが帝国の攻撃が激しくて備え付けられなかったそうです。,
67041,mp2000_ev,129973,129371,129973,129371,,,unmatched,evo,给大家一点提示吧。是更直接有效的措施哦。,ヒントを出しましょう。もっともっとダイナミックな方法です。,
67042,mp2000_ev,129977,129395,129977,129395,,,unmatched,evo,我知道我知道！,はいはーいっ！,
67043,mp2000_ev,129990,129473,129990,129473,,,unmatched,evo,好的。那位小姐，请回答！,いぇーい、そこのお嬢さん、どうぞっ！,
67044,mp2000_ev,129993,129491,129993,129491,,,unmatched,evo,是不是炸沉了那座伦格兰德大桥啊？,ラングランド大橋を沈めちゃったってのはどう？,
67045,mp2000_ev,129997,129515,129997,129515,,,unmatched,evo,啊啊，可惜！非～常可惜！,ああっ、残念！ひっじょーうに惜しいです！,
67046,mp2000_ev,129999,129527,129999,129527,,,unmatched,evo,当时大桥一直处于分离状态，听说是导力器发生故障了。,当時は大橋が上がったまま導力装置が故障していたそうです。,
67047,mp2000_ev,130002,129545,130002,129545,,,unmatched,evo,切～,ちぇー。,
67048,mp2000_ev,130013,129611,130013,129611,,,unmatched,evo,公布正确答案～！,正解発表しまーす！,
67049,mp2000_ev,130015,129623,130015,129623,,,unmatched,evo,其实是调集了许多已经要废弃的船，然后让它们从上游顺流而下，最后在河口将它们炸沉。,実は廃棄する予定の船をたくさん集めて上流から流し、河口で爆破して沈めたんです。,
67050,mp2000_ev,130017,129635,130017,129635,,,unmatched,evo,因为河口变浅了，所以帝国军就无法由卢比诺河入侵王都了。,河口は浅いために帝国軍はルビーヌ川に侵入できなくなったそうです。,
67051,mp2000_ev,130028,129701,130028,129701,,,unmatched,evo,啊～真厉害，不过这么做好吗？,えー、すっごいけどそんなことしていいの？,
67052,mp2000_ev,130031,129719,130031,129719,,,unmatched,evo,怎么说这也有点过激了吧。,何とも過激じゃのう。,
67053,mp2000_ev,130041,129779,130041,129779,,,unmatched,evo,那么接下来，大家可以自由活动。,それではここで自由行動になります。,
67054,mp2000_ev,130049,129827,130049,129827,,,unmatched,evo,在规定的时间之前，就请在附近好好游览一下吧。,時間までこの付近の散策をお楽しみください。,
67055,mp2000_ev,131366,,131366,130319,20845,ch0010170411,blockwise,evo,打扰一下。,ちょっと失礼。,ちょっと失礼。
67056,mp2000_ev,131368,,131368,130331,20846,ch0010170412,blockwise,evo,叔叔您是叫哈古吗？,おじさんがハーグさん？,おじさんがハーグさん？
67057,mp2000_ev,131379,,131379,130367,20847,ch0020170413,blockwise,evo,对不起，打扰了。,すみません、失礼します。,すみません、失礼します。
67058,mp2000_ev,131381,,131381,130379,20848,ch0020170414,blockwise,evo,请问您是哈古先生吗？,ハーグさんですか？,ハーグさんですか？
67059,mp2000_ev,131390,,131390,130409,20849,ch0060170415,blockwise,evo,对不起，请问您是哈古先生吗？,すみません、ハーグさんですか？,すみません、ハーグさんですか？
67060,mp2000_ev,131400,,131400,130451,20850,ch1800170416,blockwise,evo,嗯，我就是哈古没错……,ああ、ハーグってのは俺だけど……,ああ、ハーグってのは俺だけど……
67061,mp2000_ev,131408,,131408,130475,20851,ch1800170417,blockwise,evo,啊！难道你们是游击士！？,あっ！もしかして遊撃士の！？,あっ！もしかして遊撃士の！？
67062,mp2000_ev,131411,,131411,130493,20852,ch0010170418,blockwise,evo,嗯，是的。,うん、そうだよ。,うん、そうだよ。
67063,mp2000_ev,131415,,131415,130517,20853,ch0020170419,blockwise,evo,您好像把仓库的钥匙弄丢了吧？,倉庫の鍵を失くしたそうですね？,倉庫の鍵を失くしたそうですね？
67064,mp2000_ev,131422,,131422,130559,20854,ch1800170420,blockwise,evo,嗯，是呀。,おう、そうなんだ。,おう、そうなんだ。
67065,mp2000_ev,131427,,131427,130589,20855,ch1800170421,blockwise,evo,不久之前，我把起重机周围的那些木桶都搬进了仓库……,こないだ、クレーンの周りのタルを倉庫に移す仕事があったんだが……,こないだ、クレーンの周りのタルを倉庫に移す仕事があったんだが……
67066,mp2000_ev,131429,,131429,130601,20856,ch1800170422,blockwise,evo,似乎在搬完折返的途中，钥匙就不见了。,どうもその帰りに落としちまったみたいなんだ。,どうもその帰りに落としちまったみたいなんだ。
67067,mp2000_ev,131440,,131440,130661,20857,ch0010170423,blockwise,evo,……嗯？起重机周围的木桶？,……んん？クレーンの周りのタル？,……んん？クレーンの周りのタル？
67068,mp2000_ev,131444,,131444,130685,20858,ch0010170424,blockwise,evo,喂，约书亚，那个该不会是……,ねえ、ヨシュア。それってもしかして……,ねえ、ヨシュア。それってもしかして……
67069,mp2000_ev,131447,,131447,130703,20859,ch0020170425,blockwise,evo,嗯，对啊。,うん、そうだね。,うん、そうだね。
67070,mp2000_ev,131449,,131449,130715,20860,ch0020170426,blockwise,evo,是那个卡片上所写的可疑的木桶吧。,あのカードに書いてあった問題のタルだと思うよ。,あのカードに書いてあった問題のタルだと思うよ。
67071,mp2000_ev,131454,,131454,130745,20861,ch0020170427,blockwise,evo,…………对不起，请继续说。,…………すみませんお話を続けてください。,…………すみませんお話を続けてください。
67072,mp2000_ev,131457,,131457,130763,20862,ch1800170428,blockwise,evo,哦，好的。,お、おう。,お、おう。
67073,mp2000_ev,131467,,131467,130805,20863,ch1800170429,blockwise,evo,我记得在《亚克罗萨》里喝酒的时候，钥匙还好好地带在身上的。,《アクアロッサ》で一杯やったときにはまだちゃんと持ってたはずだ。,《アクアロッサ》で一杯やったときにはまだちゃんと持ってたはずだ。
67074,mp2000_ev,131469,,131469,130817,20864,ch1800170430,blockwise,evo,我想很可能就掉在这附近。,だから、落としたのはたぶんその辺りだと思うぜ。,だから、落としたのはたぶんその辺りだと思うぜ。
67075,mp2000_ev,131477,,131477,130853,20865,ch1800170431,blockwise,evo,嗯，我知道的线索差不多就是这些了。,ま、分かってることはこんぐらいかな。,ま、分かってることはこんぐらいかな。
67076,mp2000_ev,131480,,131480,130871,20866,ch0020170432,blockwise,evo,我们会作为参考的。,参考にしてみます。,参考にしてみます。
67077,mp2000_ev,131482,,131482,131237,20867,ch0020170433,blockwise,evo,如果有什么新的发现，我们会再与您联络的。,では、何か分かりましたらまた連絡に伺います。,では、何か分かりましたらまた連絡に伺います。
67078,mp2000_ev,131484,,131484,130895,20884,ch1800170434,blockwise,evo,哦，拜托了。,おう、頼んだぜ。,おう、頼んだぜ。
67079,mp2000_ev,131486,,131486,130907,20869,ch1800170435,blockwise,evo,回头见。,それじゃあな。,それじゃあな。
67080,mp2000_ev,131493,,131493,130925,20870,ch1800170436,blockwise,evo,因为刚才心情很愉快，就在周围散步，可能就是那个时候弄丢了……,ちょっと気分が良くてそこら辺を散歩したのがいけなかったかも知れねえな……,ちょっと気分が良くてそこら辺を散歩したのがいけなかったかも知れねえな……
67081,mp2000_ev,131506,,131506,130979,20871,ch0010170437,blockwise,evo,！？,！？,！？
67082,mp2000_ev,131508,,131508,130991,20872,ch0010170438,blockwise,evo,喝醉酒之后还在海港这里走来走去？,酔っ払ったまま港をうろついてたの？,酔っ払ったまま港をうろついてたの？
67083,mp2000_ev,131510,,131510,131003,20873,ch0010170439,blockwise,evo,如果掉进海里那可怎么办啊。,海に落ちたらどうするつもりなのよ。,海に落ちたらどうするつもりなのよ。
67084,mp2000_ev,131514,,131514,131027,20874,ch1800170440,blockwise,evo,没办法啊，海风吹得我心情很好嘛。,仕方ねえだろ。潮風が気持ちいいんだからよ。,仕方ねえだろ。潮風が気持ちいいんだからよ。
67085,mp2000_ev,131517,,131517,131045,20875,ch0010170441,blockwise,evo,唉，真是无话可说。,はあ、言うだけ無駄ね。,はあ、言うだけ無駄ね。
67086,mp2000_ev,131522,,131522,131069,20877,ch0060170442,blockwise,evo,……说的是呢。,……みたいですね。,……みたいですね。
67087,mp2000_ev,131540,,131540,131135,20878,ch1800170444,blockwise,evo,因为这样的原因，应该就是掉在这个海港的某处了。,ま、そういうわけだから港のどっかに落ちてるはずなんだ。,ま、そういうわけだから港のどっかに落ちてるはずなんだ。
67088,mp2000_ev,131543,,131543,131153,20879,ch0010170445,blockwise,evo,嗯，那就只有在这附近转转，看看能不能找到了。,ふう、とにかく歩き回ってみるしかないってことかぁ。,ふう、とにかく歩き回ってみるしかないってことかぁ。
67089,mp2000_ev,131547,,131547,131177,20880,ch0020170446,blockwise,evo,说得没错。,そういうことだね。,そういうことだね。
67090,mp2000_ev,131552,,131552,131207,20881,ch1800170447,blockwise,evo,啊，我不能再在这儿偷懒了。,おっと、あんまりサボってるわけにはいかねえな。,おっと、あんまりサボってるわけにはいかねえな。
67091,mp2000_ev,131554,,131554,131219,20882,ch1800170448,blockwise,evo,那么我就去继续工作了。如果找到了就通知我一声！,じゃ、俺っちは仕事に戻るぜ。見っけたら教えてくれよな！,じゃ、俺っちは仕事に戻るぜ。見っけたら教えてくれよな！
67092,mp2000_ev,131557,,131557,131237,20883,ch0020170449,blockwise,evo,如果有什么新的发现，我们会再与您联络的。,では、何か分かりましたらまた連絡に伺います。,では、何か分かりましたらまた連絡に伺います。
67093,mp2000_ev,131561,,131561,131261,20884,ch1800170434,blockwise,evo,哦，拜托了。,おう、頼んだぜ。,おう、頼んだぜ。
67094,mp2000_ev,133059,,133059,131888,21012,ch0010170451,blockwise,evo,…………咦？,…………あれ？,…………あれ？
67095,mp2000_ev,133078,,133078,131948,21013,ch0010170452,blockwise,evo,刚才那里好像有什么东西在发光……,今、足元で何か光ったような……,今、足元で何か光ったような……
67096,mp2000_ev,133138,,133138,132194,21014,ch0020170453,blockwise,evo,…………嗯？,…………ん？,…………ん？
67097,mp2000_ev,133159,,133159,132266,21015,ch0020170454,blockwise,evo,好像有什么东西在发光……,何か光ったような……,何か光ったような……
67098,mp2000_ev,133207,,133207,132476,21016,ch0060170455,blockwise,evo,啊…………,あっ…………,あっ…………
67099,mp2000_ev,133209,,133209,132488,21017,ch0060170456,blockwise,evo,刚才好像有什么东西在发光？,今、何か光りませんでしたか？,今、何か光りませんでしたか？
67100,mp2000_ev,133236,,133236,132632,21018,ch0010170457,blockwise,evo,啊，果然，水里好像有东西。,あ、やっぱり水の中に何かあるみたい。,あ、やっぱり水の中に何かあるみたい。
67101,mp2000_ev,133238,,133238,132644,21019,ch0020170458,blockwise,evo,真好奇，是什么呢？,なんだろう、気になるね。,なんだろう、気になるね。
67102,mp2000_ev,133240,,133240,132656,21020,ch0020170459,blockwise,evo,有可能是哈古先生想找的东西，最好调查一下……,ハーグさんのこともあるし、できれば調べてみたいけど……,ハーグさんのこともあるし、できれば調べてみたいけど……
67103,mp2000_ev,133260,,133260,132770,21025,ch0060170460,blockwise,evo,可是，该怎么做呢？,でも、どうしましょう。,でも、どうしましょう。
67104,mp2000_ev,133263,,133263,132788,21026,ch0060170461,blockwise,evo,总不能跳下去确认吧……,さすがに飛び込んで確かめるわけには……,さすがに飛び込んで確かめるわけには……
67105,mp2000_ev,133268,,133268,132818,21027,ch0010170462,blockwise,evo,嗯～是啊。,う～ん、そうよね。,う〜ん、そうよね。
67106,mp2000_ev,133270,,133270,132830,21031,ch0010170463,blockwise,evo,如果有什么带钩的工具就好了……,何か引っ掛ける道具でもあるといいんだけど……,何か引っ掛ける道具でもあるといいんだけど……
67107,mp2000_ev,133286,,133286,132902,21029,ch0010170468,blockwise,evo,可是，该怎么做呢？,でも、どうしよう。,でも、どうしよう。
67108,mp2000_ev,133288,,133288,132914,21030,ch0010170469,blockwise,evo,总不能跳下去确认吧……,さすがに飛び込んで確かめるわけいかないわね。,さすがに飛び込んで確かめるわけいかないわね。
67109,mp2000_ev,133291,,133291,132932,21031,ch0010170463,blockwise,evo,如果有什么带钩的工具就好了……,何か引っ掛ける道具でもあるといいんだけど……,何か引っ掛ける道具でもあるといいんだけど……
67110,mp2000_ev,134386,,134386,133534,21032,ch0010170474,blockwise,evo,唔～掉进水里的到底是什么呢？,う～ん、何が落ちてるんだろう。,う〜ん、何が落ちてるんだろう。
67111,mp2000_ev,134388,,134388,133546,21033,ch0020170475,blockwise,evo,如果可以的话最好调查一下，可是不知道该从何做起啊。,できれば調べてみたいけどちょっと手の出しようがないね。,できれば調べてみたいけどちょっと手の出しようがないね。
67112,mp2000_ev,134391,,134391,133564,21034,ch0010170476,blockwise,evo,如果有什么带钩的工具，就可以把它捞出来了吧……,何か引っ掛ける道具でもあれば拾えると思うんだけどなぁ……,何か引っ掛ける道具でもあれば拾えると思うんだけどなぁ……
67113,mp2000_ev,134395,,134395,133588,21035,ch0010170494,blockwise,evo,啊，对了！,あっ、そうだ！,あっ、そうだ！
67114,mp2000_ev,134425,,134425,133720,21036,ch0010170495,blockwise,evo,锵锵锵～,じゃ～ん。,じゃ〜ん。
67115,mp2000_ev,134427,,134427,133732,21037,ch0020170496,blockwise,evo,原来如此，用钓钩把它钩上来啊。,なるほどね。釣針でひっかけるのか。,なるほどね。釣針でひっかけるのか。
67116,mp2000_ev,134429,,134429,133744,21038,ch0020170497,blockwise,evo,但难度相当高吧？,でも相当難しくない？,でも相当難しくない？
67117,mp2000_ev,134431,,134431,133756,21039,ch0010170498,blockwise,evo,嘿嘿嘿，现在就让你识一下艾丝蒂尔姐姐华丽的技术吧。,ふふん、そこでこのエステルお姉さんの華麗な技を見てなさい。,ふふん、そこでこのエステルお姉さんの華麗な技を見てなさい。
67118,mp2000_ev,134434,,134434,133774,21040,ch0020170499,blockwise,evo,好好好，随你高兴吧。,はいはい。お好きにどうぞ。,はいはい。お好きにどうぞ。
67119,mp2000_ev,134443,,134443,133822,21043,ch0060170500,blockwise,evo,艾丝蒂尔，加油！,エステルさん、がんばって。,エステルさん、がんばって。
67120,mp2000_ev,134446,,134446,133840,21095,ch0010170221,blockwise,evo,嗯！,おうっ！,おうっ！
67121,mp2000_ev,134499,,134499,134116,21046,ch0010170504,blockwise,evo,你看你看！钓到了哦！,見て見て！　釣れたわよ！,見て見て！　釣れたわよ！
67122,mp2000_ev,134507,,134507,134140,21047,ch0020170505,blockwise,evo,艾丝蒂尔，你好厉害。,エステル、すごいよ。,エステル、すごいよ。
67123,mp2000_ev,134509,,134509,134152,21048,ch0020170506,blockwise,evo,真没想到会这么顺利。,まさか上手くいくとは思わなかった。,まさか上手くいくとは思わなかった。
67124,mp2000_ev,134511,,134511,134164,21049,ch0010170507,blockwise,evo,唔，你好像不是在称赞我吧？,むう、それってほめてないでしょ。,むう、それってほめてないでしょ。
67125,mp2000_ev,134514,,134514,134182,21050,ch0010170508,blockwise,evo,总之，太好了。这个应该就是哈古先生所说的仓库钥匙。,でも、良かった。これがハーグさんの言ってた倉庫の鍵みたいね。,でも、良かった。これがハーグさんの言ってた倉庫の鍵みたいね。
67126,mp2000_ev,134517,,134517,134200,21051,ch0020170509,blockwise,evo,竟然掉到这里了。,こんなところに落ちてるなんてね。,こんなところに落ちてるなんてね。
67127,mp2000_ev,134522,,134522,134224,21053,ch0060170510,blockwise,evo,呵呵，这样一来，哈古先生就可以放心了。,ふふ、これでハーグさんも安心ですね。,ふふ、これでハーグさんも安心ですね。
67128,mp2000_ev,134529,,134529,134248,21054,ch0010170512,blockwise,evo,我们把它交给哈古先生吧。,ハーグさんに届けに行きましょ。,ハーグさんに届けに行きましょ。
67129,mp2000_ev,134541,,134541,134296,21055,ch0020170513,blockwise,evo,嗯，好的。,うん、そうだね。,うん、そうだね。
67130,mp2000_ev,135577,,135577,134858,20885,ch0010170549,blockwise,evo,哈古先生，打扰一下可以吗？,ハーグさん、ちょっといい？,ハーグさん、ちょっといい？
67131,mp2000_ev,135579,,135579,134870,20886,ch0010170550,blockwise,evo,是关于钥匙的事情……,例の鍵の件なんだけど……,例の鍵の件なんだけど……
67132,mp2000_ev,135583,,135583,134894,20905,ch1800170551,blockwise,evo,哦，这么说……,あっと、さては……,あっと、さては……
67133,mp2000_ev,135591,,135591,135158,20900,ch0020170552,blockwise,evo,您正在工作啊，打扰了。,お仕事中、失礼します。,お仕事中、失礼します。
67134,mp2000_ev,135597,,135597,135248,20904,ch1800170553,blockwise,evo,哦，怎么了？,お、なんだい？,お、なんだい？
67135,mp2000_ev,135599,,135599,135260,20905,ch1800170551,blockwise,evo,哦，这么说……,あっと、さては……,あっと、さては……
67136,mp2000_ev,135606,,135606,135218,20903,ch0060170555,blockwise,evo,对不起，哈古先生。打扰一下。,すみません、ハーグさん。ちょっと失礼します。,すみません、ハーグさん。ちょっと失礼します。
67137,mp2000_ev,135612,,135612,135248,20904,ch1800170553,blockwise,evo,哦，怎么了？,お、なんだい？,お、なんだい？
67138,mp2000_ev,135614,,135614,135260,20905,ch1800170551,blockwise,evo,哦，这么说……,あっと、さては……,あっと、さては……
67139,mp2000_ev,135626,,135626,135050,20894,ch0010170558,blockwise,evo,哟～哈古先生。,やっほ～、ハーグさん。,やっほ〜、ハーグさん。
67140,mp2000_ev,135631,,135631,135080,20895,ch1800170559,blockwise,evo,喂、喂！你太大声了！,こ、こら！声が大きいぜ！,こ、こら！声が大きいぜ！
67141,mp2000_ev,135633,,135633,135092,20896,ch1800170560,blockwise,evo,会被我的同事听到的！,仲間にバレちまうだろ！,仲間にバレちまうだろ！
67142,mp2000_ev,135636,,135636,135110,20897,ch0010170561,blockwise,evo,啊……对、对不起。,あ゛……ご、ごめん。,あ゛……ご、ごめん。
67143,mp2000_ev,135638,,135638,135122,20898,ch0010170562,blockwise,evo,可是，钥匙那件事……,で、鍵の件なんだけど……,で、鍵の件なんだけど……
67144,mp2000_ev,135641,,135641,135260,20905,ch1800170551,blockwise,evo,哦，这么说……,あっと、さては……,あっと、さては……
67145,mp2000_ev,135649,,135649,135158,20900,ch0020170552,blockwise,evo,您正在工作啊，打扰了。,お仕事中、失礼します。,お仕事中、失礼します。
67146,mp2000_ev,135654,,135654,135248,20904,ch1800170553,blockwise,evo,哦，怎么了？,お、なんだい？,お、なんだい？
67147,mp2000_ev,135656,,135656,135260,20905,ch1800170551,blockwise,evo,哦，这么说……,あっと、さては……,あっと、さては……
67148,mp2000_ev,135663,,135663,135218,20903,ch0060170555,blockwise,evo,对不起，哈古先生。打扰一下。,すみません、ハーグさん。ちょっと失礼します。,すみません、ハーグさん。ちょっと失礼します。
67149,mp2000_ev,135668,,135668,135248,20904,ch1800170553,blockwise,evo,哦，怎么了？,お、なんだい？,お、なんだい？
67150,mp2000_ev,135670,,135670,135260,20905,ch1800170551,blockwise,evo,哦，这么说……,あっと、さては……,あっと、さては……
67151,mp2000_ev,135676,,135676,135278,20906,ch0010170570,blockwise,evo,嗯，已经找到了。,うん、見つかったわよ。,うん、見つかったわよ。
67152,mp2000_ev,135680,,135680,135302,20907,ch0010170571,blockwise,evo,是这把钥匙吗？,この鍵でしょ？,この鍵でしょ？
67153,mp2000_ev,135695,,135695,135392,20909,ch1800170572,blockwise,evo,哦，没错，就是它。,おお、これだこれだ。間違いねえよ。,おお、これだこれだ。間違いねえよ。
67154,mp2000_ev,135697,,135697,135404,20910,ch1800170573,blockwise,evo,哎呀～辛苦你们了。真是帮了我大忙啊！,いやぁ、すまなかったな。まじで助かったぜ！,いやぁ、すまなかったな。まじで助かったぜ！
67155,mp2000_ev,135699,,135699,135416,20911,ch1800170574,blockwise,evo,……可是这钥匙怎么会被钓鱼线缠住的呢？,……ところでなんで釣り糸が絡まってるんだ？,……ところでなんで釣り糸が絡まってるんだ？
67156,mp2000_ev,135702,,135702,135434,20912,ch0010170575,blockwise,evo,啊哈哈，这个的原因嘛……,あはは、ちょっと事情が……,あはは、ちょっと事情が……
67157,mp2000_ev,135705,,135705,135452,20913,ch1800170576,blockwise,evo,嗯……算了。,ふーん……ま、いいさ。,ふーん……ま、いいさ。
67158,mp2000_ev,135707,,135707,135464,20914,ch1800170577,blockwise,evo,好了，那就这样吧。谢谢了哦。,おう、そんじゃあな。ありがとさんよ。,おう、そんじゃあな。ありがとさんよ。
67159,mp2000_ev,139002,,139002,136215,18660,ch1730160001,blockwise,evo,…………唔，该怎么办呢？,…………ふむ、さてどうしたもんかの。,…………ふむ、さてどうしたもんかの。
67160,mp2000_ev,139004,,139004,136227,18661,ch1730160002,blockwise,evo,如果去叫人帮忙，灯塔就没人看守了。,知らせに行こうにも灯台を離れるわけにはいかん。,知らせに行こうにも灯台を離れるわけにはいかん。
67161,mp2000_ev,139006,,139006,136239,18662,ch1730160003,blockwise,evo,不过，一直在这里干等着也不是办法……,かと言ってこのままではのう……,かと言ってこのままではのう……
67162,mp2000_ev,139031,,139031,136347,18663,ch1730160004,blockwise,evo,……嗯？你们是……？,……なんじゃ、おまえらは？,……なんじゃ、おまえらは？
67163,mp2000_ev,139033,,139033,136359,18664,ch1730160005,blockwise,evo,来巴伦诺灯塔有什么事吗？,このバレンヌ灯台に何か用か？,このバレンヌ灯台に何か用か？
67164,mp2000_ev,139050,,139050,136425,18665,ch0010160052,blockwise,evo,请问，您是看守灯塔的弗科特爷爷吗？,えーと、おじいさんが灯台守のフォクトさん？,えーと、おじいさんが灯台守のフォクトさん？
67165,mp2000_ev,139053,,139053,136443,18666,ch1730160053,blockwise,evo,嗯？正是……,うん？いかにもそうじゃが……,うん？いかにもそうじゃが……
67166,mp2000_ev,139060,,139060,136461,18619,ch0010160006,blockwise,evo,哦，没什么事。,ううん、別に。そういうわけじゃないけど。,ううん、別に。そういうわけじゃないけど。
67167,mp2000_ev,139062,,139062,136473,18620,ch0010160007,blockwise,evo,老爷爷，您在这里做什么呢？,おじいさんこそここで何してるの？,おじいさんこそここで何してるの？
67168,mp2000_ev,139069,,139069,136515,18621,ch1730160008,blockwise,evo,我是这里的管理员，负责看守灯塔。,わしはここを管理している灯台守じゃよ。,わしはここを管理している灯台守じゃよ。
67169,mp2000_ev,139073,,139073,136539,18622,ch1730160009,blockwise,evo,管理这个大型灯塔是很不容易的…………,これだけ大きな灯台だとなにかと管理も大変…………,これだけ大きな灯台だとなにかと管理も大変…………
67170,mp2000_ev,139090,,139090,136611,18623,ch1730160010,vector_search (0.91),evo,…………哦？,…………おや？,…………うん？
67171,mp2000_ev,139093,,139093,136629,18630,ch1730160017,vector_search (0.92),evo,喂，年轻人。你那个徽章是…………,おい、若いの。その紋章は…………,おい、若いの。その胸の紋章は…………
67172,mp2000_ev,139100,,139100,136671,18631,ch0010160018,blockwise,evo,唔…………徽、徽章…………,ぐふっ…………も、紋章…………,ぐふっ…………も、紋章…………
67173,mp2000_ev,139102,,139102,136683,18632,ch0020160019,blockwise,evo,（真是的……）,（まったく……）,（まったく……）
67174,mp2000_ev,139113,,139113,136749,18633,ch0020160020,blockwise,evo,嗯，是的，我们是游击士。,ええ、そうですよ。僕たちは遊撃士なんです。,ええ、そうですよ。僕たちは遊撃士なんです。
67175,mp2000_ev,139116,,139116,137079,18634,ch0020160021,blockwise,evo,准确来说，只是准游击士。,厳密に言えばまだ準遊撃士ですけど。,厳密に言えばまだ準遊撃士ですけど。
67176,mp2000_ev,139133,136833,139133,136833,,,unmatched,evo,…………嗯？,…………うん？,
67177,mp2000_ev,139141,,139141,136881,20186,ch0010160011,normalized,evo,怎么了？,どしたの？,どしたの？
67178,mp2000_ev,139143,,139143,137001,31903,ch2060180564,vector_search (0.88),evo,喂，你。你那个徽章是…………,おい、おまえさん。その紋章は…………,あれ？　その紋章……
67179,mp2000_ev,139157,,139157,137049,18668,ch0010160013,exact,evo,啊……嗯，没错。,あ、うん、そうだよ。,あ、うん、そうだよ。
67180,mp2000_ev,139159,,139159,137067,18627,ch0010160014,context,evo,我们是游击士。,あたしたち遊撃士なんだ。,あたしたち遊撃士なんだ。
67181,mp2000_ev,139162,,139162,137079,18670,ch0020160015,exact,evo,准确来说，只是准游击士。,正確にはまだ準遊撃士ですけど。,正確にはまだ準遊撃士ですけど。
67182,mp2000_ev,139169,137001,139169,137001,,,unmatched,evo,喂，你。你那个徽章是…………,おい、おまえさん。その紋章は…………,
67183,mp2000_ev,139177,,139177,137049,18668,ch0010160013,blockwise,evo,啊……嗯，没错。,あ、うん、そうだよ。,あ、うん、そうだよ。
67184,mp2000_ev,139180,,139180,137067,18669,ch0010160014,blockwise,evo,我们是游击士。,あたしたち遊撃士なんだ。,あたしたち遊撃士なんだ。
67185,mp2000_ev,139182,,139182,137079,18670,ch0020160015,blockwise,evo,准确来说，只是准游击士。,正確にはまだ準遊撃士ですけど。,正確にはまだ準遊撃士ですけど。
67186,mp2000_ev,139203,,139203,137157,18671,ch1730160022,blockwise,evo,喂！为什么不早说！？,かーっ、なぜそれを先に言わん！,かーっ、なぜそれを先に言わん！
67187,mp2000_ev,139205,,139205,137169,18672,ch1730160023,blockwise,evo,面对一位遇到困难的老人，你们难道想假装没看见吗！？,老人がこんなに困っておるのに見て見ぬふりか！,老人がこんなに困っておるのに見て見ぬふりか！
67188,mp2000_ev,139220,,139220,137235,18673,ch0010160024,blockwise,evo,啊！？,ええっ！？,ええっ！？
67189,mp2000_ev,139222,,139222,137247,18674,ch0010160025,blockwise,evo,可、可您根本没提到什么困难啊。,困ってるなんて一言も言わなかったじゃない。,困ってるなんて一言も言わなかったじゃない。
67190,mp2000_ev,139237,,139237,137313,18675,ch1730160026,blockwise,evo,那是因为你们没有问我。,おまえさんが聞かなかったんじゃろうが。,おまえさんが聞かなかったんじゃろうが。
67191,mp2000_ev,139239,,139239,137325,18676,ch1730160027,blockwise,evo,为什么不主动问问“您有什么困难”？,『なにかお困りですか？』とどうしてそう言わんのだ？,『なにかお困りですか？』とどうしてそう言わんのだ？
67192,mp2000_ev,139241,,139241,137337,18677,ch1730160028,blockwise,evo,真是的…………年轻的游击士只有一身蛮力，一点都不懂关心他人。,まったく…………若い遊撃士は腕力ばかりで気配りというものを知らんわい。,まったく…………若い遊撃士は腕力ばかりで気配りというものを知らんわい。
67193,mp2000_ev,139254,,139254,137415,18678,ch1730160029,blockwise,evo,…………唔。在这方面，那个壮年游击士就完全不同了。,…………ううむ。その点、あの壮年の遊撃士はさすがに一味違ったのう。,…………ううむ。その点、あの壮年の遊撃士はさすがに一味違ったのう。
67194,mp2000_ev,139256,,139256,137427,18643,ch1730160030,blockwise,evo,那是……唔，大概是在七八年前……,あれはもう、そうじゃな７、８年ほど前になるか……,あれはもう、そうじゃな７、８年ほど前になるか……
67195,mp2000_ev,139265,,139265,137457,18680,ch0010160031,blockwise,evo,那个……老爷爷，您究竟遇到什么困难了？,もしもし？困ってるんでしょ？,もしもし？困ってるんでしょ？
67196,mp2000_ev,139272,,139272,137487,18681,ch0060160068,normalized,evo,（唉，  工房的人果然没说错。）,（はあ、本当に  工房の人が言ってた通りですね。）,（はあ、本当に工房の人が言ってた通りですね。）
67197,mp2000_ev,139305,,139305,137613,18682,ch1730160032,blockwise,evo,…………嗯？哦，对了对了。,…………うん？ああ、そうじゃそうじゃ。,…………うん？ああ、そうじゃそうじゃ。
67198,mp2000_ev,139308,,139308,137631,18683,ch1730160033,blockwise,evo,是这样的，我刚才去割草的时候，一不小心忘了关门……,実はのう、草刈りをするときにうっかり扉を閉め忘れてのう……,実はのう、草刈りをするときにうっかり扉を閉め忘れてのう……
67199,mp2000_ev,139310,,139310,137643,18684,ch1730160034,blockwise,evo,一群魔兽就趁机冲进了灯塔。,魔獣どもが灯台の中に入り込んでしまったのじゃ。,魔獣どもが灯台の中に入り込んでしまったのじゃ。
67200,mp2000_ev,139312,,139312,137655,18685,ch1730160035,blockwise,evo,这样一来，我就没法回去了。,このままでは中に戻ることすらできんわい。,このままでは中に戻ることすらできんわい。
67201,mp2000_ev,139326,,139326,137727,18686,ch0010160073,blockwise,evo,……也就是说，在把维修工具包交给您之前，我们要先去击退魔兽吧？,……ってことは、整備用カバンを渡す前にまず魔獣退治ってことか。,……ってことは、整備用カバンを渡す前にまず魔獣退治ってことか。
67202,mp2000_ev,139334,,139334,137751,18687,ch0020160074,blockwise,evo,也只有这个选择了。,そうするしかなさそうだね。,そうするしかなさそうだね。
67203,mp2000_ev,139348,,139348,137811,18749,ch1730160075,blockwise,evo,什么？维修工具包？,なに？整備用カバンじゃと？,なに？整備用カバンじゃと？
67204,mp2000_ev,139358,,139358,137847,18689,ch0020160076,blockwise,evo,嗯，我们受人所托，来给您送维修工具包。,ええ、依頼を受けて整備用カバンを届けに来たんです。,ええ、依頼を受けて整備用カバンを届けに来たんです。
67205,mp2000_ev,139361,,139361,137865,18690,ch0020160077,blockwise,evo,…………不过，现在似乎不是交给您的时候啊。,…………もっとも、今はそれどころじゃないですね。,…………もっとも、今はそれどころじゃないですね。
67206,mp2000_ev,139364,,139364,137883,18729,ch1730160078,blockwise,evo,唔……你说得没错。,む、むむう。おまえさんの言う通りじゃな。,む、むむう。おまえさんの言う通りじゃな。
67207,mp2000_ev,139366,,139366,137895,18692,ch1730160079,blockwise,evo,现在连灯塔都进不去，自然没法进行检查。,灯台の中に入れんのでは点検もヘチマもないわい。,灯台の中に入れんのでは点検もヘチマもないわい。
67208,mp2000_ev,139373,,139373,137937,18693,ch0010160080,blockwise,evo,您知道里面大概有多少魔兽吗？,中にどれくらい魔獣がいるか分かる？,中にどれくらい魔獣がいるか分かる？
67209,mp2000_ev,139381,,139381,137985,18694,ch1730160081,blockwise,evo,完全不知道，但肯定不止一只。你们一定要小心。,皆目わからんのじゃが１匹でないことだけは確かじゃ。十分注意してくれ。,皆目わからんのじゃが１匹でないことだけは確かじゃ。十分注意してくれ。
67210,mp2000_ev,139389,,139389,138033,18695,ch0010160082,blockwise,evo,知道了。总之，数目似乎不少啊。,了解。まあ、たくさんってことね。,了解。まあ、たくさんってことね。
67211,mp2000_ev,139391,,139391,138207,18696,ch0010160083,blockwise,evo,嗯……话说回来，魔兽为什么要跑到灯塔里面呢？,うーん、でも分からないわね。なんで魔獣は灯台の中なんかに？,うーん、でも分からないわね。なんで魔獣は灯台の中なんかに？
67212,mp2000_ev,139408,,139408,138099,18649,ch0010160036,blockwise,evo,也就是说，只要把里面的魔兽全部击退就行了吧？,つまり、中にいる魔獣を退治してくれってこと？,つまり、中にいる魔獣を退治してくれってこと？
67213,mp2000_ev,139416,,139416,138147,18650,ch1730160037,blockwise,evo,嗯，正是如此。,うむ、そういうことじゃ。,うむ、そういうことじゃ。
67214,mp2000_ev,139418,,139418,138159,18651,ch1730160038,blockwise,evo,但我不知道里面到底有多少只，你们一定要小心。,だが何匹いるのか分からんでな。十分注意してくれ。,だが何匹いるのか分からんでな。十分注意してくれ。
67215,mp2000_ev,139426,,139426,138207,18652,ch0010160039,blockwise,evo,嗯……话说回来，魔兽为什么要跑到灯塔里面呢？,うーん、でもなんで魔獣は灯台の中なんかに？,うーん、でもなんで魔獣は灯台の中なんかに？
67216,mp2000_ev,139435,,139435,138243,18697,ch0020160040,blockwise,evo,大概是被七耀石吸引过来的吧。,たぶん七耀石に引きつけられたんだと思うよ。,たぶんセプチウムに引きつけられたんだと思うよ。
67217,mp2000_ev,139444,,139444,138273,18698,ch0020160041,blockwise,evo,灯塔使用的是特大号的导力器。,灯台には特大のオーブメントが使われているからね。,灯台には特大のオーブメントが使われているからね。
67218,mp2000_ev,139460,,139460,138345,18699,ch1730160042,blockwise,evo,嗯，说得没错。,うむ、その通りじゃ。,うむ、その通りじゃ。
67219,mp2000_ev,139470,,139470,138381,18700,ch1730160043,blockwise,evo,以前也曾发生过这种事，当时那些魔兽都集中在灯塔的上层。,以前にやられたときも魔獣どもは灯台の上の方に集まっておったからの。,以前にやられたときも魔獣どもは灯台の上の方に集まっておったからの。
67220,mp2000_ev,139472,,139472,138393,18701,ch0010160088,blockwise,evo,啊，原来是这样。,あ、なるほど。,あ、なるほど。
67221,mp2000_ev,139475,,139475,138411,18702,ch1730160045,blockwise,evo,那么，你们可以马上行动吗？,では、直ぐに取り掛かってくれるかのう？,では、直ぐに取り掛かってくれるかのう？
67222,mp2000_ev,139482,,139482,138429,18703,ch1730160046,blockwise,evo,怎么样？现在可以帮我击退魔兽了吗？,どうじゃ、もう魔獣退治に取り掛かってくれるかのう？,どうじゃ、もう魔獣退治に取り掛かってくれるかのう？
67223,mp2000_ev,139504,,139504,138513,18709,ch0010160096,blockwise,evo,对不起，现在不太方便。,ごめん、今はちょっと無理なんだ。,ごめん、今はちょっと無理なんだ。
67224,mp2000_ev,139511,,139511,138555,18710,ch1730160097,blockwise,evo,定期检查的日子已经临近了。,そろそろ定期点検の時期なんじゃ。,そろそろ定期点検の時期なんじゃ。
67225,mp2000_ev,139513,,139513,138567,18711,ch1730160098,blockwise,evo,所以请你们尽快解决。,なるべく早いとこお願いするぞい。,なるべく早いとこお願いするぞい。
67226,mp2000_ev,139515,,139515,138579,18712,ch0010160099,blockwise,evo,嗯，明白了。,うん、分かったわ。,うん、分かったわ。
67227,mp2000_ev,139542,,139542,138675,24134,ch0010160091,exact,evo,嗯，没问题。,うん、大丈夫よ。,うん、大丈夫よ。
67228,mp2000_ev,139549,,139549,138717,18705,ch1730160092,normalized,evo,定期检修的时间也快到了，赶紧想办法处理一下吧。,定期点検の時期も近いんじゃ、早いとこなんとかしとくれ。,定期点検の時期も近いんじゃ早いとこなんとかしとくれ。
67229,mp2000_ev,139551,,139551,138729,18706,ch1730160093,normalized,evo,魔兽动作很敏捷的，可别看漏了。,魔獣はすばしっこいからの、見落とさんようにな。,魔獣はすばしっこいからの見落とさんようにな。
67230,mp2000_ev,139554,,139554,138747,18707,ch0020160094,normalized,evo,明白了。,了解しました。,了解しました。
67231,mp2000_ev,139581,,139581,138861,18708,ch0010160095,exact,evo,好，那我们这就进去吧。,よし、と。それじゃ行きますか。,よし、と。それじゃ行きますか。
67232,mp2000_ev,142987,,142987,140239,18778,ch1730160100,blockwise,evo,哦，怎么样了？,おう、首尾はどうじゃ？,おう、首尾はどうじゃ？
67233,mp2000_ev,142990,,142990,140257,18779,ch0010160101,blockwise,evo,嘿嘿，已经全部解决啦。,えへへっ、もうバッチリよ。,えへへっ、もうバッチリよ。
67234,mp2000_ev,142993,,142993,140275,18780,ch0020160102,blockwise,evo,魔兽已被击退，您可以回灯塔了。,魔獣は退治しましたからもう大丈夫ですよ。,魔獣は退治しましたからもう大丈夫ですよ。
67235,mp2000_ev,143002,,143002,140329,18781,ch1730160103,blockwise,evo,哦哦！解决了啊！,おお、やってくれたか！,おお、やってくれたか！
67236,mp2000_ev,143011,,143011,140623,18782,ch1730160104,blockwise,evo,哎呀，这下就可以放心了。,やれやれ、これでひと安心じゃ。,やれやれ、これでひと安心じゃ。
67237,mp2000_ev,143018,,143018,140407,18747,ch0010160105,blockwise,evo,呼，是啊。,ふう、ほんとにそうよね。,ふう、ほんとにそうよね。
67238,mp2000_ev,143020,,143020,140419,18748,ch0010160106,blockwise,evo,总算可以把维修工具包交给您了。,これでやっと整備用カバンを渡せるわ。,これでやっと整備用カバンを渡せるわ。
67239,mp2000_ev,143023,,143023,140437,18749,ch1730160075,blockwise,evo,什么？维修工具包？,なに？整備用カバンじゃと？,なに？整備用カバンじゃと？
67240,mp2000_ev,143025,,143025,140449,18750,ch0020160108,blockwise,evo,嗯，其实我们是受人之托，来给您送维修工具包的。,ええ、実は依頼を受けて整備用カバンを持って来たんです。,ええ、実は依頼を受けて整備用カバンを持って来たんです。
67241,mp2000_ev,143028,,143028,140467,18751,ch1730160109,blockwise,evo,哦哦，原来如此，已经快到定期检查的日子了啊。,おお、そうじゃったのか。もう定期検査の時期じゃからな。,おお、そうじゃったのか。もう定期検査の時期じゃからな。
67242,mp2000_ev,143042,,143042,140527,18752,ch1730160110,blockwise,evo,哎呀，这下总算可以收下维修工具包了。,やれやれ、これでようやく整備用カバンを受け取れるわい。,やれやれ、これでようやく整備用カバンを受け取れるわい。
67243,mp2000_ev,143047,,143047,140539,18753,ch1730160111,blockwise,evo,好，我们先回灯塔吧。,よし、ともかく灯台の中に戻るとするかのう。,よし、ともかく灯台の中に戻るとするかのう。
67244,mp2000_ev,143060,,143060,140593,18754,ch0010160112,blockwise,evo,嗯，走吧。,うん、そうしましょ。,うん、そうしましょ。
67245,mp2000_ev,143073,,143073,140623,18782,ch1730160104,blockwise,evo,哎呀，这下就可以放心了。,やれやれ、これでひと安心じゃ。,やれやれ、これでひと安心じゃ。
67246,mp2000_ev,143076,,143076,140641,18783,ch1730160147,blockwise,evo,你们真是辛苦了。,おまえさんたちもご苦労じゃった。,おまえさんたちもご苦労じゃった。
67247,mp2000_ev,143081,,143081,140653,18784,ch1730160148,blockwise,evo,今后也不要忘记关怀他人哦。,これからは気配りの心を忘れんようにな。,これからは気配りの心を忘れんようにな。
67248,mp2000_ev,143096,,143096,140719,18785,ch0010160149,blockwise,evo,嗯，我知道了。老爷爷，您要保重哦。,うん分かった。じゃ、おじいさんも元気でね。,うん分かった。じゃ、おじいさんも元気でね。
67249,mp2000_ev,143098,,143098,140731,18786,ch0020160150,blockwise,evo,那我们这就告辞了。,それでは失礼します。,それでは失礼します。
67250,mp2000_ev,143140,,143140,140911,18787,ch1730160151,blockwise,evo,………………………………,………………………………,………………………………
67251,mp2000_ev,143145,,143145,140941,18788,ch1730160152,blockwise,evo,……喂，你们两个。,……おい、おまえさんがた。,……おい、おまえさんがた。
67252,mp2000_ev,143173,,143173,141061,18789,ch0010160153,blockwise,evo,？？？,？？？,？？？
67253,mp2000_ev,143175,,143175,141073,18790,ch1730160154,blockwise,evo,是不是忘记了什么？,何か忘れておらんか？,何か忘れておらんか？
67254,mp2000_ev,143182,,143182,141115,18791,ch0010160155,blockwise,evo,哎？好像什么也没忘记啊……,え？　忘れ物なんてしてないと思うけど……,え？　忘れ物なんてしてないと思うけど……
67255,mp2000_ev,143189,,143189,141157,18792,ch1730160156,normalized,evo,为何不再问一句“您还有其他需要吗”？,『他にご用は  ございませんか？』はどうした？,『他にご用はございませんか？』はどうした？
67256,mp2000_ev,143193,,143193,141181,18793,ch0010160157,vector_search (1.00),evo,哎？,はい？,はい？
67257,mp2000_ev,143200,,143200,141223,18794,ch1730160158,normalized,evo,你们为何不问我“您还有其他需要吗”？,『他にご用は  ございませんか？』となぜ聞かん。,『他にご用はございませんか？』となぜ聞かん。
67258,mp2000_ev,143202,,143202,141235,18795,ch1730160159,exact,evo,在完成委托之后，还应该问问委托人有没有别的需要，这才是关怀他人的表现。,依頼が片付いたあとには他に用事がないかどうか聞くのが気配りというものじゃろうが。,依頼が片付いたあとには他に用事がないかどうか聞くのが気配りというものじゃろうが。
67259,mp2000_ev,143214,,143214,141301,18797,ch0060160160,normalized,evo,（呼，  当游击士还真辛苦啊……）,（はあ、遊撃士さんも  いろいろと大変なのね……）,（はあ、遊撃士さんもいろいろと大変なのね……）
67260,mp2000_ev,143231,,143231,141361,18798,ch1730160162,blockwise,evo,当年那个壮年游击士在离开之前就不会忘记问这句话。,あの壮年の遊撃士は去り際もまた見事であったがのう。,あの壮年の遊撃士は去り際もまた見事であったがのう。
67261,mp2000_ev,143234,,143234,141379,18799,ch1730160163,blockwise,evo,呼，真是的，同样都是游击士，差距却这么大。,ふう、まったく同じ遊撃士とは思えんわい。,ふう、まったく同じ遊撃士とは思えんわい。
67262,mp2000_ev,143237,,143237,141397,18800,ch0010160164,blockwise,evo,唔，一直在说些让人不开心的话。,むう、さっきから失礼ねー。,むう、さっきから失礼ねー。
67263,mp2000_ev,143239,,143239,141409,18801,ch0010160165,blockwise,evo,那个壮年游击士究竟是个什么样的人呢？,大体その壮年の遊撃士ってどんな奴なのよ。,大体その壮年の遊撃士ってどんな奴なのよ。
67264,mp2000_ev,143241,,143241,141421,18802,ch0010160166,blockwise,evo,能让您这样夸奖，想必是个很了不起的人吧？,話だけ聞いてるとやたら立派な人みたいだけど。,話だけ聞いてるとやたら立派な人みたいだけど。
67265,mp2000_ev,143250,,143250,141475,19166,ch1730160167,blockwise,evo,七八年前，我曾多次受到他的关照。但是很遗憾，我连他的名字都不知道。,７、８年前に世話になった遊撃士でな。残念ながら名前も知らぬ。,７、８年前に世話になった遊撃士でな。残念ながら名前も知らぬ。
67266,mp2000_ev,143253,,143253,141493,18804,ch1730160168,blockwise,evo,他真是个了不起的男子汉。你根本无法与他相提并论。,だが、ほんに立派な男じゃったぞ。おまえさんとは比べものにならんほどにな。,だが、ほんに立派な男じゃったぞ。おまえさんとは比べものにならんほどにな。
67267,mp2000_ev,143261,,143261,141541,18805,ch1730160169,blockwise,evo,非要说你们的相似之处，恐怕也只有头发的颜色了。,おまえさんと似てる所があるとすればせいぜい髪の色ぐらいか。,おまえさんと似てる所があるとすればせいぜい髪の色ぐらいか。
67268,mp2000_ev,143263,,143263,141553,18806,ch1730160170,blockwise,evo,那个男人的发色和你一样，也是这种红褐色。,あの男の髪も、ちょうどそんな赤みがかった茶色じゃったからな。,あの男の髪も、ちょうどそんな赤みがかった茶色じゃったからな。
67269,mp2000_ev,143265,,143265,141565,18807,ch1730160171,blockwise,evo,……嗯？怎么回事……仔细一看，连眼睛的颜色都很相似。,……うむ、なんじゃ、良く見れば瞳の色までよう似ておるのう。,……うむ、なんじゃ、良く見れば瞳の色までよう似ておるのう。
67270,mp2000_ev,143280,,143280,141631,19170,ch0020160172,blockwise,evo,……红褐色的头发，还有和艾丝蒂尔同样颜色的眼睛？,……赤みがかった髪に、エステルと同じ瞳の色？,……赤みがかった髪に、エステルと同じ瞳の色？
67271,mp2000_ev,143282,,143282,141643,18809,ch0010160173,blockwise,evo,那、那个游击士难道是……,そ、その遊撃士って…………,そ、その遊撃士って…………
67272,mp2000_ev,143287,,143287,141667,19172,ch0060160174,blockwise,evo,？,？,？
67273,mp2000_ev,143309,,143309,141757,19173,ch1730160176,blockwise,evo,虽然很希望你们能达到他的水平……,おまえたちにもぜひ彼の域に達して欲しいのじゃが……,おまえたちにもぜひ彼の域に達して欲しいのじゃが……
67274,mp2000_ev,143312,,143312,141775,18813,ch1730160177,blockwise,evo,……但这个要求实在太高，可能有些勉强你们了。,…………理想が高すぎて簡単には無理かも知れんのう。,…………理想が高すぎて簡単には無理かも知れんのう。
67275,mp2000_ev,143314,,143314,141787,18814,ch1730160178,blockwise,evo,总之，你们今后还要继续进步。,ま、ともかく今後も精進を欠かさぬように。,ま、ともかく今後も精進を欠かさぬように。
67276,mp2000_ev,143316,,143316,141799,18815,ch1730160179,blockwise,evo,这次谢谢你们了，以后要记得关怀他人哦。,では世話になったのう。くれぐれも気配りを忘れずにな。,では世話になったのう。くれぐれも気配りを忘れずにな。
67277,mp2000_ev,143333,,143333,141901,18816,ch0010160180,blockwise,evo,…………………………,…………………………,…………………………
67278,mp2000_ev,143337,,143337,141925,18817,ch0010160181,blockwise,evo,……喂，你是怎么想的？,……ねえ、どう思う？,……ねえ、どう思う？
67279,mp2000_ev,143349,,143349,143991,18818,ch0020160182,blockwise,evo,不用想也知道答案了。,考えられなくはないよ。,考えられなくはないよ。
67280,mp2000_ev,143352,,143352,144015,18819,ch0020160183,blockwise,evo,既然是七八年前，在时间上也很吻合。,７、８年前なら時期的にもちょうど合うしね。,７、８年前なら時期的にもちょうど合うしね。
67281,mp2000_ev,143363,,143363,144075,18826,ch0060160184,blockwise,evo,请问……,あの、もしかして……,あの、もしかして……
67282,mp2000_ev,143369,,143369,144099,18827,ch0060160185,blockwise,evo,莫非你们认识老爷爷刚才提起的那位壮年游击士吗？,さっきのお話に出てきた壮年の遊撃士って、お２人のお知り合いなんですか？,さっきのお話に出てきた壮年の遊撃士って、お２人のお知り合いなんですか？
67283,mp2000_ev,143381,,143381,144189,18828,ch0010160186,blockwise,evo,唔，何止认识……,えーと、知り合いっていうか……,えーと、知り合いっていうか……
67284,mp2000_ev,143383,,143383,144207,18829,ch0010160187,blockwise,evo,那个人多半就是我们的老爸。,あたしたちの父さんなんじゃないかなって。,あたしたちの父さんなんじゃないかなって。
67285,mp2000_ev,143386,,143386,144225,18830,ch0060160188,blockwise,evo,啊………………,まあ………………,まあ………………
67286,mp2000_ev,143391,,143391,144255,18831,ch0020160189,blockwise,evo,……话说回来，被人拿来和父亲相比，实在是很伤脑筋啊。,……けど、もし父さんだとしたら比べられてもちょっと困るよね。,……けど、もし父さんだとしたら比べられてもちょっと困るよね。
67287,mp2000_ev,143407,,143407,142315,18832,ch0010160196,blockwise,evo,也就是说，老爷爷刚才说的那个游击士就是老爸啊。,じゃあ、やっぱりさっきの話に出てきた遊撃士は父さんなのかな。,じゃあ、やっぱりさっきの話に出てきた遊撃士は父さんなのかな。
67288,mp2000_ev,143414,,143414,142357,18833,ch0020160197,blockwise,evo,很有可能。,かもしれないね。,かもしれないね。
67289,mp2000_ev,143416,,143416,144255,18834,ch0020160198,blockwise,evo,……话说回来，被人拿来和父亲相比，实在是很伤脑筋啊。,…………だとしたら、比べられても少し困るかな。,…………だとしたら、比べられても少し困るかな。
67290,mp2000_ev,143427,,143427,144309,18835,ch0010160199,blockwise,evo,呼，真是的。,ふう、まったくよ。,ふう、まったくよ。
67291,mp2000_ev,143429,,143429,144321,18836,ch0010160200,blockwise,evo,不过，我们现在也是游击士了。即使被人拿来比较，也不应该有任何怨言。,ま、でも今じゃ同じ遊撃士なんだし比べられても文句言えないわね。,ま、でも今じゃ同じ遊撃士なんだし比べられても文句言えないわね。
67292,mp2000_ev,143451,,143451,144369,18767,ch0020160201,context,evo,既然如此，我们也只能每天努力，争取渐渐追上父亲了。,少しずつでも追いつけるように毎日頑張るしかないね。,少しずつでも追いつけるように毎日頑張るしかないね。
67293,mp2000_ev,143453,,143453,144381,18768,ch0020160202,context,evo,…………但对手实在是过于强大了。,…………ちょっとばかし相手が悪いような気もするけど。,…………ちょっとばかし相手が悪いような気もするけど。
67294,mp2000_ev,143462,,143462,144429,18769,ch0010160203,context,evo,哈哈哈，说得也是。,あはは、そうかも。,あはは、そうかも。
67295,mp2000_ev,143464,,143464,144441,18770,ch0010160204,context,evo,但我们仍然要相信自己总有一天可以超越老爸。,でも、いつか追い越せるってそう信じてやるしかないわよ。,でも、いつか追い越せるってそう信じてやるしかないわよ。
67296,mp2000_ev,143466,,143466,144453,18771,ch0060160205,context,evo,呵呵，这才像你啊。,ふふ、それがエステルさんらしいです。,ふふ、それがエステルさんらしいです。
67297,mp2000_ev,143469,,143469,144471,50636,ch0010111570,blockwise,evo,嘿嘿，谢谢。,えへへ、ありがと。,えへへ、ありがと。
67298,mp2000_ev,143473,,143473,144501,18848,ch0010160207,blockwise,evo,好，既然下定了决心，我们就要有所行动，绝对不能偷懒。,さあ、そうと決まったら行きましょ。さぼってるわけには行かないわ。,さあ、そうと決まったら行きましょ。さぼってるわけには行かないわ。
67299,mp2000_ev,143490,,143490,144429,18849,ch0010160203,blockwise,evo,哈哈哈，说得也是。,あはは、そうかも。,あはは、そうかも。
67300,mp2000_ev,143492,,143492,144441,18850,ch0010160214,blockwise,evo,但我们仍然要相信自己总有一天可以超越老爸。,でも、いつか追い越せるってそう信じてやるしかないわよ。,でも、いつか追い越せるってそう信じてやるしかないわよ。
67301,mp2000_ev,143495,,143495,142747,18851,ch0010160215,blockwise,evo,好，既然下定了决心，我们就要有所行动，绝对不能偷懒。,さあ、そうと決まったら行きましょ。さぼってるわけには行かないわ。,さあ、そうと決まったら行きましょ。さぼってるわけには行かないわ。
67302,mp2000_ev,143509,,143509,144555,18852,ch0020160216,blockwise,evo,嗯，说得对。,うん、そうだね。,うん、そうだね。
67303,mp2000_ev,143517,,143517,144573,18853,ch0020160217,blockwise,evo,那我们这就出发吧。,それじゃ、行こうか。,それじゃ、行こうか。
67304,mp2000_ev,144644,,144644,143829,18755,ch0010160218,blockwise,evo,…………,………………,………………
67305,mp2000_ev,144662,,144662,143937,18756,ch0010160219,blockwise,evo,…………喂，你对刚才那些话有什么想法？,…………ねえ、さっきの話だけど、どう思う？,…………ねえ、さっきの話だけど、どう思う？
67306,mp2000_ev,144671,,144671,143991,18818,ch0020160182,blockwise,evo,不用想也知道答案了。,考えられなくはないよ。,考えられなくはないよ。
67307,mp2000_ev,144675,,144675,144015,18819,ch0020160183,blockwise,evo,既然是七八年前，在时间上也很吻合。,７、８年前なら時期的にもちょうど合うしね。,７、８年前なら時期的にもちょうど合うしね。
67308,mp2000_ev,144685,,144685,144075,18826,ch0060160184,blockwise,evo,请问……,あの、もしかして……,あの、もしかして……
67309,mp2000_ev,144689,,144689,144099,18827,ch0060160185,blockwise,evo,莫非你们认识老爷爷刚才提起的那位壮年游击士吗？,さっきのお話に出てきた壮年の遊撃士って、お２人のお知り合いなんですか？,さっきのお話に出てきた壮年の遊撃士って、お２人のお知り合いなんですか？
67310,mp2000_ev,144704,,144704,144189,18828,ch0010160186,blockwise,evo,唔，何止认识……,えーと、知り合いっていうか……,えーと、知り合いっていうか……
67311,mp2000_ev,144707,,144707,144207,18829,ch0010160187,blockwise,evo,那个人多半就是我们的老爸。,あたしたちの父さんなんじゃないかなって。,あたしたちの父さんなんじゃないかなって。
67312,mp2000_ev,144710,,144710,144225,18830,ch0060160188,blockwise,evo,啊………………,まあ………………,まあ………………
67313,mp2000_ev,144715,,144715,144255,18831,ch0020160189,blockwise,evo,……话说回来，被人拿来和父亲相比，实在是很伤脑筋啊。,……けど、もし父さんだとしたら比べられてもちょっと困るよね。,……けど、もし父さんだとしたら比べられてもちょっと困るよね。
67314,mp2000_ev,144724,,144724,144309,18835,ch0010160199,blockwise,evo,呼，真是的。,ふう、まったくよ。,ふう、まったくよ。
67315,mp2000_ev,144726,,144726,144321,18836,ch0010160200,blockwise,evo,不过，我们现在也是游击士了。即使被人拿来比较，也不应该有任何怨言。,ま、でも今じゃ同じ遊撃士なんだし比べられても文句言えないわね。,ま、でも今じゃ同じ遊撃士なんだし比べられても文句言えないわね。
67316,mp2000_ev,144734,,144734,144369,18837,ch0020160201,blockwise,evo,既然如此，我们也只能每天努力，争取渐渐追上父亲了。,少しずつでも追いつけるように毎日頑張るしかないね。,少しずつでも追いつけるように毎日頑張るしかないね。
67317,mp2000_ev,144736,,144736,144381,18838,ch0020160202,blockwise,evo,…………但对手实在是过于强大了。,…………ちょっとばかし相手が悪いような気もするけど。,…………ちょっとばかし相手が悪いような気もするけど。
67318,mp2000_ev,144744,,144744,144429,18849,ch0010160203,blockwise,evo,哈哈哈，说得也是。,あはは、そうかも。,あはは、そうかも。
67319,mp2000_ev,144746,,144746,144441,18845,ch0010160204,blockwise,evo,但我们仍然要相信自己总有一天可以超越老爸。,でも、いつか追い越せるってそう信じてやるしかないわよ。,でも、いつか追い越せるってそう信じてやるしかないわよ。
67320,mp2000_ev,144748,,144748,144453,18846,ch0060160205,blockwise,evo,呵呵，这才像你啊。,ふふ、それがエステルさんらしいです。,ふふ、それがエステルさんらしいです。
67321,mp2000_ev,144751,,144751,144471,50636,ch0010111570,blockwise,evo,嘿嘿，谢谢。,えへへ、ありがと。,えへへ、ありがと。
67322,mp2000_ev,144756,,144756,144501,18851,ch0010160215,blockwise,evo,好，既然下定了决心，我们就要有所行动，绝对不能偷懒。,さあ、そうと決まったら行きましょ。さぼってるわけには行かないわ。,さあ、そうと決まったら行きましょ。さぼってるわけには行かないわ。
67323,mp2000_ev,144765,,144765,144555,18774,ch0020160237,blockwise,evo,嗯，说得对。,うん、そうだね。,うん、そうだね。
67324,mp2000_ev,144768,,144768,144573,18853,ch0020160217,blockwise,evo,那我们这就出发吧。,それじゃ、行こうか。,それじゃ、行こうか。
67325,mp2000_ev,145498,145103,145498,145103,,,unmatched,evo,呜噢噢～～来人啊～！,うおお～～、誰か～！,
67326,mp2000_ev,145538,,145538,145319,9489,ch0150151098,normalized,evo,救、救命啊～～！,た、助けて～～！,た、助けて〜！
67327,mp2000_ev,145551,,145551,145391,19354,ch0060160739,blockwise,evo,啊，不好！,まあ、大変！,まあ、大変！
67328,mp2000_ev,145557,,145557,145409,45923,ch0020100569,blockwise,evo,艾丝蒂尔！,エステル！,エステル！
67329,mp2000_ev,145559,,145559,145421,19356,ch0010160741,blockwise,evo,嗯！,おう！,おう！
67330,mp2000_ev,146721,,146721,145836,19357,ch0010160742,blockwise,evo,呼……解决了。,ふう……片付いたわね。,ふう……片付いたわね。
67331,mp2000_ev,146724,,146724,145854,19358,ch0020160743,blockwise,evo,嗯，已经安全了。,うん、もう安全みたいだ。,うん、もう安全みたいだ。
67332,mp2000_ev,146734,,146734,145908,19359,ch0060160744,blockwise,evo,请问，您有没有受伤呢？,あの、お怪我はありませんか？,あの、お怪我はありませんか？
67333,mp2000_ev,146740,,146740,145920,19360,ch0020160745,blockwise,evo,您没有受伤吧？,怪我はありませんか？,怪我はありませんか？
67334,mp2000_ev,146758,,146758,145986,19361,ch1770160746,blockwise,evo,哦哦～刚才真是太危险了～,うおお～、今回はやばかったな～。,うおお〜、今回はやばかったな〜。
67335,mp2000_ev,146761,,146761,146004,19362,ch1770160747,blockwise,evo,我还以为肯定会葬身鱼腹呢。,本気で危うく魚のエサになっちまうとこだったよ。,本気で危うく魚のエサになっちまうとこだったよ。
67336,mp2000_ev,146777,,146777,146076,19363,ch0010160748,blockwise,evo,真是的，竟然一个人跑到这种地方。,もう、こんなとこに一人でいるからよ。,もう、こんなとこに一人でいるからよ。
67337,mp2000_ev,146779,,146779,146088,19364,ch0010160749,blockwise,evo,你到底想做什么呢？,一体なにしてたの？,一体なにしてたの？
67338,mp2000_ev,146781,,146781,146100,19365,ch1770160750,blockwise,evo,唔……这可说来话长了……,うーん、実はこれには深いわけがあるんだが……,うーん、実はこれには深いわけがあるんだが……
67339,mp2000_ev,146784,,146784,146118,19366,ch1770160751,blockwise,evo,不过…………不方便告诉你们。,…………ちょっと教えられないなあ。,…………ちょっと教えられないなあ。
67340,mp2000_ev,146787,,146787,146136,19367,ch0010160752,blockwise,evo,这样啊。算了，倒也无所谓。,あっそ。ま、別にいいんだけど。,あっそ。ま、別にいいんだけど。
67341,mp2000_ev,146789,,146789,146148,19368,ch0010160753,blockwise,evo,总之，别在这种危险的地方随意闲逛就好了。,とにかく、危険なとこを不用意にうろつかないでよね。,とにかく、危険なとこを不用意にうろつかないでよね。
67342,mp2000_ev,146791,,146791,146160,19369,ch0010160754,blockwise,evo,要是真的变成鱼食可就没人能救你了。,魚のエサになってからじゃもう手遅れなんだから。,魚のエサになってからじゃもう手遅れなんだから。
67343,mp2000_ev,146793,,146793,146172,19370,ch1770160755,blockwise,evo,说得是啊。,やっぱりそうだよねえ。,やっぱりそうだよねえ。
67344,mp2000_ev,146796,,146796,146190,19371,ch1770160756,blockwise,evo,今天确实很危险，但是也赚到了一点打工费……,今日は本当にやばかったわけだし、バイト代も少しは貯まったし……,今日は本当にやばかったわけだし、バイト代も少しは貯まったし……
67345,mp2000_ev,146798,,146798,146202,19372,ch1770160757,blockwise,evo,好…………还要继续努力。,よし…………そろそろ奮発してみるかな。,よし…………そろそろ奮発してみるかな。
67346,mp2000_ev,146800,,146800,146214,19373,ch0010160758,blockwise,evo,？？？,？？？,？？？
67347,mp2000_ev,146812,,146812,146274,19376,ch0020160759,blockwise,evo,……对了，您接下来有何打算？,……ところで、この後はどうするつもりなんですか？,……ところで、この後はどうするつもりなんですか？
67348,mp2000_ev,146817,,146817,146304,19375,ch0020160760,blockwise,evo,我们本应把您送回城里，只是现在有要事在身……,本当なら町までお送りすべきなんでしょうけど、僕たちにも急ぎの用があるので……,本当なら町までお送りすべきなんでしょうけど、僕たちにも急ぎの用があるので……
67349,mp2000_ev,146824,,146824,146322,19376,ch0020160759,blockwise,evo,……对了，您接下来有何打算？,……ところで、この後はどうするつもりなんですか？,……ところで、この後はどうするつもりなんですか？
67350,mp2000_ev,146829,,146829,146352,19377,ch0020160762,blockwise,evo,如果不介意，我们可以送您回城。,もしよかったら町までお送りしますけど。,もしよかったら町までお送りしますけど。
67351,mp2000_ev,146835,,146835,146370,19378,ch1770160763,blockwise,evo,不用不用，没关系的。,いやいや、大丈夫。,いやいや、大丈夫。
67352,mp2000_ev,146837,,146837,146382,19379,ch1770160764,blockwise,evo,我对自己的逃跑能力还是很有自信的，只要走在海道上就没问题了。,逃げ足には自信があるから海道ぐらいはわけないさ。,逃げ足には自信があるから海道ぐらいはわけないさ。
67353,mp2000_ev,146840,,146840,146400,19380,ch1770160765,blockwise,evo,再见啦，谢谢你们！,じゃあな、ありがとさん！,じゃあな、ありがとさん！
67354,mp2000_ev,146870,,146870,146580,19381,ch0010160766,normalized,evo,真是个毫无紧张感的人啊～,緊張感のない人ね～。,緊張感のない人ね〜。
67355,mp2000_ev,146874,,146874,146604,19382,ch0020160767,exact,evo,他来这种地方，应该是有某些原因的。,何か理由があってこの辺りにいたみたいだね。,何か理由があってこの辺りにいたみたいだね。
67356,mp2000_ev,146877,,146877,146622,19383,ch0020160768,exact,evo,希望他不要再遇到危险……,また危険な目に遭わないといいんだけど……,また危険な目に遭わないといいんだけど……
67357,mp2000_ev,147855,,147855,147202,19453,ch0010160911,normalized,evo,嘿～好帅气的短剑啊。,へぇ～、かっこいい短剣ね。,へぇ〜、かっこいい短剣ね。
67358,mp2000_ev,147859,,147859,147226,19454,ch0020160912,blockwise,evo,似乎是相当古老的东西。,相当古い物みたいだね。,相当古い物みたいだね。
67359,mp2000_ev,147865,,147865,147262,19455,ch0020160913,blockwise,evo,从材质来看，说不定是导力革命以前的东西。,材質から見て導力革命以前の物かも知れない。,材質から見て導力革命以前の物かも知れない。
67360,mp2000_ev,147891,,147891,147370,19456,ch0010160914,blockwise,evo,对了，那个碎纸片又是什么呢？,で、そっちの紙切れみたいなのはなに？,で、そっちの紙切れみたいなのはなに？
67361,mp2000_ev,147893,,147893,147382,19457,ch0020160915,blockwise,evo,好像是航海图的碎片。,海図の切れ端みたいだね。,海図の切れ端みたいだね。
67362,mp2000_ev,147908,,147908,147442,19458,ch0010160916,blockwise,evo,等一下…………,ひょっとして…………,ひょっとして…………
67363,mp2000_ev,147911,,147911,147460,19459,ch0010160917,blockwise,evo,莫非吉米先生所说的财宝就是指这个？,ジミーさんの言ってた財宝ってこれのこと？,ジミーさんの言ってた財宝ってこれのこと？
67364,mp2000_ev,147921,,147921,147520,19460,ch0020160918,blockwise,evo,很遗憾，两者恐怕毫无联系。,残念だけど、たぶん全然関係ないと思うよ。,残念だけど、たぶん全然関係ないと思うよ。
67365,mp2000_ev,147923,,147923,147532,19461,ch0020160919,blockwise,evo,这些东西应该是从某个地方飘流过来的。,これはどこからか流れ着いたものみたいだね。,これはどこからか流れ着いたものみたいだね。
67366,mp2000_ev,147925,,147925,147544,19462,ch0020160920,blockwise,evo,可能是遇难船只上面的货物吧。,難破した船の積荷だったのかも知れない。,難破した船の積荷だったのかも知れない。
67367,mp2000_ev,147935,,147935,147598,28822,ch0060160921,blockwise,evo,嗯，应该是的。,ええ、そうだと思います。,ええ、そうだと思います。
67368,mp2000_ev,147940,,147940,147628,19466,ch0060160922,blockwise,evo,听说以前发生过很多海上事故……,昔はそうした事故も多かったと聞いていますし……,昔はそうした事故も多かったと聞いていますし……
67369,mp2000_ev,147970,,147970,147718,19467,ch0010160925,blockwise,evo,也对，在还没有飞行船的时候，大家都要靠船来运输东西。,そっか、飛行船がない頃はみんな船で運んでたんだもんね。,そっか、飛行船がない頃はみんな船で運んでたんだもんね。
67370,mp2000_ev,147975,,147975,147748,19468,ch0010160926,blockwise,evo,沿岸的这片海在过去应该是货船的航路吧？,この浜辺の沖も交易船の通り道だったのかな？,この浜辺の沖も交易船の通り道だったのかな？
67371,mp2000_ev,150333,,150333,148422,24684,ch1740160522,blockwise,evo,………………啊？,………………あ？,………………あ？
67372,mp2000_ev,150336,,150336,148440,24685,ch1740160523,blockwise,evo,请问，你们是游击士吗？,あの、皆さんは遊撃士協会の方ですか？,あの、皆さんは遊撃士協会の方ですか？
67373,mp2000_ev,150348,,150348,148500,24686,ch0010150861,blockwise,evo,…………哎？,…………え？,…………え？
67374,mp2000_ev,150350,,150350,148512,24687,ch0010160525,blockwise,evo,嗯，正是……,うん、そうだけど……,うん、そうだけど……
67375,mp2000_ev,150353,,150353,148530,24688,ch0010160526,blockwise,evo,莫非……你就是阿梅莉娅小姐？,ひょっとしてあなたアメリアさん？,ひょっとしてあなたアメリアさん？
67376,mp2000_ev,150361,,150361,148548,24703,ch0020160527,blockwise,evo,嗯，是的……,はい、そうですけど……,はい、そうですけど……
67377,mp2000_ev,150363,,150363,148560,24690,ch0020160528,blockwise,evo,您就是阿梅莉娅小姐吗？,あなたがアメリアさんですか？,あなたがアメリアさんですか？
67378,mp2000_ev,150369,,150369,148812,24705,ch0060160529,blockwise,evo,啊，是的。,あ、はい。,あ、はい。
67379,mp2000_ev,150372,,150372,148830,24706,ch0060160530,blockwise,evo,虽然我不是，但这两位都是游击士。,私は違いますけど、こちらのお二方は遊撃士ですよ。,私は違いますけど、こちらのお二方は遊撃士ですよ。
67380,mp2000_ev,150375,,150375,148608,24693,ch0010160531,blockwise,evo,哎，莫非……,あれ、ひょっとして……,あれ、ひょっとして……
67381,mp2000_ev,150378,,150378,148626,24694,ch0010160532,blockwise,evo,你就是阿梅莉娅小姐？,あなたがアメリアさん？,あなたがアメリアさん？
67382,mp2000_ev,150384,,150384,148644,24695,ch1740160533,blockwise,evo,啊，是的。我一直在等你们。,あ、そうです。お待ちしてました。,あ、そうです。お待ちしてました。
67383,mp2000_ev,150387,,150387,148662,24696,ch0020160534,blockwise,evo,那么，您的委托……,早速、ご依頼の件ですけど……,早速、ご依頼の件ですけど……
67384,mp2000_ev,150389,,150389,148674,24697,ch0020160535,blockwise,evo,是让我们担任护卫吧？,護衛ということでしたよね。,護衛ということでしたよね。
67385,mp2000_ev,150392,,150392,148692,24698,ch1740160536,blockwise,evo,嗯，是的，希望你们护送我叔叔。,ええ、そうなんです。叔父の護衛をお願いしたいんです。,ええ、そうなんです。叔父の護衛をお願いしたいんです。
67386,mp2000_ev,150394,,150394,148704,24699,ch1740160537,blockwise,evo,他要去一趟古罗尼山道。,クローネ山道に行くそうなので。,クローネ山道に行くそうなので。
67387,mp2000_ev,150402,,150402,148722,24700,ch0010160576,blockwise,evo,哎？,え？,え？
67388,mp2000_ev,150405,,150405,148740,24701,ch0010160577,blockwise,evo,嗯，正是？,うん、そうだけど？,うん、そうだけど？
67389,mp2000_ev,150409,,150409,148764,24707,ch0020160578,blockwise,evo,您有什么事吗？,何かご用ですか？,何かご用ですか？
67390,mp2000_ev,150417,,150417,148782,24703,ch0020160527,blockwise,evo,嗯，是的………,はい、そうですけど……,はい、そうですけど……
67391,mp2000_ev,150420,,150420,148854,24707,ch0020160578,blockwise,evo,您有什么事吗？,何かご用ですか？,何かご用ですか？
67392,mp2000_ev,150426,,150426,148812,24705,ch0060160529,blockwise,evo,啊，是的。,あ、はい。,あ、はい。
67393,mp2000_ev,150429,,150429,148830,24706,ch0060160530,blockwise,evo,虽然我不是，但这两位都是游击士。,私は違いますけど、こちらのお二方は遊撃士ですよ。,私は違いますけど、こちらのお二方は遊撃士ですよ。
67394,mp2000_ev,150433,,150433,148854,24707,ch0020160578,blockwise,evo,您有什么事吗？,何かご用ですか？,何かご用ですか？
67395,mp2000_ev,150441,,150441,148884,24708,ch1740160584,blockwise,evo,嗯，我想请你们……护送我叔叔。,ええ、実は……護衛をお願いしたいんです。,ええ、実は……護衛をお願いしたいんです。
67396,mp2000_ev,150443,,150443,148896,24709,ch1740160585,blockwise,evo,他要去一趟古罗尼山道。,叔父がクローネ山道に行くそうなので。,叔父がクローネ山道に行くそうなので。
67397,mp2000_ev,150481,,150481,149028,24710,ch0010160538,blockwise,evo,古罗尼山道啊。,クローネ山道ねえ。,クローネ山道ねえ。
67398,mp2000_ev,150483,,150483,149040,24711,ch0010160539,blockwise,evo,哦，我知道了，他是要去柏斯吧？,あそっか、ボースまで行くのね。,あそっか、ボースまで行くのね。
67399,mp2000_ev,150486,,150486,149058,24712,ch1740160540,blockwise,evo,不，并不是……,いえ、そうじゃなくて……,いえ、そうじゃなくて……
67400,mp2000_ev,150488,,150488,149070,24713,ch1740160541,blockwise,evo,他的目的地就是古罗尼山道。,クローネ山道に行きたいそうなんです。,クローネ山道に行きたいそうなんです。
67401,mp2000_ev,150490,,150490,149082,24714,ch0010160542,blockwise,evo,哎？为什么要去那里？,へ？　どして？,へ？　どして？
67402,mp2000_ev,150492,,150492,149094,24715,ch0010160543,blockwise,evo,去古罗尼山道能做什么呢？,クローネ山道に何しに行くわけ？,クローネ山道に何しに行くわけ？
67403,mp2000_ev,150495,,150495,149112,24716,ch1740160544,blockwise,evo,他说是要去寻找什么珍奇的野菜……,珍しい山菜を捜すとかそんなこと言ってましたけど……,珍しい山菜を捜すとかそんなこと言ってましたけど……
67404,mp2000_ev,150497,,150497,149124,24717,ch1740160545,blockwise,evo,不好意思，其实我也不是很明白叔叔的意思。,ごめんなさい。あたしも叔父の言うことって良く分からないの。,ごめんなさい。あたしも叔父の言うことって良く分からないの。
67405,mp2000_ev,150501,,150501,149148,24718,ch0010160546,blockwise,evo,哦…………是这样啊。,あう…………そうですか。,あう…………そうですか。
67406,mp2000_ev,150510,,150510,149202,24719,ch0020160547,blockwise,evo,既然如此，我们就去问问他本人好了。,それなら、ご本人から聞いた方が早いですね。,それなら、ご本人から聞いた方が早いですね。
67407,mp2000_ev,150515,,150515,149232,24720,ch1740160548,blockwise,evo,嗯，这样最好。,ええ、そうですね。,ええ、そうですね。
67408,mp2000_ev,150519,,150519,149256,24721,ch1740160549,blockwise,evo,请稍等一下，我这就去叫他。,ちょっとお待ち下さい。すぐに呼んできますから。,ちょっとお待ち下さい。すぐに呼んできますから。
67409,mp2000_ev,150592,,150592,149532,24722,ch0010160550,blockwise,evo,在公告栏上看到这件委托时，我还以为会很简单……,掲示板を見たときは簡単そうに思えたんだけど……,掲示板を見たときは簡単そうに思えたんだけど……
67410,mp2000_ev,150594,,150594,149544,24723,ch0010160551,blockwise,evo,但现在却觉得有些捉摸不透了。,なーんか、雲行きが怪しくなってきたわね。,なーんか、雲行きが怪しくなってきたわね。
67411,mp2000_ev,150600,,150600,149556,24724,ch0010160552,blockwise,evo,唔……实在是猜不出那个人要去做什么。,うーん、どうも話が良く分からないわねえ。,うーん、どうも話が良く分からないわねえ。
67412,mp2000_ev,150607,,150607,149580,24725,ch0060160553,blockwise,evo,古罗尼山道是个很危险的地方。,クローネ山道はとても危険な場所ですよね。,クローネ山道はとても危険な場所ですよね。
67413,mp2000_ev,150610,,150610,149598,24726,ch0060160554,blockwise,evo,为何要专程前往那里呢……,そんな所にわざわざ出向くなんて……,そんな所にわざわざ出向くなんて……
67414,mp2000_ev,150613,,150613,149616,24727,ch0020160555,blockwise,evo,是啊。,そうだね。,そうだね。
67415,mp2000_ev,150617,,150617,149640,24728,ch0020160556,blockwise,evo,总之，我们稍后问问他本人就行了。,とにかく本人に事情を聞いてみないと。,とにかく本人に事情を聞いてみないと。
67416,mp2000_ev,150623,,150623,149676,24729,ch0010160557,blockwise,evo,……啊，来了。,……あ、来たみたいよ。,……あ、来たみたいよ。
67417,mp2000_ev,150683,,150683,149880,24730,ch0010160558,blockwise,evo,咦？你叔叔呢？,あれ？叔父さんは？,あれ？叔父さんは？
67418,mp2000_ev,150685,,150685,149892,24731,ch1740160559,blockwise,evo,这………………,それが………………,それが………………
67419,mp2000_ev,150687,,150687,149904,24732,ch1740160560,blockwise,evo,他好像已经出发了。,もう出発してしまったみたいなんです。,もう出発してしまったみたいなんです。
67420,mp2000_ev,150692,,150692,149934,24733,ch0010160561,blockwise,evo,啊！？,ええ！？,ええ！？
67421,mp2000_ev,150694,,150694,149946,24734,ch0020160562,blockwise,evo,出发…………,出発したって…………,出発したって…………
67422,mp2000_ev,150697,,150697,149964,24735,ch0020160563,blockwise,evo,去了古罗尼山道吗……？,クローネ山道に……ですか？,クローネ山道に……ですか？
67423,mp2000_ev,150700,,150700,149982,24736,ch1740160564,blockwise,evo,嗯，应该是的。,ええ、たぶんそうです。,ええ、たぶんそうです。
67424,mp2000_ev,150713,,150713,150060,24737,ch1740160565,blockwise,evo,我和他说过很多次，让他等你们来……,皆さんが来るまで待つようにあれほど言っておいたのに……,皆さんが来るまで待つようにあれほど言っておいたのに……
67425,mp2000_ev,150715,,150715,150072,24738,ch1740160566,blockwise,evo,叔叔可真是的，为什么要如此乱来呢。,もう、叔父さんったらどうしてこう勝手なのかしら。,もう、叔父さんったらどうしてこう勝手なのかしら。
67426,mp2000_ev,150718,,150718,150090,24739,ch0010160567,blockwise,evo,嗯……真让人担心啊。,うーん、心配よね。,うーん、心配よね。
67427,mp2000_ev,150721,,150721,150108,24740,ch0010160568,blockwise,evo,竟然一个人去了古罗尼山道。,クローネ山道に一人っきりだなんて。,クローネ山道に一人っきりだなんて。
67428,mp2000_ev,150723,,150723,150120,24741,ch0020160569,blockwise,evo,天黑之后将会非常危险。,特に、暗くなると危ないからね。,特に、暗くなると危ないからね。
67429,mp2000_ev,150725,,150725,150132,24742,ch0020160570,blockwise,evo,希望他能在日落之前回来……,なんとか日没前に帰って来てくれるといいんだけど……,なんとか日没前に帰って来てくれるといいんだけど……
67430,mp2000_ev,150729,,150729,150156,24743,ch1740160571,blockwise,evo,唉…………真对不起。,はあ…………ごめんなさいね。,はあ…………ごめんなさいね。
67431,mp2000_ev,150733,,150733,150180,24744,ch1740160572,blockwise,evo,让你们白白跑了一趟……,わざわざ来てもらったのに無駄足にしちゃって…………,わざわざ来てもらったのに無駄足にしちゃって…………
67432,mp2000_ev,150737,,150737,150204,24745,ch0010160573,blockwise,evo,哪里，这没什么，我们并不在意。,ううん、気にしないで。あたしたちのことはいいのよ。,ううん、気にしないで。あたしたちのことはいいのよ。
67433,mp2000_ev,150740,,150740,150222,24746,ch1740160574,blockwise,evo,真是非常抱歉。,ほんとに、ごめんなさい。,ほんとに、ごめんなさい。
67434,mp2000_ev,150742,,150742,150234,24747,ch1740160575,blockwise,evo,叔叔回来之后，我一定会训斥他的。,叔父が帰って来たらきちんと言っておきますから。,叔父が帰って来たらきちんと言っておきますから。
67435,mp2000_ev,152014,,152014,151197,18435,ch0010160586,blockwise,evo,啊…………！,あっ…………！,あっ…………！
67436,mp2000_ev,152036,,152036,151299,18436,ch0020160587,blockwise,evo,那是…………,あれは…………,あれは…………
67437,mp2000_ev,152054,,152054,151383,18437,ch0060160588,blockwise,evo,那、那是…………！,あ、あれは…………！,あ、あれは…………！
67438,mp2000_ev,152131,,152131,151827,18438,ch1070160589,blockwise,evo,喂、喂～！,お、おいっ！,お、おいっ！
67439,mp2000_ev,152133,,152133,151839,18439,ch1070160590,blockwise,evo,救、救救我啊！,た、助けてくれぇ！,た、助けてくれぇ！
67440,mp2000_ev,152142,,152142,151893,18440,ch0010160591,blockwise,evo,约书亚，我们上！,ヨシュア、行くわよ！,ヨシュア、行くわよ！
67441,mp2000_ev,152144,,152144,151905,18441,ch0020160592,blockwise,evo,嗯！,うん！,うん！
67442,mp2000_ev,154921,,154921,152433,18442,ch0060160593,blockwise,evo,呼……总算赶上了。,はあ、何とか間に合いましたね。,はあ、何とか間に合いましたね。
67443,mp2000_ev,154923,,154923,152445,18443,ch0010160594,blockwise,evo,嗯，真是千钧一发。,ほんと、ぎりぎりだったわね。,ほんと、ぎりぎりだったわね。
67444,mp2000_ev,154932,,154932,152499,18444,ch0020160595,blockwise,evo,您没受伤吧？,お怪我はありませんか？,お怪我はありませんか？
67445,mp2000_ev,154935,,154935,152517,18445,ch1070160596,blockwise,evo,嗯，我没事。,うむ、大丈夫だ。,うむ、大丈夫だ。
67446,mp2000_ev,154958,,154958,153249,18493,ch1070160597,blockwise,evo,多亏你们，我毫发无──,君たちのおかげでかすり傷ひとつ…………,君たちのおかげでかすり傷ひとつ…………
67447,mp2000_ev,154962,,154962,152673,18447,ch1070160598,blockwise,evo,………………嗯？,………………んん？,………………んん？
67448,mp2000_ev,154965,,154965,153291,18495,ch1070160599,blockwise,evo,我好像…………在哪里见过你啊。,はて…………どっかで見た顔だな。,はて…………どっかで見た顔だな。
67449,mp2000_ev,154967,,154967,152703,18449,ch0010160600,blockwise,evo,咦，如此说来……,あれ、そう言えば……,あれ、そう言えば……
67450,mp2000_ev,154970,,154970,152721,18500,ch1070160601,blockwise,evo,哦，我想起来了。,おう、なんだ。,おう、なんだ。
67451,mp2000_ev,154972,,154972,152733,18451,ch1070160602,blockwise,evo,你不就是洛连特的那个乡下女孩吗！,おまえはロレントの田舎娘ではないか。,おまえはロレントの田舎娘ではないか。
67452,mp2000_ev,154984,,154984,153369,18496,ch0010160603,blockwise,evo,啊！,げげっ！,げげっ！
67453,mp2000_ev,154986,,154986,153381,18497,ch0010160604,blockwise,evo,你、你是那个采蘑菇的大奸商！,あ、あんたはキノコを探してた悪徳商人！,あ、あんたはキノコを探してた悪徳商人！
67454,mp2000_ev,154989,,154989,153399,18498,ch0020160605,blockwise,evo,艾丝蒂尔……你太没礼貌了。,エステル……さすがに失礼すぎるよ。,エステル……さすがに失礼すぎるよ。
67455,mp2000_ev,155000,,155000,152901,18455,ch1070160606,blockwise,evo,你还是和当时一样，连最基本的礼仪都不懂啊。,相変わらず最低限の礼儀もわきまえておらんようだな。,相変わらず最低限の礼儀もわきまえておらんようだな。
67456,mp2000_ev,155003,,155003,152919,18456,ch1070160607,blockwise,evo,真是的，所以我一直都觉得乡下人──,まったくこれだから田舎育ちは……,まったくこれだから田舎育ちは……
67457,mp2000_ev,155014,,155014,152985,18457,ch0010160608,blockwise,evo,满、满口胡言～你这个古怪食材收集狂。,う、うっさいわね～。ゲテモノ食材マニアのくせに。,う、うっさいわね〜。ゲテモノ食材マニアのくせに。
67458,mp2000_ev,155016,,155016,152997,18458,ch0010160609,blockwise,evo,这次肯定也是为了寻找古怪食材而来的吧？,どうせ今だって変な食べ物を捜してたんでしょ。,どうせ今だって変な食べ物を捜してたんでしょ。
67459,mp2000_ev,155026,,155026,153057,18459,ch1070160610,blockwise,evo,哼，我今天已经采摘到了珍贵的野菜。,ふん、今日はもう貴重な山菜を収穫した後だ。,ふん、今日はもう貴重な山菜を収穫した後だ。
67460,mp2000_ev,155028,,155028,153069,18460,ch1070160611,blockwise,evo,这种野菜可是比“荧光菇”更具特色的食材哦。,この山菜はな、あの『ホタル茸』よりもさらに個性的な食材なんだぞ。,この山菜はな、あの『ホタル茸』よりもさらに個性的な食材なんだぞ。
67461,mp2000_ev,155030,,155030,153081,18461,ch1070160612,blockwise,evo,哼哼，这次的生意肯定会谈得很顺利，绝对不会再像上次一样了。,ふふん、今度こそ商談もうまくいくだろう。,ふふん、今度こそ商談もうまくいくだろう。
67462,mp2000_ev,155039,,155039,153135,18462,ch0010160613,blockwise,evo,哎？言下之意……,あれれ？今度こそってことは……,あれれ？今度こそってことは……
67463,mp2000_ev,155041,,155041,153147,18463,ch0010160614,blockwise,evo,上次那个“荧光菇”没卖出去吗？,あの『ホタル茸』ってやつはやっぱり売れなかったのね？,あの『ホタル茸』ってやつはやっぱり売れなかったのね？
67464,mp2000_ev,155052,,155052,153213,18464,ch1070160615,blockwise,evo,少、少啰嗦！,う、うるさい！,う、うるさい！
67465,mp2000_ev,155054,,155054,153225,18465,ch1070160616,blockwise,evo,只、只不过是当时正巧没人需要而已。,たまたま需要がなかっただけの話だ。,たまたま需要がなかっただけの話だ。
67466,mp2000_ev,155063,,155063,153249,18493,ch1070160597,blockwise,evo,多亏你们，我毫发无──,君たちのおかげでかすり傷ひとつ…………,君たちのおかげでかすり傷ひとつ…………
67467,mp2000_ev,155067,,155067,153273,18494,ch1070160645,blockwise,evo,…………嗯？,…………んん？,…………んん？
67468,mp2000_ev,155070,,155070,153291,18495,ch1070160599,blockwise,evo,我好像…………在哪里见过你啊。,はて…………どっかで見た顔だな。,はて…………どっかで見た顔だな。
67469,mp2000_ev,155084,,155084,153369,18496,ch0010160603,blockwise,evo,啊！,げげっ！,げげっ！
67470,mp2000_ev,155086,,155086,153381,18497,ch0010160604,blockwise,evo,你、你是那个采蘑菇的大奸商！,あ、あんたはキノコを探してた悪徳商人！,あ、あんたはキノコを探してた悪徳商人！
67471,mp2000_ev,155089,,155089,153399,18498,ch0020160605,blockwise,evo,艾丝蒂尔……你太没礼貌了。,エステル……さすがに失礼すぎるよ。,エステル……さすがに失礼すぎるよ。
67472,mp2000_ev,155097,,155097,153423,18499,ch0010160650,blockwise,evo,哎，是吗？,あれ、そうだっけ？,あれ、そうだっけ？
67473,mp2000_ev,155114,,155114,153507,18500,ch1070160601,blockwise,evo,哦，我想起来了。,おう、なんだ。,おう、なんだ。
67474,mp2000_ev,155117,,155117,153525,18501,ch1070160652,blockwise,evo,你们是洛连特的那两个游击士。,ロレントで会った遊撃士ではないか。,ロレントで会った遊撃士ではないか。
67475,mp2000_ev,155125,,155125,153573,18502,ch0020160653,blockwise,evo,好久不见了。,お久しぶりです。,お久しぶりです。
67476,mp2000_ev,155128,,155128,153591,18503,ch0020160654,blockwise,evo,工作还顺利吗？,お仕事の方は順調ですか？,お仕事の方は順調ですか？
67477,mp2000_ev,155136,,155136,153639,18504,ch1070160655,blockwise,evo,嗯，我今天采摘到了珍贵的野菜。,うむ、今日も貴重な山菜を収穫してきたよ。,うむ、今日も貴重な山菜を収穫してきたよ。
67478,mp2000_ev,155138,,155138,153651,18505,ch1070160656,blockwise,evo,这种野菜是比“荧光菇”更具特色的食材。,この山菜はあの『ホタル茸』よりもさらに個性的だからな。,この山菜はあの『ホタル茸』よりもさらに個性的だからな。
67479,mp2000_ev,155141,,155141,153669,18506,ch1070160657,blockwise,evo,有了它，这次的生意肯定会谈得很顺利。,今度の商談はきっとうまくいくだろう。,今度の商談はきっとうまくいくだろう。
67480,mp2000_ev,155149,,155149,153693,18534,ch1070160685,blockwise,evo,多亏你们，我毫发无伤。,君たちのおかげでかすり傷ひとつないぞ。,君たちのおかげでかすり傷ひとつないぞ。
67481,mp2000_ev,155152,,155152,153711,18535,ch1070160686,blockwise,evo,不愧是游击士啊，真是本领高超。,さすがに遊撃士だな。見事なお手並みだったよ。,さすがに遊撃士だな。見事なお手並みだったよ。
67482,mp2000_ev,155163,,155163,153777,18536,ch0010160687,blockwise,evo,对了，你来这里干什么啊？,でも、こんな山道で一体何をしてたの？,でも、こんな山道で一体何をしてたの？
67483,mp2000_ev,155170,,155170,153819,18537,ch1070160688,blockwise,evo,哦，我是专门销售高级食材的商人。,うむ、私は高級食材を専門に扱う商人でな。,うむ、私は高級食材を専門に扱う商人でな。
67484,mp2000_ev,155172,,155172,153831,18538,ch1070160689,blockwise,evo,为了寻找珍贵的野菜，我今天才会来这种地方。,今日は貴重な山菜を捜しにこの山道へと来たのだよ。,今日は貴重な山菜を捜しにこの山道へと来たのだよ。
67485,mp2000_ev,155175,,155175,153849,18539,ch0060160690,blockwise,evo,野菜…………？,山菜…………？,山菜…………？
67486,mp2000_ev,155213,,155213,153981,18540,ch0060160691,blockwise,evo,对了，艾丝蒂尔。,ねえ、エステルさん。,ねえ、エステルさん。
67487,mp2000_ev,155222,,155222,154035,18541,ch0060160618,blockwise,evo,说起野菜，你有没有想到什么？,山菜と聞いて何か思い出しませんか？,山菜と聞いて何か思い出しませんか？
67488,mp2000_ev,155232,,155232,154095,18542,ch0010160619,blockwise,evo,啊，说起来……,あ、そう言えば……,あ、そう言えば……
67489,mp2000_ev,155234,,155234,154107,18543,ch0020160620,blockwise,evo,阿梅莉娅小姐之前在玛诺利亚村对我们提到过。,マノリア村で会ったアメリアさんだね。,マノリア村で会ったアメリアさんだね。
67490,mp2000_ev,155241,,155241,154149,18544,ch1070160621,blockwise,evo,你说阿梅莉娅？,アメリアだと？,アメリアだと？
67491,mp2000_ev,155246,,155246,154179,18545,ch1070160622,blockwise,evo,我的侄女就叫阿梅莉娅……,アメリアというのはわしの姪だが……,アメリアというのはわしの姪だが……
67492,mp2000_ev,155260,,155260,154263,18546,ch0010160623,blockwise,evo,哎…………？,え…………？,え…………？
67493,mp2000_ev,155263,,155263,154281,18547,ch0010160624,blockwise,evo,……这么说，他就是阿梅莉娅小姐的叔叔吗？,……ってことは、この人がアメリアさんの叔父さん？,……ってことは、この人がアメリアさんの叔父さん？
67494,mp2000_ev,155266,,155266,154299,18548,ch0020160625,blockwise,evo,应该没错。,どうも、そうみたいだね。,どうも、そうみたいだね。
67495,mp2000_ev,155269,,155269,154317,18549,ch1070160626,blockwise,evo,怎么回事？我侄女怎么了？,あいつがどうかしたのか？,あいつがどうかしたのか？
67496,mp2000_ev,155275,,155275,154353,18550,ch0020160627,blockwise,evo,阿梅莉娅小姐之前委托我们护送您上山……,実はアメリアさんからあなたを護衛して欲しいという依頼があったんですが……,実はアメリアさんからあなたを護衛して欲しいという依頼があったんですが……
67497,mp2000_ev,155277,,155277,154365,18551,ch0020160628,blockwise,evo,不过，当我们赶到玛诺利亚村的时候，您已经出发了。,僕たちがマノリアに来たときにはもうあなたは出発した後だったんです。,僕たちがマノリアに来たときにはもうあなたは出発した後だったんです。
67498,mp2000_ev,155292,,155292,154455,18552,ch1070160629,blockwise,evo,……唔，是这样啊。真是让阿梅莉娅担心了。,……うむ、そうだったな。確かにアメリアには悪いことをした。,……うむ、そうだったな。確かにアメリアには悪いことをした。
67499,mp2000_ev,155295,,155295,154473,18553,ch1070160630,blockwise,evo,不过，这也没办法。,だが、仕方がなかったのだよ。,だが、仕方がなかったのだよ。
67500,mp2000_ev,155297,,155297,154485,18554,ch1070160631,blockwise,evo,为了这次要谈的生意，我必须得提前找到足够吸引人的商品……,次の商談までに目玉商品を用意する必要が……,次の商談までに目玉商品を用意する必要が……
67501,mp2000_ev,155309,,155309,154557,18555,ch0010160632,blockwise,evo,那也不能为此冒险啊，你刚才差点就成为魔兽的食物了。,でも、そのせいで危うく魔獣の餌食になるとこだったんじゃない。,でも、そのせいで危うく魔獣の餌食になるとこだったんじゃない。
67502,mp2000_ev,155312,,155312,154575,18556,ch0010160633,blockwise,evo,要是连命都没了，还谈什么生意。,それじゃ商談もなにもないと思うんだけど。,それじゃ商談もなにもないと思うんだけど。
67503,mp2000_ev,155314,,155314,154587,18557,ch1070160634,blockwise,evo,…………唔。,…………む。,…………む。
67504,mp2000_ev,155317,,155317,154605,18558,ch0010160635,blockwise,evo,回去之后，要向阿梅莉娅小姐道歉哦。,帰ったらちゃんとアメリアさんに謝ってよね。,帰ったらちゃんとアメリアさんに謝ってよね。
67505,mp2000_ev,155319,,155319,154617,18559,ch0010160636,blockwise,evo,她现在一定非常担心。,きっとすごく心配してると思うわよ。,きっとすごく心配してると思うわよ。
67506,mp2000_ev,155331,,155331,154689,18560,ch1070160637,blockwise,evo,…………嗯，我明白了。,…………うむ、分かったよ。,…………うむ、分かったよ。
67507,mp2000_ev,155334,,155334,154707,18561,ch1070160638,blockwise,evo,到格兰赛尔谈完生意之后，我一定会去向她郑重道歉的。,次のグランセルでの商談が済んだらきちんと詫びに行くと約束しよう。,次のグランセルでの商談が済んだらきちんと詫びに行くと約束しよう。
67508,mp2000_ev,155345,,155345,154773,18562,ch0020160639,blockwise,evo,嗯，这样最好。,ええ、僕もそうした方がいいと思います。,ええ、僕もそうした方がいいと思います。
67509,mp2000_ev,155349,,155349,154797,18563,ch0020160640,blockwise,evo,…………那么，这就出发吧。,…………それじゃ、そろそろ行きましょう。,…………それじゃ、そろそろ行きましょう。
67510,mp2000_ev,155351,154809,155351,154809,,,unmatched,evo,我们送您到村子吧。,村までお送りしますよ。,
67511,mp2000_ev,155354,,155354,154827,18565,ch1070160642,exact,evo,哦，非常感谢。,おお、それはありがたい。,おお、それはありがたい。
67512,mp2000_ev,155356,,155356,154839,18566,ch1070160643,exact,evo,那就麻烦你们了。,ではお願いするよ。,ではお願いするよ。
67513,mp2000_ev,156377,,156377,155758,24748,ch1070160722,blockwise,evo,哦，送到这里就可以了。,ふむ、ここで結構だ。,ふむ、ここで結構だ。
67514,mp2000_ev,156379,,156379,155770,24749,ch1070160723,blockwise,evo,今天真是多谢你们了。,今日は色々と世話になったな。,今日は色々と世話になったな。
67515,mp2000_ev,156385,,156385,155800,24750,ch1070160724,blockwise,evo,我有个提议。借此机会，我们就把上次的事情一笔勾销吧。,どうだろう。この機会に、以前のことは水に流してくれないだろうか。,どうだろう。この機会に、以前のことは水に流してくれないだろうか。
67516,mp2000_ev,156387,,156387,155812,24751,ch1070160725,blockwise,evo,说起来，我们也算挺有缘分啊。,どうも君たちとは縁があるみたいだからな。,どうも君たちとは縁があるみたいだからな。
67517,mp2000_ev,156390,,156390,155830,24752,ch1070160726,blockwise,evo,如果可以，我希望和你们交个朋友，在以后的工作中互相帮助……,できればこれからも良い仕事仲間であって欲しいと思うのだが……,できればこれからも良い仕事仲間であって欲しいと思うのだが……
67518,mp2000_ev,156406,,156406,155926,24753,ch0020160727,blockwise,evo,我倒是没有异议……艾丝蒂尔，你呢？,だそうだけど……エステルはどうなの？,だそうだけど……エステルはどうなの？
67519,mp2000_ev,156417,,156417,155992,24754,ch0010160728,blockwise,evo,唔…………,むう…………,むう…………
67520,mp2000_ev,156421,,156421,156016,24755,ch0010160729,blockwise,evo,好吧，既然您都这么说了，我当然没有反对之理。,まあ、オーヴィッドさんがそう言うならあたしは構わないわよ。,まあ、オーヴィッドさんがそう言うならあたしは構わないわよ。
67521,mp2000_ev,156430,,156430,156070,24756,ch0020160730,blockwise,evo,握手言和了啊……,和解成立……だね。,和解成立……だね。
67522,mp2000_ev,156436,,156436,156106,24757,ch0020160731,blockwise,evo,既然如此，今后就请您多多关照了。,それではこれからも宜しくお願いします。,それではこれからも宜しくお願いします。
67523,mp2000_ev,156445,,156445,156160,24758,ch1070160732,blockwise,evo,嗯，听你们这样说，我真的很开心。,うむ、そう言ってくれるとこちらも嬉しいよ。,うむ、そう言ってくれるとこちらも嬉しいよ。
67524,mp2000_ev,156448,,156448,156178,24759,ch1070160733,blockwise,evo,那我们就在下次的工作中再会吧。,ではな、また次の仕事で会おう。,ではな、また次の仕事で会おう。
67525,mp2000_ev,156460,,156460,156226,24760,ch0010160734,blockwise,evo,嗯，请加油工作哦。,うん、お仕事がんばってね。,うん、お仕事がんばってね。
67526,mp2000_ev,156462,,156462,156238,24761,ch0020160735,blockwise,evo,那么，我们告辞了。,それでは、ここで失礼します。,それでは、ここで失礼します。
67527,mp2000_ev,156470,,156470,156286,24762,ch1070160736,blockwise,evo,嗯，再见，我们在下次的工作中再会吧。,うむ、ではな。また次の仕事で会おう。,うむ、ではな。また次の仕事で会おう。
67528,mp2000_ev,158277,,158277,156943,30052,ch1860170602,blockwise,evo,请问…………大人有没有改主意？,それで…………閣下のお気持ちに変化は？,それで…………閣下のお気持ちに変化は？
67529,mp2000_ev,158285,,158285,156991,30053,ch0660170603,blockwise,evo,大人一旦把话说出口，就再也不会妥协……,閣下は、一度言い出したらテコでも動かない御方…………,閣下は、一度言い出したらテコでも動かない御方…………
67530,mp2000_ev,158287,,158287,157003,30054,ch0660170604,blockwise,evo,所以，他肯定要在这里留宿，除非自己改变了想法。,何とかしてお気持ちを変えぬ限り、ここにお泊りになると思います。,何とかしてお気持ちを変えぬ限り、ここにお泊りになると思います。
67531,mp2000_ev,158291,,158291,157027,30055,ch1860170605,blockwise,evo,呼，这样啊…………,ふう、そうか…………,ふう、そうか…………
67532,mp2000_ev,158293,,158293,157039,30056,ch1860170606,blockwise,evo,既然如此，我们说什么都没用了，只能等游击士过来处理。,それでは遊撃士が来るまで手の打ちようがないな。,それでは遊撃士が来るまで手の打ちようがないな。
67533,mp2000_ev,158302,,158302,157093,30057,ch0660170607,blockwise,evo,很遗憾，正是如此。,はい、残念ながら。,はい、残念ながら。
67534,mp2000_ev,158304,,158304,157105,30058,ch0660170608,blockwise,evo,那么，我就先告辞了………,では、私はこれで…………,では、私はこれで…………
67535,mp2000_ev,158307,,158307,157123,30059,ch1860170609,blockwise,evo,…………嗯。,…………うむ。,…………うむ。
67536,mp2000_ev,158352,,158352,157393,30060,ch0010170610,blockwise,evo,…………哎？,…………あれ？,…………あれ？
67537,mp2000_ev,158354,,158354,157405,30061,ch0010170611,blockwise,evo,刚才那个人有点眼熟……,今の人どっかで……,今の人どっかで……
67538,mp2000_ev,158360,,158360,157441,30062,ch1860170612,blockwise,evo,哦哦，你们……！,おお、君たちは！,おお、君たちは！
67539,mp2000_ev,158382,,158382,157573,30063,ch1860170613,blockwise,evo,你们就是游击士吧？,もしや、遊撃士ではないか？,もしや、遊撃士ではないか？
67540,mp2000_ev,158386,,158386,157591,30064,ch1860170614,blockwise,evo,你们总算来了。我是守备队队长哈恩。,よく来てくれた。私は守備隊隊長のハーンだ。,よく来てくれた。私は守備隊隊長のハーンだ。
67541,mp2000_ev,158390,,158390,157615,30065,ch0010170615,blockwise,evo,啊，初次见面。我是准游击士艾丝蒂尔。,あ、はじめまして。準遊撃士のエステルよ。,あ、はじめまして。準遊撃士のエステルよ。
67542,mp2000_ev,158393,,158393,157633,37345,ch0020170616,blockwise,evo,我是准游击士约书亚。,同じくヨシュアです。,同じくヨシュアです。
67543,mp2000_ev,158395,,158395,157645,30067,ch0020170617,blockwise,evo,我们从公告栏上了解到，这里来了一位很会给人添麻烦的旅行者……,掲示板には迷惑な旅行者がいると出ていたようですが……,掲示板には迷惑な旅行者がいると出ていたようですが……
67544,mp2000_ev,158402,,158402,157663,30068,ch0010170618,blockwise,evo,嗯，然后呢？,え、そうだけど？,え、そうだけど？
67545,mp2000_ev,158404,,158404,157675,30069,ch0020170619,blockwise,evo,目前出现什么问题了吗？,何か問題でもあるんですか？,何か問題でもあるんですか？
67546,mp2000_ev,158417,,158417,157735,30070,ch1860170620,blockwise,evo,嗯，是的。,ああ、そうなんだ。,ああ、そうなんだ。
67547,mp2000_ev,158419,,158419,157747,30071,ch1860170621,blockwise,evo,确实来了一个性格非常恶劣的旅行者……我们实在是不知该如何应付他。,実はタチの悪い旅行者がいてな……その人物の対処に困ってるんだよ。,実はタチの悪い旅行者がいてな……その人物の対処に困ってるんだよ。
67548,mp2000_ev,158423,,158423,157801,30072,ch1860170622,blockwise,evo,如果可以，希望你们帮帮忙。,良かったら、君たちの力を貸してもらえないだろうか？,良かったら、君たちの力を貸してもらえないだろうか？
67549,mp2000_ev,158430,,158430,157789,29885,ch1860170632,exact,evo,现在有空了吗？,もう、手は空いたかな？,もう、手は空いたかな？
67550,mp2000_ev,158432,,158432,157801,29886,ch1860170633,exact,evo,如果可以，希望你们帮帮忙。,良かったら、君たちの力を貸してもらえないだろうか？,良かったら、君たちの力を貸してもらえないだろうか？
67551,mp2000_ev,158453,,158453,157879,30076,ch0010170626,blockwise,evo,抱歉，现在不方便。,ごめん、ちょっと今は無理なんだ。,ごめん、ちょっと今は無理なんだ。
67552,mp2000_ev,158458,,158458,157903,29891,ch1860170638,blockwise,evo,这可麻烦了……,それは困ったな……,それは困ったな……
67553,mp2000_ev,158460,,158460,157957,29892,ch1860170639,blockwise,evo,看来我们只能去尝试说服他了，不过多半会无功而返。,もうしばらく自分たちだけで頑張ってみるがとても上手くいくとは思えん。,もうしばらく自分たちだけで頑張ってみるがとても上手くいくとは思えん。
67554,mp2000_ev,158462,,158462,157969,29893,ch1860170640,blockwise,evo,你们稍后要是有空了，还请尽快回来。,用事が済んだら早く戻ってきてくれたまえ。,用事が済んだら早く戻ってきてくれたまえ。
67555,mp2000_ev,158469,,158469,157945,30077,ch1860170627,blockwise,evo,是吗，这可麻烦了……,そうか、だがそれは困ったな……,そうか、だがそれは困ったな……
67556,mp2000_ev,158471,,158471,157957,30078,ch1860170628,blockwise,evo,看来我们只能去尝试说服他了，不过多半会无功而返。,もうしばらく自分たちだけで頑張ってみるがとても上手くいくとは思えん。,もうしばらく自分たちだけで頑張ってみるがとても上手くいくとは思えん。
67557,mp2000_ev,158473,,158473,157969,30079,ch1860170629,blockwise,evo,你们稍后要是有空了，还请尽快回来。,手が空いたら早く戻ってきてくれたまえ。,手が空いたら早く戻ってきてくれたまえ。
67558,mp2000_ev,158485,,158485,158023,30080,ch0020170630,blockwise,evo,好的，知道了。,はい、分かりました。,はい、分かりました。
67559,mp2000_ev,158488,,158488,158041,30081,ch1860170631,blockwise,evo,唔，拜托啦。,うむ、よろしくな。,うむ、よろしくな。
67560,mp2000_ev,158506,,158506,158113,30073,ch0010150127,blockwise,evo,嗯，好的。,うん、いいわよ。,うん、いいわよ。
67561,mp2000_ev,158509,,158509,158131,30074,ch1860170624,blockwise,evo,谢谢，真是感激不尽。,ありがとう、助かるよ。,ありがとう、助かるよ。
67562,mp2000_ev,158511,,158511,158143,30075,ch1860170625,blockwise,evo,好，那我们去楼下详谈吧。,よし、それでは詳しいことは下で話すとしよう。,よし、それでは詳しいことは下で話すとしよう。
67563,mp2000_ev,160380,,160380,159083,20175,ch0010170112,blockwise,evo,…………嗯？,…………んん？,…………んん？
67564,mp2000_ev,160387,,160387,159125,20176,ch0020170113,blockwise,evo,怎么了？,どうしたの？,どうしたの？
67565,mp2000_ev,160390,,160390,159143,20177,ch0010170114,blockwise,evo,……那、那里是不是有张卡片？,……あ、あれ。カードじゃない？,……あ、あれ。カードじゃない？
67566,mp2000_ev,160412,,160412,159245,20178,ch0020170115,blockwise,evo,嗯…………？,うん…………？,うん…………？
67567,mp2000_ev,160418,,160418,159281,20186,ch0010160011,blockwise,evo,怎么了？,どしたの？,どしたの？
67568,mp2000_ev,160420,,160420,159293,20180,ch0020170117,blockwise,evo,…………是卡片。,…………カードだ。,…………カードだ。
67569,mp2000_ev,160422,,160422,159305,20181,ch0010170118,blockwise,evo,……哎！？,……えっ！？,……えっ！？
67570,mp2000_ev,160424,,160424,159317,20182,ch0010170119,blockwise,evo,在、在哪里？,ど、どこに？,ど、どこに？
67571,mp2000_ev,160427,,160427,159335,20183,ch0020170120,blockwise,evo,在那块金属板上面。,あのプレートの上だよ。,あのプレートの上だよ。
67572,mp2000_ev,160442,,160442,159581,20184,ch0010170121,blockwise,evo,啊！真的！,あっ、ほんとだ！,あっ、ほんとだ！
67573,mp2000_ev,160448,,160448,159437,20185,ch0060170122,blockwise,evo,啊…………,あっ…………,あっ…………
67574,mp2000_ev,160452,,160452,159461,20186,ch0010160011,blockwise,evo,怎么了？,どしたの？,どしたの？
67575,mp2000_ev,160455,,160455,159479,20187,ch0060170124,blockwise,evo,那里有一张卡片……,あそこにカードが……,あそこにカードが……
67576,mp2000_ev,160457,,160457,159491,20188,ch0010170125,blockwise,evo,哎…………！？,ええ…………！？,ええ…………！？
67577,mp2000_ev,160472,,160472,159581,20189,ch0010170126,blockwise,evo,啊！真的！,あっ、ほんとだ！,あっ、ほんとだ！
67578,mp2000_ev,160478,,160478,159599,20190,ch0020170127,blockwise,evo,……我看看。,……確認してみよう。,……確認してみよう。
67579,mp2000_ev,160501,,160501,159737,20191,ch0020170128,blockwise,evo,…………果然没错。,…………間違いないね。,…………間違いないね。
67580,mp2000_ev,160503,,160503,159749,20192,ch0020170129,blockwise,evo,和我们在市长官邸看到的卡片一样。,市長邸で見せてもらったのと同じカードが貼り付けてある。,市長邸で見せてもらったのと同じカードが貼り付けてある。
67581,mp2000_ev,160517,,160517,159833,20193,ch0020170130,blockwise,evo,我明白了…………所谓的“三眼巨人”，原来是这个含义……,そうか…………『３つ目』っていうのはこのことだったのか……,そうか…………『３つ目』っていうのはこのことだったのか……
67582,mp2000_ev,160520,,160520,159851,20194,ch0010170131,blockwise,evo,啊，原来如此。这样一看，确实很像三只眼睛。,あ、なるほど。言われてみれば３つ目かも。,あ、なるほど。言われてみれば３つ目かも。
67583,mp2000_ev,160523,,160523,159869,20195,ch0010170132,blockwise,evo,那…………这张卡片上又写了什么呢？,で…………カードにはなんて書いてあるの？,で…………カードにはなんて書いてあるの？
67584,mp2000_ev,160526,,160526,159887,20196,ch0020170133,blockwise,evo,嗯，来看看吧。,うん、見てみよう。,うん、見てみよう。
67585,mp2000_ev,160554,,160554,161182,20197,ch0170170134,vector_search (0.96),evo,“啊，探寻者们。　像女神爱德斯一样　直视真相的人啊。,『ああ、求める者よ。　女神のごとく　眼に真実だけを迎え入れる者よ。,『ああ、求める者よ。女神のごとく眼（エイドスまなこ）に真実だけを迎え入れる者よ。赤と黒とが繰り広げる果てなき円舞へと向かうのだ。さすれば求める者よ、なんじはやがて蒼き光に至らん。怪盗Ｂ』
67586,mp2000_ev,160556,160067,160556,160067,,,unmatched,evo,　前往红黑交织的  　无尽圆舞曲所在之处吧。,　赤と黒とが繰り広げる　果てなき円舞へと向かうのだ。,
67587,mp2000_ev,160558,160079,160558,160079,,,unmatched,evo,　如此这般，追寻者啊，　汝终将抵达苍蓝之光。　　　　　　　　　　　　　怪盗Ｂ”,　さすれば求める者よ、　なんじはやがて蒼き光に至らん。　　　　　　　　　　　　　怪盗Ｂ』,
67588,mp2000_ev,160573,,160573,160169,20198,ch0010170135,exact,evo,需要记录的重点内容显而易见。,メモするところはもう決まってるわよね。,メモするところはもう決まってるわよね。
67589,mp2000_ev,160575,,160575,160181,20199,ch0010170136,normalized,evo,“前往红黑交织的  　无尽圆舞曲所在之处”──就是这句。,『赤と黒とが繰り広げる  果てなき円舞へと向かうのだ。』…………ってところ。,『赤と黒とが繰り広げる果てなき円舞へと向かうのだ。』…………ってところ。
67590,mp2000_ev,160577,,160577,160193,20200,ch0060170137,blockwise,evo,红黑交织……,赤と黒……ですか。,赤と黒……ですか。
67591,mp2000_ev,160582,,160582,160223,20201,ch0060170138,blockwise,evo,应该也是指卢安市内的某个地方吧？,やはりこれも、ルーアンの中のどこかなのでしょうか？,やはりこれも、ルーアンの中のどこかなのでしょうか？
67592,mp2000_ev,160586,,160586,160247,20202,ch0020170139,blockwise,evo,多半如此。,たぶん、そうだと思う。,たぶん、そうだと思う。
67593,mp2000_ev,160588,,160588,160259,20203,ch0020170140,blockwise,evo,这个犯人似乎以出谜题为乐……,犯人は謎なぞを楽しみたいみたいだから……,犯人は謎なぞを楽しみたいみたいだから……
67594,mp2000_ev,160590,,160590,160271,20204,ch0020170141,blockwise,evo,所以应该不会违反自己制定的规则。,自分からルールを破るようなことはしないだろうね。,自分からルールを破るようなことはしないだろうね。
67595,mp2000_ev,160592,,160592,160283,20205,ch0010170142,blockwise,evo,真是个喜欢捉弄人的家伙啊。,まったくふざけた奴よね。,まったくふざけた奴よね。
67596,mp2000_ev,160594,,160594,160295,20206,ch0010170143,blockwise,evo,也罢，我们这就去寻找下一个地点吧。,ま、とにかく次を捜しに行きましょ。,ま、とにかく次を捜しに行きましょ。
67597,mp2000_ev,161509,,161509,160792,21353,ch0020170162,blockwise,evo,原来如此，“独眼狮子”…………,なるほど、『１つ目の獅子』か…………,なるほど、『１つ目の獅子』か…………
67598,mp2000_ev,161511,,161511,160804,21354,ch0020170163,blockwise,evo,说起来，这东西确实有点像狮子呢。,言われてみれば獅子に見えないこともないかな？,言われてみれば獅子に見えないこともないかな？
67599,mp2000_ev,161514,,161514,160822,21355,ch0010170164,blockwise,evo,而且这里正是“陆地之港”。,ここはまさに『陸の港』だしね。,ここはまさに『陸の港』だしね。
67600,mp2000_ev,161516,,161516,160834,21356,ch0010170165,blockwise,evo,肯定没错了。,ぜったい間違いないわよ。,ぜったい間違いないわよ。
67601,mp2000_ev,161519,,161519,160852,21357,ch0020170166,blockwise,evo,是啊，那就调查一下吧。,そうだね。じゃ、調べてみよう。,そうだね。じゃ、調べてみよう。
67602,mp2000_ev,161542,,161542,160990,21358,ch0020170167,blockwise,evo,好，果然有卡片。,よし、カードがあった。,よし、カードがあった。
67603,mp2000_ev,161546,,161546,161014,21359,ch0020170168,blockwise,evo,赶快看看吧。,早速、内容を確認しようか。,早速、内容を確認しようか。
67604,mp2000_ev,161549,,161549,161032,21360,ch0010170169,blockwise,evo,嗯！,おうっ！,おうっ！
67605,mp2000_ev,161574,,161574,161182,21361,ch0170170170,vector_search (0.94),evo,“啊，探寻者们。　像女神爱德斯一样　直视真相的人啊。,『ああ、求める者よ。　女神のごとく　眼に真実だけを迎え入れる者よ。,『ああ、求める者よ。女神のごとく眼（エイドスまなこ）に真実だけを迎え入れる者よ。
67606,mp2000_ev,161576,161194,161576,161194,,,unmatched,evo,　越过吊桥，　前往钢铁之鹤旁边　安息着的木桶们那里吧。,　跳ね橋の向こう、　鋼鉄の鶴のそばでやすらう　タルたちのもとへ向かうのだ。,
67607,mp2000_ev,161578,161206,161578,161206,,,unmatched,evo,　如此这般，追寻者啊，　汝终将抵达苍蓝之光。　　　　　　　　　　　　　　怪盗Ｂ”,　さすれば求める者よ、　なんじはやがて蒼き光に至らん。　　　　　　　　　　　　　　怪盗Ｂ』,
67608,mp2000_ev,161589,,161589,161272,21363,ch0010170172,blockwise,evo,唔……怎么还是这种内容。这次又要去找“钢铁之鹤”了啊。,うーん、相変わらずの内容ね。今度は『鋼鉄の鶴』ときたか。,うーん、相変わらずの内容ね。今度は『鋼鉄の鶴』ときたか。
67609,mp2000_ev,161591,,161591,161284,21364,ch0010170173,blockwise,evo,“越过吊桥”应该就是指港口那边吧……,『跳ね橋の向こう』ってことは港の方だってことなんだろうけど……,『跳ね橋の向こう』ってことは港の方だってことなんだろうけど……
67610,mp2000_ev,161594,,161594,161302,21365,ch0010170174,blockwise,evo,呼，我们究竟要被对方戏耍到什么时候啊。,ふう、いつまでこんなことさせる気なんだろ。,ふう、いつまでこんなことさせる気なんだろ。
67611,mp2000_ev,161598,,161598,161326,21366,ch0060170175,blockwise,evo,呵呵，应该离结束不远了。,ふふ、きっともう少しで終わりですよ。,ふふ、きっともう少しで終わりですよ。
67612,mp2000_ev,161600,,161600,161338,21367,ch0060170176,blockwise,evo,再坚持一下吧，艾丝蒂尔。,それまで頑張りましょう。エステルさん。,それまで頑張りましょう。エステルさん。
67613,mp2000_ev,161607,,161607,161380,21368,ch0020170177,blockwise,evo,艾丝蒂尔…………你怎么还要靠人家鼓励啊。,エステル…………君が励まされてどうするのさ。,エステル…………君が励まされてどうするのさ。
67614,mp2000_ev,161610,,161610,161398,21369,ch0010170178,blockwise,evo,唔…………,あう゛…………,あヴ…………
67615,mp2000_ev,161612,,161612,161410,21370,ch0010170179,blockwise,evo,只、只是觉得有点累而已嘛。,ちょ、ちょっと疲れてきただけよ。,ちょ、ちょっと疲れてきただけよ。
67616,mp2000_ev,161615,,161615,161428,21371,ch0010170180,blockwise,evo,好、好啦，我们鼓足干劲，继续去找吧！,ほ、ほらっ、気合入れ直して行くわよ！,ほ、ほらっ、気合入れ直して行くわよ！
67617,mp2000_ev,161618,,161618,161446,21372,ch0020170181,blockwise,evo,真是的……,まったく……,まったく……
67618,mp2000_ev,162974,,162974,161870,21056,ch0010170182,blockwise,evo,唔……,むう……,むう……
67619,mp2000_ev,162976,,162976,161882,21057,ch0010170183,blockwise,evo,真奇怪啊。,おっかしいわね。,おっかしいわね。
67620,mp2000_ev,162978,,162978,161894,21058,ch0020170184,blockwise,evo,所谓的“钢铁之鹤”，应该就是指这个起重机……,『鋼鉄の鶴』っていうのはこのクレーンに間違いないと思うけど……,『鋼鉄の鶴』っていうのはこのクレーンに間違いないと思うけど……
67621,mp2000_ev,162981,,162981,161912,21059,ch0060170185,blockwise,evo,但却没看到最重要的“木桶”啊……,肝心の『タル』が見当たりませんね…………,肝心の『タル』が見当たりませんね…………
67622,mp2000_ev,162984,,162984,161930,21060,ch0010170186,blockwise,evo,真是的，到底是怎么回事嘛。,まったく、どういうことなのよ。,まったく、どういうことなのよ。
67623,mp2000_ev,162998,,162998,162014,21061,ch0010170187,blockwise,evo,啊，这位大哥！,あ、お兄さん！,あ、お兄さん！
67624,mp2000_ev,163001,,163001,162032,21062,ch1790170188,blockwise,evo,哦，有什么事吗？,おう、なんだ？,おう、なんだ？
67625,mp2000_ev,163004,,163004,162050,21063,ch0010170189,blockwise,evo,你在这附近看到过木桶吗？,この辺りでタルを見なかった？,この辺りでタルを見なかった？
67626,mp2000_ev,163007,,163007,162068,21064,ch1790170190,blockwise,evo,木桶？,タルだあ？,タルだあ？
67627,mp2000_ev,163009,,163009,162080,21065,ch1790170191,blockwise,evo,那种东西，我也记不太清楚了。,そんなもんいちいち覚えてねえよ。,そんなもんいちいち覚えてねえよ。
67628,mp2000_ev,163011,,163011,162092,21066,ch1790170192,blockwise,evo,因为每个仓库里都有很多木桶。,どの倉庫ん中もタルだらけだぜ。,どの倉庫ん中もタルだらけだぜ。
67629,mp2000_ev,163022,,163022,162404,21080,ch0010170193,blockwise,evo,唔，这样啊……,まあ、そうよね……,まあ、そうよね……
67630,mp2000_ev,163024,,163024,162164,21068,ch0010170194,blockwise,evo,…………嗯？仓库？,…………ん？　倉庫？,…………ん？　倉庫？
67631,mp2000_ev,163026,,163026,162428,21082,ch0060170195,blockwise,evo,怎么了？,どうしました？,どうしました？
67632,mp2000_ev,163029,,163029,162464,21083,ch0010170196,blockwise,evo,嗯…………等一下。,うん…………ちょっと、ね。,うん…………ちょっと、ね。
67633,mp2000_ev,163042,,163042,162272,21071,ch0010170197,blockwise,evo,喂，我们之前不是找到过仓库的钥匙吗？,ねえ、この前倉庫の鍵を見つけたじゃない。,ねえ、この前倉庫の鍵を見つけたじゃない。
67634,mp2000_ev,163044,,163044,162284,21072,ch0020170198,blockwise,evo,嗯…………是哈古先生委托我们找的。,ええと…………ハーグさんって言う人の依頼だったよね。,ええと…………ハーグさんって言う人の依頼だったよね。
67635,mp2000_ev,163046,,163046,162296,21073,ch0010170199,blockwise,evo,他不是说过的吗？,あの人が言ってなかった？,あの人が言ってなかった？
67636,mp2000_ev,163048,,163048,162596,21088,ch0010170200,blockwise,evo,起重机周围的木桶都被搬进仓库了…………,クレーンの周りのタルを倉庫に移したって…………,クレーンの周りのタルを倉庫に移したって…………
67637,mp2000_ev,163052,,163052,162620,21089,ch0020170201,blockwise,evo,对啊…………,そうか…………,そうか…………
67638,mp2000_ev,163054,,163054,162632,21090,ch0020170202,blockwise,evo,原来这里的木桶都被搬到仓库里了。,ここにあったタルは倉庫に移動されちゃったのか。,ここにあったタルは倉庫に移動されちゃったのか。
67639,mp2000_ev,163056,,163056,162650,21077,ch0020170203,blockwise,evo,一定是这样。头脑很灵敏嘛，艾丝蒂尔。,きっとそれだよ。冴えてるね、エステル。,きっとそれだよ。冴えてるね、エステル。
67640,mp2000_ev,163059,,163059,162662,21078,ch0010170204,blockwise,evo,嘿嘿，偶尔啦。,えへへ、たまにはね。,えへへ、たまにはね。
67641,mp2000_ev,163061,,163061,162386,21079,ch0010170205,blockwise,evo,好，我们这就去问问哈古先生吧。,よしっ、速攻でハーグさんに話を聞きに行こう。,よしっ、速攻でハーグさんに話を聞きに行こう。
67642,mp2000_ev,163069,,163069,162404,21080,ch0010170193,blockwise,evo,唔，这样啊……,まあ、そうよね……,まあ、そうよね……
67643,mp2000_ev,163071,,163071,162416,21081,ch0010170207,blockwise,evo,……嗯？仓库？,……ん？　倉庫？,……ん？　倉庫？
67644,mp2000_ev,163073,,163073,162428,21082,ch0060170195,blockwise,evo,怎么了？,どうしました？,どうしました？
67645,mp2000_ev,163079,,163079,162464,21083,ch0010170196,blockwise,evo,嗯…………等一下。,うん…………ちょっと、ね。,うん…………ちょっと、ね。
67646,mp2000_ev,163092,,163092,162542,21084,ch0010170210,blockwise,evo,我说，我们之前不是听说过这方面的信息吗？,ねえ、この前そんな話を聞かなかった？,ねえ、この前そんな話を聞かなかった？
67647,mp2000_ev,163094,,163094,162554,21085,ch0020170211,blockwise,evo,嗯……你是指哈古先生的委托吧？,ええと……ハーグさんって言う人の依頼だったよね。,ええと……ハーグさんって言う人の依頼だったよね。
67648,mp2000_ev,163096,,163096,162566,21086,ch0020170212,blockwise,evo,他把仓库的钥匙丢失了。,倉庫の鍵を失くしたっていう。,倉庫の鍵を失くしたっていう。
67649,mp2000_ev,163099,,163099,162584,21087,ch0010170213,blockwise,evo,是啊，他不是说过吗？,そうそう。その人が言ってなかったっけ？,そうそう。その人が言ってなかったっけ？
67650,mp2000_ev,163101,,163101,162596,21088,ch0010170200,blockwise,evo,起重机周围的木桶都被搬进仓库了…………,クレーンの周りのタルを倉庫に移したって…………,クレーンの周りのタルを倉庫に移したって…………
67651,mp2000_ev,163105,,163105,162620,21089,ch0020170201,blockwise,evo,对啊…………,そうか…………,そうか…………
67652,mp2000_ev,163107,,163107,162632,21090,ch0020170202,blockwise,evo,原来这里的木桶都被搬到仓库里了。,ここにあったタルは倉庫に移動されちゃったのか。,ここにあったタルは倉庫に移動されちゃったのか。
67653,mp2000_ev,163110,,163110,162650,21091,ch0020170217,blockwise,evo,一定是这样。头脑很灵敏嘛，艾丝蒂尔。,きっとそれだ。冴えてるね、エステル。,きっとそれだ。冴えてるね、エステル。
67654,mp2000_ev,163112,,163112,162662,21092,ch0010170218,blockwise,evo,嘿嘿，偶尔啦。,えへへ、たまにはね。,えへへ、たまにはね。
67655,mp2000_ev,163114,,163114,162674,21093,ch0020170219,blockwise,evo,好，那我们就先把哈古先生的委托解决吧。,よし、じゃあ先にハーグさんの依頼を解決しよう。,よし、じゃあ先にハーグさんの依頼を解決しよう。
67656,mp2000_ev,163116,,163116,162686,21094,ch0020170220,blockwise,evo,完成之后，事情应该就会有进展了。,そうすればこっちも何か進展があるはずだよ。,そうすればこっちも何か進展があるはずだよ。
67657,mp2000_ev,163119,,163119,162704,21095,ch0010170221,blockwise,evo,嗯！,おうっ！,おうっ！
67658,mp2000_ev,163126,,163126,162722,21096,ch0010170222,blockwise,evo,是吗……,まあ、そうよね…………,まあ、そうよね…………
67659,mp2000_ev,163128,,163128,162734,21097,ch0010170223,blockwise,evo,呼，这可麻烦了，线索就这样中断了。,ふう、でも困ったわね。手掛かりが途切れちゃったわ。,ふう、でも困ったわね。手掛かりが途切れちゃったわ。
67660,mp2000_ev,163130,,163130,162746,21098,ch0020170224,blockwise,evo,如果有关于木桶的消息就好了。,タルについて何か情報があればいいんだけど。,タルについて何か情報があればいいんだけど。
67661,mp2000_ev,163132,,163132,162758,21099,ch0020170225,blockwise,evo,但我们目前并没有这方面的线索。,今のところ見当もつかないね。,今のところ見当もつかないね。
67662,mp2000_ev,163143,,163143,162824,21100,ch0010170226,blockwise,evo,可是，苦恼也无济于事……,でも、こんなとこで悩んでても仕方ないし……,でも、こんなとこで悩んでても仕方ないし……
67663,mp2000_ev,163145,,163145,162836,21101,ch0020170227,blockwise,evo,我们不如先去处理其他的委托吧。,他の依頼でも受けに行こうか？,他の依頼でも受けに行こうか？
67664,mp2000_ev,163147,,163147,162848,21102,ch0020170228,blockwise,evo,说不定会得到什么线索呢。,どこに手掛かりがあるか分からないしね。,どこに手掛かりがあるか分からないしね。
67665,mp2000_ev,163150,,163150,162866,21103,ch0010170229,blockwise,evo,嗯，好吧。,うん、取り敢えずそうしようよ。,うん、取り敢えずそうしようよ。
67666,mp2000_ev,163152,,163152,162878,21104,ch0010170230,blockwise,evo,当然，这件事也不能放弃，要继续调查下去。,もちろん、この事件の捜査もあきらめずに続けるけどね。,もちろん、この事件の捜査もあきらめずに続けるけどね。
67667,mp2000_ev,163154,,163154,162890,21105,ch0020170231,blockwise,evo,是啊。,そうだね。,そうだね。
67668,mp2000_ev,163156,,163156,162902,21106,ch0020170232,blockwise,evo,好，我们走吧。,よし、それじゃ行こう。,よし、それじゃ行こう。
67669,mp2000_ev,166903,163554,166903,163554,,,unmatched,evo,啊，不好意思。有点事想请教一下。,あ、すみません。ちょっとお聞きしたいことがあるんですが。,
67670,mp2000_ev,166912,,166912,163578,20839,ch0010170233,blockwise,evo,您好啊，哈古先生。,こんにちは、ハーグさん。,こんにちは、ハーグさん。
67671,mp2000_ev,166914,,166914,163590,20840,ch0010170234,blockwise,evo,我们有件事想问问您……,ちょっと聞きたいことがあるんだ。,ちょっと聞きたいことがあるんだ。
67672,mp2000_ev,166924,,166924,163620,40764,ch0020170235,blockwise,evo,您正在工作啊，打扰了。,お仕事中、失礼します。,お仕事中、失礼します。
67673,mp2000_ev,166926,,166926,163632,20842,ch0020170236,blockwise,evo,有件事情想请教您。,お聞きしたいことがあるんです。,お聞きしたいことがあるんです。
67674,mp2000_ev,166933,,166933,163650,20843,ch0060170237,blockwise,evo,对不起，哈古先生。,すみません、ハーグさん。,すみません、ハーグさん。
67675,mp2000_ev,166935,,166935,163662,20844,ch0060170238,blockwise,evo,有件事情想向您打听一下……,少々お聞きしたいことがあるんですけど……,少々お聞きしたいことがあるんですけど……
67676,mp2000_ev,166949,,166949,163704,20918,ch1800170241,blockwise,evo,问我？,俺っちにか？,俺っちにか？
67677,mp2000_ev,166951,,166951,163716,20919,ch1800170242,blockwise,evo,什么事？,なんだい？,なんだい？
67678,mp2000_ev,166953,,166953,163728,20920,ch0020170243,blockwise,evo,我们想问问您刚才钥匙掉了的时候您所说的那件事。,鍵を失くしたときの仕事についてお聞きしたいんです。,鍵を失くしたときの仕事についてお聞きしたいんです。
67679,mp2000_ev,166956,,166956,163746,20921,ch0020170244,blockwise,evo,“把起重机周围的那些木桶　都搬进了仓库”……,『クレーンの周りの　タルを倉庫に移動した』……,『クレーンの周りのタルを倉庫に移動した』……
67680,mp2000_ev,166958,,166958,163758,20922,ch0020170245,blockwise,evo,……是这样的吗？,……そう仰ってましたよね。,……そう仰ってましたよね。
67681,mp2000_ev,166961,,166961,163776,20923,ch1800170246,blockwise,evo,啊，对呀。,ああ、そうだぜ。,ああ、そうだぜ。
67682,mp2000_ev,166963,,166963,163788,20924,ch1800170247,blockwise,evo,起重机附近的木桶很碍事的，所以我就把它们搬进仓库里了。,クレーンの前に邪魔なタルがあったからな。それを倉庫に入れちまったんだ。,クレーンの前に邪魔なタルがあったからな。それを倉庫に入れちまったんだ。
67683,mp2000_ev,166966,,166966,163806,20925,ch1800170248,blockwise,evo,之后没多久钥匙就丢失了。,で、その後鍵を落としちまったわけだ。,で、その後鍵を落としちまったわけだ。
67684,mp2000_ev,166968,,166968,163818,20926,ch0020170249,blockwise,evo,对不起，能不能让我们进一下仓库呢？,すみませんが、倉庫の中に入らせてもらえないでしょうか。,すみませんが、倉庫の中に入らせてもらえないでしょうか。
67685,mp2000_ev,166970,,166970,163830,20927,ch0020170250,blockwise,evo,我们有点事情，想调查一下里面的木桶。,中にあるタルを調べさせて欲しいんです。,中にあるタルを調べさせて欲しいんです。
67686,mp2000_ev,166973,,166973,163848,20928,ch1800170251,blockwise,evo,唔……使用中的仓库在出入管理方面是很严格的。,うーん、使用中の倉庫は出入りの管理がうるさいんだよ。,うーん、使用中の倉庫は出入りの管理がうるさいんだよ。
67687,mp2000_ev,166975,,166975,163860,20929,ch1800170252,blockwise,evo,因为那是一个放置着很多商品的地方。,何しろ商品を預かってる場所だからな。,何しろ商品を預かってる場所だからな。
67688,mp2000_ev,166977,,166977,163872,20930,ch1800170253,blockwise,evo,所以外部人员是不能随意进出的。,そう簡単に部外者を入れるわけにはいかねえんだ。,そう簡単に部外者を入れるわけにはいかねえんだ。
67689,mp2000_ev,166979,,166979,163884,20931,ch0010170254,blockwise,evo,哎呀…………这可就不好办了。,あらら…………それは困ったわねえ。,あらら…………それは困ったわねえ。
67690,mp2000_ev,166983,,166983,163908,20932,ch1800170255,blockwise,evo,不过，既然你们刚才帮过我，我就稍微通融一下吧。,でも、あんたらには世話になったからな。俺がなんとかしてやるぜ。,でも、あんたらには世話になったからな。俺がなんとかしてやるぜ。
67691,mp2000_ev,166986,,166986,163926,20933,ch1800170256,blockwise,evo,就只是调查一下相关的木桶对吗？,要はタルを調べられりゃいいんだよな？,要はタルを調べられりゃいいんだよな？
67692,mp2000_ev,166989,,166989,163944,20934,ch0020170257,blockwise,evo,嗯，就是这样的。,ええ、そういうことですね。,ええ、そういうことですね。
67693,mp2000_ev,166993,,166993,163968,20935,ch1800170258,blockwise,evo,那么我就把它搬到仓库外来吧。,なら、俺がそれを倉庫の外まで運んで来てやるよ。,なら、俺がそれを倉庫の外まで運んで来てやるよ。
67694,mp2000_ev,166995,,166995,163980,20936,ch1800170259,blockwise,evo,这样既不用进入仓库，又可以调查木桶了。,それなら中に入らずにタルを調べられるだろ？,それなら中に入らずにタルを調べられるだろ？
67695,mp2000_ev,166998,,166998,163998,20937,ch0010170260,blockwise,evo,啊，对啊。,あ、そっか。,あ、そっか。
67696,mp2000_ev,167000,,167000,164010,20938,ch0020170261,blockwise,evo,真是给您添麻烦了。,すみません、助かります。,すみません、助かります。
67697,mp2000_ev,167003,,167003,164028,20939,ch1800170262,blockwise,evo,你们不用这么客气。,これぐらいお安いご用さ。,これぐらいお安いご用さ。
67698,mp2000_ev,167006,,167006,164046,20940,ch1800170263,blockwise,evo,好了，那么我们就去吧。,よし、それじゃ付いてきな。,よし、それじゃ付いてきな。
67699,mp2000_ev,167043,,167043,164268,20941,ch1800170264,blockwise,evo,好，打开了。,おっし、開いたぜ。,おっし、開いたぜ。
67700,mp2000_ev,167045,,167045,164280,20942,ch1800170265,blockwise,evo,你们就先在这里等我一下吧。,そんじゃ、ちょっくらここで待っててくれよな。,そんじゃ、ちょっくらここで待っててくれよな。
67701,mp2000_ev,167080,,167080,164490,20943,ch1800170266,blockwise,evo,咦？波尔多斯主任。,あれ？　ポルトス主任。,あれ？　ポルトス主任。
67702,mp2000_ev,167082,,167082,164502,20944,ch1800170267,blockwise,evo,您在这里面做什么呢？,こんなとこでどうしたんですか？,こんなとこでどうしたんですか？
67703,mp2000_ev,167085,,167085,164520,20945,ch1810170268,blockwise,evo,唔，我只是有点不放心，所以来看看。,うむ、少し気になることがあってな。,うむ、少し気になることがあってな。
67704,mp2000_ev,167087,,167087,164532,20946,ch1810170269,blockwise,evo,我用备用钥匙进去的。,合鍵を使って入ったんだよ。,合鍵を使って入ったんだよ。
67705,mp2000_ev,167089,,167089,164544,20947,ch1800170270,blockwise,evo,啊？备用钥匙？,え？　合鍵？,え？　合鍵？
67706,mp2000_ev,167091,,167091,164556,20948,ch1800170271,blockwise,evo,奇怪了，有这样的东西吗？,そんなもん、ありましたっけ？,そんなもん、ありましたっけ？
67707,mp2000_ev,167100,,167100,164610,20949,ch1810170272,blockwise,evo,……对了，那边的几位是？,……ところで、そちらの方々は？,……ところで、そちらの方々は？
67708,mp2000_ev,167106,,167106,164646,20950,ch1800170273,blockwise,evo,啊，他们是游击士协会的。,あ、遊撃士協会の人たちですよ。,あ、遊撃士協会の人たちですよ。
67709,mp2000_ev,167110,,167110,164670,20951,ch1800170274,blockwise,evo,因为要调查一件事，所以要看看仓库里面的木桶。,なんでも事件の捜査で中にあるタルを調べたいそうで。,なんでも事件の捜査で中にあるタルを調べたいそうで。
67710,mp2000_ev,167113,,167113,164688,20952,ch1810170275,blockwise,evo,哦，是这样啊。,うむ、そういうことか。,うむ、そういうことか。
67711,mp2000_ev,167115,,167115,164700,20953,ch1810170276,blockwise,evo,不过，保管中的仓库是不允许外部人员进入的。,しかし、保管中の倉庫は部外者の立入は禁止だぞ。,しかし、保管中の倉庫は部外者の立入は禁止だぞ。
67712,mp2000_ev,167120,,167120,164730,20954,ch1800170277,blockwise,evo,嗯，所以我才来帮他们把木桶取出来。,ええ、だから俺がそのタルを取りにいくんです。,ええ、だから俺がそのタルを取りにいくんです。
67713,mp2000_ev,167122,,167122,164742,20955,ch1800170278,blockwise,evo,只是把木桶搬出来应该可以吧？,外まで運んでくれば問題はないでしょう？,外まで運んでくれば問題はないでしょう？
67714,mp2000_ev,167125,,167125,164760,20956,ch1810170279,blockwise,evo,哦，那倒没什么问题。你尽管协助他们调查吧。,ああ、それなら問題ないよ。捜査に協力してあげてくれ。,ああ、それなら問題ないよ。捜査に協力してあげてくれ。
67715,mp2000_ev,167128,,167128,164778,20957,ch1810170280,blockwise,evo,唔，话说回来，你们竟然能找到这个地方……,ふむ、それにしてもこんなところまで来るとは……,ふむ、それにしてもこんなところまで来るとは……
67716,mp2000_ev,167130,,167130,164790,20958,ch1810170281,blockwise,evo,虽然还很年轻，但确实是很优秀的游击士啊。,まだお若いのに皆さんは優秀な遊撃士のようだ。,まだお若いのに皆さんは優秀な遊撃士のようだ。
67717,mp2000_ev,167133,,167133,164808,20959,ch0010170282,blockwise,evo,嘿嘿♪您过奖了。,えへへ♪それほどでも。,えへへ♪それほどでも。
67718,mp2000_ev,167135,,167135,164820,20960,ch1810170283,blockwise,evo,如果有什么不明白的，问哈古就可以了。,分からないことがあったら何でもハーグに聞いてくれよ。,分からないことがあったら何でもハーグに聞いてくれよ。
67719,mp2000_ev,167138,,167138,164838,20961,ch1810170284,blockwise,evo,那么，我先告辞了。,それでは、私は失礼するよ。,それでは、私は失礼するよ。
67720,mp2000_ev,167140,,167140,164850,20962,ch1800170285,blockwise,evo,辛苦您了。,あ、お疲れ様です。,あ、お疲れ様です。
67721,mp2000_ev,167168,,167168,165018,20963,ch1800170286,blockwise,evo,好了，我这就帮你们把木桶拿出来吧。,よしと、それじゃタルを持ってくるとするか。,よしと、それじゃタルを持ってくるとするか。
67722,mp2000_ev,167202,,167202,165222,20964,ch1800170287,blockwise,evo,呼～～久等了。,ふい～～、待たせたな。,ふい〜〜、待たせたな。
67723,mp2000_ev,167204,,167204,165234,20965,ch1800170288,blockwise,evo,你们要的木桶已经拿来了。,ご要望のタルを持ってきたぜ。,ご要望のタルを持ってきたぜ。
67724,mp2000_ev,167212,,167212,165282,20966,ch0010170289,blockwise,evo,哇～～还真不小呢～,うわぁ～、ずいぶんおっきいわね～。,うわぁ〜、ずいぶんおっきいわね〜。
67725,mp2000_ev,167240,,167240,165450,20967,ch0010170290,blockwise,evo,您一个人就能把它搬出来啊。,よく１人で持ってこられたわね。,よく１人で持ってこられたわね。
67726,mp2000_ev,167243,,167243,165468,20968,ch1800170291,blockwise,evo,呵呵，对我们这些海港男儿来说，这都是些家常便饭啦。,へへっ、港の男をナメないでくれよな。,へへっ、港の男をナメないでくれよな。
67727,mp2000_ev,167249,,167249,165504,20969,ch0020170292,blockwise,evo,艾丝蒂尔，这里又有一张卡片。,エステル、あのカードがあったよ。,エステル、あのカードがあったよ。
67728,mp2000_ev,167253,,167253,165528,20970,ch0010170293,blockwise,evo,啊，真的吗！？,えっ、ほんと！？,えっ、ほんと！？
67729,mp2000_ev,167285,165720,167285,165720,,,unmatched,evo,“嗯，真不好意思。　木桶被搬走是我的失误。,『うーん、申し訳ない。　タルが運ばれてしまったのは私のミスです。,
67730,mp2000_ev,167287,165732,167287,165732,,,unmatched,evo,　不过，你们能找到仓库的钥匙　并追查到这里，真是了不起。　看来你们能够揭开真相。,　しかし、よく倉庫の鍵を見つけて　ここまでたどり着きましたね。　君たちなら真実を暴いてくれそうだ。,
67731,mp2000_ev,167289,165744,167289,165744,,,unmatched,evo,　作为奖励，我把你们要找的东西还给你们。请调查一下这个木桶里面。,　ごほうびに、探し物をお返ししますよ。　このタルの中を調べてみてください。,
67732,mp2000_ev,167291,165756,167291,165756,,,unmatched,evo,　有你们在的话，这个烛台迟早也会回到它真正主人的手中吧。,　君たちがいれば、どの道この燭台も　正しい主のもとに戻るのでしょうしね。,
67733,mp2000_ev,167293,165768,167293,165768,,,unmatched,evo,　……哎呀，时间差不多到了。那么，我们后会有期。　　　　　　　　　　　　　　　　　　怪盗Ｂ”,　……おっと、そろそろ時間のようだ。　それではまたお会いしましょう。　　　　　　　　　　　　　　　　　　怪盗Ｂ』,
67734,mp2000_ev,167300,,167300,165810,20973,ch0010170296,blockwise,evo,真、真是讨厌啊……,き、気味が悪いわね……,き、気味が悪いわね……
67735,mp2000_ev,167302,,167302,165822,20974,ch0010170297,blockwise,evo,就好像是从很近的地方一直观察着我们的行动一样。,まるで、あたしたちのことをすぐ近くで見てたみたい。,まるで、あたしたちのことをすぐ近くで見てたみたい。
67736,mp2000_ev,167305,,167305,165840,20975,ch0060170298,blockwise,evo,的确是这样呢………,ほんとですね…………,ほんとですね…………
67737,mp2000_ev,167309,,167309,165864,20976,ch0020170299,blockwise,evo,咦，这张卡片……,あれ、このカード……,あれ、このカード……
67738,mp2000_ev,167311,,167311,165876,20977,ch0020170300,blockwise,evo,……上面的墨迹还没有干。,……まだインクが乾いてない。,……まだインクが乾いてない。
67739,mp2000_ev,167318,,167318,165918,20978,ch0060170302,blockwise,evo,…………！？,…………！？,…………！？
67740,mp2000_ev,167321,,167321,165936,20979,ch0010170301,blockwise,evo,哎！？,ええっ！？,ええっ！？
67741,mp2000_ev,167325,,167325,165960,20980,ch1810170303,blockwise,evo,喂，你们在这里做什么！？,おいっ、君たちここで何をしている！,おいっ、君たちここで何をしている！
67742,mp2000_ev,167357,,167357,166152,20981,ch1800170304,blockwise,evo,啊！？波、波尔多斯主任。,えっ！？ポ、ポルトス主任。,えっ！？ポ、ポルトス主任。
67743,mp2000_ev,167359,,167359,166164,20982,ch1800170305,blockwise,evo,您刚才不是已经批准了吗……,さっきはいいって言ったじゃないですか。,さっきはいいって言ったじゃないですか。
67744,mp2000_ev,167363,,167363,166188,20983,ch1810170306,blockwise,evo,？？？,？？？,？？？
67745,mp2000_ev,167365,,167365,166200,20984,ch1810170307,blockwise,evo,你在说什么？,なんの話だ？,なんの話だ？
67746,mp2000_ev,167375,,167375,166260,20985,ch0020170308,blockwise,evo,糟糕，被骗了。,しまった、やられたか。,しまった、やられたか。
67747,mp2000_ev,167380,,167380,166290,20986,ch0010170309,blockwise,evo,难、难道……！,ま、まさか！,ま、まさか！
67748,mp2000_ev,167382,,167382,166302,20987,ch0010170310,blockwise,evo,刚才那个波尔多斯主任是……,さっきここにいたポルトスさんって……,さっきここにいたポルトスさんって……
67749,mp2000_ev,167387,,167387,166332,20988,ch0020170311,blockwise,evo,恐怕…………是假扮的。,ニセモノ…………だったみたいだね。,ニセモノ…………だったみたいだね。
67750,mp2000_ev,167389,,167389,166344,20989,ch0020170312,blockwise,evo,犯人变装之后，重新写了一张新卡片。,犯人が変装してカードの内容を書き換えてたのかも。,犯人が変装してカードの内容を書き換えてたのかも。
67751,mp2000_ev,167391,,167391,166356,20990,ch0060170313,blockwise,evo,怎么会…………,そんな…………,そんな…………
67752,mp2000_ev,167393,,167393,166368,20991,ch0010170314,blockwise,evo,赶、赶快追上去啊！,そ、それじゃ早く追いかけないと！,そ、それじゃ早く追いかけないと！
67753,mp2000_ev,167404,,167404,166434,20992,ch0060170315,blockwise,evo,啊！艾丝蒂尔！,あっ！エステルさん！,あっ！エステルさん！
67754,mp2000_ev,167414,,167414,166494,20993,ch0020170316,blockwise,evo,已经跑远了……,行っちゃったか……,行っちゃったか……
67755,mp2000_ev,167424,,167424,166554,20994,ch0060170317,blockwise,evo,约书亚，我们怎么办！？,ヨシュアさん、いいんですか！？,ヨシュアさん、いいんですか！？
67756,mp2000_ev,167429,,167429,166584,20995,ch0020170318,blockwise,evo,虽然很遗憾，不过已经太迟了。,残念だけど、もう手遅れだと思う。,残念だけど、もう手遅れだと思う。
67757,mp2000_ev,167431,,167431,166596,20996,ch0020170319,blockwise,evo,在那个伪装者离开的时候，我们就已经输了。,ニセモノを見逃した時点で僕たちの負けさ。,ニセモノを見逃した時点で僕たちの負けさ。
67758,mp2000_ev,167433,,167433,166608,20997,ch0020170320,blockwise,evo,艾丝蒂尔恐怕连犯人的影子也看不到。,たぶん、エステルは犯人の姿を見ることもできないよ。,たぶん、エステルは犯人の姿を見ることもできないよ。
67759,mp2000_ev,167435,,167435,166620,20998,ch0060170321,blockwise,evo,是这样啊……,そう……ですか…………,そう……ですか…………
67760,mp2000_ev,167439,,167439,166644,20999,ch0020170322,blockwise,evo,更重要的是，要先确认一下烛台是否还完好。,それより、燭台が無事かどうかそれを確かめておこう。,それより、燭台が無事かどうかそれを確かめておこう。
67761,mp2000_ev,167441,,167441,166656,21000,ch0020170323,blockwise,evo,与逮捕犯人相比，委托人更希望能够找回烛台。,依頼主の希望も犯人逮捕より燭台の奪還だからね。,依頼主の希望も犯人逮捕より燭台の奪還だからね。
67762,mp2000_ev,167444,,167444,166674,21001,ch0060170324,blockwise,evo,嗯，是啊。,あ、そうですね。,あ、そうですね。
67763,mp2000_ev,167448,,167448,166698,21002,ch0060170325,blockwise,evo,从卡片上写的内容来看，应该就在这个木桶里。,このタルに入ってるって書いてありましたよね。,このタルに入ってるって書いてありましたよね。
67764,mp2000_ev,167451,,167451,166716,21003,ch0020170326,blockwise,evo,嗯，但愿如此。,うん、それが本当であることを祈るよ。,うん、それが本当であることを祈るよ。
67765,mp2000_ev,167463,,167463,166788,21004,ch0020170327,blockwise,evo,呼，真是的……,ふう、まったく……,ふう、まったく……
67766,mp2000_ev,167465,,167465,166800,21005,ch0020170328,blockwise,evo,艾丝蒂尔赶快回来吧……,早く戻って来てくれるといいんだけど……,早く戻って来てくれるといいんだけど……
67767,mp2000_ev,168382,167780,168382,167780,,,unmatched,evo,呼～～,ふう～～。,
67768,mp2000_ev,168384,,168384,167792,23613,ch0010170366,blockwise,evo,虽说完成了任务，但总觉得有些不痛快。,一応、解決ってことだけど、なんかすっきりしない終わり方ね。,一応、解決ってことだけど、なんかすっきりしない終わり方ね。
67769,mp2000_ev,168386,,168386,167804,23614,ch0060170367,blockwise,evo,嗯，是啊……,ええ、そうですね……,ええ、そうですね……
67770,mp2000_ev,168389,,168389,167822,23615,ch0020170368,blockwise,evo,……………………,……………………,……………………
67771,mp2000_ev,168400,,168400,167888,23616,ch0010170369,blockwise,evo,啊，约书亚……,あ、ヨシュアったら……,あ、ヨシュアったら……
67772,mp2000_ev,168403,,168403,167906,23617,ch0010170370,blockwise,evo,你又在思考什么问题吗？,また一人で何か考えてるわね。,また一人で何か考えてるわね。
67773,mp2000_ev,168406,,168406,167924,23618,ch0020170371,blockwise,evo,哎…………？……嗯，是的。,え…………？……うん、ちょっと。,え…………？……うん、ちょっと。
67774,mp2000_ev,168409,,168409,167942,23619,ch0020170372,blockwise,evo,我只是在想……犯人究竟为何要偷烛台呢……,犯人は何のために燭台を盗んだんだろう、ってね。,犯人は何のために燭台を盗んだんだろう、ってね。
67775,mp2000_ev,168411,,168411,167954,23620,ch0010170373,blockwise,evo,啊，对啊。,あ、そうよ。,あ、そうよ。
67776,mp2000_ev,168413,,168413,167966,23621,ch0010170374,blockwise,evo,我们直到最后都没有得到答案。,結局、それが分かってないじゃない。,結局、それが分かってないじゃない。
67777,mp2000_ev,168415,,168415,167978,23622,ch0060170375,blockwise,evo,最后一张卡片的内容似乎意味深长。,最後のカードの内容も意味深げでしたよね。,最後のカードの内容も意味深げでしたよね。
67778,mp2000_ev,168417,,168417,167990,23623,ch0060170376,blockwise,evo,从行文语气来看，犯人似乎对你们抱有某种期待……,エステルさんたちに何かを期待しているような、そんな風な内容でしたし……,エステルさんたちに何かを期待しているような、そんな風な内容でしたし……
67779,mp2000_ev,168427,,168427,168050,23624,ch0010170377,blockwise,evo,唔……太让人好奇了。,あう～、なんだかすごく気になってきた。,あう〜、なんだかすごく気になってきた。
67780,mp2000_ev,168431,,168431,168074,23625,ch0010170378,blockwise,evo,喂，我们干脆继续调查吧。,ねえ、やっぱり調査を続けようよ。,ねえ、やっぱり調査を続けようよ。
67781,mp2000_ev,168433,,168433,168086,23626,ch0010170379,blockwise,evo,现在连犯人是从哪里进来的都不知道。,大体、犯人がどこから忍び込んだのかも判ってないのよ？,大体、犯人がどこから忍び込んだのかも判ってないのよ？
67782,mp2000_ev,168435,,168435,168098,23627,ch0010170380,blockwise,evo,今晚不如悄悄潜入这里，把整座房屋仔细调查一番。,もう今夜辺り、こっそり入って屋敷を調べちゃおうよ。,もう今夜辺り、こっそり入って屋敷を調べちゃおうよ。
67783,mp2000_ev,168443,,168443,168146,23628,ch0020170381,blockwise,evo,如果那样做，我们和小偷还有什么区别啊。,それじゃ僕たちが泥棒みたいなもんじゃない。,それじゃ僕たちが泥棒みたいなもんじゃない。
67784,mp2000_ev,168446,,168446,168164,23629,ch0010170382,blockwise,evo,但我不甘心啊！,でも、納得いかないわよ！,でも、納得いかないわよ！
67785,mp2000_ev,168448,,168448,168176,23630,ch0020170383,blockwise,evo,那也没办法啊，毕竟委托人并没委托我们继续调查。,仕方ないよ、依頼主が望んでないんだから。,仕方ないよ、依頼主が望んでないんだから。
67786,mp2000_ev,168450,,168450,168188,23631,ch0020170384,blockwise,evo,所以……你就忍下来吧。,ここは我慢……だね。,ここは我慢……だね。
67787,mp2000_ev,168452,,168452,168200,23632,ch0010170385,blockwise,evo,唔…………,むう…………,むう…………
67788,mp2000_ev,168455,,168455,168218,23633,ch0020170386,blockwise,evo,好啦，我们走吧。,それじゃ、行こう。,それじゃ、行こう。
67789,mp2000_ev,168457,,168457,168230,23634,ch0020170387,blockwise,evo,正如市长所说，还有很多重要的工作等着我们去做呢。,市長さんの言ってた通り、やらなきゃいけないことはたくさんあるんだから。,市長さんの言ってた通り、やらなきゃいけないことはたくさんあるんだから。
67790,mp2000_ev,168460,,168460,168248,23635,ch0010170388,blockwise,evo,……嗯，我明白了。看来也只能忍耐了。,……うん、分かった。ここが我慢のしどころね。,……うん、分かった。ここが我慢のしどころね。
67791,mp2000_ev,168463,,168463,168266,23636,ch0010170389,blockwise,evo,好！调整心情，继续努力。,よしっと、それじゃあ気持ちを切り替えて行きますか。,よしっと、それじゃあ気持ちを切り替えて行きますか。
67792,mp2000_ev,168465,,168465,168278,23637,ch0060170390,blockwise,evo,嗯，这才对。,ええ、そうしましょう。,ええ、そうしましょう。
67793,mp2000_ev,170487,,170487,168932,29826,ch1900171003,blockwise,evo,呼……呼……呼……呼……,ぜえ、はあ、ぜえ、はあ……,ぜえ、はあ、ぜえ、はあ……
67794,mp2000_ev,170489,,170489,168944,29827,ch1900171004,blockwise,evo,可恶……怎么会有这种事……,畜生……まったくなんだってんだよ……,畜生……まったくなんだってんだよ……
67795,mp2000_ev,170509,,170509,169040,29828,ch0010171005,blockwise,evo,……发生什么事了？,……なんだろ？,……なんだろ？
67796,mp2000_ev,170511,,170511,169052,29829,ch0060171006,blockwise,evo,是啊，怎么了……？,さあ、なんでしょう……？,さあ、なんでしょう……？
67797,mp2000_ev,170514,,170514,169070,29830,ch0060171007,blockwise,evo,是不是出了什么事……,ただならぬ様子ですけど……,ただならぬ様子ですけど……
67798,mp2000_ev,170565,,170565,169280,29831,ch0010171008,blockwise,evo,嗯？发生什么事了？,ねえ？　どうかしたの？,ねえ？　どうかしたの？
67799,mp2000_ev,170575,,170575,169340,29832,ch1900171009,blockwise,evo,喂、喂！你们最好别站在门口。,お、おい。扉の前に立たない方がいいぜ。,お、おい。扉の前に立たない方がいいぜ。
67800,mp2000_ev,170577,,170577,169352,29833,ch1900171010,blockwise,evo,怪物随时都有可能从里面扑出来。,いつ、化け物が飛び出て来るか分からないからな。,いつ、化け物が飛び出て来るか分からないからな。
67801,mp2000_ev,170594,,170594,169430,29834,ch0010171011,blockwise,evo,怪、怪物？,ば、化け物ですって？,ば、化け物ですって？
67802,mp2000_ev,170596,,170596,169442,29835,ch0010171012,blockwise,evo,这栋楼里有魔兽吗？,この建物の中に魔獣がいるってこと？,この建物の中に魔獣がいるってこと？
67803,mp2000_ev,170599,,170599,169460,29836,ch1900171013,blockwise,evo,嗯，是的。,ああ、そうさ。,ああ、そうさ。
67804,mp2000_ev,170601,,170601,169472,29837,ch1900171014,blockwise,evo,里面到处都是巨大的怪物。,でっけえのがうじゃうじゃいたぜ。,でっけえのがうじゃうじゃいたぜ。
67805,mp2000_ev,170612,,170612,169514,29838,ch0060171015,blockwise,evo,这栋旧楼是过去用的校舍。,この古い建物は、学園の昔の校舎なんです。,この古い建物は、学園の昔の校舎なんです。
67806,mp2000_ev,170617,,170617,169544,29839,ch0060171016,blockwise,evo,平时一直都是上着锁的……,でも、普段は入り口に鍵が掛けられているはずですけど……,でも、普段は入り口に鍵が掛けられているはずですけど……
67807,mp2000_ev,170626,,170626,169598,29840,ch1900171017,blockwise,evo,我向艾福托老师借来了这里的钥匙。,エフォート先生に鍵を借りて来たんだよ。,エフォート先生に鍵を借りて来たんだよ。
67808,mp2000_ev,170635,,170635,169628,29841,ch1900171018,blockwise,evo,大家都在为学园祭做准备，校园里实在太吵了，所以我想找个安静的地方休息。,校舎は準備でうるせーからな。静かなところで休もうと思ってよ。,校舎は準備でうるせーからな。静かなところで休もうと思ってよ。
67809,mp2000_ev,170638,,170638,169850,29842,ch0010171019,blockwise,evo,找个安静的地方休息……,静かなところで休むって……,静かなところで休むって……
67810,mp2000_ev,170647,,170647,169694,29843,ch0510171020,blockwise,evo,你这是故意消极怠工啊，也就是性质恶劣的偷懒。,計画的なサボタージュ。つまり、悪質なさぼりってことね。,計画的なサボタージュ。つまり、悪質なさぼりってことね。
67811,mp2000_ev,170649,,170649,169706,29844,ch0510171021,blockwise,evo,哼哼～米克，你的胆子可真不小啊。,ふ～ん、ミック。あんたいい度胸してるじゃないの。,ふ〜ん、ミック。あんたいい度胸してるじゃないの。
67812,mp2000_ev,170657,,170657,169754,29845,ch1900171022,blockwise,evo,我本来就不想参加什么学园祭。,俺は、学園祭なんてもともと参加したくないんだよ。,俺は、学園祭なんてもともと参加したくないんだよ。
67813,mp2000_ev,170659,,170659,169766,29846,ch1900171023,blockwise,evo,是你硬要我出演那种舞台剧。,なのに無理やりあんな劇に出させられるんだぜ？,なのに無理やりあんな劇に出させられるんだぜ？
67814,mp2000_ev,170662,,170662,169784,29847,ch1900171024,blockwise,evo,我已经快累瘫了，不想继续和你们一起准备了。,もうダルくて、これ以上付き合ってらんないぜ。,もうダルくて、これ以上付き合ってらんないぜ。
67815,mp2000_ev,170677,,170677,169850,29848,ch0010171025,blockwise,evo,找个安静的地方休息……,静かなところで休むって……,静かなところで休むって……
67816,mp2000_ev,170679,,170679,169862,29849,ch0010171026,blockwise,evo,你根本就是在偷懒而已吧？,あんた、それってただのさぼりじゃない。,あんた、それってただのさぼりじゃない。
67817,mp2000_ev,170688,,170688,169916,29850,ch1900171027,blockwise,evo,准备工作实在是太麻烦了，让那些愿意做的人去做就好啦。,準備なんてダルいんだよ。やりたい奴がやればいいだろ。,準備なんてダルいんだよ。やりたい奴がやればいいだろ。
67818,mp2000_ev,170701,,170701,169976,29851,ch0010171028,blockwise,evo,这、这算什么态度啊。,な、何よその態度は。,な、何よその態度は。
67819,mp2000_ev,170703,,170703,169988,29852,ch0010171029,blockwise,evo,大家都在拼命努力，你却说出这种自私的话。,みんながんばってるときに、よくそんな勝手なこと言えるわね。,みんながんばってるときに、よくそんな勝手なこと言えるわね。
67820,mp2000_ev,170707,,170707,170012,29853,ch0060171030,blockwise,evo,算、算啦，艾丝蒂尔。,ま、まあまあ、エステルさん。,ま、まあまあ、エステルさん。
67821,mp2000_ev,170710,,170710,170030,29854,ch0060171031,blockwise,evo,现在最重要的事情是确定魔兽的情况……,今は、そんなことより魔獣の話を確かめないと……,今は、そんなことより魔獣の話を確かめないと……
67822,mp2000_ev,170719,,170719,170060,29855,ch0010171032,blockwise,evo,啊……哦，说得没错。,あ……、と。そうだったわね。,あ……、と。そうだったわね。
67823,mp2000_ev,170730,,170730,170126,29856,ch0010171033,blockwise,evo,如果他说的是真的，我们就决不能置之不理。,確かに、その話が本当なら放っておくわけにはいかないわ。,確かに、その話が本当なら放っておくわけにはいかないわ。
67824,mp2000_ev,170733,,170733,170144,29857,ch0060171034,blockwise,evo,嗯，毕竟明天就是学园祭了……,ええ、明日は学園祭ですし……,ええ、明日は学園祭ですし……
67825,mp2000_ev,170748,,170748,170210,29858,ch1900171035,blockwise,evo,但光靠我们几个，又能做得了什么？,でも、俺たちじゃどうしょうもないな。,でも、俺たちじゃどうしょうもないな。
67826,mp2000_ev,170751,,170751,170228,29859,ch1900171036,blockwise,evo,我还是先回去还钥匙，然后把事情告诉艾福托老师吧。,とにかく、俺は鍵を返しがてらエフォート先生に知らせてくるぜ。,とにかく、俺は鍵を返しがてらエフォート先生に知らせてくるぜ。
67827,mp2000_ev,170753,,170753,170240,29860,ch1900171037,blockwise,evo,里面真的很危险，你们千万别接近门口哦。,マジで危ないからな。入り口に近づくんじゃないぞ。,マジで危ないからな。入り口に近づくんじゃないぞ。
67828,mp2000_ev,172127,,172127,171122,29861,ch0060171038,blockwise,evo,啊，艾福托老师。,あ、エフォート先生。,あ、エフォート先生。
67829,mp2000_ev,172130,,172130,171140,29862,ch1910171039,blockwise,evo,哦，你们没事吧？,おう、お前たち大丈夫か？,おう、お前たち大丈夫か？
67830,mp2000_ev,172132,,172132,171152,29863,ch1910171040,blockwise,evo,米克已经把旧校舍内有魔兽的情况告诉我了……,旧校舎に魔獣が出たと、ミックが知らせに来たんだが……,旧校舎に魔獣が出たと、ミックが知らせに来たんだが……
67831,mp2000_ev,172140,,172140,171200,29864,ch0060171041,blockwise,evo,哦，关于此事……,ああ、そのことでしたら……,ああ、そのことでしたら……
67832,mp2000_ev,172144,,172144,171224,29865,ch0010171042,blockwise,evo,您不用担心，我们已经把里面的魔兽全部击退了。,もう心配ないわよ。一通り退治しちゃったから。,もう心配ないわよ。一通り退治しちゃったから。
67833,mp2000_ev,172160,,172160,171296,29866,ch1910171043,blockwise,evo,哦，这样啊。,おっと、そうか。,おっと、そうか。
67834,mp2000_ev,172162,,172162,171308,29867,ch1910171044,blockwise,evo,艾丝蒂尔，说起来原来你是游击士啊。,そういやエステル、君は遊撃士だったんだな。,そういやエステル、君はブレイサーだったんだな。
67835,mp2000_ev,172165,,172165,171326,29868,ch1910171045,blockwise,evo,哎呀，真是帮了大忙。要是在学园祭当天出现什么意外，可就太麻烦了。,いや、助かったぞ。学園祭当日になにか事件があっては困るからな。,いや、助かったぞ。学園祭当日になにか事件があっては困るからな。
67836,mp2000_ev,172173,,172173,171374,29869,ch0060171046,blockwise,evo,嗯，的确。,ええ、本当に。,ええ、本当に。
67837,mp2000_ev,172178,,172178,171398,29870,ch0510171047,blockwise,evo,这样一想……,ま、そう考えると……,ま、そう考えると……
67838,mp2000_ev,172183,,172183,171428,29871,ch0510171048,blockwise,evo,米克那个笨蛋倒也算立了功。,あのミックのバカも役に立ったってことね。,あのミックのバカも役に立ったってことね。
67839,mp2000_ev,172186,,172186,171446,29872,ch0510171049,blockwise,evo,虽说动机不纯，但多亏有他，才能发现里面的魔兽。,理由はどうあれ、お陰で魔獣が見つかったんだし。,理由はどうあれ、お陰で魔獣が見つかったんだし。
67840,mp2000_ev,172188,,172188,171458,50511,ch0010111179,blockwise,evo,嗯，说得也是。,うん、それはそうね。,うん、それはそうね。
67841,mp2000_ev,172209,,172209,171566,29874,ch1910171051,blockwise,evo,好，谨慎起见，还是把门锁上吧。,よし、念のため扉には鍵を掛けておくか。,よし、念のため扉には鍵を掛けておくか。
67842,mp2000_ev,172211,,172211,171578,29875,ch1910171052,blockwise,evo,再怎么说，小心一点总没坏处。,用心するに越したことはないからな。,用心するに越したことはないからな。
67843,mp2000_ev,172213,,172213,171590,29876,ch0060171053,blockwise,evo,嗯，我也这么想。,はい、その方がいいと思います。,はい、その方がいいと思います。
67844,mp2000_ev,172237,,172237,171710,29877,ch1910171054,blockwise,evo,……唔，好啦。,……うむ、これでよし。,……うむ、これでよし。
67845,mp2000_ev,172247,,172247,171770,29878,ch1910171055,blockwise,evo,那么，我要回值班室了。,じゃあ、俺は宿直室に戻るぞ。,じゃあ、俺は宿直室に戻るぞ。
67846,mp2000_ev,172249,,172249,171782,29879,ch1910171056,blockwise,evo,已经快到关校门的时间了。,そろそろ普段なら門限の時間だからな。,そろそろ普段なら門限の時間だからな。
67847,mp2000_ev,172263,,172263,171818,29880,ch1910171057,blockwise,evo,你们不要太晚回去哦。,お前たちもあまり遅くならないように。,お前たちもあまり遅くならないように。
67848,mp2000_ev,172273,,172273,171872,29881,ch0510171058,blockwise,evo,嗯，放心吧。,ええ、大丈夫です。,ええ、大丈夫です。
67849,mp2000_ev,172285,,172285,171920,29882,ch0060171059,blockwise,evo,好的，我们会小心的。,はい、気をつけます。,はい、気をつけます。
67850,mp2000_ev,172290,,172290,171932,29883,ch0010171060,blockwise,evo,嗯，知道啦。,うん、分かったわ。,うん、分かったわ。
67851,mp2000_ev,173116,,173116,172572,26973,ch1920171061,blockwise,evo,呼，真难办啊……,ふう、弱ったな……,ふう、弱ったな……
67852,mp2000_ev,173118,,173118,172584,26974,ch1920171062,blockwise,evo,这样下去，恐怕来不及完成装饰校园的工作。,このままじゃ校庭の飾り付けが終わらないよ。,このままじゃ校庭の飾り付けが終わらないよ。
67853,mp2000_ev,173120,,173120,172596,26975,ch1920171063,blockwise,evo,帮我一起工作的学生们现在也都很忙……,手伝ってくれてた生徒たちがみんな忙しくなっちゃってね……,手伝ってくれてた生徒たちがみんな忙しくなっちゃってね……
67854,mp2000_ev,173147,,173147,172734,26976,ch1920171064,blockwise,evo,正如你们所见，现在还有一些地方没有布置好。,ご覧の通り、まだ飾り付けができてない場所があるんだよ。,ご覧の通り、まだ飾り付けができてない場所があるんだよ。
67855,mp2000_ev,173149,,173149,172746,26977,ch0010171065,blockwise,evo,啊……正中间没有挂垂幕。,あらら……真ん中の垂れ幕がないわね。,あらら……真ん中の垂れ幕がないわね。
67856,mp2000_ev,173151,,173151,172758,26978,ch0010171066,blockwise,evo,唔～看上去有些别扭。,う～ん、確かにちょっとカッコ悪いかも。,う〜ん、確かにちょっとカッコ悪いかも。
67857,mp2000_ev,173177,,173177,172890,26979,ch1920171067,blockwise,evo,对吧？,やっぱりそうだろ？,やっぱりそうだろ？
67858,mp2000_ev,173180,,173180,172908,26980,ch1920171068,blockwise,evo,如果看到还没布置好的地方，请过来告诉我一声。,もし、飾り付けのない場所を見つけたら教えてくれよな。,もし、飾り付けのない場所を見つけたら教えてくれよな。
67859,mp2000_ev,173182,,173182,172920,26981,ch1920171069,blockwise,evo,我会立刻过去布置好的。,すぐに飛んで行ってぱぱっと作業してしまうからさ。,すぐに飛んで行ってぱぱっと作業してしまうからさ。
67860,mp2000_ev,173184,,173184,172932,26982,ch1920171070,blockwise,evo,只要注意观察，应该很容易发现。,たぶん、ちょっと注意して見てくれれば分かると思うよ。,たぶん、ちょっと注意して見てくれれば分かると思うよ。
67861,mp2000_ev,173193,,173193,172986,26983,ch0010171071,blockwise,evo,也就是说，只要去找这种没有装饰好的地方就可以了吧？,ここみたいに、あるはずの飾り付けがない場所を見つければいいってことよね。,ここみたいに、あるはずの飾り付けがない場所を見つければいいってことよね。
67862,mp2000_ev,173197,,173197,173010,26984,ch0010171072,blockwise,evo,嗯，我明白了。找到之后，会回来告诉您的。,うん、分かったわ。気づいたら教えに来るわ。,うん、分かったわ。気づいたら教えに来るわ。
67863,mp2000_ev,173200,,173200,173028,26985,ch1920171073,blockwise,evo,嗯，那就拜托了。,ああ、よろしく頼むよ。,ああ、よろしく頼むよ。
67864,mp2000_ev,175704,,175704,179083,27054,ch0010171106,blockwise,evo,哎……？,あれ……？,あれ……？
67865,mp2000_ev,175720,,175720,173512,26987,ch0010171144,blockwise,evo,这里……没有彩旗。,ここって旗がないような……,ここって旗がないような……
67866,mp2000_ev,175749,,175749,173638,26988,ch0010171145,blockwise,evo,你看，其他建筑的入口处都挂着彩旗。,ほら、他の建物の入り口は旗で飾ってあったじゃない。,ほら、他の建物の入り口は旗で飾ってあったじゃない。
67867,mp2000_ev,175764,,175764,173722,26989,ch0510171146,blockwise,evo,啊，听你这么一说，还真是这样。,あ、言われてみればそうかも知れないわね。,あ、言われてみればそうかも知れないわね。
67868,mp2000_ev,175766,,175766,173734,26990,ch0510171147,blockwise,evo,看样子，这个地方还没装饰完。,それじゃ、ここはまだ飾り付けが終わってないってことね。,それじゃ、ここはまだ飾り付けが終わってないってことね。
67869,mp2000_ev,175775,,175775,173926,26993,ch0060171148,blockwise,evo,我们去通知巴克斯师傅吧。,用務員のパークスさんに知らせに行きましょう。,用務員のパークスさんに知らせに行きましょう。
67870,mp2000_ev,175797,,175797,173896,26992,ch0060171149,blockwise,evo,啊，真的，看来还没有装饰完。,あら、本当ですね。飾り付けが終わってないみたい。,あら、本当ですね。飾り付けが終わってないみたい。
67871,mp2000_ev,175802,,175802,173926,26993,ch0060171148,blockwise,evo,我们去通知巴克斯师傅吧。,用務員のパークスさんに知らせに行きましょう。,用務員のパークスさんに知らせに行きましょう。
67872,mp2000_ev,175814,,175814,173980,26994,ch0010171151,blockwise,evo,嗯，好的。,うん、そうね。,うん、そうね。
67873,mp2000_ev,175857,,175857,174166,26995,ch1920171152,blockwise,evo,哦，果然。你们观察得真仔细啊。,ああ、本当だ。よく見つけてくれたね。,ああ、本当だ。よく見つけてくれたね。
67874,mp2000_ev,175860,,175860,174184,26996,ch1920171153,blockwise,evo,好，我这就开始布置。,よし、さっそく作業してしまおう。,よし、さっそく作業してしまおう。
67875,mp2000_ev,175878,,175878,174286,26997,ch0510171154,blockwise,evo,我们也来帮忙吧。,あたしたちも手伝いましょ。,あたしたちも手伝いましょ。
67876,mp2000_ev,175898,,175898,174382,26998,ch0060171155,blockwise,evo,我们也来帮忙吧。,私たちもお手伝いしましょう。,私たちもお手伝いしましょう。
67877,mp2000_ev,175904,,175904,174400,26999,ch0010171156,blockwise,evo,嗯，好的。,うん、そうね。,うん、そうね。
67878,mp2000_ev,175934,,175934,174532,27000,ch1920171157,blockwise,evo,哦，谢谢。,お、ありがとう。,お、ありがとう。
67879,mp2000_ev,175936,,175936,174544,27001,ch1920171158,blockwise,evo,那就有劳你们了。,それじゃちょっとお願いするよ。,それじゃちょっとお願いするよ。
67880,mp2000_ev,175985,,175985,175024,27088,ch1920171088,blockwise,evo,……好，这样就行了。,……よし。これでいいだろう。,……よし。これでいいだろう。
67881,mp2000_ev,176018,,176018,180607,27018,ch1920171103,context,evo,如果发现了其他地方，请再去通知我一声哦。,それじゃ、また見つけたらよろしく頼むよ。,それじゃ、また見つけたらよろしく頼むよ。
67882,mp2000_ev,176021,,176021,177795,27019,ch0010171104,context,evo,嗯，放心吧。,うん、任せて。,うん、任せて。
67883,mp2000_ev,176023,,176023,180637,27091,ch0060171105,normalized,evo,知道了。,分かりました。,分かりました。
67884,mp2000_ev,176054,,176054,175024,27088,ch1920171088,exact,evo,……好，这样就行了。,……よし。これでいいだろう。,……よし。これでいいだろう。
67885,mp2000_ev,176063,,176063,177885,27003,ch1920171089,context,evo,呼，总算布置完毕了。,ふう、とりあえずこれで全部片付いたよ。,ふう、とりあえずこれで全部片付いたよ。
67886,mp2000_ev,176089,,176089,180865,27004,ch1920171090,context,evo,哎呀，你们真是帮大忙了啊。,いやぁ、君たちにはお世話になっちゃったな。,いやぁ、君たちにはお世話になっちゃったな。
67887,mp2000_ev,176110,,176110,175264,27005,ch0010171091,context,evo,哪里，不用客气。,ううん、気にしないで。,ううん、気にしないで。
67888,mp2000_ev,176113,,176113,175282,27006,ch0010171092,context,evo,毕竟是重要的学园祭，当然要用心准备。,せっかくの学園祭なんだしちゃんと準備したいじゃない。,せっかくの学園祭なんだしちゃんと準備したいじゃない。
67889,mp2000_ev,176116,,176116,175300,27007,ch0060171093,context,evo,嗯，是啊。,ええ、そうですよ。,ええ、そうですよ。
67890,mp2000_ev,176118,,176118,175312,27008,ch0060171094,context,evo,这是属于我们大家的庆典，我们理应帮忙。,私たちのお祭なんですからお手伝いをするのは当然です。,私たちのお祭なんですからお手伝いをするのは当然です。
67891,mp2000_ev,176122,,176122,178041,27009,ch0510171095,context,evo,不愧是克萝赛，说得太好了。,さっすが、クローゼ。いいこと言うじゃない。,さっすが、クローゼ。いいこと言うじゃない。
67892,mp2000_ev,176140,,176140,181021,27010,ch1920171096,context,evo,哈哈，确实如你所说。,ははっ、確かにその通りだね。,ははっ、確かにその通りだね。
67893,mp2000_ev,176142,,176142,181033,27011,ch1920171097,context,evo,我们这些工作人员也都很期待学园祭中的节目。,学園祭、俺たちも楽しみにしてるからな。,学園祭、俺たちも楽しみにしてるからな。
67894,mp2000_ev,176162,,176162,175480,27012,ch0010101168,context,evo,嗯，一定不会让您失望！,うん、任せといて！,うん、任せといて！
67895,mp2000_ev,176166,,176166,181117,27013,ch0510171099,context,evo,呵呵，敬请期待。,ふふん、期待してちょうだいな。,ふふん、期待してちょうだいな。
67896,mp2000_ev,176172,,176172,181135,27014,ch0060171100,context,evo,我们一定会努力准备的。,精一杯がんばります。,精一杯がんばります。
67897,mp2000_ev,176186,,176186,175576,27086,ch1920171101,exact,evo,好，那你们就加油吧。,それじゃ、がんばってくれよな。,それじゃ、がんばってくれよな。
67898,mp2000_ev,178408,,178408,176481,27021,ch0060171074,blockwise,evo,哎……？,あら……？,あら……？
67899,mp2000_ev,178418,,178418,176517,27022,ch0010150036,blockwise,evo,怎么了？,どしたの？,どしたの？
67900,mp2000_ev,178420,,178420,176529,27023,ch0060171076,blockwise,evo,这里……应该也是悬挂垂幕的地方吧？,ここって……本当なら垂れ幕を飾る場所だと思いませんか？,ここって……本当なら垂れ幕を飾る場所だと思いませんか？
67901,mp2000_ev,178424,,178424,176553,27024,ch0060171077,blockwise,evo,门的另一边就挂着……,扉の反対にはちゃんと飾られてますし……,扉の反対にはちゃんと飾られてますし……
67902,mp2000_ev,178451,,178451,176709,27025,ch0510171078,blockwise,evo,啊，确实……,あ、確かに……,あ、確かに……
67903,mp2000_ev,178477,,178477,176841,27026,ch0010171079,blockwise,evo,啊，真的。,あ、ほんとだ。,あ、ほんとだ。
67904,mp2000_ev,178509,,178509,176967,27027,ch0010171080,blockwise,evo,我们去通知巴克斯师傅吧。,パークスさんに教えに行かなきゃね。,パークスさんに教えに行かなきゃね。
67905,mp2000_ev,178512,,178512,176985,27071,ch0060171081,blockwise,evo,嗯，好的。,ええ、そうしましょう。,ええ、そうしましょう。
67906,mp2000_ev,178567,,178567,177243,27029,ch1920171082,blockwise,evo,哦，这里很明显啊。,ああ、これは分かりやすいな。,ああ、これは分かりやすいな。
67907,mp2000_ev,178569,,178569,177255,27030,ch1920171083,blockwise,evo,好，我这就开始布置。,それじゃ、さっそく作業してしまおうか。,それじゃ、さっそく作業してしまおうか。
67908,mp2000_ev,178576,,178576,177291,27031,ch0510171084,blockwise,evo,好，我们也来帮忙。,よし、手伝いましょ。,よし、手伝いましょ。
67909,mp2000_ev,178586,,178586,177327,27032,ch0010171085,blockwise,evo,我们也来帮忙吧。,あたしたちも手伝うわ。,あたしたちも手伝うわ。
67910,mp2000_ev,178596,,178596,177369,27033,ch1920171086,blockwise,evo,哦，谢了。,お、すまないな。,お、すまないな。
67911,mp2000_ev,178605,,178605,177399,27034,ch1920171087,blockwise,evo,那就麻烦你们了。,それじゃ、頼むよ。,それじゃ、頼むよ。
67912,mp2000_ev,178681,,178681,177867,27088,ch1920171088,blockwise,evo,……好，这样就行了。,……よし。これでいいだろう。,……よし。これでいいだろう。
67913,mp2000_ev,178685,,178685,177747,27018,ch1920171103,context,evo,如果发现了其他地方，请再去通知我一声哦。,それじゃ、また見つけたらよろしく頼むよ。,それじゃ、また見つけたらよろしく頼むよ。
67914,mp2000_ev,178693,,178693,177795,27019,ch0010171104,context,evo,嗯，放心吧。,うん、任せて。,うん、任せて。
67915,mp2000_ev,178695,,178695,180637,27091,ch0060171105,normalized,evo,知道了。,分かりました。,分かりました。
67916,mp2000_ev,178713,,178713,177867,27088,ch1920171088,exact,evo,……好，这样就行了。,……よし。これでいいだろう。,……よし。これでいいだろう。
67917,mp2000_ev,178716,,178716,177885,27003,ch1920171089,context,evo,呼，总算布置完毕了。,ふう、とりあえずこれで全部片付いたよ。,ふう、とりあえずこれで全部片付いたよ。
67918,mp2000_ev,178720,,178720,177909,27004,ch1920171090,context,evo,哎呀，你们真是帮大忙了啊。,いやぁ、君たちにはお世話になっちゃったな。,いやぁ、君たちにはお世話になっちゃったな。
67919,mp2000_ev,178728,,178728,180883,27005,ch0010171091,context,evo,哪里，不用客气。,ううん、気にしないで。,ううん、気にしないで。
67920,mp2000_ev,178733,,178733,180901,27006,ch0010171092,context,evo,毕竟是重要的学园祭，当然要用心准备。,せっかくの学園祭なんだしちゃんと準備したいじゃない。,せっかくの学園祭なんだしちゃんと準備したいじゃない。
67921,mp2000_ev,178735,,178735,177999,27007,ch0060171093,context,evo,嗯，是啊。,ええ、そうですよ。,ええ、そうですよ。
67922,mp2000_ev,178739,,178739,180931,27008,ch0060171094,context,evo,这是属于我们大家的庆典，我们理应帮忙。,私たちのお祭なんですからお手伝いをするのは当然です。,私たちのお祭なんですからお手伝いをするのは当然です。
67923,mp2000_ev,178743,,178743,178041,27009,ch0510171095,context,evo,不愧是克萝赛，说得太好了。,さっすが、クローゼ。いいこと言うじゃない。,さっすが、クローゼ。いいこと言うじゃない。
67924,mp2000_ev,178762,,178762,181021,27010,ch1920171096,context,evo,哈哈，确实如你所说。,ははっ、確かにその通りだね。,ははっ、確かにその通りだね。
67925,mp2000_ev,178765,,178765,181033,27011,ch1920171097,context,evo,我们这些工作人员也都很期待学园祭中的节目。,学園祭、俺たちも楽しみにしてるからな。,学園祭、俺たちも楽しみにしてるからな。
67926,mp2000_ev,178774,,178774,178185,27012,ch0010101168,context,evo,嗯，一定不会让您失望！,うん、任せといて！,うん、任せといて！
67927,mp2000_ev,178778,,178778,181117,27013,ch0510171099,context,evo,呵呵，敬请期待。,ふふん、期待してちょうだいな。,ふふん、期待してちょうだいな。
67928,mp2000_ev,178784,,178784,181135,27014,ch0060171100,context,evo,我们一定会努力准备的。,精一杯がんばります。,精一杯がんばります。
67929,mp2000_ev,178791,,178791,181195,27086,ch1920171101,exact,evo,好，那你们就加油吧。,それじゃ、がんばってくれよな。,それじゃ、がんばってくれよな。
67930,mp2000_ev,181321,,181321,179083,27054,ch0010171106,blockwise,evo,哎……？,あれ……？,あれ……？
67931,mp2000_ev,181331,,181331,179119,27055,ch0010171107,blockwise,evo,啊，这里……,あ、ひょっとして……,あ、ひょっとして……
67932,mp2000_ev,181346,,181346,179209,27056,ch0060171108,blockwise,evo,怎么了？,どうかしました？,どうかしました？
67933,mp2000_ev,181350,,181350,179233,27057,ch0010171109,blockwise,evo,这里没挂彩旗哦。,ここ、旗がないわ。,ここ、旗がないわ。
67934,mp2000_ev,181371,,181371,179335,27058,ch0010171110,blockwise,evo,你看，另一边却挂着。,ほら、反対側にはあるのに。,ほら、反対側にはあるのに。
67935,mp2000_ev,181440,,181440,179641,27059,ch0060171111,blockwise,evo,啊，真的。,あっ、本当。,あっ、本当。
67936,mp2000_ev,181446,,181446,179611,27060,ch0510171112,blockwise,evo,不愧是游击士。竟然能找到这种东西。,さすが遊撃士。よくこんなの見つけるわね。,さすがブレイサー。よくこんなの見つけるわね。
67937,mp2000_ev,181455,,181455,179641,27061,ch0060171113,blockwise,evo,啊，真的。,あっ、本当。,あっ、本当。
67938,mp2000_ev,181460,,181460,179671,27062,ch0060171114,blockwise,evo,艾丝蒂尔，你观察得真仔细啊。,エステルさん、よく見つけましたね。,エステルさん、よく見つけましたね。
67939,mp2000_ev,181494,,181494,179785,27063,ch0010171115,blockwise,evo,嘿嘿，只是偶然发现的。,えへへ、たまたまよ。,えへへ、たまたまよ。
67940,mp2000_ev,181502,,181502,179809,27064,ch0010171116,blockwise,evo,好，我们赶快去通知巴克斯师傅吧。,じゃ、パークスさんに教えに行かなきゃね。,じゃ、パークスさんに教えに行かなきゃね。
67941,mp2000_ev,181505,,181505,179827,27065,ch0060171117,blockwise,evo,嗯，走吧。,ええ、行きましょう。,ええ、行きましょう。
67942,mp2000_ev,181543,,181543,180007,27066,ch1920171118,blockwise,evo,哦，你们竟然能注意到这么不起眼的地方啊。,おお、こんなのよく見つけたなあ。,おお、こんなのよく見つけたなあ。
67943,mp2000_ev,181546,,181546,180025,27067,ch1920171119,blockwise,evo,这是个小问题，我马上布置好。,まあ、細かいトコだしさっさと作業してしまうか。,まあ、細かいトコだしさっさと作業してしまうか。
67944,mp2000_ev,181553,,181553,180061,27068,ch0510171120,blockwise,evo,那我们也来帮忙吧。,さあて、手伝いますか。,さあて、手伝いますか。
67945,mp2000_ev,181563,,181563,180121,27069,ch0060171121,blockwise,evo,嗯，好的。,ええ、そうね。,ええ、そうね。
67946,mp2000_ev,181570,,181570,180139,27070,ch0010171122,blockwise,evo,好，那我们也来帮忙吧。,よし、それじゃ手伝うわよ。,よし、それじゃ手伝うわよ。
67947,mp2000_ev,181573,,181573,180157,27071,ch0060171081,blockwise,evo,嗯，好啊。,ええ、そうしましょう。,ええ、そうしましょう。
67948,mp2000_ev,181591,,181591,180217,27072,ch1920171124,blockwise,evo,谢啦，麻烦你们了。,すまないね、助かるよ。,すまないね、助かるよ。
67949,mp2000_ev,181640,,181640,180775,27088,ch1920171088,blockwise,evo,……好，这样就行了。,……よし。これでいいだろう。,……よし。これでいいだろう。
67950,mp2000_ev,181678,,181678,180607,27089,ch1920171103,blockwise,evo,如果发现了其他地方，请再去通知我一声哦。,それじゃ、また見つけたらよろしく頼むよ。,それじゃ、また見つけたらよろしく頼むよ。
67951,mp2000_ev,181681,,181681,180625,27090,ch0010171104,blockwise,evo,嗯，放心吧。,うん、任せて。,うん、任せて。
67952,mp2000_ev,181683,,181683,180637,27091,ch0060171105,blockwise,evo,知道了。,分かりました。,分かりました。
67953,mp2000_ev,181722,,181722,180775,27088,ch1920171088,blockwise,evo,……好，这样就行了。,……よし。これでいいだろう。,……よし。これでいいだろう。
67954,mp2000_ev,181734,,181734,180847,27074,ch1920171089,blockwise,evo,呼，总算布置完毕了。,ふう、とりあえずこれで全部片付いたよ。,ふう、とりあえずこれで全部片付いたよ。
67955,mp2000_ev,181737,,181737,180865,27075,ch1920171090,blockwise,evo,哎呀，你们真是帮大忙了啊。,いやぁ、君たちにはお世話になっちゃったな。,いやぁ、君たちにはお世話になっちゃったな。
67956,mp2000_ev,181740,,181740,180883,27076,ch0010171091,blockwise,evo,哪里，不用客气。,ううん、気にしないで。,ううん、気にしないで。
67957,mp2000_ev,181743,,181743,180901,27077,ch0010171092,blockwise,evo,毕竟是重要的学园祭，当然要用心准备。,せっかくの学園祭なんだしちゃんと準備したいじゃない。,せっかくの学園祭なんだしちゃんと準備したいじゃない。
67958,mp2000_ev,181746,,181746,180919,27078,ch0060171093,blockwise,evo,嗯，是啊。,ええ、そうですよ。,ええ、そうですよ。
67959,mp2000_ev,181748,,181748,180931,27079,ch0060171094,blockwise,evo,这是属于我们大家的庆典，我们理应帮忙。,私たちのお祭なんですからお手伝いをするのは当然です。,私たちのお祭なんですからお手伝いをするのは当然です。
67960,mp2000_ev,181752,,181752,180949,27080,ch0510171095,blockwise,evo,不愧是克萝赛，说得太好了。,さっすが、クローゼ。いいこと言うじゃない。,さっすが、クローゼ。いいこと言うじゃない。
67961,mp2000_ev,181771,,181771,181021,27081,ch1920171096,blockwise,evo,哈哈，确实如你所说。,ははっ、確かにその通りだね。,ははっ、確かにその通りだね。
67962,mp2000_ev,181773,,181773,181033,27082,ch1920171097,blockwise,evo,我们这些工作人员也都很期待学园祭中的节目。,学園祭、俺たちも楽しみにしてるからな。,学園祭、俺たちも楽しみにしてるからな。
67963,mp2000_ev,181792,,181792,181099,45027,ch0010101168,blockwise,evo,嗯，一定不会让您失望！,うん、任せといて！,うん、任せといて！
67964,mp2000_ev,181796,,181796,181117,27084,ch0510171099,blockwise,evo,呵呵，敬请期待。,ふふん、期待してちょうだいな。,ふふん、期待してちょうだいな。
67965,mp2000_ev,181802,,181802,181135,27085,ch0060171100,blockwise,evo,我们一定会努力准备的。,精一杯がんばります。,精一杯がんばります。
67966,mp2000_ev,181816,,181816,181195,27086,ch1920171101,blockwise,evo,好，那你们就加油吧。,それじゃ、がんばってくれよな。,それじゃ、がんばってくれよな。
67967,mp2000_ev,182335,184065,182335,184065,,,unmatched,evo,大型魔兽在此徘徊。,大型の魔獣が徘徊している。,
67968,mp2000_ev,183289,184065,183289,184065,,,unmatched,evo,大型魔兽在此徘徊。,大型の魔獣が徘徊している。,
67969,mp2000_ev,184217,184065,184217,184065,,,unmatched,evo,大型魔兽在此徘徊。,大型の魔獣が徘徊している。,
