RemakeVoiceID,RemakeScenaScriptFilename,RemakeScenaScriptLineno,RemakeScenaScriptAddStructLineno,RemakeScenaScriptTranslationLineno,RemakeScenaScriptTranslationAddStructLineno,OldScriptId,OldVoiceFilename,MatchType,RemakeVoiceCategory,RemakeVoiceTranslation,RemakeVoiceText,OldVoiceText
85902,mp4000_ev,16421,,13379,,45895,ch4190100541,blockwise,evo,呀，竟然在这种地方见面了。,おい、あんたたち！,おい、あんたたち！
85903,mp4000_ev,16516,,13403,,45896,ch0010100542,blockwise,evo,杰尼丝王立学园社会系的克萝赛·琳兹同学……,（あれっ……？）,（あれっ……？）
85904,mp4000_ev,16518,,13413,,45897,ch0020100543,blockwise,evo,能和你谈谈吗？,（軍の部隊みたいだね……）,（軍の部隊みたいだね……）
85905,mp4000_ev,16523,,16421,,45898,ch4190100544,blockwise,evo,喂，你们等一下！,あんたたち。エルベ離宮の見物は禁止だぞ。,あんたたち。エルベ離宮の見物は禁止だぞ。
85906,mp4000_ev,16525,,16516,,45899,ch4190100545,blockwise,evo,（哎……？）,先日、グランセル市街に布告があったばかりだろう？,先日、グランセル市街に布告があったばかりだろう？
85907,mp4000_ev,16548,,16518,,45900,ch0010100546,blockwise,evo,（好像是军人……）,？？？,？？？
85908,mp4000_ev,16550,,16523,,45901,ch0020100547,blockwise,evo,你们听好，艾尔贝离宫现在禁止参观。,あの……僕たちは王都民ではありません。,あの……僕たちは王都民ではありません。
85909,mp4000_ev,16552,,16525,,45902,ch0020100548,blockwise,evo,前几天已经在格兰赛尔城内张贴了公告。,先ほどセントハイム門を抜けてグランセルに向かう途中なんです。,先ほどセントハイム門を抜けてグランセルに向かう途中なんです。
85910,mp4000_ev,16566,,16548,,45903,ch2440100549,blockwise,evo,？？？,なんだ、旅行者か……,なんだ、旅行者か……
85911,mp4000_ev,16575,,16550,,45904,ch2490100550,blockwise,evo,那个……我们并不是王都的市民。,テロリスト騒ぎの最中に徒歩で街道を旅行とはな……,テロリスト騒ぎの最中に徒歩で街道を旅行とはな……
85912,mp4000_ev,16577,,16552,,45905,ch2490100551,blockwise,evo,我们刚刚通过圣海姆门，正要去格兰赛尔呢。,ずいぶんノンキなもんだぜ。,ずいぶんノンキなもんだぜ。
85913,mp4000_ev,16605,,16566,,45906,ch0010100552,blockwise,evo,怎么，原来是游客啊……,えっと……テロリストの話はともかく。,えっと……テロリストの話はともかく。
85914,mp4000_ev,16608,,16575,,45907,ch0010100553,blockwise,evo,恐怖分子最近闹得这么凶，你们竟然还敢在郊外逛……,《エルベ離宮》って何なの？,《エルベ離宮》って何なの？
85915,mp4000_ev,16614,,16577,,45908,ch0150100554,blockwise,evo,还真是天不怕地不怕啊。,たしか、東の方にあるリベール王家の小宮殿でしたね。,たしか、東の方にあるリベール王家の小宮殿でしたね。
85916,mp4000_ev,16618,,16605,,45909,ch0150100555,blockwise,evo,那个……先不说什么恐怖分子。,普段は、市民の憩いの場所として解放されていると聞きましたが？,普段は、市民の憩いの場所として解放されていると聞きましたが？
85917,mp4000_ev,16626,,16608,,45910,ch4190100556,blockwise,evo,《艾尔贝离宫》是什么呢？,生憎だが、今は立入禁止だ。,生憎だが、今は立入禁止だ。
85918,mp4000_ev,16629,,16614,,45911,ch4190100557,blockwise,evo,记得是东边那座归利贝尔王族所有的小型宫殿。,テロ事件の捜査本部にするため軍が使わせてもらっているのさ。,テロ事件の捜査本部にするため軍が使わせてもらっているのさ。
85919,mp4000_ev,16635,,16618,,45912,ch0020100558,blockwise,evo,我听说那里一直对外开放，是市民们的休息场所啊。,捜査本部、ですか……,捜査本部、ですか……
85920,mp4000_ev,16644,,16626,,45913,ch4190100559,blockwise,evo,不好意思，现在禁止入内。,離宮周辺の道は立入禁止にはなっていないが……,離宮周辺の道は立入禁止にはなっていないが……
85921,mp4000_ev,16646,,16629,,45914,ch4190100560,blockwise,evo,那里已被军队接管，暂时充当恐怖袭击事件的调查总部。,テロリストに間違えられたくなかったら近寄らない方が身のためだぞ。,テロリストに間違えられたくなかったら近寄らない方が身のためだぞ。
85922,mp4000_ev,16724,,16635,,45915,ch0150100561,blockwise,evo,调查总部吗……,物々しい雰囲気ですねぇ。,物々しい雰囲気ですねぇ。
85923,mp4000_ev,16726,,16644,,45916,ch0150100562,blockwise,evo,离宫周边的区域倒是没有戒严……,私、近寄るなと言われるとかえって近寄りたくなるんですけど。,私、近寄るなと言われるとかえって近寄りたくなるんですけど。
85924,mp4000_ev,16729,,16646,,45917,ch0150100563,blockwise,evo,不过，如果你们不想被误认成恐怖分子，最好还是别靠近这一带。,どうです、ここは寄り道して離宮の近くまで行ってみませんか？,どうです、ここは寄り道して離宮の近くまで行ってみませんか？
85925,mp4000_ev,16744,,16724,,45918,ch0010100564,blockwise,evo,真是戒备森严啊。,う、うーん……好奇心は刺激されるんだけど。,う、うーん……好奇心は刺激されるんだけど。
85926,mp4000_ev,16748,,16726,,45919,ch0020100565,blockwise,evo,越说不让靠近，我就越想过去看个究竟。,警告されたばかりだし今は止めておきましょう。,警告されたばかりだし今は止めておきましょう。
85927,mp4000_ev,16752,,16729,,45920,ch0020100566,blockwise,evo,对了，我们干脆绕个远路，去离宫附近看看吧？,兵士たちが言っていた通りテロリストがいるかもしれません。,兵士たちが言っていた通りテロリストがいるかもしれません。
85928,mp4000_ev,16764,,16744,,45921,ch0010100567,blockwise,evo,唔……虽然我的好奇心也被勾起来了，但还是……,え、でもあれって……,え、でもあれって……
85929,mp4000_ev,16766,,16748,,45922,ch0010100568,blockwise,evo,士兵刚刚警告过我们，这次还是不要去了。,情報部がしでかしたことを親衛隊や遊撃士のせいに……,情報部がしでかしたことを親衛隊や遊撃士のせいに……
85930,mp4000_ev,16782,,16752,,45923,ch0020100569,blockwise,evo,而且，也许正如那些士兵所说，真的有恐怖分子埋伏在那里呢。,エステル！,エステル！
85931,mp4000_ev,16785,,16764,,45924,ch0020100570,blockwise,evo,哎？但那不是……,（できればそのことは  あまり口外しない方がいい。）,（できればそのことはあまり口外しない方がいい。）
85932,mp4000_ev,16787,,16766,,45925,ch0020100571,blockwise,evo,情报部为了把自己做的事情嫁祸给亲卫队和游击士而编造的──,（下手に知らせてしまったら  巻き込むことになってしまうよ。）,（下手に知らせてしまったら巻き込むことになってしまうよ。）
85933,mp4000_ev,16789,,16782,,45926,ch0010100572,blockwise,evo,艾丝蒂尔！,（そ、それもそうね……）,（そ、それもそうね……）
85934,mp4000_ev,16796,,16785,,45927,ch0150100573,blockwise,evo,（尽量不要把那件事情  透露给别人。）,？？？,？？？
85935,mp4000_ev,16798,,16787,,45928,ch0150100574,blockwise,evo,（如果贸然告诉他们的话  会把他们卷进来的。）,情報……何ですって？,情報……何ですって？
85936,mp4000_ev,16807,,16789,,45929,ch0010100575,blockwise,evo,（说、说得也是……）,え、ああ、うん。,え、ああ、うん。
85937,mp4000_ev,16810,,16796,,45930,ch0010100576,blockwise,evo,？？？,ゴメン、何でもないわ。,ゴメン、何でもないわ。
85938,mp4000_ev,16815,,16798,,45931,ch0020100577,blockwise,evo,情报……什么？,そういうわけで、早く王都に向かいましょう。,そういうわけで、早く王都に向かいましょう。
85939,mp4000_ev,16820,,16807,,45932,ch0150100578,blockwise,evo,哎……啊……嗯……,はあ……残念ですけど仕方ありませんね。,はあ……残念ですけど仕方ありませんね。
85974,mp4000_ev,23226,,18943,,52986,ch0010100752,normalized,evo,嗯，的确……,うわ～……あれがグランセル城ね。,うわ〜……あれがグランセル城ね。
85975,mp4000_ev,23241,,18947,,53744,ch0010100753,blockwise,evo,仔细想想，我们怎样才能见到女王呢？,女王様が住んでるだけあってさすが立派でキレイよねぇ……,女王様が住んでるだけあってさすが立派でキレイよねぇ……
85976,mp4000_ev,23243,,18950,,53745,ch0020100754,blockwise,evo,肯定不会是进入王城就能直接见面那么简单吧……,うん……ただ綺麗なだけじゃなくてかなり堅牢な造りみたいだね。,うん……ただ綺麗なだけじゃなくてかなり堅牢な造りみたいだね。
85977,mp4000_ev,23247,,23226,,53746,ch0020100755,blockwise,evo,哇……这就是格兰赛尔城啊。,あの巨大な城門が良い例だよ。,あの巨大な城門が良い例だよ。
85978,mp4000_ev,23251,,23241,,52990,ch0010100756,blockwise,evo,女王住的地方果然又气派又漂亮……,確かに、あれじゃあ簡単に中に入るのは無理っぽいわね。,確かに、あれじゃあ簡単に中に入るのは無理っぽいわね。
85979,mp4000_ev,23262,,23243,,53748,ch0010100757,blockwise,evo,嗯……不仅漂亮，而且十分坚固。,となると、あそこの兵士さんから話を聞くしかなさそうだけど……,となると、あそこの兵士さんから話を聞くしかなさそうだけど……
85980,mp4000_ev,23272,,23247,,52992,ch0020100758,blockwise,evo,那道巨大的城门就是很好的例证。,まずは地道に行ってみようか。,まずは地道に行ってみようか。
85981,mp4000_ev,23279,,23251,,52993,ch0020100759,blockwise,evo,确实……看来不可能轻易进去啊。,……田舎から来たばかりでお城の中を見学してみたい。,……田舎から来たばかりでお城の中を見学してみたい。
85982,mp4000_ev,23281,,23262,,53751,ch0020100760,blockwise,evo,既然如此，只能先去和那两名士兵谈谈了。,ついでに、女王陛下のお姿を一目でいいから拝見したい。,ついでに、女王陛下のお姿を一目でいいから拝見したい。
85983,mp4000_ev,23285,,23272,,52995,ch0020100761,blockwise,evo,我们要装得质朴一些。,──そんな設定でいいかな？,──そんな設定でいいかな？
85984,mp4000_ev,23293,,23279,,52996,ch0010100762,blockwise,evo,……刚从乡下来，想进王城参观。,相変わらず、涼しい顔してすぐ出まかせを思いつくわねぇ。,相変わらず、涼しい顔してすぐ出まかせを思いつくわねぇ。
85985,mp4000_ev,23295,,23281,,53754,ch0010100763,blockwise,evo,同时还想借此机会一睹女王陛下的风采。,いつも感心しちゃうわ。,いつも感心しちゃうわ。
85986,mp4000_ev,23297,,23285,,52998,ch0020100764,blockwise,evo,──这种设定不错吧？,誉め言葉として受け取っておくよ。,誉め言葉として受け取っておくよ。
85987,mp4000_ev,23314,,23293,,52999,ch0010100765,blockwise,evo,你总能轻轻松松地想出好办法啊。,あの～、こんにちは～。,あの〜、こんにちは〜。
85988,mp4000_ev,23342,,23295,,53000,ch2160100766,blockwise,evo,每次都会让我大吃一惊。,よう、こんにちは。,よう、こんにちは。
85989,mp4000_ev,23344,,23297,,53001,ch2170100767,blockwise,evo,我就当作夸奖好啦。,グランセル城へようこそ。どういった御用かな？,グランセル城へようこそ。どういった御用かな？
85990,mp4000_ev,23354,,23314,,53002,ch0020100768,blockwise,evo,喂～你们好。,僕たち、ロレントから王都見物に来たばかりなんです。,僕たち、ロレントから王都見物に来たばかりなんです。
85991,mp4000_ev,23358,,23342,,53760,ch0020100769,blockwise,evo,哦，你们好。,せっかくだから、お城の中を見物させてもらおうと思って……,せっかくだから、お城の中を見物させてもらおうと思って……
85992,mp4000_ev,23365,,23344,,53004,ch2160100770,blockwise,evo,欢迎来到格兰赛尔城。有何贵干？,ああ、なるほどね。,ああ、なるほどね。
85993,mp4000_ev,23367,,23354,,53005,ch2160100771,blockwise,evo,我们刚从洛连特来到王都观光。,申しわけないが、グランセル城は関係者以外、立入を禁止してるんだ。,申しわけないが、グランセル城は関係者以外、立入を禁止してるんだ。
85994,mp4000_ev,23369,,23358,,53006,ch2170100772,blockwise,evo,想借此机会进城参观……,テロ騒ぎがあったせいでチェックが厳しくなってしまってね。,テロ騒ぎがあったせいでチェックが厳しくなってしまってね。
85995,mp4000_ev,23371,,23365,,53007,ch2170100773,blockwise,evo,哦，是这样啊。,まあ、テロリストたちが捕まれば見学も許されるようになると思うよ。,まあ、テロリストたちが捕まれば見学も許されるようになると思うよ。
85996,mp4000_ev,23381,,23367,,53008,ch0010100774,blockwise,evo,很抱歉，格兰赛尔城暂时禁止无关人员入内。,そうなんだ……ガックシ。,そうなんだ……ガックシ。
85997,mp4000_ev,23388,,23369,,53766,ch0010100775,blockwise,evo,由于恐怖分子的缘故，现在的盘查比以往更加严格了。,それじゃあ、女王様の姿を見るなんて夢また夢かしら……,それじゃあ、女王様の姿を見るなんて夢のまた夢かしら……
85998,mp4000_ev,23395,,23371,,53010,ch2160100776,blockwise,evo,不过，抓到恐怖分子之后，应该就允许大家参观了。,そうだなぁ……,そうだなぁ……
85999,mp4000_ev,23397,,23381,,53011,ch2160100777,blockwise,evo,是这样啊……真可惜。,生誕祭当日は、城のテラスからいつも市民に挨拶してくださるから拝見する機会はあると思うけど……,生誕祭当日は、城のテラスからいつも市民に挨拶してくださるから拝見する機会はあると思うけど……
86000,mp4000_ev,23401,,23388,,53012,ch2170100778,blockwise,evo,那这样的话，想要见到女王陛下岂不是痴人说梦了……,でも最近、陛下もお身体の調子が悪いみたいだからねぇ。,でも最近、陛下もお身体の調子が悪いみたいだからねぇ。
86001,mp4000_ev,23405,,23395,,53013,ch2170100779,blockwise,evo,对了……,いつもの挨拶もあるかどうか……,いつもの挨拶もあるかどうか……
86002,mp4000_ev,23414,,23397,,53014,ch0010100780,blockwise,evo,诞生庆典那天，女王会在王城的露台上向市民们致意，到时应该有拜见的机会……,え……！？,え……！？
86003,mp4000_ev,23416,,23401,,53015,ch0020100781,blockwise,evo,不过，陛下最近似乎身体欠佳。,あの……女王陛下はご病気なんですか？,あの……女王陛下はご病気なんですか？
86004,mp4000_ev,23426,,23405,,53016,ch2170100782,blockwise,evo,例行的致意说不定会取消……,ああ……心労によるものらしいけど……,ああ……心労によるものらしいけど……
86005,mp4000_ev,23428,,23414,,53017,ch2170100783,blockwise,evo,哎……！？,信頼していた親衛隊にテロ事件の容疑がかけられた事がよほどショックだったみたいでね。,信頼していた親衛隊にテロ事件の容疑がかけられた事がよほどショックだったみたいでね。
86006,mp4000_ev,23431,,23416,,53018,ch2170100784,blockwise,evo,请问……女王陛下生病了吗？,最近は、謁見の場にも現れずに女王宮で静養されているそうだよ。,最近は、謁見の場にも現れずに女王宮で静養されているそうだよ。
86007,mp4000_ev,23433,,23426,,53776,ch0010100785,blockwise,evo,嗯……似乎是因为操劳过度……,そうなんだ……,そうなんだ……
86008,mp4000_ev,23442,,23428,,53020,ch2160100786,blockwise,evo,再加上自己十分信赖的亲卫队涉嫌策动恐怖袭击事件，想必受到了很大的打击。,まったく、親衛隊の野郎どもめ。陛下の信頼を仇で返すとはな……,まったく、親衛隊の野郎どもめ。陛下の信頼を仇で返すとはな……
86009,mp4000_ev,23444,,23431,,53021,ch2160100787,blockwise,evo,陛下最近一直都没有出现在谒见室，应该正在女王宫静养。,普段からエリートぶってていけ好かないと思ってたんだ。,普段からエリートぶってていけ好かないと思ってたんだ。
86010,mp4000_ev,23447,,23433,,53022,ch2170100788,blockwise,evo,是这样啊……,で、でもさ、ユリア中尉は色々親切にしてくれたじゃないか。,で、でもさ、ユリア中尉は色々親切にしてくれたじゃないか。
86011,mp4000_ev,23450,,23442,,53023,ch2170100789,blockwise,evo,真是的，亲卫队的那些混蛋，居然恩将仇报，辜负陛下的信任……,俺たちみたいな一兵卒にも剣術と作法を教えてくれたし……,俺たちみたいな一兵卒にも剣術と作法を教えてくれたし……
86012,mp4000_ev,23453,,23444,,53024,ch2170100790,blockwise,evo,平时总摆着一副精英架子，我一直都很讨厌他们。,あの人がテロリストなんてちょっと信じられないんだけど……,あの人がテロリストなんてちょっと信じられないんだけど……
86013,mp4000_ev,23457,,23447,,53025,ch2160100791,blockwise,evo,可、可是，尤莉亚中尉对我们很亲切啊。,そ、そんなのあたりまえだ！,そ、そんなのあたりまえだ！
86014,mp4000_ev,23460,,23450,,53026,ch2160100792,blockwise,evo,而且还会亲自对我们这些小兵进行剑术和礼仪方面的指导……,たぶん彼女は、部下の不祥事に責任を感じて姿を消しただけさ！,たぶん彼女は、部下の不祥事に責任を感じて姿を消しただけさ！
86015,mp4000_ev,23462,,23453,,53027,ch2160100793,blockwise,evo,说她是恐怖分子，我有点不相信……,ああ……なんて気の毒なユリアさん……,ああ……なんて気の毒なユリアさん……
86016,mp4000_ev,23470,,23457,,53028,ch0010100794,blockwise,evo,中、中尉当然是清白的！,（要するにこの人って……）,（要するにこの人って……）
86017,mp4000_ev,23472,,23460,,53029,ch0010100795,blockwise,evo,肯定是因为对部下的罪行感到自责，所以才会默默离开！,（ユリアさん絡みで他の隊員に  嫉妬してるだけなんじゃ……）,（ユリアさん絡みで他の隊員に嫉妬してるだけなんじゃ……）
86018,mp4000_ev,23475,,23462,,53030,ch0020100796,blockwise,evo,唉……尤莉亚小姐真可怜啊……,（うん、そうみたいだね……）,（うん、そうみたいだね……）
86019,mp4000_ev,23482,,23470,,53031,ch2160100797,blockwise,evo,（他们似乎……）,ゴホン……,ゴホン……
86020,mp4000_ev,23490,,23472,,53032,ch2160100798,blockwise,evo,（只是因为尤莉亚小姐的关系，  在嫉妒其他的队员呢……）,まあ、そういうわけでグランセル城は立入禁止だ。,まあ、そういうわけでグランセル城は立入禁止だ。
86021,mp4000_ev,23492,,23475,,53033,ch2170100799,blockwise,evo,（嗯，好像是这样呢……）,悪いけどお引き取り願おうか。,悪いけどお引き取り願おうか。
86022,mp4000_ev,23494,,23482,,53034,ch0010100800,blockwise,evo,咳咳……,はあ、そういう事情じゃあきらめるしかないかぁ……,はあ、そういう事情じゃあきらめるしかないかぁ……
86023,mp4000_ev,23503,,23490,,53035,ch0020100801,blockwise,evo,总之，就是这个原因，格兰赛尔城禁止入内。,ただ、ちょっと心配ですね。,ただ、ちょっと心配ですね。
86024,mp4000_ev,23508,,23492,,53793,ch0020100802,blockwise,evo,抱歉，请回去吧。,女王陛下の健康ももちろんですけど政務の方は大丈夫なんでしょうか？,女王陛下の健康ももちろんですけど政務の方は大丈夫なんでしょうか？
86025,mp4000_ev,23511,,23494,,53037,ch2170100803,blockwise,evo,唉，既然如此，也只好放弃了……,ああ……その心配はごもっともだ。,ああ……その心配はごもっともだ。
86026,mp4000_ev,23515,,23503,,53038,ch2170100804,blockwise,evo,不过，我有点担心啊。,一応、名目上の代理はいらっしゃるんだけどね……,一応、名目上の代理はいらっしゃるんだけどね……
86027,mp4000_ev,23517,,23508,,53039,ch0010100805,blockwise,evo,女王陛下的健康很令人挂怀，另外，政务方面不会出问题吗？,名目上の代理？,名目上の代理？
86028,mp4000_ev,23519,,23511,,53040,ch2160100806,blockwise,evo,嗯……你的担心很有道理。,はは。文字通り、名目上のだぜ。,はは。文字通り、名目上のだぜ。
86029,mp4000_ev,23528,,23515,,53041,ch2160100807,blockwise,evo,不过，目前已经安排了名义上的代理人……,あの方ほど政務という言葉が似合わない人も珍しいからなぁ。,あの方ほど政務という言葉が似合わない人も珍しいからなぁ。
86030,mp4000_ev,23531,,23517,,53042,ch2170100808,blockwise,evo,名义上的代理人？,おいおい、口を慎めよ。,おいおい、口を慎めよ。
86031,mp4000_ev,23533,,23519,,53043,ch2170100809,blockwise,evo,哈哈，顾名思义，只是“名义上的”。,まあ確かに、姫様の方がよほど向いているとは思うけど……,まあ確かに、姫様の方がよほど向いているとは思うけど……
86032,mp4000_ev,23536,,23528,,53044,ch2160100810,blockwise,evo,真是完全没法把那位大人和政务一词联系到一起啊。,ほーら見ろ、お前だって……,ほーら見ろ、お前だって……
86033,mp4000_ev,23548,,23531,,53045,ch0010100811,blockwise,evo,喂，说话要注意一点。,な、なに……？,な、なに……？
86034,mp4000_ev,23554,,23533,,53046,ch2160100812,blockwise,evo,不过……确实如你所说，还是公主更加适合这项职务。,おっと、お出ましのようだな。,おっと、お出ましのようだな。
86046,mp4000_ev,23727,,23655,,53058,ch0010100824,blockwise,evo,闭嘴，菲利普！你这些话我已经听够了！,……えーと…………,……えーと…………
86047,mp4000_ev,23731,,23658,,53059,ch0020100825,blockwise,evo,我是下任国王，想干什么就干什么！,……あの、もしかして……,……あの、もしかして……
86048,mp4000_ev,23733,,23668,,53060,ch2160100826,blockwise,evo,可恶，没时间了！赶快去王立竞技场吧！,分かってる、みなまで言うな。,分かってる、みなまで言うな。
86049,mp4000_ev,23736,,23727,,53061,ch2160100827,blockwise,evo,……哎…………,今のが、陛下の代理として政務を担当している公爵閣下だ。,今のが、陛下の代理として政務を担当している公爵閣下だ。
86050,mp4000_ev,23739,,23731,,53062,ch0010100828,blockwise,evo,……那个……难道……,は、激しく頭が痛くなってきたんですけど……,は、激しく頭が痛くなってきたんですけど……
86051,mp4000_ev,23741,,23733,,53063,ch2170100829,blockwise,evo,我明白你的意思，不用再说了。,ま、まあ心配しなくても頼もしい補佐がいるから大丈夫さ。,ま、まあ心配しなくても頼もしい補佐がいるから大丈夫さ。
86052,mp4000_ev,23743,,23736,,53064,ch2170100830,blockwise,evo,刚才那位就是陛下的代理人，负责主理政务的公爵大人。,その人のおかげで、今のところ大した問題は起こっていないしね。,その人のおかげで、今のところ大した問題は起こっていないしね。
86053,mp4000_ev,23745,,23739,,53065,ch0020100831,blockwise,evo,我、我的头开始疼了……,頼もしい補佐……ですか。,頼もしい補佐……ですか。
86054,mp4000_ev,23749,,23741,,53066,ch2160100832,blockwise,evo,不、不用担心，毕竟有个很可靠的辅佐者，所以没问题的。,へへ、王国軍情報部のリシャール大佐という人でね。,へへ、王国軍情報部のリシャール大佐という人でね。
86055,mp4000_ev,23751,,23743,,53067,ch2160100833,blockwise,evo,多亏了那个人，目前还没出过什么大乱子。,道楽者の公爵閣下に代わって政務を一手に引き受けてるらしい。,道楽者の公爵閣下に代わって政務を一手に引き受けてるらしい。
86056,mp4000_ev,23760,,23745,,53068,ch0010100834,blockwise,evo,可靠的辅佐者吗……,（や、やっぱり……）,（や、やっぱり……）
86057,mp4000_ev,23763,,23749,,53069,ch0020100835,blockwise,evo,嘿嘿，那个人就是王国军情报部的理查德上校。,（予想以上に、王国の中枢に  食い込んでいるみたいだね……）,（予想以上に、王国の中枢に食い込んでいるみたいだね……）
86058,mp4000_ev,23769,,23751,,53070,ch2160100836,blockwise,evo,他替不务正业的公爵大人处理了所有的政务。,まあ、城内見物は無理だけどそんなに気を落とさないでくれや。,まあ、城内見物は無理だけどそんなに気を落とさないでくれや。
86059,mp4000_ev,23773,,23760,,53071,ch2160100837,blockwise,evo,（果、果然……）,グランセルの街には他にも名所がたくさんあるからな。,グランセルの街には他にも名所がたくさんあるからな。
86060,mp4000_ev,23776,,23763,,53072,ch2170100838,blockwise,evo,（比预想的还要更加深入地  控制了国家的核心呢……）,せっかくの王都見物だ。のんびり観光を楽しむといいよ。,せっかくの王都見物だ。のんびり観光を楽しむといいよ。
86061,mp4000_ev,23780,,23769,,53073,ch0010100839,blockwise,evo,不过，虽然不能进城参观，也不要这么灰心丧气嘛。,う、うん、そうするわね。,う、うん、そうするわね。
86062,mp4000_ev,23782,,23773,,53074,ch0020100840,blockwise,evo,格兰赛尔的大街上还有很多观光胜地呢。,親切にありがとうございました。,親切にありがとうございました。
86063,mp4000_ev,23821,,23776,,53075,ch0010100841,blockwise,evo,好不容易来一次王都，就请舒舒服服地享受观光的乐趣吧。,うーん……予想以上に収穫があったわね。,うーん……予想以上に収穫があったわね。
86064,mp4000_ev,23823,,23780,,53076,ch0010100842,blockwise,evo,嗯，说的也是。,それにしても、あの公爵が女王様の代理をしてるなんて……,それにしても、あの公爵が女王様の代理をしてるなんて……
86065,mp4000_ev,23831,,23782,,53077,ch0020100843,blockwise,evo,感谢你们的好意。,実権を握っているのはたぶんリシャール大佐だろうね。,実権を握っているのはたぶんリシャール大佐だろうね。
86066,mp4000_ev,23833,,23821,,53078,ch0020100844,blockwise,evo,嗯……收获超出预期。,しかも、自分が黒幕であるのを周りに気付かせてないみたいだ。,しかも、自分が黒幕であるのを周りに気付かせてないみたいだ。
86067,mp4000_ev,23835,,23823,,53079,ch0020100845,blockwise,evo,但真是没想到，那个公爵竟然会是女王陛下的代理人……,正直、情報操作の手腕はかなりの物だと思うよ。,正直、情報操作の手腕はかなりの物だと思うよ。
86068,mp4000_ev,23837,,23831,,53080,ch0010100846,blockwise,evo,但掌握实权的人应该还是理查德上校。,もう、ヨシュアってば。敵を誉めてる場合じゃないわよ。,もう、ヨシュアってば。敵を誉めてる場合じゃないわよ。
86069,mp4000_ev,23843,,23833,,53081,ch0010100847,blockwise,evo,而且……其他人似乎都对他的阴谋浑然不觉。,それよりも、あの公爵、武術大会に行くつもりみたい。,それよりも、あの公爵、武術大会に行くつもりみたい。
86070,mp4000_ev,23846,,23835,,53082,ch0010100848,blockwise,evo,操控情报的手段真是相当高明。,ね、あたしたちも行ってみない？,ね、あたしたちも行ってみない？
86071,mp4000_ev,23850,,23837,,53083,ch0020100849,blockwise,evo,真是的，约书亚，现在可不是称赞敌人的时候啊。,そうだね……,そうだね……
86072,mp4000_ev,23852,,23843,,53084,ch0020100850,blockwise,evo,对了，那个公爵好像要去看武术大会。,確かに公爵の動向は調べておいて損はなさそうだ。,確かに公爵の動向は調べておいて損はなさそうだ。
86073,mp4000_ev,23855,,23846,,53085,ch0010100851,blockwise,evo,我们也去看看吧？,それじゃあ決まり！,それじゃあ決まり！
86074,mp4000_ev,23857,,23850,,53086,ch0010100852,vector_search (0.98),evo,也好……,えっと、王立競技場ってどっちの方角にあるんだっけ？,えっと、王立競技場（グランアリーナ）ってどっちの方角にあるんだっけ？
86075,mp4000_ev,23863,,23852,,53087,ch0020100853,exact,evo,调查公爵的动向总是有益无害。,たしか東街区だったはずだよ。,たしか東街区だったはずだよ。
86076,mp4000_ev,23866,,23855,,53088,ch0020100854,exact,evo,那么就决定了！,大通りを戻って東の方に向かおう。,大通りを戻って東の方に向かおう。
86077,mp4000_ev,24917,24495,23857,,,,unmatched,evo,嗯……王立竞技场是在哪个方向呢？,王立競技場へようこそ。チケットのお買い求めですか？,
86078,mp4000_ev,24922,,23863,,43850,ch0010100859,blockwise,evo,记得是在东街区吧。,あ、はい。２人分おねがいします。,あ、はい。２人分おねがいします。
86079,mp4000_ev,24929,,23866,,43851,ch0020100856,blockwise,evo,先回城区，然后往东走吧。,はい。２人分お願いします。,はい。２人分お願いします。
86080,mp4000_ev,24939,,24917,,43852,ch2180100860,blockwise,evo,欢迎来到王立竞技场。是来买票的吗？,本戦は明日から３日間ございますが……,本戦は明日から３日間ございますが……
86081,mp4000_ev,24942,,24922,,43853,ch2180100861,blockwise,evo,啊，是的。请给我们两张票。,どの日になさいますか？,どの日になさいますか？
86082,mp4000_ev,24944,,24929,,43854,ch0010100862,blockwise,evo,是的。请给我们两张票。,本戦……？,本戦……？
86083,mp4000_ev,24947,,24939,,43855,ch0020100863,blockwise,evo,要看正赛的话，是从明天开始连续三天……,あの、明日からではなくて今行われている予選の試合が見たいんですけど……,あの、明日からではなくて今行われている予選の試合が見たいんですけど……
86084,mp4000_ev,24951,,24942,,43856,ch2180100864,blockwise,evo,要买哪一天的票呢？,あら、失礼しました。,あら、失礼しました。
86085,mp4000_ev,24955,,24944,,43857,ch2180100865,blockwise,evo,正赛……？,もう半分以上、試合は終わってしまったと思いますけど……,もう半分以上、試合は終わってしまったと思いますけど……
86086,mp4000_ev,24957,,24947,,43858,ch2180100866,blockwise,evo,那个……不是从明天开始的，我们想看今天的预赛……,それでも構いませんか？,それでも構いませんか？
86087,mp4000_ev,24959,,24951,,43859,ch0010100867,blockwise,evo,啊，真是抱歉。,あ、いいですいいです。,あ、いいですいいです。
86088,mp4000_ev,24967,,24955,,43860,ch2180100868,blockwise,evo,比赛已经进行过一半了……,それでは……,それでは……
86089,mp4000_ev,24969,,24957,,43861,ch2180100869,blockwise,evo,这样你们还要买吗？,お２人分を合わせて１０００ミラになります。,お２人分を合わせて１０００ミラになります。
86090,mp4000_ev,24976,,24959,,43862,ch0010100870,blockwise,evo,啊，没关系没关系。,わ、結構するものなのね。,わ、結構するものなのね。
86091,mp4000_ev,24980,,24967,,43863,ch0020100871,blockwise,evo,那么……,たしか生誕祭の武術大会は割引されると聞きましたけど……,たしか生誕祭の武術大会は割引されると聞きましたけど……
86092,mp4000_ev,24986,,24969,,43864,ch2180100872,blockwise,evo,两个人的票合计是１０００米拉。,大変申しわけありません……,大変申しわけありません……
86093,mp4000_ev,24988,,24976,,43865,ch2180100873,blockwise,evo,哇，还真是贵呢。,今年はその、色々と例外措置が取られているみたいでして……,今年はその、色々と例外措置が取られているみたいでして……
86094,mp4000_ev,24990,,24980,,43866,ch0010100874,blockwise,evo,我听说诞生庆典的武术大会应该是有打折的……,ふーん……そういう事なら仕方ないか。,ふーん……そういう事なら仕方ないか。
86095,mp4000_ev,24992,,24986,,43867,ch0010100875,blockwise,evo,真是抱歉……,えっと、１０００ミラと……,えっと、１０００ミラと……
86096,mp4000_ev,24998,,24988,,43849,ch2180100855,vector_search (0.94),evo,今年好像实行了许多特殊的措施……,王立競技場へようこそ。チケットのお買い求めですか？,王立競技場（グランアリーナ）へようこそ。チケットのお買い求めですか？
86097,mp4000_ev,25000,,24990,,43848,ch2180100857,exact,evo,嗯……这样的话也没办法啦。,チケットはお２人分で１０００ミラになります。,チケットはお２人分で１０００ミラになります。
86098,mp4000_ev,25023,,24992,,43868,ch2180100876,exact,evo,嗯，１０００米拉……,毎度、ありがとうございます。,毎度、ありがとうございます。
86099,mp4000_ev,25025,,24998,,43869,ch2180100877,exact,evo,欢迎来到王立竞技场。是来买票的吗？,それではチケットをお受け取り下さい。,それではチケットをお受け取り下さい。
86100,mp4000_ev,25038,,25000,,43871,ch2180100878,vector_search (0.99),evo,两个人的票合计是１０００米拉。,グランアリーナの入口は左手にございます。,グランアリーナの入口は左手正面にございます。
86101,mp4000_ev,25040,,25023,,43872,ch2180100879,exact,evo,谢谢光临。,そのチケットを入口の係員にお見せください。,そのチケットを入口の係員にお見せください。
86102,mp4000_ev,25054,,25025,,43873,ch0010100880,normalized,evo,那么，请拿好门票。,（マズった……  ミラが足りないみたい。）,（マズった……ミラが足りないみたい。）
86103,mp4000_ev,25058,,25038,,43874,ch0020100881,exact,evo,竞技场的入口就在左边。,（出直すしかなさそうだね。）,（出直すしかなさそうだね。）
86104,mp4000_ev,25073,,25040,,43875,ch2180100882,exact,evo,把票让门口的工作人员看一下就可以进去了。,かしこまりました。またのご来場をお待ちしております。,かしこまりました。またのご来場をお待ちしております。
86105,mp4000_ev,25705,,25054,,43945,ch2190100883,blockwise,evo,（糟了……  米拉好像不够了。）,現在、当アリーナでは武術大会・予選試合が開催中です。,現在、当アリーナでは武術大会・予選試合が開催中です。
86106,mp4000_ev,25707,,25058,,43946,ch2190100884,blockwise,evo,（只好一会儿再来了。）,ご入場の方はチケットをお出し下さい。,ご入場の方はチケットをお出し下さい。
86107,mp4000_ev,25728,,25073,,43942,ch2190100885,blockwise,evo,我知道了。期待你们再次光临。,はい、結構です。それではお入りください。,はい、結構です。それではお入りください。
86108,mp4000_ev,25735,,25705,,43943,ch2190100886,blockwise,evo,现在，王立竞技场内正在举行武术大会的预赛。,よろしいのですか？,よろしいのですか？
86109,mp4000_ev,25737,,25707,,43944,ch2190100887,blockwise,evo,想要入场的话，请先出示门票。,チケットは本日限りしか有効ではありませんが……,チケットは本日限りしか有効ではありませんが……
86110,mp4000_ev,26958,,25728,,44102,ch2220101224,blockwise,evo,好，可以了。两位请进吧。,おっと、こちらはカルバード共和国大使館っス。,おっと、こちらはカルバード共和国大使館ッス。
86111,mp4000_ev,26962,,25735,,44020,ch2220101225,blockwise,evo,可以吗？,なんの御用っスか？,なんの御用っスか？
86112,mp4000_ev,26964,,25737,,44021,ch0010101226,blockwise,evo,今天买的门票只能在今天使用……,あの、ここに泊まっているジンって人に用があるんだけど……,あの、ここに泊まっているジンって人に用があるんだけど……
86113,mp4000_ev,26967,,26958,,44022,ch0020101227,blockwise,evo,你们好。这里是卡尔瓦德共和国大使馆。,お手数ですが、取り次いで頂けますか？,お手数ですが、取り次いで頂けますか？
86114,mp4000_ev,26978,,26962,,44023,ch2220101228,blockwise,evo,有什么事情吗？,へえ～。ジンさんに会いに来たんスか？,へえ〜。ジンさんに会いに来たんスか？
86115,mp4000_ev,26980,,26964,,44024,ch2220101229,blockwise,evo,士兵大哥，你好。我们有事来找住在这里的阵先生……,オレ、最初あの人を見たとき、少しチビりそうになったんスよね。,オレ、最初あの人を見たとき、少しチビりそうになったんスよね。
86116,mp4000_ev,26984,,26967,,44025,ch2220101230,blockwise,evo,能麻烦您帮忙通知一下吗？,王都の真ん中で熊が！？とか思っちゃったッスから。,王都の真ん中で熊が！？とか思っちゃったッスから。
86117,mp4000_ev,26987,,26978,,44026,ch0010101231,blockwise,evo,哎～你们是来找阵先生的啊？,あはは、ジンさん大きいもんね。,あはは、ジンさん大きいもんね。
86118,mp4000_ev,26991,,26980,,44027,ch2220101232,blockwise,evo,我第一次见到那个人的时候，差点吓得尿裤子了呢！,でも話してみると気さくでいい人なんスよね～。,でも話してみると気さくでいい人なんスよね〜。
86119,mp4000_ev,26993,,26984,,44028,ch2220101233,blockwise,evo,当时就想着“王都里面竟然有熊吗！？”,交替前で腹空かしてる時に肉まんを差し入れしてくれたし。,交替前で腹空かしてる時に肉まんを差し入れしてくれたし。
86120,mp4000_ev,27004,,26987,,44029,ch0010101234,blockwise,evo,啊哈哈，阵先生体型太大了嘛。,うんうん。頼りになるアニキって感じよね。,うんうん。頼りになるアニキって感じよね。
86121,mp4000_ev,27008,,26991,,44030,ch0020101235,blockwise,evo,不过和他谈过话之后，发现他为人很和气呢。,コホン……,コホン……
86122,mp4000_ev,27015,,26993,,44031,ch0020101236,blockwise,evo,换班之前肚子正饿的时候，他还给我拿来了肉包子呢。,それでジンさんに取り次いでいただけますか？,それでジンさんに取り次いでいただけますか？
86123,mp4000_ev,27024,,27004,,44032,ch2220101237,blockwise,evo,嗯嗯。就像很靠得住的大哥一样呢。,あ、それなんスけど……,あ、それなんスけど……
86124,mp4000_ev,27026,,27008,,44033,ch2220101238,blockwise,evo,咳咳……,ジンさん、さっき帰ってきてからま～た出かけちゃったんスよね。,ジンさん、さっき帰ってきてからま〜た出かけちゃったんスよね。
86125,mp4000_ev,27028,,27015,,44034,ch2220101239,blockwise,evo,那么，能帮我们通知阵先生吗？,武術大会の本戦に備えて修行の場所を探してるみたいで。,武術大会の本戦に備えて修行の場所を探してるみたいで。
86126,mp4000_ev,27030,,27024,,44035,ch0010101240,blockwise,evo,啊，这样啊……,しゅ、修行の場所？さっすが本格的なのね～。,しゅ、修行の場所？さっすが本格的なのね〜。
86127,mp4000_ev,27033,,27026,,44036,ch0020101241,blockwise,evo,阵先生刚才回来了，不过立刻又出去了。,具体的には、どこに行くとか言ってませんでしたか？,具体的には、どこに行くとか言ってませんでしたか？
86128,mp4000_ev,27036,,27028,,44037,ch2220101242,blockwise,evo,好像是为了备战武术大会的正赛，寻找可以修行的地方去了。,郊外にある《エルベ周遊道》に行ったみたいッスね。,郊外にある《エルベ周遊道》に行ったみたいッスね。
86129,mp4000_ev,27038,,27030,,44038,ch2220101243,blockwise,evo,修、修行的地方？阵先生还真是专业啊。,森の中にある公園って感じだから静かで修行にもってこいらしいッス。,森の中にある公園って感じだから静かで修行にもってこいらしいッス。
86130,mp4000_ev,27045,,27033,,44039,ch0020101244,blockwise,evo,他有没有提到具体会去什么地方呢？,《エルベ周遊道》か……僕たちも行ってみようか？,《エルベ周遊道》か……僕たちも行ってみようか？
86131,mp4000_ev,27049,,27036,,44040,ch0010101245,blockwise,evo,好像是去郊外的《艾尔贝周游道》了。,もちろん！早いところ相談しなくちゃ！,もちろん！早いところ相談しなくちゃ！
86132,mp4000_ev,27056,,27038,,44041,ch2220101246,blockwise,evo,那里就像森林中的公园一样，应该可以安静地修行吧。,ああ、周遊道に行くんだったらひとつ気を付けて欲しいッス。,ああ、周遊道に行くんだったらひとつ気を付けて欲しいッス。
86133,mp4000_ev,27061,,27045,,44042,ch2220101247,blockwise,evo,《艾尔贝周游道》啊……明白了，那么我们也去看看吧？,奥の方に《エルベ離宮》っていう王家の建物があるんスけど……,奥の方に《エルベ離宮》っていう王家の建物があるんスけど……
86134,mp4000_ev,27063,,27049,,44043,ch0010101248,blockwise,evo,当然了！要早点和他商量一下啊！,あ、それ、前に聞かされたわ。,あ、それ、前に聞かされたわ。
86135,mp4000_ev,27065,,27056,,44044,ch0020101249,blockwise,evo,啊，如果你们要去周游道的话，有件事情请一定要注意。,テロ事件の対策本部にするため、軍が立入禁止にしてるんですよね？,テロ事件の対策本部にするため、軍が立入禁止にしてるんですよね？
86136,mp4000_ev,27074,,27061,,44045,ch2220101250,blockwise,evo,那附近有一处名为《艾尔贝离宫》的王家宫殿……,なんだ、知ってたッスか。,なんだ、知ってたッスか。
86137,mp4000_ev,27076,,27063,,44046,ch2220101251,blockwise,evo,啊，那个之前听说过呢。,……あそこに詰めてる連中は色々うるさいから注意するッス。,……あそこに詰めてる連中は色々うるさいから注意するッス。
86138,mp4000_ev,27078,,27065,,44047,ch2220101252,blockwise,evo,因为作为恐怖袭击事件的搜查本部，所以军队不让任何人进入对吧？,近寄らないのが一番いいッスね。,近寄らないのが一番いいッスね。
86139,mp4000_ev,27085,,27074,,44048,ch0010101253,blockwise,evo,什么，已经知道了啊。,ふーん、色々うるさい連中か。,ふーん、色々うるさい連中か。
86140,mp4000_ev,27087,,27076,,44049,ch0010101254,blockwise,evo,……在那里守备的家伙很麻烦，请你们一定要注意。,目をつけられたらヤだし、なるべく近寄らないようにするわね。,目をつけられたらヤだし、なるべく近寄らないようにするわね。
86141,mp4000_ev,27089,,27078,,44050,ch0020101255,blockwise,evo,最好是不要靠近。,ご忠告、ありがとうございます。,ご忠告、ありがとうございます。
86142,mp4000_ev,27562,,27085,,46330,ch0010101256,blockwise,evo,呼～很麻烦的家伙们啊。,あ……,あ……
86143,mp4000_ev,27566,,27087,,52710,ch0010101257,blockwise,evo,不想被他们盯上，还是尽量不要靠近那里对吧。,これって……ピアノ？,これって……ピアノ？
86144,mp4000_ev,27571,,27089,,46332,ch0020101258,blockwise,evo,谢谢您的提醒。,うん、レコードじゃないね。中で誰かが弾いているみたいだ。,うん、レコードじゃないね。中で誰かが弾いているみたいだ。
86145,mp4000_ev,27574,,27562,,46333,ch0020101259,blockwise,evo,啊……,このメロディー、どこかで聞いた覚えがあるんだけど……,このメロディー、どこかで聞いた覚えがあるんだけど……
86146,mp4000_ev,27577,,27566,,46334,ch0010101260,blockwise,evo,这是……钢琴声？,な～んかイヤな予感が……,な〜んかイヤな予感が……
86175,mp4000_ev,30521,,29733,,8822,ch0010101345,blockwise,evo,好啦，我们接着去找人吧。,エルベ周遊道か……,エルベ周遊道か……
86176,mp4000_ev,30546,,29740,,8823,ch0010101346,blockwise,evo,别磨磨蹭蹭的，赶快去周游道。,森の中なのに石畳があるなんてちょっと面白いわね。,森の中なのに石畳があるなんてちょっと面白いわね。
86177,mp4000_ev,30549,,29751,,8824,ch0020101347,blockwise,evo,（……为什么连我也  要被骂啊？）,王都市民の憩いの場所としてずいぶん昔に造られたみたいだよ。,王都市民の憩いの場所としてずいぶん昔に造られたみたいだよ。
86178,mp4000_ev,30555,,30521,,8825,ch0020101348,blockwise,evo,这里就是艾尔贝周游道啊……,ざっと数百年は経ってるんじゃないかな？,ざっと数百年は経ってるんじゃないかな？
86179,mp4000_ev,30577,,30546,,8826,ch0010101349,blockwise,evo,森林中竟然还有石板路，真有意思。,ふーん……さすがは女王様のお膝元ね。,ふーん……さすがは女王様のお膝元ね。
86180,mp4000_ev,30579,,30549,,8827,ch0010101350,blockwise,evo,这个地方一直是王都市民的休息场所，石板路是在很久以前铺建的。,でも何だか、魔獣の気配がプンプンするんですけど……,でも何だか、魔獣の気配がプンプンするんですけど……
86181,mp4000_ev,30581,,30555,,8828,ch0020101351,blockwise,evo,距离现在大概已经有好几百年了。,さすがに鋭いね。,さすがに鋭いね。
86182,mp4000_ev,30602,,30577,,8829,ch0020101352,blockwise,evo,嗯……不愧是女王脚下的地区啊。,多分、さっきの通りよりも危険な魔獣がいると思う。,多分、さっきの通りよりも危険な魔獣がいると思う。
86183,mp4000_ev,30604,,30579,,8830,ch0020101353,blockwise,evo,不过，为何能感觉到魔兽的气息呢……,気を抜かないでジンさんを捜そう。,気を抜かないでジンさんを捜そう。
86185,mp4000_ev,32276,,30602,,8659,ch0010101364,exact,evo,这里的魔兽恐怕比之前那条路上的魔兽更加危险。,女の人の悲鳴！？,女の人の悲鳴！？
86186,mp4000_ev,32279,,30604,,8660,ch0020101365,exact,evo,在找阵先生的时候，一定要保持警觉。,奥の方だ、急ごう！,奥の方だ、急ごう！
86190,mp4000_ev,32382,,32311,,8664,ch0010101369,blockwise,evo,呀──！,シスター！もう大丈夫だからね！,シスター！もう大丈夫だからね！
86191,mp4000_ev,32385,,32319,,8665,ch0020101370,blockwise,evo,救命啊！谁来救救我！？,危ないですから下がっていてください！,危ないですから下がっていてください！
86192,mp4000_ev,35094,,32363,,8666,ch0010101371,blockwise,evo,哎……,ふう……なかなか手強かったわね。,ふう……なかなか手強かったわね。
86193,mp4000_ev,35104,,32382,,8667,ch0010101372,blockwise,evo,修女小姐！已经没事了！,シスター、大丈夫だった？,シスター、大丈夫だった？
86196,mp4000_ev,35119,,35104,,8934,ch0020101375,blockwise,evo,修女小姐，你没事吧？,僕たちは遊撃士協会の者です。,僕たちは遊撃士協会の者です。
86197,mp4000_ev,35123,,35114,,8935,ch0020101376,blockwise,evo,啊，是的……多亏你们。,人を捜している途中であなたの悲鳴を聞いたので……,人を捜している途中であなたの悲鳴を聞いたので……
86200,mp4000_ev,35141,,35123,,8674,ch0010101379,blockwise,evo,在找人的时候突然听到了你的惨叫……,だ、大丈夫？なんだか元気ないけど……,だ、大丈夫？なんだか元気ないけど……
86201,mp4000_ev,35143,,35128,,8939,ch0010101380,blockwise,evo,是……这样啊……,ひょっとしてケガでもしてるの？,ひょっとしてケガでもしてるの？
86205,mp4000_ev,35168,,35148,,8679,ch0010101384,blockwise,evo,没有……多亏你们，我毫发无伤。,あはは。お礼には及びませんってば。,あはは。お礼には及びませんってば。
86206,mp4000_ev,35171,,35156,,8680,ch0020101385,blockwise,evo,我是在王都大教堂任职的修女艾伦。,それにしても聖職者の女性がこんな場所で１人きりでいるなんて……,それにしても聖職者の女性がこんな場所で１人きりでいるなんて……
86207,mp4000_ev,35175,,35161,,8945,ch0020101386,blockwise,evo,真是太感谢你们了。,お連れの方とかはいらっしゃらないんですか？,お連れの方とかはいらっしゃらないんですか？
86211,mp4000_ev,35205,,35180,,8685,ch0010101390,blockwise,evo,是的，我只有一个人……,あ、危ないわねぇ。こんな魔獣だらけなのに……,あ、危ないわねぇ。こんな魔獣だらけなのに……
86215,mp4000_ev,35268,,35210,,8689,ch0010101394,blockwise,evo,不，以前并没有这么多魔兽……,な、なによコイツら……！,な、なによコイツら……！
86216,mp4000_ev,35270,,35212,,8690,ch0020101395,blockwise,evo,似乎是在最近突然增多的……,どうやら騒ぎを聞きつけて集まってきたみたいだね……,どうやら騒ぎを聞きつけて集まってきたみたいだね……
86217,mp4000_ev,35276,,35220,,8955,ch0020101396,blockwise,evo,啊……,さすがにこの数はやっかいだな。,さすがにこの数はやっかいだな。
86218,mp4000_ev,35279,,35268,,8692,ch0010101397,blockwise,evo,怎、怎么回事……！,うん、いざとなったらシスターだけでも逃がさなきゃ……,うん、いざとなったらシスターだけでも逃がさなきゃ……
86220,mp4000_ev,35361,,35276,,8694,ch0010101399,blockwise,evo,数量太多了，恐怕很难对付。,あ、ジンさん！？,あ、ジンさん！？
86221,mp4000_ev,35363,,35279,,8695,ch0020101400,blockwise,evo,嗯，万一情况不妙，至少要让修女一个人逃走……,よかった……気付いてくれたんですか。,よかった……気付いてくれたんですか。
86224,mp4000_ev,35387,,35363,,8698,ch0010101403,blockwise,evo,太好了……您发现我们了啊。,うん！,うん！
86225,mp4000_ev,35389,,35371,,8699,ch0020101404,blockwise,evo,嘿嘿，我还以为是谁，原来是你们啊。,了解です！,了解です！
86229,mp4000_ev,40079,,40065,,8703,ch0010101408,blockwise,evo,哎呀呀……这些家伙倒是让我痛快地出了一身汗。,あはは、確かにあれからそんなに経ってはいないかもね。,あはは、確かにあれからそんなに経ってはいないかもね。
86230,mp4000_ev,40084,,40069,,8704,ch0020101409,blockwise,evo,话说回来，真没想到会在这里遇到你们啊。,実は僕たち、ツァイス支部からグランセル支部に移ったんです。,実は僕たち、ツァイス支部からグランセル支部に移ったんです。
86234,mp4000_ev,40098,,40090,,8708,ch0010101413,blockwise,evo,哦，是这样啊。,うん、もうピンピンしてるわ。,うん、もうピンピンしてるわ。
86240,mp4000_ev,40167,,40134,,8714,ch0020101419,blockwise,evo,…………啊……………,（いえ、僕たちもさっき  知り合ったばかりですけど……）,（いえ、僕たちもさっき知り合ったばかりですけど……）
86241,mp4000_ev,40178,,40162,,8715,ch0010101420,blockwise,evo,（喂喂……  这可真是个大美人啊。）,まったく、鼻の下を伸ばしてみっともないわね～。,まったく、鼻の下を伸ばしてみっともないわね〜。
86242,mp4000_ev,40180,,40165,,8716,ch0010101421,blockwise,evo,（是你们的同伴吗？）,キリカさんに言いつけちゃうわよ？,キリカさんに言いつけちゃうわよ？
86250,mp4000_ev,40269,,40230,,8724,ch0010101429,blockwise,evo,哪里哪里，不必放在心上！,（何をカッコつけてるんだか……）,（何をカッコつけてるんだか……）
86251,mp4000_ev,40274,,40240,,8725,ch0010101430,blockwise,evo,身为男人，本就应当行侠仗义嘛！,（ジンさんって  実は女の人に弱かったのねぇ。）,（ジンさんって実は女の人に弱かったのねぇ。）
86252,mp4000_ev,40280,,40255,,8726,ch0020101431,blockwise,evo,哎呀……,（はは……  何となくらしい気もするけど。）,（はは……何となくらしい気もするけど。）
86253,mp4000_ev,40291,,40269,,8727,ch2620101432,blockwise,evo,（耍什么帅啊……）,お前たち、何をしている！？,お前たち、何をしている！？
86254,mp4000_ev,40345,,40274,,8728,ch0010101433,blockwise,evo,（原来阵先生  其实对女人没什么抵抗力啊。）,え……！？,え……！？
86255,mp4000_ev,40347,,40280,,56367,ch0020101434,blockwise,evo,（哈哈……  感觉确实挺像他的风格。）,……………………………,……………………………
86256,mp4000_ev,40368,,40291,,8994,ch2620101435,blockwise,evo,你们在干什么！？,こんな人気のない場所で密談するとは怪しいやつらめ……,こんな人気のない場所で密談するとは怪しいやつらめ……
86257,mp4000_ev,40373,,40345,,8731,ch2630101436,blockwise,evo,哎……！？,もしや……テロリストではないだろうな？,もしや……テロリストではないだろうな？
86258,mp4000_ev,40390,,40347,,8732,ch0010101437,blockwise,evo,……………………………,だ、誰がテロリストよ！？あんたたちの方が──,だ、誰がテロリストよ！？あんたたちの方が──
86259,mp4000_ev,40401,,40368,,8732,ch0010101437,blockwise,evo,竟然在这种无人之处密谈，真是一群可疑的家伙……,だ、誰がテロリストよ！？あんたたちの方が──,だ、誰がテロリストよ！？あんたたちの方が──
86260,mp4000_ev,40411,,40373,,8733,ch0020101438,blockwise,evo,你们该不会是……恐怖分子吧？,……僕たちは遊撃士協会、グランセル支部に所属する者です。,……僕たちは遊撃士協会、グランセル支部に所属する者です。
86261,mp4000_ev,40420,,40390,,8998,ch0020101439,blockwise,evo,谁、谁是恐怖分子啊！？你们才是──,先ほど、こちらのシスターが魔獣に襲われていたので保護していました。,先ほど、こちらのシスターが魔獣に襲われていたので保護していました。
86262,mp4000_ev,40435,,40401,,8999,ch2620101440,blockwise,evo,谁、谁是恐怖分子啊！？你们才是──,なに……！,なに……！
86263,mp4000_ev,40440,,40411,,8736,ch2630101441,blockwise,evo,……我们是游击士协会格兰赛尔分部的成员。,遊撃士だと！？,遊撃士だと！？
86268,mp4000_ev,40500,,40463,,9005,ch2620101446,blockwise,evo,我来这里采摘草药，结果遭到魔兽的袭击……,カルバードの武術家……あの１人で戦っていたヤツか……,カルバードの武術家……あの１人で戦っていたヤツか……
86269,mp4000_ev,40506,,40471,,8742,ch2630101447,blockwise,evo,顺便一说，我也是游击士。,ふん……身分だけは確かのようだな。,ふん……身分だけは確かのようだな。
86270,mp4000_ev,40517,,40473,,9007,ch2620101448,blockwise,evo,而且还和你们的同僚在预赛中见过面呢。,今回ばかりは見逃してやろう。,今回ばかりは見逃してやろう。
86271,mp4000_ev,40520,,40500,,9008,ch2620101449,blockwise,evo,是那个单独参赛的卡尔瓦德武术家啊……,だが、ここはエルベ離宮の近くだ。用もなくうろつかないでもらおうか。,だが、ここはエルベ離宮の近くだ。用もなくうろつかないでもらおうか。
86272,mp4000_ev,40530,,40506,,8745,ch2630101450,blockwise,evo,哼……可以确定你们的身份了。,それと、シスターどの。,それと、シスターどの。
86273,mp4000_ev,40535,,40517,,8746,ch2630101451,blockwise,evo,这次就放过你们。,貴女のことは、自分たちが王都まで送っていきましょう。,貴女のことは、自分たちが王都まで送っていきましょう。
86274,mp4000_ev,40540,,40520,,8747,ch2630101452,blockwise,evo,不过，这里离艾尔贝离宫很近，没事时不要在这附近闲逛。,遊撃士風情の手を借りるまでもありません。,遊撃士風情の手を借りるまでもありません。
86276,mp4000_ev,40558,,40535,,8749,ch0010101454,blockwise,evo,我们把你送回王都吧。,むっか～、ちょっとあんたたち！,むっか〜、ちょっとあんたたち！
86277,mp4000_ev,40566,,40540,,9014,ch0010101455,blockwise,evo,没必要让这些游击士帮忙。,さっきから聞いていれば失礼なことばっかり言って……,さっきから聞いていれば失礼なことばっかり言って……
86278,mp4000_ev,40569,,40545,,8751,ch0020101456,blockwise,evo,哎，可、可是……,エステル……いいから。,エステル……いいから。
86279,mp4000_ev,40580,,40558,,9016,ch0020101457,blockwise,evo,喂，这叫什么话啊！,以後、気を付けますから大目に見て頂けると助かります。,以後、気を付けますから大目に見て頂けると助かります。
86280,mp4000_ev,40592,,40566,,9017,ch2620101458,blockwise,evo,从刚才开始，就一直在说些过分的话……,ふん、まあいいだろう。,ふん、まあいいだろう。
86281,mp4000_ev,40595,,40569,,9018,ch2620101459,blockwise,evo,艾丝蒂尔……算了。,お前たちは所詮、民間人だ。おのれの分をわきまえるのだな。,お前たちは所詮、民間人だ。おのれの分をわきまえるのだな。
86282,mp4000_ev,40604,,40580,,8755,ch2630101460,blockwise,evo,我们以后会注意的，多谢你们这次的宽大处理。,さあシスターどの、行きますよ。,さあシスターどの、行きますよ。
86285,mp4000_ev,40660,,40604,,8758,ch0010101463,blockwise,evo,那么，修女小姐，我们走吧。,な、な、な……,な、な、な……
86286,mp4000_ev,40670,,40609,,8759,ch0010101464,blockwise,evo,好、好的……,何様のつもりよ、あいつら～っ！,何様のつもりよ、あいつら〜っ！
86289,mp4000_ev,40698,,40670,,8762,ch0010101467,blockwise,evo,什么意思啊！那些家伙！,ああいうのは陰険っていうよりも性悪っていうのよっ！,ああいうのは陰険っていうよりも性悪っていうのよっ！
86290,mp4000_ev,40701,,40680,,8763,ch0010101468,blockwise,evo,他们是王国军情报部的《特务部队》的成员。,って、あれ……,って、あれ……
86291,mp4000_ev,40706,,40684,,9028,ch0010101469,blockwise,evo,虽然实力不错，但都是些阴险的家伙。,どうしてジンさんが、あの連中のことを知ってるの？,どうしてジンさんが、あの連中のことを知ってるの？
86294,mp4000_ev,40722,,40706,,8767,ch0010101472,blockwise,evo,对了，阵先生，你为何知道他们的身份呢？,（あの連中が出場……！？）,（あの連中が出場……！？）
86295,mp4000_ev,40725,,40713,,9032,ch0010101473,blockwise,evo,哦，因为他们的队伍也参加武术大会的预赛了。,（隠密活動をしていた連中が  堂々と姿を見せるなんて……）,（隠密活動をしていた連中が堂々と姿を見せるなんて……）
86296,mp4000_ev,40728,,40715,,8769,ch0020101474,blockwise,evo,当时就是那样介绍的。,（たぶん、存在を隠す必要も  無くなったという事だろうね……）,（たぶん、存在を隠す必要も無くなったという事だろうね……）
86299,mp4000_ev,40754,,40728,,8772,ch0010101477,blockwise,evo,（大概是因为已经没有  继续隐藏身份的必要了……）,あ……肝心なこと忘れてたわ。,あ……肝心なこと忘れてたわ。
86300,mp4000_ev,40756,,40739,,8773,ch0010101478,blockwise,evo,总之，我们还是在惹出麻烦之前赶快回城吧。,それが実は、ジンさんのことを捜してたのよ。,それが実は、ジンさんのことを捜してたのよ。
86302,mp4000_ev,40768,,40754,,8775,ch0020101480,blockwise,evo,啊……竟然把正事给忘了。,実はジンさんにお願いしたいことがあるんです。,実はジンさんにお願いしたいことがあるんです。
86303,mp4000_ev,40771,,40756,,9040,ch0020101481,blockwise,evo,其实……我们是来找你的。,武術大会のことなんですけど……,武術大会のことなんですけど……
86304,mp4000_ev,41490,,40759,,52746,ch0010101582,normalized,evo,嗯？找我？,ふ～……お腹いっぱいになっちゃった。,ふ〜……お腹いっぱいになっちゃった。
86305,mp4000_ev,41498,,40768,,52747,ch0010101583,vector_search (1.00),evo,我们有件事情想拜托您。,あの２人、あれだけ食べといてまだ呑み食いしてるなんて……,あの２人、あれだけ食べといてまだ呑み喰いしてるなんて……
86306,mp4000_ev,41503,,40771,,52748,ch0010101584,exact,evo,是关于武术大会的事情……,付き合いきれないわ、もう。,付き合いきれないわ、もう。
86307,mp4000_ev,41515,,41490,,52749,ch0020101585,vector_search (0.99),evo,呼～吃得好撑啊。,ジンさんはあの体格だし、オリビエさんも健啖家だからね。,ジンさんはあの体格だし、オリビエさんも健啖（けんたん）家だからね。
86308,mp4000_ev,41519,,41498,,52750,ch0020101586,blockwise,evo,那两个人，吃了那么多，居然还能继续吃喝……,明日の試合に差し障りがなければ大丈夫なんじゃないかな。,明日の試合に差し障りがなければ大丈夫なんじゃないかな。
86309,mp4000_ev,41523,,41503,,52751,ch0010101587,blockwise,evo,实在是没法奉陪下去了。,うーん、確かに２人とも心配するだけムダな気がしてきた。,うーん、確かに２人とも心配するだけムダな気がしてきた。
86310,mp4000_ev,41535,,41515,,52752,ch0020101588,blockwise,evo,毕竟阵先生体格壮硕，奥利维尔又是个胃口很好的人。,さてと、僕たちはそろそろ北街区にあるホテルに行こうか？,さてと、僕たちはそろそろ北街区にあるホテルに行こうか？
86311,mp4000_ev,41538,,41519,,52753,ch0020101589,blockwise,evo,只要不影响明天的比赛，倒也没有什么问题。,エルナンさんが部屋を予約してくれているはずだよ。,エルナンさんが部屋を予約してくれているはずだよ。
86312,mp4000_ev,43235,,41523,,43810,ch0080110024,blockwise,evo,嗯，也对，他们两个都不需要别人操心。,よう、お早うさん。,よう、お早うさん。
86313,mp4000_ev,43239,,41535,,43811,ch2180110025,blockwise,evo,时间不早了，我们这就去北街区的酒店吧。,まあ、ジン選手。どうもお早うございます。,まあ、ジン選手。どうもお早うございます。
86314,mp4000_ev,43241,,41538,,43812,ch2180110026,blockwise,evo,艾南先生应该已经给我们订好房间了。,今日の試合は正午からですけどどうなさったんですか？,今日の試合は正午からですけどどうなさったんですか？
86315,mp4000_ev,43249,,43235,,43813,ch0080110027,blockwise,evo,哟，早啊。,メンツが揃ったんで選手登録をしておきたいんだ。,メンツが揃ったんで選手登録をしておきたいんだ。
86316,mp4000_ev,43252,,43239,,43814,ch0080110028,blockwise,evo,啊，是阵选手。早上好。,お願いできるかい？,お願いできるかい？
86317,mp4000_ev,43260,,43241,,43815,ch2180110029,blockwise,evo,今天的比赛从中午才开始，现在来有什么事吗？,まあ、おめでとうございます！,まあ、おめでとうございます！
86318,mp4000_ev,43262,,43249,,43816,ch2180110030,blockwise,evo,我已经找齐同伴了，想来这里帮他们登记一下。,お一人で戦っていると聞いて大変そうだと思っていたんです。,お一人で戦っていると聞いて大変そうだと思っていたんです。
86319,mp4000_ev,43274,,43252,,43817,ch2180110031,blockwise,evo,可以吗？,あら、あなた方は昨日の……,あら、あなた方は昨日の……
86320,mp4000_ev,43277,,43260,,43818,ch0010110032,blockwise,evo,啊呀，真是恭喜了！,えへへ、こんにちは。,えへへ、こんにちは。
86321,mp4000_ev,43281,,43262,,43819,ch0020110033,blockwise,evo,刚开始听到您一个人参赛的时候，就觉得很不得了呢。,今日は、ジンさんのお手伝いで試合に参加する事になりまして。,今日は、ジンさんのお手伝いで試合に参加する事になりまして。
86322,mp4000_ev,43286,,43274,,43820,ch2180110034,blockwise,evo,啊，你们是昨天的……,そうだったんですか……,そうだったんですか……
86323,mp4000_ev,43289,,43277,,43821,ch2180110035,blockwise,evo,嘿嘿，你好。,それではこちらの書類に必要事項をご記入ください。,それではこちらの書類に必要事項をご記入ください。
86324,mp4000_ev,43301,42452,43281,,,,unmatched,evo,这次我们是作为阵先生的帮手，来参加武术大会的。,エステル、ヨシュア、オリビエは選手登録の書類に必要事項を記入した。,
86325,mp4000_ev,43306,,43286,,43823,ch2180110036,blockwise,evo,是这样啊……,まあ、そちらのお２人は遊撃士協会の方だったんですね。,まあ、そちらのお２人は遊撃士協会の方だったんですね。
86326,mp4000_ev,43311,,43289,,43824,ch2180110037,blockwise,evo,那么请你们在这张纸上填写必要的事项。,それと……そちらの方のプロフィールは……,それと……そちらの方のプロフィールは……
86327,mp4000_ev,43321,,43301,,43825,ch2180110038,blockwise,evo,艾丝蒂尔、约书亚和奥利维尔在选手登记的单子上填写了必要事项。,『漂泊の詩人にして  不世出の天才演奏家。』,『漂泊の詩人にして不世出の天才演奏家。』
86328,mp4000_ev,43323,,43306,,43826,ch2180110039,blockwise,evo,啊，这边的两位原来是游击士协会的人啊。,『愛と平和の使者にして  ただいま恋人熱烈募集中』……,『愛と平和の使者にしてただいま恋人熱烈募集中』……
86329,mp4000_ev,43325,,43311,,43827,ch2180110040,blockwise,evo,那么……那一位的身份是……,…………………………………,…………………………………
86330,mp4000_ev,43329,,43321,,43828,ch0040110041,blockwise,evo,“漂泊的诗人，  　世间少有的天才演奏家。”,ハッハッハッ。いやあ、照れちゃうなあ。,ハッハッハッ。いやあ、照れちゃうなあ。
86331,mp4000_ev,43331,,43323,,43829,ch0040110042,blockwise,evo,“身为爱与和平的使者，  现在正热烈募集恋人中。”……,ついてはどうだろう？試合が終わったら飲みにでも……,ついてはどうだろう？試合が終わったら飲みにでも……
86332,mp4000_ev,43340,,43325,,43830,ch0010110043,blockwise,evo,…………………………………,あー、はいはい。このアホのことは放っておいて。,あー、はいはい。このアホのことは放っておいて。
86333,mp4000_ev,43343,,43329,,43831,ch0020110044,blockwise,evo,哈·哈·哈。哎呀，真是难为情啊。,登録の方、よろしくお願いします。,登録の方、よろしくお願いします。
86334,mp4000_ev,43347,,43331,,43832,ch2180110045,blockwise,evo,怎么样？比赛结束之后和我去喝一杯……,は、はい……,は、はい……
86335,mp4000_ev,43370,,43340,,43833,ch2180110046,blockwise,evo,啊～～好了好了。小姐你不要管这个白痴就行了。,それでは本戦での選手登録を完了しました。,それでは本戦での選手登録を完了しました。
86336,mp4000_ev,43373,,43343,,43834,ch2180110047,blockwise,evo,登记的事情就拜托了。,チーム代表者のジン選手以下、エステル選手、ヨシュア選手、オリビエ選手の４人になります。,チーム代表者のジン選手以下、エステル選手、ヨシュア選手、オリビエ選手の４人になります。
86337,mp4000_ev,43375,,43347,,43835,ch2180110048,blockwise,evo,好、好的……,以後、欠員が出たとしても交替できないのでご了承ください。,以後、欠員が出たとしても交替できないのでご了承ください。
86338,mp4000_ev,43379,,43370,,43836,ch0080110049,blockwise,evo,好了，这样正赛的选手登记就完成了。,おお、結構だ。,おお、結構だ。
86339,mp4000_ev,43388,,43373,,43837,ch0010110050,blockwise,evo,小组成员以阵选手为代表，加上艾丝蒂尔选手、约书亚选手和奥利维尔选手共计四名。,いよいよって感じね～。,いよいよって感じね〜。
86340,mp4000_ev,43391,,43375,,43838,ch0010110051,blockwise,evo,请注意，以后如果有人缺席，就不能再次进行换人。,そういえば、今日の試合の相手ってもう決まっているの？,そういえば、今日の試合の相手ってもう決まっているの？
86341,mp4000_ev,43394,,43379,,43839,ch2180110052,blockwise,evo,哦哦，知道啦。,すでに組み合せは決まっていますが賭博行為の防止のため、試合直前まで知らされないことになっているんです。,すでに組み合せは決まっていますが賭博行為の防止のため、試合直前まで知らされないことになっているんです。
86342,mp4000_ev,43396,,43388,,43840,ch2180110053,blockwise,evo,逐渐有感觉了呢～,どちらの控室に案内されるかで相手チームは絞れると思いますが……,どちらの控室に案内されるかで相手チームは絞れると思いますが……
86343,mp4000_ev,43399,,43391,,43841,ch0020110054,blockwise,evo,对了，今天比赛的对手已经确定了吗？,なるほど……反対側の控室にいるチームのいずれかと対戦するわけですね。,なるほど……反対側の控室にいるチームのいずれかと対戦するわけですね。
86344,mp4000_ev,43402,,43394,,43842,ch2180110055,blockwise,evo,对阵表已经确定了，但为了防止赌博行为，比赛之前是不会公布的。,うふふ、そういう事ですわ。,うふふ、そういう事ですわ。
86345,mp4000_ev,43410,,43396,,43843,ch2180110056,blockwise,evo,不过，根据自己被安排到的休息室，就可以把对手的范围缩小了……,それでは選手の皆さんにこちらの品をお渡ししておきます。,それでは選手の皆さんにこちらの品をお渡ししておきます。
86346,mp4000_ev,43417,,43399,,43845,ch2180110057,blockwise,evo,原来如此……也就是说，是和另一边的休息室里其中一个小组进行对战吧。,それを受付係に提示すればそのまま競技場内に入れます。,それを受付係に提示すればそのまま競技場内に入れます。
86347,mp4000_ev,43419,,43402,,43846,ch2180110058,blockwise,evo,呵呵，就是这样。,それでは皆さん。ご健闘をお祈りしていますわ。,それでは皆さん。ご健闘をお祈りしていますわ。
86348,mp4000_ev,43950,,43410,,43928,ch2190110059,blockwise,evo,那么，各位参赛选手，请把这个拿好。,その登録カードは……本戦に出場される方々ですね。,その登録カードは……本戦に出場される方々ですね。
86349,mp4000_ev,43952,,43417,,43929,ch2190110060,blockwise,evo,把这张卡片让那边的柜台人员看一下，就可以进入场内了。,一度、中に入ったら試合終了まで競技場から出ないようお願いしているのですが……,一度、中に入ったら試合終了まで競技場から出ないようお願いしているのですが……
86350,mp4000_ev,43954,,43419,,43930,ch2190110061,blockwise,evo,好了，祝你们胜利。,準備の方はよろしいでしょうか？,準備の方はよろしいでしょうか？
86351,mp4000_ev,43964,,43950,,43915,ch2190110062,context,evo,那张卡片……你们是参加正赛的选手吧。,かしこまりました。,かしこまりました。
86352,mp4000_ev,43973,,43952,,43916,ch2190110063,context,evo,有一点请各位注意。就是只要进入竞技场，比赛结束之前是不能再出来的。,皆さんの控室は、ホールに入って右手にある《蒼の組》の控室です。,皆さんの控室は、ホールに入って右手にある《蒼の組》の控室です。
86353,mp4000_ev,43984,,43954,,43917,ch2190110064,context,evo,已经做好准备了吗？,それでは健闘を祈ります。,それでは健闘を祈ります。
86354,mp4000_ev,43991,,43964,,43918,ch2190110062,context,evo,知道了。,かしこまりました。,かしこまりました。
86355,mp4000_ev,43993,,43973,,43935,ch2190110066,exact,evo,你们的休息室是进入大厅之后，在右边的《蓝组》休息室。,まだ時間はございますのでゆっくりなさって来てください。,まだ時間はございますのでゆっくりなさって来てください。
86356,mp4000_ev,47110,,43984,,174868,ch0080110327,blockwise,evo,请加油。,さてと……無事、２回戦に勝ち進めたな。,さてと……無事、２回戦に勝ち進めたな。
86357,mp4000_ev,47112,,43991,,174869,ch0080110328,blockwise,evo,我明白了。,どこと当たるかは分からんが明日もこの調子で行くとしよう。,どこと当たるかは分からんが明日もこの調子で行くとしよう。
86358,mp4000_ev,47122,,43993,,174870,ch0010110329,blockwise,evo,还有一些时间，请准备好再来。,モチのロンよ！,モチのロンよ！
86359,mp4000_ev,47124,,47110,,174871,ch0010110330,blockwise,evo,好……我们顺利打进第二轮了。,でも実際、残ったのは強敵ばっかりなのよね～。,でも実際、残ったのは強敵ばっかりなのよね〜。
86360,mp4000_ev,47129,,47112,,174872,ch0010110331,blockwise,evo,虽然还不知道下一轮的对手是谁，但明天要继续保持这种气势。,ギルドの先輩たちに、空賊ども。それに情報部のあの連中か……,ギルドの先輩たちに、空賊ども。それに情報部のあの連中か……
86361,mp4000_ev,47132,,47122,,174873,ch0020110332,blockwise,evo,那当然！,そうだね……気を引き締めてかからないと。,そうだね……気を引き締めてかからないと。
86362,mp4000_ev,47138,,47124,,174874,ch0040110333,blockwise,evo,说起来，所有晋级队伍都是强敌啊～,なあに、心配することはない。,なあに、心配することはない。
86363,mp4000_ev,47144,,47129,,174875,ch0040110334,blockwise,evo,协会的前辈、空贼团，还有情报部的那些家伙……,恋のパワーはノンストップ。どんな障害もブレイクスルーだよ。,恋のパワーはノンストップ。どんな障害もブレイクスルーだよ。
86364,mp4000_ev,47146,,47132,,174876,ch0010110335,blockwise,evo,是啊……必须要拿出全部干劲。,だから訳わからないってば……,だから訳わからないってば……
86365,mp4000_ev,47156,,47138,,174877,ch0080110336,blockwise,evo,不用担心。,今日はお互い、英気を養って明日に備えることにしようぜ。,今日はお互い、鋭気を養って明日に備えることにしようぜ。
86366,mp4000_ev,47161,,47144,,174878,ch0080110337,blockwise,evo,恋爱的力量是不会停止的，无论遇到什么障碍都能突破。,俺は酒場に行くが、お前さんたちはどうする？,俺は酒場に行くが、お前さんたちはどうする？
86367,mp4000_ev,47164,,47146,,174879,ch0040110338,blockwise,evo,根本听不懂你在说什么……,フッ、ボクは喜んでおつき合いさせてもらうよ。,フッ、ボクは喜んでおつき合いさせてもらうよ。
86368,mp4000_ev,47171,,47156,,174880,ch0020110339,blockwise,evo,今天大家都养精蓄锐，为明天做好准备吧。,（僕たちは、いったんギルドに  報告に行った方がいいかもね。）,（僕たちは、いったんギルドに報告に行った方がいいかもね。）
86369,mp4000_ev,47174,,47161,,174881,ch0020110340,blockwise,evo,我准备去酒馆了，你们有何打算？,（依頼についての情報が  入っているかもしれないし。）,（依頼についての情報が入っているかもしれないし。）
86370,mp4000_ev,47176,,47164,,174882,ch0010110341,blockwise,evo,呵呵……本人乐意奉陪。,（あ、そうね……）,（あ、そうね……）
86371,mp4000_ev,47187,,47171,,174883,ch0010110342,blockwise,evo,（我们还是先去游击士协会  报告一下比较好。）,ごめん、ジンさん。あたしたちはパスしておくわ。,ごめん、ジンさん。あたしたちはパスしておくわ。
86372,mp4000_ev,47189,,47174,,174884,ch0080110343,blockwise,evo,（说不定能得到  关于委托的情报。）,だったら、今日はここでお別れだな。,だったら、今日はここでお別れだな。
86373,mp4000_ev,47198,,47176,,174885,ch0080110344,blockwise,evo,（啊，有道理……）,また明日の朝、ホテルで待ち合わせといこう。,また明日の朝、ホテルで待ち合わせといこう。
86374,mp4000_ev,47209,,47187,,174886,ch0040110345,blockwise,evo,不好意思，阵大哥，我们两个就不去了。,オ・ルヴォワール。愛しい子猫ちゃんたち。,オ・ルヴォワール。愛しい子猫（プシキャット）ちゃんたち。
86375,mp4000_ev,47232,,47189,,174887,ch0010110346,blockwise,evo,那么，今天就此分别吧。,さてと……あたしたちもギルドに行こっか。,さてと……あたしたちもギルドに行こっか。
86376,mp4000_ev,47243,,47198,,174888,ch0020110347,blockwise,evo,明天早上，我们还在酒店集合。,……うん……,……うん……
86377,mp4000_ev,47245,,47209,,174889,ch0020110348,blockwise,evo,再见，可爱的小猫咪。,それと……どこかで情報を集めたいな……,それと……どこかで情報を集めたいな……
86378,mp4000_ev,47247,,47232,,174890,ch0010110349,blockwise,evo,那么……我们去协会吧。,へ……？,へ……？
86379,mp4000_ev,47254,,47243,,174891,ch0450110350,blockwise,evo,……嗯……,ヘッ、何ボーッと突っ立ってやがるんだ。,ヘッ、何ボーッと突っ立ってやがるんだ。
86380,mp4000_ev,47285,,47245,,174892,ch0010110351,blockwise,evo,另外……还可以去其他地方收集情报……,あ、あんたたち……今日はお疲れさまだったわね。,あ、あんたたち……今日はお疲れさまだったわね。
86381,mp4000_ev,47296,,47247,,174893,ch0450110352,blockwise,evo,哎……？,フン……いい気になってんじゃねえぞ。,フン……いい気になってんじゃねえぞ。
86382,mp4000_ev,47298,,47254,,174894,ch0460110353,blockwise,evo,嘿，站在那里发什么呆呢？,今回は時間がなかったから満足に鍛えてなかっただけだ。,今回は時間がなかったから満足に鍛えてなかっただけだ。
86383,mp4000_ev,47300,,47285,,174895,ch0460110354,blockwise,evo,啊，是你们……今天真是辛苦了。,次に戦った時は、絶対に勝つ……,次に戦った時は、絶対に勝つ……
86384,mp4000_ev,47303,,47296,,174896,ch0470110355,blockwise,evo,哼……不要得意忘形。,え～、まだやるのかよ～？,え〜、まだやるのかよ〜？
86385,mp4000_ev,47313,,47298,,174897,ch0010110356,blockwise,evo,这次只是因为时间不够，锻炼得不够充分而已。,あはは、いいわよ。,あはは、いいわよ。
86386,mp4000_ev,47316,,47300,,174898,ch0010110357,blockwise,evo,下次再战时，我们一定会赢……,また機会があったら、いつでも手合わせしたげるわ。,また機会があったら、いつでも手合わせしたげるわ。
86387,mp4000_ev,47318,,47303,,174899,ch0020110358,blockwise,evo,哎～还想打吗～？,ちょっとエステル……安請け合いしてもいいのかい？,ちょっとエステル……安請け合いしてもいいのかい？
86388,mp4000_ev,47322,,47313,,174900,ch0010110359,blockwise,evo,哈哈，可以啊。,まーまー、いいじゃない。,まーまー、いいじゃない。
86389,mp4000_ev,47324,,47316,,174901,ch0010110360,blockwise,evo,以后要是还有机会，我们随时接受挑战。,修行に精を出してたら悪さしてるヒマもないだろうし。,修行に精を出してたら悪さしてるヒマもないだろうし。
86390,mp4000_ev,47335,,47318,,174902,ch0450110361,blockwise,evo,等一下，艾丝蒂尔……你答应得也太爽快了吧？,フ、フン……まったく呑気なガキどもだぜ。,フ、フン……まったく呑気なガキどもだぜ。
86391,mp4000_ev,47339,,47322,,174903,ch0450110362,blockwise,evo,哎呀，这不是很好嘛。,そんなてめえらにコイツをくれてやらあ。,そんなてめえらにコイツをくれてやらあ。
86392,mp4000_ev,47364,,47324,,174905,ch0010110363,blockwise,evo,他们要是努力修行，也就没空去干坏事了。,な、なによコレ……,な、なによコレ……
86393,mp4000_ev,47366,,47335,,174906,ch0020110364,blockwise,evo,哼……真是两个没有紧张感的小鬼。,ずいぶん年代物の鍵ですね。,ずいぶん年代物の鍵ですね。
86394,mp4000_ev,47377,,47339,,174907,ch0460110365,blockwise,evo,把这个给你们吧。,西街区の方にある格子扉を開くための鍵だ。,西街区の方にある格子扉を開くための鍵だ。
86395,mp4000_ev,47379,,47364,,174908,ch0460110366,blockwise,evo,这、这是什么……,でかい地下水路に通じている。,でかい地下水路に通じている。
86396,mp4000_ev,47382,,47366,,174909,ch0470110367,blockwise,evo,是一把很旧的钥匙啊。,俺たち、たまたま鍵を手に入れて毎日そこを探検してたんだよな～。,俺たち、たまたま鍵を手に入れて毎日そこを探検してたんだよな〜。
86397,mp4000_ev,47384,,47377,,174910,ch0470110368,blockwise,evo,这把钥匙可以打开西街区的那个栅栏门。,手強い魔獣が徘徊してるから結構、いい修行になってさあ～。,手強い魔獣が徘徊してるから結構、いい修行になってさあ〜。
86398,mp4000_ev,47391,,47379,,56780,ch0010110369,blockwise,evo,里面是个很大的地下水道。,え、それって……,え、それって……
86399,mp4000_ev,47399,,47382,,174912,ch0450110370,blockwise,evo,我们偶然得到了这把钥匙，每天都会去那里探险。,か、勘違いするなよ？,か、勘違いするなよ？
86400,mp4000_ev,47403,,47384,,174913,ch0450110371,blockwise,evo,里面有很强的魔兽在游荡，是个相当不错的修行场所。,俺たちに勝ったお前たちに簡単に負けられると困るんだよ！,俺たちに勝ったお前たちに簡単に負けられると困るんだよ！
86401,mp4000_ev,47413,,47391,,174914,ch0460110372,blockwise,evo,哎，那么……,いいか……絶対に優勝だ。,いいか……絶対に優勝だ。
86402,mp4000_ev,47415,,47399,,174915,ch0460110373,blockwise,evo,可、可不要搞错哦。,それ以外は許さねえからな……,それ以外は許さねえからな……
86403,mp4000_ev,47430,,47403,,174916,ch0470110374,blockwise,evo,你们要是在战胜我们之后又轻易输给别人，我们会很没面子的！,そんじゃあ、まったな～。,そんじゃあ、まったな〜。
86404,mp4000_ev,47460,,47413,,174917,ch0010110375,blockwise,evo,记住……一定要拿冠军。,え～っと。今のってもしかして……,え〜っと。今のってもしかして……
86405,mp4000_ev,47463,,47415,,174918,ch0020110376,blockwise,evo,不然我饶不了你们……,うん。励ましてくれたみたいだね。,うん。励ましてくれたみたいだね。
86406,mp4000_ev,47467,,47430,,174919,ch0020110377,blockwise,evo,就这样，我们走啦～,試合に備えて、その地下水路で鍛えておけってことじゃないかな。,試合に備えて、その地下水路で鍛えておけってことじゃないかな。
86407,mp4000_ev,47469,,47460,,174920,ch0010110378,blockwise,evo,哎～他们难道……,や、やっぱそうよね。,や、やっぱそうよね。
86408,mp4000_ev,47471,,47463,,174921,ch0010110379,blockwise,evo,嗯，好像是在鼓励我们。,うーん……本当に心を入れ替えたのかしら？,うーん……本当に心を入れ替えたのかしら？
86409,mp4000_ev,47477,,47467,,174922,ch0020110380,blockwise,evo,让我们去那个地下水道锻炼，为接下来的比赛做准备。,はは、君の太っ腹な所が気に入ったんじゃないかな。,はは、君の太っ腹な所が気に入ったんじゃないかな。
86410,mp4000_ev,47481,,47469,,174923,ch0020110381,blockwise,evo,果、果然如此啊。,エステルって意外と親分肌が合ってるのかもね。,エステルって意外と親分肌が合ってるのかもね。
86411,mp4000_ev,47485,,47471,,174924,ch0010110382,blockwise,evo,嗯……他们好像真的已经改过自新了。,太っ腹……親分肌……あんまり嬉しくない表現ねぇ。,太っ腹……親分肌……あんまり嬉しくない表現ねぇ。
86412,mp4000_ev,47487,,47477,,174925,ch0010110383,blockwise,evo,哈哈，或许是被你的大度感染了。,まあいいわ、ありがたく好意は受け取っておきましょ。,まあいいわ、ありがたく好意は受け取っておきましょ。
86413,mp4000_ev,47489,,47481,,174926,ch0020110384,blockwise,evo,你说不定很适合当他们的老大哦。,でも、今日はもう遅いから地下に降りるのは止めておこう。,でも、今日はもう遅いから地下に降りるのは止めておこう。
86414,mp4000_ev,47493,,47485,,174927,ch0020110385,blockwise,evo,大度……老大……这种评价一点都不让人开心。,明日の朝、試合の前に腕試しするのがいいだろうね。,明日の朝、試合の前に腕試しするのがいいだろうね。
86415,mp4000_ev,47500,,47487,,174928,ch0010110386,blockwise,evo,算啦，我们就接受他们的好意吧。,ん、りょーかい。,ん、りょーかい。
86416,mp4000_ev,47502,,47489,,174929,ch0010110387,blockwise,evo,不过，今天已经很晚了，我们就不要去地下了。,それじゃあ、ギルドに行ってエルナンさんに報告しましょ。,それじゃあ、ギルドに行ってエルナンさんに報告しましょ。
86417,mp4000_ev,48368,,47493,,52840,ch0010110505,normalized,evo,等到明天早上，倒是可以在比赛之前去试试身手。,へ～、雰囲気のいい店ね。,へ〜、雰囲気のいい店ね。
86418,mp4000_ev,48370,,47500,,52841,ch0010110506,blockwise,evo,嗯，知道了。,酒場というよりは喫茶店ってカンジだけど。,酒場というよりは喫茶店ってカンジだけど。
86419,mp4000_ev,48374,,47502,,52842,ch0020110507,blockwise,evo,那我们这就去协会向艾南先生报告吧。,この匂いはコーヒーですね。,この匂いはコーヒーですね。
86420,mp4000_ev,48386,,48368,,52843,ch0270110508,blockwise,evo,哎～这家店的气氛真不错啊。,ここのマスターが道楽でやってる店でな。,ここのマスターが道楽でやってる店でな。
86421,mp4000_ev,48388,,48370,,52844,ch0270110509,blockwise,evo,与其说是酒馆，倒更像个咖啡厅。,サイフォンで淹れる一杯は絶品としか言いようがねえ。,サイフォンで淹（い）れる一杯は絶品としか言いようがねえ。
86422,mp4000_ev,48391,,48374,,52845,ch0270110510,blockwise,evo,这股香气应该就是咖啡的味道。,あとは、本場のスパイスを使ったライスカレーがお勧めだな。,あとは、本場のスパイスを使ったライスカレーがお勧めだな。
86423,mp4000_ev,48396,,48386,,52846,ch0270110511,blockwise,evo,这是老板出于兴趣而开的店。,まあ、食事とコーヒーは後で適当に頼んでおくとして……,まあ、食事とコーヒーは後で適当に頼んでおくとして……
86424,mp4000_ev,48401,,48388,,52847,ch0010110512,blockwise,evo,这里的咖啡是用高级咖啡壶煮出来的，堪称极品。,ちょっと待ったあ！,ちょっと待ったあ！
86425,mp4000_ev,48411,,48391,,52848,ch0010110513,blockwise,evo,另外，建议你们尝尝这里的咖喱饭，里面的调料都是本地产的。,あたしたち、試合で身体を動かしてメチャメチャお腹空いてるのよね。,あたしたち、試合で身体を動かしてメチャメチャお腹空いてるのよね。
86426,mp4000_ev,48414,,48396,,52849,ch0020110514,blockwise,evo,哦，先不提吃饭和喝咖啡的事了，我们还是先──,まずは夕食をご馳走になってもいいですか？,まずは夕食をご馳走になってもいいですか？
86427,mp4000_ev,48416,,48401,,52850,ch0270110515,blockwise,evo,等一下！,ぐぐっ……可愛くないガキどもだぜ。,ぐぐっ……可愛くないガキどもだぜ。
86428,mp4000_ev,48426,,48411,,52851,ch0270110516,blockwise,evo,我们在比赛中消耗很大，肚子都快饿扁了。,ええい、こうなったら好きなだけお代わりしやがれ！,ええい、こうなったら好きなだけお代わりしやがれ！
86429,mp4000_ev,48430,,48414,,52852,ch0270110517,blockwise,evo,是的，能不能让我们先把晚饭吃了呢？,それでスクープが取れるならじゅうぶん元は取れるからなっ！,それでスクープが取れるならじゅうぶん元は取れるからなっ！
86430,mp4000_ev,48432,,48416,,52853,ch0010110518,blockwise,evo,啧……真是两个不讨人喜欢的小鬼。,やっぱりそれが狙いか。,やっぱりそれが狙いか。
86431,mp4000_ev,48435,,48426,,52854,ch0020110519,blockwise,evo,算了，你们想吃多少就吃多少吧！,そういえば、ドロシーさんは今日は一緒じゃないんですか？,そういえば、ドロシーさんは今日は一緒じゃないんですか？
86432,mp4000_ev,48439,,48430,,52855,ch0270110520,blockwise,evo,只要能搞到一个大新闻，这顿饭就算没白请了！,ああ、ヤツにはちょいと別の仕事を頼んでいてな……,ああ、ヤツにはちょいと別の仕事を頼んでいてな……
86433,mp4000_ev,48442,,48432,,52856,ch0270110521,blockwise,evo,果然是为了这个来的啊。,まあいい、とっとと中に入るぞ。,まあいい、とっとと中に入るぞ。
86434,mp4000_ev,49012,,48435,,43920,ch2190110627,blockwise,evo,对了，朵洛希小姐今天怎么没有一起来？,これはジン様。グランアリーナへようこそ。,これはジン様。グランアリーナへようこそ。
86435,mp4000_ev,49014,,48439,,43929,ch2190110060,blockwise,evo,哦，我让她去处理别的工作了……,一度、中に入ったら試合終了まで競技場から出ないようお願いしているのですが……,一度、中に入ったら試合終了まで競技場から出ないようお願いしているのですが……
86436,mp4000_ev,49016,,48442,,43930,ch2190110061,blockwise,evo,不说这个了，我们赶快进去吧。,準備の方はよろしいでしょうか？,準備の方はよろしいでしょうか？
86437,mp4000_ev,49026,,49012,,43915,ch2190110062,context,evo,这不是阵先生吗。欢迎您来到竞技场。,かしこまりました。,かしこまりました。
86438,mp4000_ev,49043,,49014,,43916,ch2190110063,context,evo,一旦进去的话，在比赛结束之前就不能再出来了……,皆さんの控室は、ホールに入って右手にある《蒼の組》の控室です。,皆さんの控室は、ホールに入って右手にある《蒼の組》の控室です。
86439,mp4000_ev,49056,,49016,,43917,ch2190110064,context,evo,已经做好准备了吗？,それでは健闘を祈ります。,それでは健闘を祈ります。
86440,mp4000_ev,49063,,49026,,43918,ch2190110062,context,evo,知道了。,かしこまりました。,かしこまりました。
86441,mp4000_ev,49065,,49043,,43935,ch2190110066,exact,evo,你们的休息室是进入大厅之后，在右边的《蓝组》休息室。,まだ時間はございますのでゆっくりなさって来てください。,まだ時間はございますのでゆっくりなさって来てください。
86442,mp4000_ev,50758,,49056,,174930,ch0010110923,exact,evo,那么请加油。,ふう……今日も何とか勝てたわね。,ふう……今日も何とか勝てたわね。
86443,mp4000_ev,50767,,49063,,174931,ch0010110924,exact,evo,我明白了。,明日はいよいよ決勝戦かぁ。,明日はいよいよ決勝戦かぁ。
86444,mp4000_ev,50779,,49065,,174932,ch0080110925,vector_search (1.00),evo,还有一些时间，请准备好再来。,激しい闘いに備えて英気を養う必要がありそうだな。,激しい闘いに備えて鋭気を養う必要がありそうだな。
86445,mp4000_ev,50791,,50758,,174933,ch0080110926,blockwise,evo,呼……今天也艰难取胜了。,そういうわけで……今夜も酒場に繰り出すとするか！,そういうわけで……今夜も酒場に繰り出すとするか！
86446,mp4000_ev,50795,,50767,,174934,ch0040110927,blockwise,evo,明天就是决赛了啊。,フッ、そうこなくては。おつき合いさせてもらうよ。,フッ、そうこなくては。おつき合いさせてもらうよ。
86447,mp4000_ev,50804,,50779,,174935,ch0010110928,blockwise,evo,看来需要养精蓄锐为激烈的战斗做准备了。,なんか違う気がする……,なんか違う気がする……
86448,mp4000_ev,50807,,50791,,174936,ch0020110929,blockwise,evo,所以……今晚也去酒馆吃喝吧！,僕たちは用事があるので今夜も遠慮させてください。,僕たちは用事があるので今夜も遠慮させてください。
86449,mp4000_ev,50820,,50795,,174937,ch0080110930,blockwise,evo,呵呵，那当然，我和你一起去。,おお、それじゃあな。,おお、それじゃあな。
86450,mp4000_ev,50823,,50804,,174938,ch0080110931,blockwise,evo,好像有点不对吧……,明日の朝、フロントで待ってるぜ。,明日の朝、フロントで待ってるぜ。
86451,mp4000_ev,50825,,50807,,174939,ch0040110932,blockwise,evo,我们还有事，所以今晚也不去了。,グンナイ、マイ・スイートハーツ㈱,グンナイ、マイ・スイートハーツ❤
86452,mp4000_ev,50852,,50820,,174940,ch0010110933,blockwise,evo,哦，那就再见啦。,さてと……,さてと……
86453,mp4000_ev,50866,,50823,,174941,ch0010110934,blockwise,evo,明天早上，我还在酒店的前厅等你们。,ナイアルが待ってるはずだし、あたしたちは雑誌社に行こっか？,ナイアルが待ってるはずだし、あたしたちは雑誌社に行こっか？
86454,mp4000_ev,50869,,50825,,174942,ch0020110935,blockwise,evo,晚安，我的小甜心㈱,そうだね……,そうだね……
86455,mp4000_ev,50871,,50852,,174943,ch0020110936,blockwise,evo,那么……,情報部のメンバーについて何か判っているといいんだけど……,情報部のメンバーについて何か判っているといいんだけど……
86456,mp4000_ev,52524,,50866,,52754,ch0010111131,blockwise,evo,奈尔还在等我们，赶快去杂志社吧。,わっ……もうこんな時間だわ。,わっ……もうこんな時間だわ。
86457,mp4000_ev,52529,,50869,,52755,ch0020111132,blockwise,evo,嗯……,早くホテルに帰ったほうがよさそうだね。,早くホテルに帰ったほうがよさそうだね。
86458,mp4000_ev,52533,,50871,,52756,ch4190111133,blockwise,evo,希望能得到有关情报部成员的信息……,おい、そこの君たち！,おい、そこの君たち！
86459,mp4000_ev,52561,,52524,,52757,ch0010111134,blockwise,evo,哇……已经这么晚了啊。,あれ……兵士さんたち、どうしたの？,あれ……兵士さんたち、どうしたの？
86460,mp4000_ev,52574,,52529,,52758,ch4190111135,blockwise,evo,我们还是赶快回酒店为好。,我々は巡回中の者だ。,我々は巡回中の者だ。
86461,mp4000_ev,52576,,52533,,52759,ch4190111136,blockwise,evo,喂，你们两个！,テロリスト対策の一環として本日から、夜間のパトロールを強化することになってな。,テロリスト対策の一環として本日から、夜間のパトロールを強化することになってな。
86462,mp4000_ev,52581,,52561,,52760,ch2490111137,blockwise,evo,哎……士兵先生，怎么了？,それに伴って、夜間の外出はなるべく控えてもらう事になった。,それに伴って、夜間の外出はなるべく控えてもらう事になった。
86463,mp4000_ev,52585,,52574,,52761,ch2490111138,blockwise,evo,我们是巡逻人员。,君たちも、早く家に戻りたまえ。,君たちも、早く家に戻りたまえ。
86464,mp4000_ev,52595,,52576,,52762,ch0010111139,blockwise,evo,从今天开始，为了防范恐怖分子，将要加强夜间巡逻的力度。,夜間の外出を控えろって……ちょっと不便すぎるんじゃない？,夜間の外出を控えろって……ちょっと不便すぎるんじゃない？
86465,mp4000_ev,52600,,52581,,52763,ch2490111140,blockwise,evo,所以，请你们尽量不要在夜间外出。,これも上の決定なのでね。,これも上の決定なのでね。
86466,mp4000_ev,52604,,52585,,52764,ch4190111141,blockwise,evo,你们赶快回家吧。,申しわけないが従ってもらおう。,申しわけないが従ってもらおう。
86467,mp4000_ev,52612,,52595,,52765,ch4190111142,blockwise,evo,夜间不让外出……这也太影响大家了吧？,ところで……君たちはどこに住んでいるのかね？,ところで……君たちはどこに住んでいるのかね？
86468,mp4000_ev,52622,,52600,,52766,ch0020111143,blockwise,evo,这是上级的决定。,僕たちは、北街区にあるホテルに滞在しています。,僕たちは、北街区にあるホテルに滞在しています。
86469,mp4000_ev,52624,,52604,,52767,ch0020111144,blockwise,evo,很抱歉，请你们服从指示。,武術大会の期間中、そこに泊まっているので……,武術大会の期間中、そこに泊まっているので……
86470,mp4000_ev,52634,,52612,,52768,ch2490111145,blockwise,evo,对了……你们住在哪里？,武術大会の期間中……,武術大会の期間中……
86471,mp4000_ev,52636,,52622,,52769,ch2490111146,blockwise,evo,我们住在北街区的罗恩鲍姆酒店。,待てよ、君たちの顔、どこかで見たような気が……,待てよ、君たちの顔、どこかで見たような気が……
86472,mp4000_ev,52645,,52624,,52770,ch4190111147,blockwise,evo,在武术大会期间会一直住在那里……,ああっ！,ああっ！
86473,mp4000_ev,52650,,52634,,52771,ch4190111148,blockwise,evo,武术大会期间……,この子たち、武術大会の決勝に勝ち進んだ出場者じゃないか！,この子たち、武術大会の決勝に勝ち進んだ出場者じゃないか！
86474,mp4000_ev,52656,,52636,,52772,ch2490111149,blockwise,evo,等一下，我好像在哪里见过你们……,言われてみれば……,言われてみれば……
86475,mp4000_ev,52668,,52645,,52773,ch0010111150,blockwise,evo,啊！,あ、兵士さんたち、見物してくれてるんだ？,あ、兵士さんたち、見物してくれてるんだ？
86476,mp4000_ev,52678,,52650,,52774,ch2490111151,blockwise,evo,这两个孩子不就是打进武术大会决赛的选手吗！,はは、警備のついでにね。,はは、警備のついでにね。
86477,mp4000_ev,52681,,52656,,52775,ch2490111152,blockwise,evo,听你这么一说……,特に今日の試合は白熱の展開で興奮させられたよ。,特に今日の試合は白熱の展開で興奮させられたよ。
86478,mp4000_ev,52691,,52668,,52776,ch4190111153,blockwise,evo,啊，士兵先生，你们也去看比赛了？,明日は決勝戦なんだろう？,明日は決勝戦なんだろう？
86479,mp4000_ev,52698,,52678,,52777,ch4190111154,blockwise,evo,哈哈，趁着做警卫工作的时候。,ホテルまで送っていくからゆっくり休まなきゃだめだぜ。,ホテルまで送っていくからゆっくり休まなきゃだめだぜ。
86480,mp4000_ev,52702,,52681,,52778,ch0010111155,blockwise,evo,最让我兴奋的就是今天那场比赛，战斗过程真激烈啊。,え、えっと……,え、えっと……
86481,mp4000_ev,52705,,52691,,52779,ch0020111156,blockwise,evo,明天就是决赛了吧？,わかりました。お言葉に甘えます。,わかりました。お言葉に甘えます。
86482,mp4000_ev,53600,53027,52698,,,,unmatched,evo,早点休息吧，我们送你们回酒店。,あ……！,
86483,mp4000_ev,53669,,52702,,52895,ch0020111254,exact,evo,这、这个……,（さっそく巡回してるみたいだね。）,（さっそく巡回してるみたいだね。）
86484,mp4000_ev,53671,,52705,,52896,ch0020111255,normalized,evo,好的。谢谢你们的好意。,（もし兵士たちに見つかったら  ホテルに連れ戻されると思う……）,（もし兵士たちに見つかったらホテルに連れ戻されると思う……）
86485,mp4000_ev,53675,,53600,,52897,ch0020111256,normalized,evo,啊……！,（兵士たちの巡回をかわしながら  何とか大聖堂までたどり着こう。）,（兵士たちの巡回をかわしながら何とか大聖堂までたどり着こう。）
86486,mp4000_ev,53678,,53669,,52898,ch0010111257,exact,evo,（他们这么早就开始巡逻了啊。）,（ん、オッケー！）,（ん、オッケー！）
86487,mp4000_ev,54367,,53671,,52865,ch0010111306,exact,evo,（如果被士兵们发现的话  恐怕会被带回酒店的……）,（やった、何とか到着したわ！）,（やった、何とか到着したわ！）
86488,mp4000_ev,54376,,53675,,52866,ch0020111307,exact,evo,（尽量避开士兵的巡逻路线，  想办法进入大教堂吧。）,（気を抜かないで、エステル……）,（気を抜かないで、エステル……）
86489,mp4000_ev,54379,,53678,,52867,ch0020111308,normalized,evo,（嗯，好的！）,（先に僕が入るから  後からついてきてくれ。）,（先に僕が入るから後からついてきてくれ。）
86490,mp4000_ev,54382,,54367,,52868,ch0010111309,exact,evo,（太好了，终于到了！）,（う、うん……！）,（う、うん……！）
86558,mp4000_ev,58901,,58302,,43912,ch2190111490,blockwise,evo,我才不像那个不良中年呢。,これは皆様。グランアリーナへようこそ。,これは皆様。グランアリーナへようこそ。
86559,mp4000_ev,58903,,58311,,43929,ch2190110060,blockwise,evo,嗯……好吧。,一度、中に入ったら試合終了まで競技場から出ないようお願いしているのですが……,一度、中に入ったら試合終了まで競技場から出ないようお願いしているのですが……
86560,mp4000_ev,58905,,58315,,43930,ch2190110061,blockwise,evo,不知为何，我也突然有信心在明天的比赛中取胜了。,準備の方はよろしいでしょうか？,準備の方はよろしいでしょうか？
86561,mp4000_ev,58915,,58901,,43934,ch2190110062,blockwise,evo,各位，欢迎来到王立竞技场。,かしこまりました。,かしこまりました。
86562,mp4000_ev,58933,,58903,,43932,ch2190110063,blockwise,evo,一旦进去的话，在比赛结束之前就不能再出来了……,皆さんの控室は、ホールに入って右手にある《蒼の組》の控室です。,皆さんの控室は、ホールに入って右手にある《蒼の組》の控室です。
86563,mp4000_ev,58945,,58905,,43933,ch2190110064,blockwise,evo,已经做好准备了吗？,それでは健闘を祈ります。,それでは健闘を祈ります。
86564,mp4000_ev,58953,,58915,,43934,ch2190110062,blockwise,evo,知道了。,かしこまりました。,かしこまりました。
86565,mp4000_ev,58955,,58933,,43935,ch2190110066,blockwise,evo,你们的休息室是进入大厅之后，在右边的《蓝组》休息室。,まだ時間はございますのでゆっくりなさって来てください。,まだ時間はございますのでゆっくりなさって来てください。
86566,mp4000_ev,64025,,58945,,175021,ch0010111846,normalized,evo,那么祝你们胜利。,はあ～、何ていうかすっごい戦いだったわよね。,はあ〜、何ていうかすっごい戦いだったわよね。
86567,mp4000_ev,64027,,58953,,175022,ch0010111847,blockwise,evo,我明白了。,あのロランス少尉ってのも想像以上に手強かったし……,あのロランス少尉ってのも想像以上に手強かったし……
86568,mp4000_ev,64036,,58955,,175023,ch0020111848,blockwise,evo,还有一些时间，请准备好再来。,うん……よく勝てたと思う。,うん……よく勝てたと思う。
86569,mp4000_ev,64038,,64025,,175024,ch0020111849,blockwise,evo,呼～该怎么说呢，真是一场激烈的战斗啊。,今でも信じられないな……,今でも信じられないな……
86570,mp4000_ev,64041,,64027,,175025,ch0080111850,blockwise,evo,那个洛伦斯少尉比想象中还要强……,……気に入らんな。,……気に入らんな。
86571,mp4000_ev,64054,,64036,,175026,ch0010111851,blockwise,evo,嗯……赢得真不容易。,えっ？,えっ？
86572,mp4000_ev,64061,,64038,,175027,ch0080111852,blockwise,evo,我直到现在都有些不敢相信……,いや……何でもない。,いや……何でもない。
86573,mp4000_ev,64071,,64041,,175028,ch0080111853,blockwise,evo,……真不爽啊。,それよりも、晩餐会ってのはさっそく今夜あるみたいだな。,それよりも、晩餐会ってのはさっそく今夜あるみたいだな。
86574,mp4000_ev,64073,,64054,,175029,ch0080111854,blockwise,evo,哎？,結構遅くまであるらしいから部屋も用意してくれるみたいだぜ。,結構遅くまであるらしいから部屋も用意してくれるみたいだぜ。
86575,mp4000_ev,64081,,64061,,175030,ch0040111855,blockwise,evo,不……没什么。,やれやれ、太っ腹なことだ。,やれやれ、太っ腹なことだ。
86576,mp4000_ev,64083,,64071,,175031,ch0040111856,blockwise,evo,说起来，晚宴就在今晚啊。,お偉方と同席というのは堅苦しいような気もするが……,お偉方と同席というのは堅苦しいような気もするが……
86577,mp4000_ev,64085,,64073,,175032,ch0040111857,blockwise,evo,据说宴会将进行到很晚，所以主办者还为我们准备了房间。,やはり、リベール宮廷料理にありつけるのは楽しみで仕方ない。,やはり、リベール宮廷料理にありつけるのは楽しみで仕方ない。
86578,mp4000_ev,64093,,64081,,175033,ch0040111858,blockwise,evo,哎呀呀，真是大方。,フッ、今から想像しただけでも涎が出てしまいそうだよ、ジュルリ。,フッ、今から想像しただけでも涎（よだれ）が出てしまいそうだよ、ジュルリ。
86579,mp4000_ev,64106,,64083,,175034,ch0010111859,blockwise,evo,与那些大人物同席，实在是让人有些拘谨……,出てる、出てるってば。,出てる、出てるってば。
86580,mp4000_ev,64109,,64085,,175035,ch0020111860,blockwise,evo,但还是很期待利贝尔的宫廷料理啊。,オリビエさんに関しては何のプレッシャーも無さそうですね。,オリビエさんに関しては何のプレッシャーも無さそうですね。
86592,mp4000_ev,64231,,64201,,175047,ch0010111872,blockwise,evo,不要摆出那种恐怖的表情嘛。,（あの制服って、もしかして……）,（あの制服って、もしかして……）
86593,mp4000_ev,64234,,64205,,175048,ch0020111873,blockwise,evo,笑口常开，好运自然来。要微笑，微笑哦❤,（うん……  エレボニア帝国の軍服だ……）,（うん……エレボニア帝国の軍服だ……）
86594,mp4000_ev,64236,,64218,,175049,ch0080111874,blockwise,evo,是谁害我摆出恐怖的表情的！,（ふむ……  なかなかやりそうな兄さんだ。）,（ふむ……なかなかやりそうな兄さんだ。）
86605,mp4000_ev,64326,,64311,,175060,ch0010111885,blockwise,evo,咳，失礼了。,あ、ううん……迷惑ってほどじゃないけど。,あ、ううん……迷惑ってほどじゃないけど。
86606,mp4000_ev,64328,,64316,,175061,ch0010111886,blockwise,evo,看样子，这个无赖给你们添了不少麻烦啊。,試合じゃ、オリビエの銃と魔法にずいぶん助けられちゃったし……,試合じゃ、オリビエの銃と魔法にずいぶん助けられちゃったし……
86607,mp4000_ev,64336,,64318,,175062,ch0020111887,blockwise,evo,我代表帝国大使馆向你们道歉。,あの、オリビエさん。,あの、オリビエさん。
86608,mp4000_ev,64341,,64326,,175063,ch0020111888,blockwise,evo,啊，没有啦……谈不上添麻烦。,武術大会に出ていたことを大使館に隠していたんですか？,武術大会に出ていたことを大使館に隠していたんですか？
86623,mp4000_ev,64446,,64420,,175078,ch0010111903,blockwise,evo,我从来不开玩笑。,さ、さすがに……ちょっと可哀想じゃない？,さ、さすがに……ちょっと可哀想じゃない？
86624,mp4000_ev,64449,,64435,,175079,ch0080111904,blockwise,evo,不、不要这么残忍啊……,晩餐会に出席するくらい、別に構わんのじゃないのか？,晩餐会に出席するくらい、別に構わんのじゃないのか？
86625,mp4000_ev,64451,,64437,,175080,ch0020111905,blockwise,evo,为了这场晚宴，我拼命奋战到了今天……,何か理由でもあるんですか？,何か理由でもあるんですか？
86635,mp4000_ev,64525,,64510,,,,conflict,evo,在王室主办的晚宴中，来自各地的大人物齐聚一堂……,……………………………,
86636,mp4000_ev,64537,,64512,,45126,ch0020100672,blockwise,evo,有个搞不清自己身份的无赖却在宴会现场旁若无人地捣乱……,……………………………,……………………………
86637,mp4000_ev,64542,,64514,,175091,ch0080111916,blockwise,evo,一旦让别人知道他是帝国人……,……………………………,……………………………
86639,mp4000_ev,64565,,64537,,175093,ch0010111918,blockwise,evo,…………………………,……ごめん、オリビエ。その人の心配ももっともだわ。,……ごめん、オリビエ。その人の心配ももっともだわ。
86640,mp4000_ev,64576,,64542,,175094,ch0020111919,blockwise,evo,…………………………,さすがに、王城の晩餐会でいつものノリはまずいですよね。,さすがに、王城の晩餐会でいつものノリはまずいですよね。
86641,mp4000_ev,64586,,64553,,175095,ch0080111920,blockwise,evo,等、等一下，各位，你们为何突然沉默了？,うーむ。国際問題にも発展しかねんな。,うーむ。国際問題にも発展しかねんな。
86650,mp4000_ev,64736,,64647,,175104,ch0010111929,exact,evo,说什么都没用。,えっと……いいのかなぁ？,えっと……いいのかなぁ？
86651,mp4000_ev,64738,,64699,,175105,ch0020111930,exact,evo,我的晚宴～！,気の毒だけど……こういう事もあるよ、うん。,気の毒だけど……こういう事もあるよ、うん。
86652,mp4000_ev,64747,,64716,,175106,ch0080111931,vector_search (0.98),evo,我的宫廷料理～！,まあ、人間万事、塞翁が馬ってやつだ。,まあ、人間万事、塞翁（さいおう）が馬ってやつだ。
86653,mp4000_ev,64749,,64736,,175107,ch0080111932,vector_search (0.98),evo,那个……这样好吗？,せいぜい奴さんの分まで楽しんできてやるとしようぜ。,せいぜい奴（やっこ）さんの分まで楽しんできてやるとしようぜ。
86654,mp4000_ev,64764,,64738,,175108,ch0010111933,exact,evo,虽说有些可怜……但这也是没办法的事。,うーん……仕方ないか。,うーん……仕方ないか。
86655,mp4000_ev,64766,,64747,,175109,ch0010111934,exact,evo,算啦，正所谓“塞翁失马，焉知非福”。,それじゃあ、気を取り直してグランセル城に行きましょ！,それじゃあ、気を取り直してグランセル城に行きましょ！
86656,mp4000_ev,67942,,64749,,53089,ch0080120001,blockwise,evo,我们连他那份也一起享用吧。,おっと、もう城に入るのか？,おっと、もう城に入るのか？
86657,mp4000_ev,67945,,64764,,53831,ch0080120002,blockwise,evo,嗯……没办法了。,晩餐会が終わったら城の客室に泊めてもらうから明日まで街には戻れんが……,晩餐会が終わったら城の客室に泊めてもらうから明日まで街には戻れんが……
86658,mp4000_ev,67959,,64766,,53832,ch0080120004,blockwise,evo,那么，我们就打起精神，向格兰赛尔城前进吧！,それじゃあ城の門番に招待状を見せてやることにしよう。,それじゃあ城の門番に招待状を見せてやることにしよう。
86659,mp4000_ev,67962,,67942,,53092,ch0010120005,blockwise,evo,哦，现在就要进城吗？,うーん、何だかドキドキしてきちゃったわ。,うーん、何だかドキドキしてきちゃったわ。
86660,mp4000_ev,67965,,67945,,53093,ch0020120006,blockwise,evo,晚宴结束之后，我们要在王城内的客房过夜，明天才能离开王城。,確かに、こんな招待のされ方、滅多に体験できそうもないね。,確かに、こんな招待のされ方、滅多に体験できそうもないね。
86661,mp4000_ev,67976,,67959,,53835,ch0080120003,blockwise,evo,那么，就向门卫出示邀请函吧。,わかった、また来るぞ。,わかった、また来るぞ。
86662,mp4000_ev,68014,,67962,,53836,ch2160120007,blockwise,evo,嗯……真有点紧张啊。,おっと、この先は女王陛下のいらっしゃるグランセル城だ。,おっと、この先は女王陛下のいらっしゃるグランセル城だ。
86663,mp4000_ev,68017,,67965,,53096,ch2170120008,blockwise,evo,嗯，这种活动的确不是轻易就能参加的。,用がないのであればどうかお引き取りください……,用がないのであればどうかお引き取りください……
86664,mp4000_ev,68023,,67976,,53097,ch2170120009,blockwise,evo,知道了，稍后再来吧。,って、あれ。,って、あれ。
86665,mp4000_ev,68031,,68014,,53098,ch0010120010,blockwise,evo,不好意思，这里是女王陛下居住的格兰赛尔城。,どーも、こんにちは。,どーも、こんにちは。
86666,mp4000_ev,68036,,68017,,53099,ch0020120011,blockwise,evo,如果没有事情，就请离开吧……,先日は失礼しました。,先日は失礼しました。
86667,mp4000_ev,68042,,68023,,53841,ch2160120012,blockwise,evo,哎？,なんだ、お前さんたちか。,なんだ、お前さんたちか。
86668,mp4000_ev,68045,,68031,,53101,ch2170120013,blockwise,evo,你们好啊。,まだ王都に滞在していたのかい？,まだ王都に滞在していたのかい？
86669,mp4000_ev,68049,,68036,,53102,ch0010120014,blockwise,evo,那天麻烦你们了。,うん。ちょっと用事があってね。,うん。ちょっと用事があってね。
86670,mp4000_ev,68051,,68042,,53103,ch0020120015,blockwise,evo,怎么，是你们啊。,今日は正式に招待されてこちらに伺わせていただきました。,今日は正式に招待されてこちらに伺わせていただきました。
86671,mp4000_ev,68055,,68045,,53845,ch2160120016,blockwise,evo,你们还在王都啊。,正式に……？,正式に……？
86672,mp4000_ev,68057,,68049,,53105,ch2170120017,blockwise,evo,嗯，稍微有点事情。,招待されて……？,招待されて……？
86673,mp4000_ev,68060,,68051,,53106,ch0080120018,blockwise,evo,我们今天是因为接到了正式邀请才来的。,公爵さん直々に招待状をもらったのさ。,公爵さん直々に招待状をもらったのさ。
86674,mp4000_ev,68106,,68055,,53848,ch2160120019,blockwise,evo,正式……？,うおっ！？,うおっ！？
86675,mp4000_ev,68108,,68057,,53108,ch2170120020,blockwise,evo,邀请……？,きょ、巨人か！？,きょ、巨人か！？
86676,mp4000_ev,68121,,68060,,53109,ch0080120021,blockwise,evo,……公爵亲自向我们赠送了邀请函。,ほらよ、こいつが招待状だ。,ほらよ、こいつが招待状だ。
86677,mp4000_ev,68151,,68106,,53852,ch2160120022,blockwise,evo,哇！？,えっと……,えっと……
86678,mp4000_ev,68153,,68108,,53112,ch2170120023,blockwise,evo,巨、巨人！？,『ジン選手以下、  武術大会で見事優勝した  ４名の者を晩餐会に招待する……』,『ジン選手以下、武術大会で見事優勝した４名の者を晩餐会に招待する……』
86679,mp4000_ev,68166,,68121,,53113,ch2170120024,blockwise,evo,给，这就是邀请函。,そうか……あなたたちが武術大会の……,そうか……あなたたちが武術大会の……
86680,mp4000_ev,68168,,68151,,53855,ch2160120025,blockwise,evo,嗯……,そういや、優勝したのはでかい東方人の武術家が率いるチームとか言ってたな……,そういや、優勝したのはでかい東方人の武術家が率いるチームとか言ってたな……
86681,mp4000_ev,68171,,68153,,53856,ch2160120026,blockwise,evo,『阵选手及以下  在武术大会中取得优胜的  共四名人员将被邀请参加晚宴……』,もしかして、お前さんたちも同じチームだったってことか？,もしかして、お前さんたちも同じチームだったってことか？
86682,mp4000_ev,68182,,68166,,53116,ch0010120027,blockwise,evo,这样啊……你们就是武术大会的……,えっへん、実はそうなのよね。,えっへん、実はそうなのよね。
86683,mp4000_ev,68186,,68168,,53117,ch0020120028,blockwise,evo,对了，听说夺得冠军的是一个由东方武术家率领的队伍……,微力ながらお手伝いさせてもらいました。,微力ながらお手伝いさせてもらいました。
86684,mp4000_ev,68201,,68171,,53118,ch2170120029,blockwise,evo,难道你们就是那个队伍的成员？,なるほど、そうだったのか……,なるほど、そうだったのか……
86685,mp4000_ev,68204,,68182,,53119,ch2170120030,blockwise,evo,嘿嘿，正是。,……あなたたちの事は女官長から聞かされています。,……あなたたちの事は女官長から聞かされています。
86686,mp4000_ev,68208,,68186,,53120,ch2170120031,blockwise,evo,我们只是帮了一点微不足道的小忙而已。,１人足りないみたいですがその方はどうなさったんですか？,１人足りないみたいですがその方はどうなさったんですか？
86687,mp4000_ev,68215,,68201,,53121,ch0080120032,blockwise,evo,原来如此，是这样啊……,ちとヤボ用でね。来られなくなっちまったんだ。,ちとヤボ用でね。来られなくなっちまったんだ。
86688,mp4000_ev,68217,,68204,,53863,ch0080120033,blockwise,evo,……我听女总管交代过有关你们的事情。,俺たちだけで出席させてもらうぜ。,俺たちだけで出席させてもらうぜ。
86689,mp4000_ev,68220,,68208,,53864,ch2160120034,blockwise,evo,不过，好像少一个人啊。那位怎么没来？,そうか、そりゃあ残念だな。,そうか、そりゃあ残念だな。
86690,mp4000_ev,68229,,68215,,53865,ch2160120035,blockwise,evo,他有点私事，不能来了。,まあいいや……中へと案内させてもらうぜ。,まあいいや……中へと案内させてもらうぜ。
86706,mp4000_ev,69243,,68377,,53221,ch0010120369,normalized,evo,好了，请进吧！欢迎来到女王陛下的格兰赛尔城！,うわ～……キレイ……,うわ〜……キレイ……
86707,mp4000_ev,69245,,68385,,53957,ch0010120370,blockwise,evo,你们进去之后，就会有接待人员前来迎接。,ここがお城の空中庭園かぁ……,ここがお城の空中庭園かぁ……
86708,mp4000_ev,69247,,68387,,53958,ch0020120371,blockwise,evo,祝各位度过一个愉快的夜晚。,たしかに……湖が一望できるしグランセルの城下町も見下ろせる。,たしかに……湖が一望できるしグランセルの城下町も見下ろせる。
86709,mp4000_ev,69250,,69243,,53959,ch0020120378,blockwise,evo,哇啊……好美……,見学希望者が多いのも肯けるね。,見学希望者が多いのも肯けるね。
86710,mp4000_ev,69261,,69245,,53960,ch0010120379,blockwise,evo,这里就是王城的空中庭园啊……,う～、こういう時じゃなかったらゆっくり景色を楽しめるんだけど……,う〜、こういう時じゃなかったらゆっくり景色を楽しめるんだけど……
86711,mp4000_ev,69266,,69247,,53961,ch0010120380,blockwise,evo,是啊……湖面一览无余，还可以俯瞰格兰赛尔周围的城邑。,今はお仕事を優先するしかないわね。,今はお仕事を優先するしかないわね。
86712,mp4000_ev,72701,,69250,,53962,ch0010120441,blockwise,evo,难怪有这么多人想来参观。,あ……,あ……
86713,mp4000_ev,72711,,69261,,53963,ch0020120442,blockwise,evo,呼～要不是处在这种特殊时期，本可以好好欣赏一下这里的景色……,ここが女王宮みたいだね……,ここが女王宮みたいだね……
86714,mp4000_ev,72738,,69266,,53964,ch2620120383,blockwise,evo,现在还是优先完成任务吧。,む……なんだ貴様らは。,む……なんだ貴様らは。
86715,mp4000_ev,72741,,72701,,53965,ch2630120444,blockwise,evo,啊……,おい……こいつら……,おい……こいつら……
86716,mp4000_ev,72753,,72711,,53966,ch0010120445,blockwise,evo,看来这里就是女王宫了……,えっと……,えっと……
86717,mp4000_ev,72758,,72738,,53967,ch0010120386,blockwise,evo,唔……你们是什么人？,あたしたち、公爵さんに招待された者なんだけど……,あたしたち、公爵さんに招待された者なんだけど……
86718,mp4000_ev,72764,,72741,,53968,ch0020120387,blockwise,evo,哦……他们是……,こちらは、陛下のいらっしゃる女王宮でいいんでしょうか？,こちらは、陛下のいらっしゃる女王宮でいいんでしょうか？
86719,mp4000_ev,72773,,72753,,53969,ch2630120448,blockwise,evo,那个……,……その通りだ。,……その通りだ。
86720,mp4000_ev,72775,,72758,,53970,ch2620120389,blockwise,evo,我们是公爵邀请的客人……,だがここ数日、陛下は御不調でいらっしゃる。,だがここ数日、陛下は御不調でいらっしゃる。
86721,mp4000_ev,72779,,72764,,53971,ch2620120390,blockwise,evo,这里就是陛下居住的女王宫吧？,お目通りを願っても無駄だぞ。,お目通りを願っても無駄だぞ。
86722,mp4000_ev,72786,,72773,,53972,ch0010120451,blockwise,evo,……正是。,や、やだな～。そんな大それたこと考えてないわよ。,や、やだな〜。そんな大それたこと考えてないわよ。
86723,mp4000_ev,72788,,72775,,53973,ch0010120392,blockwise,evo,不过，陛下最近身体欠佳。,そりゃあ、ちょっとはお目にかかれたらな～って思うけど。,そりゃあ、ちょっとはお目にかかれたらな〜って思うけど。
86724,mp4000_ev,72791,,72779,,53974,ch0020120393,blockwise,evo,任何人都不得晋见。,ところで、クローディア姫もこちらにいらっしゃるんですか？,ところで、クローディア姫もこちらにいらっしゃるんですか？
86725,mp4000_ev,72804,,72786,,53975,ch2620120394,blockwise,evo,真、真是的～我们并没提出那种异想天开的要求啊。,いや、こちらには……,いや、こちらには……
86726,mp4000_ev,72809,,72788,,53976,ch2630120455,blockwise,evo,虽然确实抱着见女王一面的想法……,……おい。,……おい。
86727,mp4000_ev,72820,,72791,,53977,ch2620120396,blockwise,evo,请问，克萝蒂雅公主也在里面吗？,とと、それは熱心に陛下の看病をなさっていらっしゃるぞ。,とと、それは熱心に陛下の看病をなさっていらっしゃるぞ。
86728,mp4000_ev,72825,,72804,,53978,ch2620120397,blockwise,evo,不，目前……,もちろん、お前たちの相手をなさる余裕などないからな。,もちろん、お前たちの相手をなさる余裕などないからな。
86730,mp4000_ev,72878,,72820,,53980,ch2620120459,blockwise,evo,哦哦，公主正在细心照料着陛下。,夫人……,夫人……
86731,mp4000_ev,72886,,72825,,53981,ch2630120460,blockwise,evo,所以，她自然没空招待你们。,もうお帰りかな？,もうお帰りかな？
86734,mp4000_ev,72906,,72886,,53984,ch2620120463,blockwise,evo,您这就要回去了吗？,武術大会で優勝したチームの者です。,武術大会で優勝したチームの者です。
86735,mp4000_ev,72915,,72890,,53985,ch2620120464,blockwise,evo,晚宴马上就要开始了，我得先回休息室准备一下。,たかが遊撃士の身分ですが一応、招待客とは言えるでしょうな。,たかが遊撃士の身分ですが一応、招待客とは言えるでしょうな。
86736,mp4000_ev,72921,,72902,,53986,ch0010120465,blockwise,evo,对了，这两位客人是……？,ムッ、たかが遊撃士って……！,ムッ、たかが遊撃士って……！
86739,mp4000_ev,72950,,72921,,53989,ch2630120468,blockwise,evo,哼，什么叫只是游击士啊……！,や……自分たちはその……,や……自分たちはその……
86742,mp4000_ev,72962,,72950,,53992,ch2620120471,blockwise,evo,我……我们不是那个意思……,りょ、了解しました。,りょ、了解しました。
86743,mp4000_ev,72969,,72956,,53993,ch0010120472,blockwise,evo,虽然他们是应公爵大人之邀而来的，但只要来到王城，就是陛下的客人！,（す、すごい迫力……）,（す、すごい迫力……）
86744,mp4000_ev,72971,,72958,,53994,ch0020120473,blockwise,evo,你们不要忘记这一点！,（ひょっとしてこの人が……）,（ひょっとしてこの人が……）
86745,mp4000_ev,72979,,72962,,53995,ch2620120474,blockwise,evo,明、明白了。,ですが夫人……彼らを通すわけにはいきません。,ですが夫人……彼らを通すわけにはいきません。
86746,mp4000_ev,72981,,72969,,53996,ch2620120475,blockwise,evo,（好、好惊人的气势……）,その事は、大佐の説明で分かっていただけたはずですな？,その事は、大佐の説明で分かっていただけたはずですな？
86751,mp4000_ev,73025,,73010,,54001,ch0010120480,blockwise,evo,非常抱歉，两位客人。,あ……は、はい。,あ……は、はい。
86752,mp4000_ev,73028,,73012,,54002,ch0020120421,blockwise,evo,出于警备方面的原因，目前禁止外人接近女王宫。,わかりました。そうした方が良さそうですね。,わかりました。そうした方が良さそうですね。
86753,mp4000_ev,73040,,73015,,54003,ch0020120482,blockwise,evo,如果可以，在晚宴开始之前，请你们在房间内等候。,……すみません。色々とお騒がせしました。,……すみません。色々とお騒がせしました。
86754,mp4000_ev,73044,,73025,,54004,ch2620120423,blockwise,evo,啊……好、好的。,フン……,フン……
86755,mp4000_ev,73047,,73028,,54005,ch2630120484,blockwise,evo,明白了，我们这就回去。,分かればいいのだ、分かれば。,分かればいいのだ、分かれば。
86757,mp4000_ev,73077,,73044,,54007,ch2620120426,blockwise,evo,哼……,……どうぞ、気を付けてお戻りください。,……どうぞ、気を付けてお戻りください。
86761,mp4000_ev,73135,,73114,,54011,ch0010120490,blockwise,evo,……他们做出那样丢脸的事，让你们见笑了。,やっぱり……,やっぱり……
86762,mp4000_ev,73137,,73126,,54012,ch0020120431,blockwise,evo,请允许我先自我介绍一下。我的名字叫希尔丹。,あなたがヒルダ夫人だったんですね。,あなたがヒルダ夫人だったんですね。
86765,mp4000_ev,73153,,73137,,54015,ch0010120494,blockwise,evo,原来您就是希尔丹夫人啊。,えっと……ある人から教えてもらったんです。,えっと……ある人から教えてもらったんです。
86767,mp4000_ev,73193,,73142,,54018,ch0010120496,blockwise,evo,对不起，请问我们曾经认识吗？,あ、それだけで判るんだ。,あ、それだけで判るんだ。
86768,mp4000_ev,73195,,73153,,54019,ch0020120437,blockwise,evo,啊……是从别人那里听说的。,その紹介状と、遊撃士の紋章が僕たちの身分証明となります。,その紹介状と、遊撃士の紋章が僕たちの身分証明となります。
86772,mp4000_ev,74839,,73203,,54023,ch2620121048,blockwise,evo,我明白了……,これはヒルダ夫人……,これはヒルダ夫人……
86773,mp4000_ev,74844,,73206,,54024,ch2630121049,blockwise,evo,在这里说话不太方便，我们先回侍女的休息室吧。,こんな遅い時間に女王陛下に御用ですか？,こんな遅い時間に女王陛下に御用ですか？
86776,mp4000_ev,74864,,74844,,54051,ch2620121052,blockwise,evo,都这么晚了，找女王陛下有什么事吗？,これは手厳しい……,これは手厳しい……
86777,mp4000_ev,74868,,74853,,54028,ch2630121053,blockwise,evo,我把陛下要的红茶和餐具带来了。,おや……,おや……
86778,mp4000_ev,74871,,74857,,54029,ch2630121054,blockwise,evo,出了那种事之后，竟然连陛下的自由都受到如此限制。,見たことのない顔ですがそちらの侍女さんたちは？,見たことのない顔ですがそちらの侍女さんたちは？
86781,mp4000_ev,74895,,74871,,54032,ch2620121057,blockwise,evo,以前好像没见过您后面的那两个侍女啊。,ほう……,ほう……
86782,mp4000_ev,74899,,74880,,54033,ch2630121058,blockwise,evo,公爵大人曾命我多招一些侍女，她们正是新来的实习侍女。,ふーむ。さすがに可憐ですなぁ。,ふーむ。さすがに可憐ですなぁ。
86785,mp4000_ev,74919,,74899,,54036,ch2620121061,blockwise,evo,唔～真是楚楚动人啊。,おや……？,おや……？
86786,mp4000_ev,74924,,74902,,54037,ch2620121062,blockwise,evo,你、你们好……,なんとなくどこかで見たような……,なんとなくどこかで見たような……
86791,mp4000_ev,74956,,74939,,54042,ch2620121067,blockwise,evo,……对年轻的姑娘那样目不转睛地盯着是什么意思。,と、とんでもない！,と、とんでもない！
86792,mp4000_ev,74958,,74944,,54043,ch2630121068,blockwise,evo,难不成是在动一些歪念头吗？,王国軍の精鋭たる我々がそのような事は……,王国軍の精鋭たる我々がそのような事は……
86795,mp4000_ev,74972,,74958,,54046,ch2620121071,blockwise,evo,作为王国军精英的我们怎么会那样……,これは失礼しました！,これは失礼しました！
86796,mp4000_ev,74975,,74961,,54047,ch2630121072,blockwise,evo,没有最好。,どうぞ、お通りください！,どうぞ、お通りください！
86797,mp4000_ev,77397,,74964,,54048,ch2620121331,blockwise,evo,我说，你们好了没有，可以让我们进去了吗？,ヒルダ夫人。今日はもうお帰りですか？,ヒルダ夫人。今日はもうお帰りですか？
86800,mp4000_ev,77420,,77397,,54051,ch2620121052,blockwise,evo,希尔丹夫人。这就要回去了吗？,これは手厳しい……,これは手厳しい……
86801,mp4000_ev,77424,,77412,,54052,ch2620121335,blockwise,evo,嗯，是的。,ですが、どうかご安心を。我々は愛国の士でありますから。,ですが、どうかご安心を。我々は愛国の士でありますから。
86806,mp4000_ev,77495,,77436,,54057,ch2620121340,blockwise,evo,那么我们这就告辞了。,ああ、お嬢さんたち。,ああ、お嬢さんたち。
86808,mp4000_ev,77518,,77453,,54059,ch2620121342,blockwise,evo,……告辞了。,そういえば名前を聞いてなかったと思ってな。,そういえば名前を聞いてなかったと思ってな。
86809,mp4000_ev,77520,,77495,,54060,ch2620121343,blockwise,evo,啊，两位姑娘。,一応聞かせてもらえるか？,一応聞かせてもらえるか？
86811,mp4000_ev,77543,,77518,,54062,ch2620121345,blockwise,evo,突然想起还没有询问你们的名字。,ほう……なかなか良い名前だな。,ほう……なかなか良い名前だな。
86812,mp4000_ev,77546,,77520,,54063,ch2620121346,blockwise,evo,告诉我们好吗？,あんたの雰囲気にも合っている。,あんたの雰囲気にも合っている。
86814,mp4000_ev,77570,,77543,,54065,ch2620121348,blockwise,evo,哦……？很不错的名字嘛。,ほう、なかなか色っぽい名前じゃないか。,ほう、なかなか色っぽい名前じゃないか。
86815,mp4000_ev,77573,,77546,,54066,ch2620121349,blockwise,evo,和你很是般配啊。,名前負けしているようだが。,名前負けしているようだが。
86819,mp4000_ev,77603,,77583,,54070,ch2620121353,blockwise,evo,少、少管闲事！,ふむ……わりと今風の名前だな。,ふむ……わりと今風の名前だな。
86820,mp4000_ev,77605,,77589,,54071,ch2620121354,blockwise,evo,……不对，呵呵呵。,正直、あんたの雰囲気には合わないような気がするが……,正直、あんたの雰囲気には合わないような気がするが……
86822,mp4000_ev,77622,,77603,,54073,ch2630121356,blockwise,evo,唔……比较流行的名字啊。,で、そちらの黒髪のお嬢さんは？,で、そちらの黒髪のお嬢さんは？
86824,mp4000_ev,77636,,77607,,54075,ch2630121358,blockwise,evo,（也许是吧……）,カリンというのか……何というか、可憐な名前だ。,カリンというのか……何というか、可憐な名前だ。
86827,mp4000_ev,77651,,77636,,54078,ch2630121361,blockwise,evo,叫卡琳……好可爱的名字。,そうか……,そうか……
86828,mp4000_ev,77653,,77640,,54079,ch2630121362,blockwise,evo,谢谢。,そ、そうだ。自分は特務部隊の……,そ、そうだ。自分は特務部隊の……
86831,mp4000_ev,77683,,77653,,54082,ch2630121365,blockwise,evo,对、对了。我是特务部队的……,いや、自分たちは……,いや、自分たちは……
86833,mp4000_ev,77699,,77678,,54084,ch2620121367,blockwise,evo,再这样下去我就当你们是居心不良。,……どうぞ気を付けてお戻りください。,……どうぞ気を付けてお戻りください。
86836,mp4000_ev,78657,,77699,,175112,ch0020130140,blockwise,evo,……请吧，这就请回吧。,念のために言いますけど冗談じゃありません。,念のために言いますけど冗談じゃありません。
86837,mp4000_ev,78662,,78646,,175113,ch0020130141,blockwise,evo,………………哎。,大きな仕事になりそうなので力を貸して欲しいんです。,大きな仕事になりそうなので力を貸して欲しいんです。
86841,mp4000_ev,78686,,78671,,175117,ch0010130145,blockwise,evo,那个……,うん、エルナンさんが詳しい話をしてくれるはずよ。,うん、エルナンさんが詳しい話をしてくれるはずよ。
86934,mp4000_ev,95072,,94046,,46406,ch0020131001,blockwise,evo,（……也许吧。）,……一般兵に替わって特務兵たちが巡回していますね。,……一般兵に替わって特務兵たちが巡回していますね。
86935,mp4000_ev,95076,,94048,,46407,ch0080131002,blockwise,evo,（他们两人在目视对方时的  那种神情……）,離宮を落とされて敵さんも必死なんだろうさ。,離宮を落とされて敵さんも必死なんだろうさ。
86936,mp4000_ev,95082,,94060,,46408,ch0080131003,blockwise,evo,（……真让我有一点羡慕呢。）,しかし何とも物々しい雰囲気だぜ。,しかし何とも物々しい雰囲気だぜ。
86937,mp4000_ev,95090,,95072,,46409,ch0040131004,blockwise,evo,……原来都是普通士兵在巡逻，现在全都换成特务兵了。,よし、こういう時こそボクのリュートで張りつめた空気を和ませて……,よし、こういう時こそボクのリュートで張りつめた空気を和ませて……
86938,mp4000_ev,95099,,95076,,46410,ch0020131005,blockwise,evo,离宫被攻陷之后，敌人开始拼命了。,目立つことをしているとまたあの人が飛んできますよ。,目立つことをしているとまたあの人が飛んできますよ。
86939,mp4000_ev,95101,,95082,,46411,ch0020131006,blockwise,evo,不过，这未免也太森严了。,確かミュラーさんでしたっけ？,確かミュラーさんでしたっけ？
86940,mp4000_ev,95111,,95090,,46412,ch0040131007,blockwise,evo,好，在这种时候，就要用我的鲁特琴来缓和紧张气氛……,そ、そうだった……,そ、そうだった……
86941,mp4000_ev,95113,,95099,,46413,ch0040131008,blockwise,evo,如果你做出这种引人注目的事情，那个人肯定又会飞奔而来的。,２人とも、帝国大使館には絶対に近寄らないでくれたまえ！,２人とも、帝国大使館には絶対に近寄らないでくれたまえ！
86942,mp4000_ev,95123,,95101,,52791,ch0080131009,blockwise,evo,好像是叫穆拉吧？,はは、お互い大使館に寄ってるヒマは無さそうだな。,はは、お互い大使館に寄ってるヒマは無さそうだな。
86943,mp4000_ev,95125,,95111,,52792,ch0080131010,blockwise,evo,是、是的……,準備を整えしだい、地下水路に降りるとしよう。,準備を整えしだい、地下水路に降りるとしよう。
86944,mp4000_ev,97683,,95113,,45956,ch0100131052,exact,evo,你们千万不要接近帝国大使馆啊！,よし……各員、そのまま待機。,よし……各員、そのまま待機。
86945,mp4000_ev,97693,,95123,,45957,ch0100131053,exact,evo,哈哈，你我二人现在都没时间回大使馆了。,正午の鐘と同時に突入する。,正午の鐘と同時に突入する。
86946,mp4000_ev,99104,,95125,,8866,ch0010131054,blockwise,evo,准备完毕之后，就进入地下水道吧。,情報部の特務艇……こんな形で乗るなんて。,情報部の特務艇……こんな形で乗るなんて。
86947,mp4000_ev,99107,,97683,,8867,ch0030131055,blockwise,evo,好……大家在此待命。,なんていうか……やたらと趣味の悪い飛行艇ね。,なんていうか……やたらと趣味の悪い飛行艇ね。
86948,mp4000_ev,99109,,97693,,8868,ch0030131056,blockwise,evo,在正午的钟声响起时就冲进去。,あの空賊艇といい勝負だわ。,あの空賊艇といい勝負だわ。
86949,mp4000_ev,99118,,99104,,8869,ch0060131057,blockwise,evo,没想到……会以这种形式乘坐特务艇。,でも、かなりの	機体性能であることは間違いありません。,でも、かなりの機体性能（スペック）であることは間違いありません。
86950,mp4000_ev,99120,,99107,,8870,ch0060131058,blockwise,evo,该怎么形容呢……真是造型低俗的飞艇啊。,こんな船を、情報部はどうやって調達したのか……,こんな船を、情報部はどうやって調達したのか……
86951,mp4000_ev,99130,,99109,,8871,ch0010131059,blockwise,evo,和那艘空贼飞艇倒是难分上下。,うーん、そういえば。,うーん、そういえば。
86952,mp4000_ev,99132,,99118,,8872,ch0010131060,blockwise,evo,不过，毫无疑问这确实是机体性能相当高的机体。,あの《ゴスペル》といい色々と謎が多いわね……,あの《ゴスペル》といい色々と謎が多いわね……
86953,mp4000_ev,99140,,99120,,8873,ch2350131061,blockwise,evo,情报部是如何得到这种飞艇的呢……,やあ、殿下。お待ちしていましたよ。,やあ、殿下。お待ちしていましたよ。
86954,mp4000_ev,99167,,99130,,8874,ch0060131062,blockwise,evo,嗯，这么说也是啊。,ペイトンさん。どうも、お久しぶりです。,ペイトンさん。どうも、お久しぶりです。
86955,mp4000_ev,99179,,99132,,8875,ch0010131063,blockwise,evo,有关那个《福音》的事情也是一样，猜不透的秘密太多了……,えっと……この人は？,えっと……この人は？
86956,mp4000_ev,99186,,99140,,8876,ch0060131064,blockwise,evo,哦，殿下，让您久等了。,ペイトンさんといって《アルセイユ》の整備をされている方です。,ペイトンさんといって《アルセイユ》の整備をされている方です。
86957,mp4000_ev,99188,,99167,,8877,ch2350131065,blockwise,evo,佩顿师傅，好久不见了。,といっても、中央工房から出向してる技術要員ですけどね。,といっても、中央工房から出向してる技術要員ですけどね。
86958,mp4000_ev,99195,,99179,,8878,ch2350131066,blockwise,evo,请问，这位是……？,《アルセイユ》は試験飛行段階なので色々とデータを取る必要があるんです。,《アルセイユ》は試験飛行段階なので色々とデータを取る必要があるんです。
86959,mp4000_ev,99197,,99186,,8879,ch0010131067,blockwise,evo,是埃尔赛尤号的维修人员佩顿先生。,へえ、そうだったんだ。,へえ、そうだったんだ。
86960,mp4000_ev,99199,,99188,,9119,ch0010131068,blockwise,evo,准确来说，我是中央工房外派至此的技术员。,ルーアンで見た時はちゃんと飛んでいたけど……,ルーアンで見た時はちゃんと飛んでいたけど……
86961,mp4000_ev,99208,,99195,,8881,ch2350131069,blockwise,evo,《埃尔赛尤号》尚处于试飞阶段，所以我需要获取各方面的数据。,もちろん通常飛行は可能ですけどね。,もちろん通常飛行は可能ですけどね。
86962,mp4000_ev,99210,,99197,,8882,ch2350131070,blockwise,evo,哎，是这样啊。,新型の導力機関の開発が遅れて旧型を載せているだけなので本来の性能が引き出せないんです。,新型の導力機関（オーバルエンジン）の開発が遅れて旧型を載せているだけなので本来の性能が引き出せないんです。
86963,mp4000_ev,99216,,99199,,8883,ch2350131071,blockwise,evo,但在卢安看到它的时候，它飞得很正常啊……,ともかく《アルセイユ》は情報部に奪われ、試験飛行も無期延期……,ともかく《アルセイユ》は情報部に奪われ、試験飛行も無期延期……
86964,mp4000_ev,99218,,99208,,8884,ch2350131072,blockwise,evo,正常飞行自然是没问题的。,王都で途方にくれていたところをユリアさんが呼んでくれたんです。,王都で途方にくれていたところをユリアさんが呼んでくれたんです。
86965,mp4000_ev,99226,,99210,,9124,ch0010131073,blockwise,evo,因为新型导力引擎的开发延迟了，只能搭载旧型引擎，所以无法发挥出原本的性能。,なるほど……,なるほど……
86966,mp4000_ev,99229,,99216,,8886,ch0030131074,blockwise,evo,更何况，埃尔赛尤号已经被情报部夺走了，试飞只能无限延期……,ふふ……よろしくお願いするわね。,ふふ……よろしくお願いするわね。
86967,mp4000_ev,99233,,99218,,8887,ch2350131075,blockwise,evo,我当时在王都不知该如何是好，是尤莉亚中尉收留了我。,ま、任せてください！,ま、任せてください！
86968,mp4000_ev,99244,,99226,,8888,ch2350131076,blockwise,evo,原来如此……,一応、ロックは外して操縦できるようにしました。,一応、ロックは外して操縦できるようにしました。
86969,mp4000_ev,99246,,99229,,8889,ch2350131077,blockwise,evo,呵呵……那接下来就麻烦您了。,かなりの高機動なので操縦するときはお気を付けて。,かなりの高機動なので操縦するときはお気を付けて。
86970,mp4000_ev,99250,,99233,,8890,ch0060131078,blockwise,evo,嗯，看我的吧！,わかりました。,わかりました。
86971,mp4000_ev,99253,,99244,,8891,ch0010131079,blockwise,evo,只要解除锁定，就可以自由驾驶了。,それじゃあ、早速乗り込みましょ！,それじゃあ、早速乗り込みましょ！
86972,mp4000_ev,99747,,99246,,9131,ch2350131080,blockwise,evo,不过，这种飞艇的机动性很强，驾驶时一定要多加注意。,……そうだ、皆さん。,……そうだ、皆さん。
86973,mp4000_ev,99750,,99250,,9132,ch2350131081,blockwise,evo,我明白了。,一応、皆さんのオーブメントを調整する道具を持ってきました。,一応、皆さんのオーブメントを調整する道具を持ってきました。
86974,mp4000_ev,99753,,99253,,9133,ch2350131082,blockwise,evo,那么，我们赶快上去吧！,あと、種類は少ないですけど装備や道具なども用意しています。,あと、種類は少ないですけど装備や道具なども用意しています。
86975,mp4000_ev,99761,,99747,,8898,ch0010131083,blockwise,evo,……对了，各位。,え、ほんと！？,え、ほんと！？
86976,mp4000_ev,99764,,99750,,8899,ch0030131084,blockwise,evo,我带来了一些工具，可以为你们调整导力器。,あら、気が利くじゃない。,あら、気が利くじゃない。
86977,mp4000_ev,99767,,99753,,8900,ch0060131085,blockwise,evo,另外，我还准备了一些装备和道具，只是种类比较少。,とても助かります。ありがとうございます。,とても助かります。ありがとうございます。
86978,mp4000_ev,99771,,99761,,8901,ch2350131086,blockwise,evo,啊，真的吗！？,こ、このくらいお安い御用です。,こ、このくらいお安い御用です。
86979,mp4000_ev,99773,,99764,,9138,ch2350131087,blockwise,evo,哎呀，考虑得真周道啊。,用があれば声をかけてください。,用があれば声をかけてください。
86980,mp4000_ev,100527,,99767,,8903,ch0060131091,blockwise,evo,真是帮大忙了，非常感谢。,もう正午まであまり時間はありません。,もう正午まであまり時間はありません。
86981,mp4000_ev,100529,,99771,,9140,ch0060131092,blockwise,evo,这、这不算什么。,乗り込んでエンジンを起動しますか？,乗り込んでエンジンを起動しますか？
86982,mp4000_ev,100538,,99773,,8905,ch0060131093,blockwise,evo,如果有需要，请随时和我说。,わかりました。,わかりました。
86983,mp4000_ev,100549,,100527,,8908,ch0060131096,blockwise,evo,距离正午已经没有多少时间了。,……ペイトンさん。サポートお願いします。,……ペイトンさん。サポートお願いします。
86984,mp4000_ev,100552,,100529,,8909,ch2350131097,blockwise,evo,要乘坐飞艇，并启动引擎吗？,了解しました！,了解しました！
86985,mp4000_ev,100554,,100538,,8910,ch2350131098,blockwise,evo,好的。,エンジンの調整は僕に任せて殿下は操縦に専念してください！,エンジンの調整は僕に任せて殿下は操縦に専念してください！
86986,mp4000_ev,100563,,100549,,8911,ch0010131099,blockwise,evo,……佩顿师傅，请您协助我。,シェラ姉、いよいよね……,シェラ姉、いよいよね……
86987,mp4000_ev,100565,,100552,,9148,ch0030131100,blockwise,evo,是！,ええ……,ええ……
86988,mp4000_ev,100575,,100554,,8913,ch0030131101,blockwise,evo,调整引擎的工作就交给我，您只需专心驾驶飞艇！,難しいミッションだけど基本は何も変わらないわ。,難しいミッションだけど基本は何も変わらないわ。
86989,mp4000_ev,100577,,100563,,9150,ch0030131102,blockwise,evo,雪拉姐，终于要开始了啊……,迅速に……そして着実にね。,迅速に……そして着実にね。
86990,mp4000_ev,100596,,100565,,8906,ch0060131094,normalized,evo,嗯……,わかりました。,わかりました。
86991,mp4000_ev,100599,,100575,,9143,ch0030131095,exact,evo,虽然任务很艰巨，但基本要点与往常并无不同。,装備を整えたいなら整備士さんに話しかけるのね。,装備を整えたいなら整備士さんに話しかけるのね。
87019,mp4000_ev,108616,,107727,,53373,ch4300131179,blockwise,evo,原来如此，可以感觉出来。,いたぞ！,いたぞ！
87020,mp4000_ev,108620,,107738,,53374,ch4310131180,blockwise,evo,接下来……目标女王宫！,こっちだ！,こっちだ！
87021,mp4000_ev,108669,,107743,,53375,ch0010131181,blockwise,evo,好的，赶快走吧！,わっ、また来た！,わっ、また来た！
87022,mp4000_ev,108678,,108616,,53376,ch0030131182,blockwise,evo,来了！,フン、しゃらくさい！,フン、しゃらくさい！
87023,mp4000_ev,109547,,108620,,53382,ch4320131191,blockwise,evo,在那儿！,き、来たぞ！,き、来たぞ！
87024,mp4000_ev,109550,,108669,,53383,ch4330131192,blockwise,evo,哇，又来了！,ここは通さん！,ここは通さん！
87025,mp4000_ev,109560,,108678,,53384,ch0060131193,blockwise,evo,哼，装腔作势的家伙！,でも……通らせてもらいます！,でも……通らせてもらいます！
87026,mp4000_ev,109564,,109547,,53385,ch0010131194,blockwise,evo,来、来了！,邪魔したらブッ飛ばすわよ！,邪魔したらブッ飛ばすわよ！
87260,mp4000_ev,130213,,129386,,175346,ch0010140916,blockwise,evo,逛累了之后，可以去东街区的小公园休息一下。,うわっ……すごい混みっぷりね。,うわっ……すごい混みっぷりね。
87261,mp4000_ev,130217,,129393,,175347,ch0020140917,blockwise,evo,啊，是百货商店后面的那个小公园吧？,今日はけっこう暑いからね。,今日はけっこう暑いからね。
87262,mp4000_ev,130219,,129397,,175348,ch0020140918,blockwise,evo,那么，我们先到各处参观，最后再去那里吧。,アイスクリーム屋が繁盛するのも当然かもしれない。,アイスクリーム屋が繁盛するのも当然かもしれない。
87263,mp4000_ev,130227,,130213,,175349,ch0010140919,blockwise,evo,哇……人好多啊。,うーん、見てると何だか無性に食べたくなるわねぇ……,うーん、見てると何だか無性に食べたくなるわねぇ……
87264,mp4000_ev,130238,,130217,,175350,ch0010140920,blockwise,evo,今天实在是太热了。,あ、そういえば……あの時の約束があったわね。,あ、そういえば……あの時の約束があったわね。
87265,mp4000_ev,130242,,130219,,175351,ch0020140921,blockwise,evo,冰激凌店的生意这么火爆，也是很正常的。,約束……？,約束……？
87266,mp4000_ev,130246,,130227,,175352,ch0010140922,blockwise,evo,唔，看到这种场面，我就更加想吃了……,お城でメイド服着た時にヨシュア、拗ねてたじゃないの。,お城でメイド服着た時にヨシュア、拗ねてたじゃないの。
87267,mp4000_ev,130248,,130238,,175353,ch0010140923,blockwise,evo,啊，对了……我们当时还有约定呢。,あの時、アイスクリームをおごってあげるって言ったでしょ。,あの時、アイスクリームをおごってあげるって言ったでしょ。
87268,mp4000_ev,130255,,130242,,175354,ch0020140924,blockwise,evo,约定……？,どうしてそんな下らない事を覚えてるかな……,どうしてそんな下らない事を覚えてるかな……
87269,mp4000_ev,130257,,130246,,175355,ch0020140925,blockwise,evo,在王城穿女仆装的时候，你不是一直闹别扭嘛。,僕はまた、あの休憩所でお互いに約束した事だと思ったよ。,僕はまた、あの休憩所でお互いに約束した事だと思ったよ。
87270,mp4000_ev,130266,,130248,,175356,ch0010140926,blockwise,evo,我当时说好要请你吃冰激凌的。,あ……うん。まあ、それもあるんだけどさ。,あ……うん。まあ、それもあるんだけどさ。
87271,mp4000_ev,130268,,130255,,175357,ch0010140927,blockwise,evo,你为什么还记着那种无聊事……,さすがに、昼間からだとなんか落ち着かないっていうか。,さすがに、昼間からだとなんか落ち着かないっていうか。
87272,mp4000_ev,130271,,130257,,175358,ch0020100489,blockwise,evo,我还以为你是指我们在那个小公园里相互许下的约定呢。,？？？,？？？
87273,mp4000_ev,130281,,130266,,175359,ch0010140929,blockwise,evo,啊……嗯，那个当然也算数啦。,と、とにかく一回りしたら百貨店裏の休憩所で休みましょ！,と、とにかく一回りしたら百貨店裏の休憩所で休みましょ！
87274,mp4000_ev,130283,,130268,,175360,ch0010140930,blockwise,evo,但在白天，实在是平静不下来。,その時にアイスをおごってあげるから！,その時にアイスをおごってあげるから！
87275,mp4000_ev,130285,,130271,,175361,ch0010140931,blockwise,evo,？？？,それでＯＫ！？,それでＯＫ！？
87276,mp4000_ev,130288,,130281,,175362,ch0020140932,blockwise,evo,总、总之，我们逛完一圈之后，就去百货店后面的那个小公园休息！,オ、オーケー……,オ、オーケー……
87277,mp4000_ev,137185,,130283,,175119,ch0020140933,blockwise,evo,我到时候请你吃冰激凌！,さてと、休憩所に着いたね。,さてと、休憩所に着いたね。
87278,mp4000_ev,137194,,130285,,175120,ch0020140934,blockwise,evo,没问题吧！？,まだ全然回ってないけどもう休憩する？,まだ全然回ってないけどもう休憩する？
87279,mp4000_ev,137201,,130288,,175121,ch0020140935,blockwise,evo,好……,まだ全部は回ってないけどそろそろ休憩しようか？,まだ全部は回ってないけどそろそろ休憩しようか？
87280,mp4000_ev,137207,,137185,,175122,ch0020140936,blockwise,evo,这里就是休息站了。,さすがに少し疲れたね。そろそろ休憩しようか？,さすがに少し疲れたね。そろそろ休憩しようか？
87281,mp4000_ev,137230,,137194,,175123,ch0010140937,blockwise,evo,我们还有很多地方没逛呢，现在就要休息了吗？,うーん、もうちょっと他の場所を見物したいかも。,うーん、もうちょっと他の場所を見物したいかも。
87282,mp4000_ev,137233,,137201,,175124,ch0020140938,blockwise,evo,我们还没逛完所有地方呢，现在就要休息吗？,それじゃ、一通り回ったらまたここに戻ってくるとしようか。,それじゃ、一通り回ったらまたここに戻ってくるとしようか。
87283,mp4000_ev,137236,,137207,,175125,ch0010140939,blockwise,evo,已经有点累了啊，要休息一下吗？,うん、そこのベンチで休みましょ。,うん、そこのベンチで休みましょ。
87584,mp4000_ev,148845,,147917,,52891,ch4190111258,blockwise,evo,我才不会让你一个人离开！,なんだ、お前たちは！,なんだ、お前たちは！
87585,mp4000_ev,148852,,147922,,52892,ch0010111259,blockwise,evo,怎么可以不顾我的感受，说走就走！,（やば……）,（やば……）
87586,mp4000_ev,148854,,147934,,52893,ch0020111260,blockwise,evo,我绝对不允许！,（早速見つかっちゃったね……）,（早速見つかっちゃったね……）
87587,mp4000_ev,151432,149232,148845,,,,unmatched,evo,你们是什么人！？,はあ～あ……まさか財布を落とすなんて。,
87588,mp4000_ev,151434,149244,148852,,,,unmatched,evo,（糟糕……）,僕が何をしたっていうんだろう……,
87589,mp4000_ev,151436,149256,148854,,,,unmatched,evo,（这么快就被发现了啊……）,いや、何もしてないのが悪いのかな……,
87590,mp4000_ev,151440,149280,151432,,,,unmatched,evo,唉……没想到竟然把钱包弄丢了。,はあああああああああ～。,
87591,mp4000_ev,151450,149340,151434,,,,unmatched,evo,我到底做了什么啊……,えっと、あなたがアントンさん？,
87592,mp4000_ev,151465,149430,151436,,,,unmatched,evo,不，也许什么都没做才是问题所在……,あれ、まさか……君たち、遊撃士さんかい？,
87593,mp4000_ev,151468,149448,151440,,,,unmatched,evo,唉～～～～～～～,ええ、依頼を見て来ました。,
87594,mp4000_ev,151472,149472,151450,,,,unmatched,evo,呃，你就是安敦先生？,なんてこった、僕なんかのために本当に来てくれるなんて……,
87595,mp4000_ev,151475,149490,151465,,,,unmatched,evo,咦，难道……你们是游击士吗？,凄く困ってたんだ、さっそく僕の頼みごとを引き受けてくれるかい？,
87596,mp4000_ev,151482,149508,151468,,,,unmatched,evo,是的，我们看到委托就过来了。,ああ、君たちかい……,
87597,mp4000_ev,151484,149520,151472,,,,unmatched,evo,真是不敢相信，竟然真的为了我这种人来了……,それで、僕の頼みごとを引き受けてくれる気になった？,
87598,mp4000_ev,151509,149616,151475,,,,unmatched,evo,我正烦恼着呢，你们能马上接受我的请求吗？,ごめん、もうちょっとだけ待っててもらえるかな？,
87599,mp4000_ev,151511,149628,151482,,,,unmatched,evo,啊，是你们啊……,今すぐって言うのは難しくて。,
87600,mp4000_ev,151520,149682,151484,,,,unmatched,evo,那么，你们打算接受我的请求了吗？,………あ、そう……いいよ、気にしなくて。,
87601,mp4000_ev,151523,149700,151509,,,,unmatched,evo,抱歉，能再稍微等我们一下吗？,どうせ僕の事なんて誰も興味ないんだよね……,
87602,mp4000_ev,151533,149760,151511,,,,unmatched,evo,现在马上就接受有点困难。,あのー、もしもし？……いじけちゃったみたい。,
87603,mp4000_ev,151535,149772,151520,,,,unmatched,evo,………啊，这样啊……没事，不用在意。,そっとしておこう。,
87604,mp4000_ev,151549,149832,151523,,,,unmatched,evo,反正也没人会对我的事感兴趣……,いいよ、わかってるから。……はあああああああああ～。,
87605,mp4000_ev,151572,,151533,,24134,ch0010160091,exact,evo,那个，喂喂？……好像闹别扭了。,うん、大丈夫よ。,うん、大丈夫よ。
87606,mp4000_ev,151587,149976,151535,,,,unmatched,evo,还是别打扰他了。,え、ホントに？,
87607,mp4000_ev,151591,150000,151549,,,,unmatched,evo,算了，我明白的。……唉──,ホントのホントのホントに？,
87608,mp4000_ev,151598,150042,151572,,,,unmatched,evo,嗯，没问题。,ホ、ホントだってば。,
87609,mp4000_ev,151600,150054,151587,,,,unmatched,evo,诶，真的吗？,たしか財布を落としちゃったのよね？,
87610,mp4000_ev,151609,150108,151591,,,,unmatched,evo,真的真的真的吗？,ああ、実はそうなんだっ！,
87611,mp4000_ev,151611,150120,151598,,,,unmatched,evo,真、真的啦。,今朝気づいたら無くなってて……それじゃあよろしく頼むよっ！,
87612,mp4000_ev,151622,150186,151600,,,,unmatched,evo,我记得你是把钱包弄丢了对吧？,どうどう、落ち着きな、兄ちゃん。,
87613,mp4000_ev,151624,150198,151609,,,,unmatched,evo,是的，就是这样！,それに探すにしてももう少し手がかりをくれると助かるぜ。,
87614,mp4000_ev,151634,150258,151611,,,,unmatched,evo,在今早发现不见了……那就拜托你们了！,今朝気づいたらということは、失くしたのは昨日ということですか？,
87615,mp4000_ev,151645,150324,151622,,,,unmatched,evo,喂喂，冷静点，小哥。,う、うん、多分ね。,
87616,mp4000_ev,151648,150342,151624,,,,unmatched,evo,而且要找的话，再多给点线索会比较有帮助。,昨日も一日中、リックスとここでぼんやり過ごしてたんだけど……,
87617,mp4000_ev,151650,150354,151634,,,,unmatched,evo,今早才发现的话，也就是说是昨天丢的吗？,このままじゃダメだと思って、夕方から行動を始めたんだ。,
87618,mp4000_ev,151652,150366,151645,,,,unmatched,evo,嗯、嗯，应该是吧。,自分の人生を変える行動をね。,
87619,mp4000_ev,151655,150384,151648,,,,unmatched,evo,昨天也是一整天都和利库斯在这里发呆……,僕はそう……酒場に繰り出したんだ。,
87620,mp4000_ev,151657,150396,151650,,,,unmatched,evo,我觉得这样下去不行，所以在傍晚开始行动起来了。,南街区の《サニーベル・イン》に……いわゆる初めての一人飲みってヤツさ。,
87621,mp4000_ev,151670,150474,151652,,,,unmatched,evo,能改变自身人生的行动。,えっと、どうして一人飲みが人生を変える行動になるわけ？,
87622,mp4000_ev,151678,150522,151655,,,,unmatched,evo,我就这样……去了酒馆。,フッ、エステル君もまだまだだね。,
87623,mp4000_ev,151684,150558,151657,,,,unmatched,evo,去南街区的酒馆《阳光铃铛》……也第一次独自喝了酒。,寂しさを紛らわせにきた絶世の美女。若者の思わぬ才能を見出す老紳士……,
87624,mp4000_ev,151687,150576,151670,,,,unmatched,evo,呃，为什么独自喝酒就能改变人生呢？,かくいうボクも、そんな奇跡の出会いを求めて酒場に入り浸る一人さ。,
87625,mp4000_ev,151689,150588,151678,,,,unmatched,evo,呵，艾丝蒂尔还太嫩了呢。,そんな得意げに言われても……,
87626,mp4000_ev,151692,150606,151684,,,,unmatched,evo,为排遣寂寞而来的绝世美女。发现年轻人意外才能的老绅士……,ハハ、まあ面白い出会いはたまにあるもんだがな。,
87627,mp4000_ev,151708,150702,151687,,,,unmatched,evo,不瞒你说，我也是为了追求这种奇迹般的邂逅而常泡酒馆的人。,でまあ、そんな出会いを待ちながらちびちびお酒を飲んでたんだ。,
87628,mp4000_ev,151710,150714,151689,,,,unmatched,evo,也不用这么得意地告诉我……,そうして気付いたら……王都の正門広場で寝ていた。,
87629,mp4000_ev,151712,150726,151692,,,,unmatched,evo,哈哈，不过有趣的邂逅偶尔还是会有的。,兵士さんに叩き起こされて、とぼとぼ歩きながら気付いたんだ。,
87630,mp4000_ev,151716,150750,151708,,,,unmatched,evo,总之，我就这样一边等着邂逅一边小口喝着酒。,昨日の記憶と一緒に、財布がなくなっていることに……,
87631,mp4000_ev,151731,150840,151710,,,,unmatched,evo,然后等我回过神来……发现自己睡在王都的正门广场。,酔っぱらって訳もわかんないうちに失くしちゃったわけね……,
87632,mp4000_ev,151743,150912,151712,,,,unmatched,evo,被士兵叫醒后，拖着脚步走着时才发现。,お願いだよ、どうか僕の財布を探し出してくれないかい？,
87633,mp4000_ev,151748,150942,151716,,,,unmatched,evo,钱包和昨天的记忆一起不见了……,このままじゃせっかくの生誕祭で屋台巡りすらできないよっ！,
87634,mp4000_ev,151750,150954,151731,,,,unmatched,evo,喝得稀里糊涂地就弄丢了啊……,わ、分かりましたから。,
87635,mp4000_ev,151772,151086,151743,,,,unmatched,evo,拜托了，请一定要帮我找到钱包好吗？,ちなみに、オリビエさんとジンさんも昨夜そちらの酒場にいましたよね？,
87636,mp4000_ev,151780,151134,151748,,,,unmatched,evo,这样下去难得的诞生庆典连逛个摊位都做不到啊！,アントンさんを見ていたりは……,
87637,mp4000_ev,151785,151164,151750,,,,unmatched,evo,我、我知道了。,そういえば視界の隅に入った気はするが、集中して見てはいなかったな。,
87638,mp4000_ev,151788,151182,151772,,,,unmatched,evo,对了，奥利维尔先生和阵先生昨晚也在那家酒馆吧？,昨日は二人でひたすら盛り上がってたからねぇ。,
87639,mp4000_ev,151803,151272,151780,,,,unmatched,evo,有看到安敦先生吗……,むー、だったら仕方ないか。,
87640,mp4000_ev,151805,151284,151785,,,,unmatched,evo,这么说来好像余光瞄到过，但没有特别注意看。,とにかく、まずは酒場で情報収集から始めてみましょ。,
87641,mp4000_ev,151811,151320,151788,,,,unmatched,evo,毕竟昨天我们两个一直聊得很起劲呢。,よろしく頼んだよっ！,
87642,mp4000_ev,153584,154170,151803,,,,unmatched,evo,唔，那也没办法了。,昨夜アントンを見かけなかったか聞いてみた。,
87643,mp4000_ev,153590,152314,151805,,,,unmatched,evo,总之，先从酒馆开始收集情报吧。,あれ？　ねえアルム、その人って……,
87644,mp4000_ev,153593,152332,151811,,,,unmatched,evo,拜托你们了！,うん、昨夜話しかけてきたあの人だね。,
87645,mp4000_ev,153595,152344,153584,,,,unmatched,evo,向对方询问了昨晚是否见过安敦。,えっ、話をしたの？,
87646,mp4000_ev,153610,152434,153590,,,,unmatched,evo,咦？阿鲁姆，那个人是不是……,ああ、昨夜は彼女とディナーがてら夜の王都を散歩してたんだ。,
87647,mp4000_ev,153612,152446,153593,,,,unmatched,evo,嗯，就是昨晚来搭话的那个人。,澄んだヴァレリア湖の波音を聴きながら、二人で眺めた夜景はホントに綺麗だった。,
87648,mp4000_ev,153616,152470,153595,,,,unmatched,evo,咦，你们聊过？,もちろん、エアリーの瞳の方が何万倍も綺麗だけどね。,
87649,mp4000_ev,153621,152500,153610,,,,unmatched,evo,是啊，昨晚我和艾娅莉一起吃完晚餐后，在夜晚的王都散步。,いやん、アルムったら❤,
87650,mp4000_ev,153631,152560,153612,,,,unmatched,evo,听着清澈的瓦雷利亚湖波涛声，两人一起欣赏的夜景真是太美了。,ラブラブだねえ。羨ましくなってしまうよ。,
87651,mp4000_ev,153633,152572,153616,,,,unmatched,evo,当然，艾娅莉的眼眸要美上几万倍呢。,……えーと、話を続けてもらっていい？,
87652,mp4000_ev,153649,152668,153621,,,,unmatched,evo,哎呀，阿鲁姆真是的❤,それで、最後に噴水を見てからホテルに帰ろうと思ったんだけど……,
87653,mp4000_ev,153651,152680,153631,,,,unmatched,evo,真是恩爱啊。让人羡慕不已呢。,気付いたら、僕たちを見て立ち尽くしている男がそこにいたんだ。,
87654,mp4000_ev,153656,152710,153633,,,,unmatched,evo,……那个，能说回刚刚的话题吗？,ちょっと酔ってたのかしら、顔が赤かったわよね。,
87655,mp4000_ev,153662,152746,153649,,,,unmatched,evo,然后，我们打算最后看看喷泉再回酒店的……,私たちをじっと見てるからどうしたのか聞いたんだけど……,
87656,mp4000_ev,153672,152806,153651,,,,unmatched,evo,可是突然发现，有个男人呆呆地站在那里看着我们。,『今の僕にこんなの見せつけるなんて  ひどいや女神様！』,
87657,mp4000_ev,153675,152824,153656,,,,unmatched,evo,好像有点醉了，脸都红了呢。,……みたいな事を言ったかと思うと、走り出して行っちゃったんだ。,
87658,mp4000_ev,153685,,153662,,,,conflict,evo,他一直盯着我们看，所以我们就问他怎么了……,そ、そうなんだ……,
87659,mp4000_ev,153692,152926,153672,,,,unmatched,evo,“在这种时候让我看到这种场面　女神大人你太过分了！”,私たち、知らない内にあの人に酷いことをしちゃったのかしら？,
87660,mp4000_ev,153704,152998,153675,,,,unmatched,evo,……说了类似这样的话之后，就跑掉了。,いや、君たちには何の罪もない。悪いのはこの残酷な世界さ。,
87661,mp4000_ev,153707,153016,153685,,,,unmatched,evo,这、这样啊……,コホン、それはともかく……その時、彼が何か落としませんでしたか？,
87662,mp4000_ev,153716,153070,153692,,,,unmatched,evo,我们是不是在不知不觉中对那个人做了什么过分的事？,いや？　気づかなかったよ。よく見ていたつもりだけどね。,
87663,mp4000_ev,153718,153082,153704,,,,unmatched,evo,不，你们没有任何错。错的是这个残酷的世界。,まっすぐ正門を出ていっちゃうまでは。,
87664,mp4000_ev,153726,153130,153707,,,,unmatched,evo,咳咳，话说回来……那时候，他有没有掉下什么东西？,……え゛。夜の街道に出ちゃったの！？,
87665,mp4000_ev,153728,153142,153716,,,,unmatched,evo,没有吧？我一直在看着他，但没注意到呢。,酔っぱらった勢いか。よくもまあ無事だったモンだ。,
87666,mp4000_ev,153732,153166,153718,,,,unmatched,evo,一直看到他径直从正门出去为止。,しかしそうなると、街道も捜索範囲に入っちまうなぁ。,
87667,mp4000_ev,153736,153190,153726,,,,unmatched,evo,……诶？他跑到夜晚的街道上去了！？,ですが、アントンさんが最終的に街で目覚めたのを考えると……,
87668,mp4000_ev,153752,153286,153728,,,,unmatched,evo,大概是喝醉了酒的冲动吧。真亏他能平安无事啊。,あ、わざわざ街まで送ってくれた人がいるってこと？,
87669,mp4000_ev,153754,153298,153732,,,,unmatched,evo,不过这样一来，街道也得纳入搜索范围了。,フフ、なんだか面白くなってきたじゃないか。,
87670,mp4000_ev,153758,153322,153736,,,,unmatched,evo,但考虑到安敦先生最终是在城里醒来的……,とにかく、王都以外の人がいる場所を探ってみましょうか。,
87671,mp4000_ev,153773,153412,153752,,,,unmatched,evo,啊，就是说有人特地把他送回城里了？,……そろそろいいかな？僕たちもデートで忙しくてさ。,
87672,mp4000_ev,153777,153436,153754,,,,unmatched,evo,呵呵，事情变得有趣起来了呢。,アルム、次はどこに行こうか？,
87673,mp4000_ev,153781,153460,153758,,,,unmatched,evo,总之，我们去王都以外有人的地方打听一下吧。,君の行きたい所ならどこへでも連れて行ってあげるよ。,
87674,mp4000_ev,153784,153478,153773,,,,unmatched,evo,……可以让我们离开了吧？我们约会也很忙的。,きゃ❤,
87675,mp4000_ev,153787,153496,153777,,,,unmatched,evo,阿鲁姆，接下来我们去哪？,ごちそうさまで～す……,
87676,mp4000_ev,155186,154074,153781,,,,unmatched,evo,只要是你想去的地方，我都带你去。,ん、なんだい君たち。グリューネ門に何か用かい？,
87677,mp4000_ev,155193,154116,153784,,,,unmatched,evo,呀❤,えっと、ちょっと聞きたいんだけど……,
87678,mp4000_ev,155202,154170,153787,,,,unmatched,evo,多谢款待了……,昨夜アントンを見かけなかったか聞いてみた。,
87679,mp4000_ev,155207,154200,155186,,,,unmatched,evo,嗯？怎么了？你们来格鲁纳门有什么事吗？,ああ～、あの青年か。確かに昨日、グリューネ門に来たよ。,
87680,mp4000_ev,155210,,155193,,,,conflict,evo,那个，我想问点事情……,ほ、ほんとに！？,
87681,mp4000_ev,155213,154236,155202,,,,unmatched,evo,询问了对方昨晚是否见过安敦。,ああ、夜中にフラフラと街道を歩いてきたからびっくりしたよ。,
87682,mp4000_ev,155215,154248,155207,,,,unmatched,evo,哦～那个年轻人啊。昨天确实来过格鲁纳门。,酔ったまま全力疾走したのか、とんでもなく酒が回ってたみたいでね。,
87683,mp4000_ev,155217,154260,155210,,,,unmatched,evo,真、真的吗！？,こちらで少しの間介抱させてもらったんだ。,
87684,mp4000_ev,155228,154326,155213,,,,unmatched,evo,是啊，半夜里摇摇晃晃地从街道上走过来，把我吓了一跳。,そうでしたか……民間人がよく歩いてこんな所まで。,
87685,mp4000_ev,155231,154344,155215,,,,unmatched,evo,他可能是喝醉了还全力奔跑过，看起来十分上头。,魔獣に襲われずに辿り着くとは大した悪運だねぇ。,
87686,mp4000_ev,155240,154398,155217,,,,unmatched,evo,我们就照料了他一会儿。,だが、少しの間ってことはそんなに滞在はしてないのかい？,
87687,mp4000_ev,155250,154458,155228,,,,unmatched,evo,原来是这么一回事……普通市民居然能自己走到这种地方。,明日も友達と会うから王都に帰るってうるさくてね。,
87688,mp4000_ev,155252,154470,155231,,,,unmatched,evo,没被魔兽袭击就到达这里，运气还真不错呢。,深夜になってたけど、なんとか街まで送り届けたよ。,
87689,mp4000_ev,155254,154482,155240,,,,unmatched,evo,不过，照料了一会儿的意思是他没有在这里待很久吧？,正門で『ここでいいです』って言われてそこで別れたけどね。,
87690,mp4000_ev,155263,154536,155250,,,,unmatched,evo,他一直吵着说明天还要和朋友见面，要回王都。,そして結局そのまま正門広場で寝ちゃったわけだ。,
87691,mp4000_ev,155265,154548,155252,,,,unmatched,evo,虽然已经是深夜了，但我们还是把他送回城里了。,やれやれ、人騒がせなんだから。,
87692,mp4000_ev,155268,154566,155254,,,,unmatched,evo,到正门他说送他到那就行，所以我们就在那里分开了。,まあ、これでなんとなくのいきさつは分かったな。,
87693,mp4000_ev,155287,154680,155263,,,,unmatched,evo,结果最后在正门广场睡着了啊。,ちなみに……その人、何か落とし物をしていきませんでしたか？,
87694,mp4000_ev,155296,154734,155265,,,,unmatched,evo,真是的，净给人添麻烦。,あー、そういえば今朝方財布の落とし物が見つかったな。,
87695,mp4000_ev,155298,154746,155268,,,,unmatched,evo,嗯，这样一来大致的来龙去脉就弄清楚了。,一応、こちらで預かっているよ。待っていてくれ、今持ってくるから。,
87696,mp4000_ev,155331,154944,155287,,,,unmatched,evo,顺便问一下……那个人有没有掉了什么东西？,は～、よかった。無事に見つかったわね！,
87697,mp4000_ev,155333,154956,155296,,,,unmatched,evo,啊，说起来今天早上确实发现了一个掉落的钱包。,まさか街からこんな遠い場所でとは思わなかったわ。,
87698,mp4000_ev,155344,155022,155298,,,,unmatched,evo,暂时由我们保管着。等一下，我这就去拿来。,ホントにね……なんだかどっと疲れたような。,
87699,mp4000_ev,155346,155034,155331,,,,unmatched,evo,呼～太好了。总算找到了呢！,フフ、早いところ届けてあげなくてはね。,
87700,mp4000_ev,155359,155112,155333,,,,unmatched,evo,没想到会在离城里这么远的地方。,くれぐれも酒の飲み方には気を付けるよう言っておいてくれよ。,
87701,mp4000_ev,157301,155707,155344,,,,unmatched,evo,是啊……感觉突然累得不行。,アントンさん、財布、見つかったわよ。,
87702,mp4000_ev,157309,155755,155346,,,,unmatched,evo,呵呵，得赶紧给他送回去才行呢。,本当かいっ！？は、早く見せてくれよ！,
87703,mp4000_ev,157322,155833,155359,,,,unmatched,evo,记得提醒他以后喝酒要多加注意啊。,アントンに財布を返した。,
87704,mp4000_ev,157328,155869,157301,,,,unmatched,evo,安敦先生，钱包找到了哦。,うおおおっ、僕の財布だっ！,
87705,mp4000_ev,157332,155893,157309,,,,unmatched,evo,真的吗！？快、快给我看看！,ありがとう、ありがとうっ！まさか見つかるなんてっ！,
87706,mp4000_ev,157348,155989,157322,,,,unmatched,evo,把钱包还给了安敦。,フッ、色々と運が良かったんだろうね。,
87707,mp4000_ev,157351,156007,157328,,,,unmatched,evo,哇啊啊啊，是我的钱包！,ホント、グリューネ門の兵士さんには感謝しないとダメなんだからね。,
87708,mp4000_ev,157365,156091,157332,,,,unmatched,evo,谢谢，谢谢你们！没想到真的能找回来！,いや～、門に行ったのはまったく覚えてないんだけど。,
87709,mp4000_ev,157367,156103,157348,,,,unmatched,evo,呵，你真是各种运气都不错。,世の中には優しい人もいるんだね。門の兵士さんも、君たちも……グスッ。,
87710,mp4000_ev,157376,156157,157351,,,,unmatched,evo,真的，你得好好感谢格鲁纳门的士兵才行呢。,な、泣かないでよ。こっちは遊撃士の仕事なんだし。,
87711,mp4000_ev,157383,156199,157365,,,,unmatched,evo,说实话，我完全不记得自己去过门那边呢。,嬉しいんだ、こんな僕の為に動いてくれる人がいるってことがね。,
87712,mp4000_ev,157388,156229,157367,,,,unmatched,evo,原来世上还是有好心人的。门的士兵也好，你们也是……呜呜。,この気持ちさえあればきっと今後の人生も上手く……,
87713,mp4000_ev,157391,156247,157376,,,,unmatched,evo,别、别哭啊。这是我们游击士的工作嘛。,…………アレ？,
87714,mp4000_ev,157393,156259,157383,,,,unmatched,evo,我是太高兴了，竟然有人愿意为我这样的人奔波。,………………アレレレぇ？,
87715,mp4000_ev,157403,,157388,,21082,ch0060170195,normalized,evo,有了这份心情，今后的人生一定也会变得更好……,どうしました？,どうしました？
87716,mp4000_ev,157413,156379,157391,,,,unmatched,evo,…………咦？,……２３ミラしか入ってない。,
87717,mp4000_ev,157415,156391,157393,,,,unmatched,evo,………………咦咦咦？,う、うそだっ、たしかに昨日までは１０００ミラは入ってたはずなのに！,
87718,mp4000_ev,157426,156457,157403,,,,unmatched,evo,怎么了？,ま、まさか門の人か君たちが……！？,
87719,mp4000_ev,157437,156523,157413,,,,unmatched,evo,……只有23米拉。,そ、そんなことしないってば！,
87720,mp4000_ev,157441,156547,157415,,,,unmatched,evo,不、不可能，昨天明明还有1000米拉的！,ふむ、昨日は酒場にしばらく入り浸っていたんだろう？,
87721,mp4000_ev,157443,156559,157426,,,,unmatched,evo,难、难道是大门的人或者你们……！？,その時に使っちまったんじゃないか？,
87722,mp4000_ev,157452,156613,157437,,,,unmatched,evo,我、我们才不会做那种事！,い、いくら何だって一晩で──,
87723,mp4000_ev,157458,156649,157441,,,,unmatched,evo,嗯，昨天你在酒馆待了很久吧？,……いや、そう言えば格好つけてお高めのカクテルを結構頼んだような……,
87724,mp4000_ev,157473,156739,157443,,,,unmatched,evo,会不会是那时用掉了？,………はあああああああああ～あ………,
87725,mp4000_ev,157482,156793,157452,,,,unmatched,evo,就、就算如此，一个晚上也不可能──,あの、大丈夫？,
87726,mp4000_ev,157489,156835,157458,,,,unmatched,evo,……不对，说起来为了装酷，我好像点了不少贵的鸡尾酒……,……もういいよ……どうせ僕はこんな運命なんだ。,
87727,mp4000_ev,157491,156847,157473,,,,unmatched,evo,………唉唉唉唉唉唉唉………,これからも薄っぺらいサイフを抱えて、薄っぺらい人生を生きていくのさ……,
87728,mp4000_ev,157494,156865,157482,,,,unmatched,evo,那个，你没事吧？,そ、そこまで悲観的にならなくても……,
87729,mp4000_ev,157509,156955,157489,,,,unmatched,evo,……算了……反正我就是这种命运。,気にしなくていいよ。アントンのいつものヤツさ。,
87730,mp4000_ev,157511,156967,157491,,,,unmatched,evo,今后也只能抱着空瘪的钱包，过着空虚的人生了……,そのうち立ち直ったり、立ち直らなかったりするだろ。,
87731,mp4000_ev,157529,157075,157494,,,,unmatched,evo,也、也不用这么悲观吧……,それ、大丈夫なの？,
87732,mp4000_ev,157532,157093,157509,,,,unmatched,evo,不用在意。安敦老毛病又犯了。,エステル、そっとしておこう。,
87733,mp4000_ev,157537,157123,157511,,,,unmatched,evo,过段时间就会振作起来的，也或者不会。,ま、依頼はなんとか達成できたしな。これ以上は野暮ってもんさ。,
87734,mp4000_ev,157542,157153,157529,,,,unmatched,evo,这样真的没问题吗？,彼の前途に幸あらんとせめて願っておこうじゃないか。,
87735,mp4000_ev,157544,157165,157532,,,,unmatched,evo,艾丝蒂尔，我们别管了。,そ、そうね……じゃ、そういうことで。,
87736,mp4000_ev,157553,157219,157537,,,,unmatched,evo,毕竟委托算是完成了。再管下去就太多事了。,……はああああああ～……,
87737,mp4000_ev,159323,158031,157542,,,,unmatched,evo,就让我们为他的前途祈福吧。,ああ、どうしましょ。まさか人さらいにでもあったんじゃ……,
87738,mp4000_ev,159326,158049,157544,,,,unmatched,evo,也、也是呢……那就这样吧。,落ち着きなさい。きっと心配いらないさ……,
87739,mp4000_ev,159334,158097,157553,,,,unmatched,evo,……唉唉唉唉唉……,あの、依頼を出していた人たち？ギルドから来たんですけど。,
87740,mp4000_ev,159355,158223,159323,,,,unmatched,evo,啊，可怎么办。该不会是被人贩子抓走了吧……,おお、遊撃士さんか、来てくれてありがとう。,
87741,mp4000_ev,159358,158241,159326,,,,unmatched,evo,冷静点。一定不会有事的……,さっそくだが状況は依頼に書いた通りさ。,
87742,mp4000_ev,159360,158301,159334,,,,unmatched,evo,请问，是你们发布了委托吗？我们是从游击士协会来的。,王都の観光中に息子がいなくなってしまってね……,
87743,mp4000_ev,159363,158271,159355,,,,unmatched,evo,哦，是游击士们吗，谢谢你们过来。,私が目を離したりしなければこんなことには……,
87744,mp4000_ev,159366,158319,159358,,,,unmatched,evo,话不多说，状况就如委托里写的那样。,遊撃士さん、すぐにでも取り掛かっていただけますかっ？,
87745,mp4000_ev,159372,158301,159360,,,,unmatched,evo,在王都观光的时候，我们的儿子不见了……,王都の観光中に息子がいなくなってしまってね……,
87746,mp4000_ev,159375,158319,159363,,,,unmatched,evo,要是我没有疏忽大意的话就不会发生这种事了……,遊撃士さん、すぐにでも取り掛かっていただけますかっ？,
87747,mp4000_ev,159399,158415,159366,,,,unmatched,evo,游击士们，能请你们立刻开始搜索吗？,それが、今すぐってわけにはいかなくって……,
87748,mp4000_ev,159407,,159372,,,,conflict,evo,在王都观光的时候，我们的儿子不见了……,そ、そんな……,
87749,mp4000_ev,159409,158475,159375,,,,unmatched,evo,游击士们，能请你们立刻开始搜索吗？,しかたないが、できれば早めに取り掛かってくれると助かる。,
87750,mp4000_ev,159412,158493,159399,,,,unmatched,evo,那个，现在立刻开始的话有点困难……,ここで待っているからまた声をかけてくれるかい？,
87751,mp4000_ev,159434,158589,159407,,,,unmatched,evo,怎、怎么会……,うん、もちろんオッケーよ！,
87752,mp4000_ev,159436,158601,159409,,,,unmatched,evo,虽然没办法，但如果能尽早开始的话就太感谢了。,広い王都で迷子になるなんて、きっと心細いはずよね。,
87753,mp4000_ev,159438,158613,159412,,,,unmatched,evo,我们会在这里等着，请再来找我们好吗？,そうだね、早く見つけてあげないと。,
87754,mp4000_ev,159442,158637,159434,,,,unmatched,evo,嗯，当然没问题！,早速ですが、いなくなった時の状況や息子さんの特徴を教えていただけますか？,
87755,mp4000_ev,159462,158757,159436,,,,unmatched,evo,在偌大的王都迷路，他一定很害怕吧。,ありがとうございますっ……！,
87756,mp4000_ev,159465,158775,159438,,,,unmatched,evo,是啊，得赶快找到他才行。,息子の名前はミーノ、今年で５歳になる。,
87757,mp4000_ev,159467,158787,159442,,,,unmatched,evo,请问能告诉我们他失踪时的状况以及您儿子的特征吗？,家族で王都の名所を回っている最中、目を離した隙にいなくなってしまってね。,
87758,mp4000_ev,159469,158799,159462,,,,unmatched,evo,太感谢了……！,好奇心旺盛でね、きっと何か気になるものを見かけて、ついていってしまったんだろう。,
87759,mp4000_ev,159481,158871,159465,,,,unmatched,evo,我儿子叫米诺，今年5岁。,ありそうな話だね。ただでさえ王都は見所が多いし。,
87760,mp4000_ev,159484,158889,159467,,,,unmatched,evo,我们一家人正在游览王都的名胜，一不留神他就不见了。,いなくなったのは、具体的にはどこだか分かるかい？,
87761,mp4000_ev,159495,158955,159469,,,,unmatched,evo,他好奇心很强，肯定是看到了什么感兴趣的东西，就跟着跑了。,あれは王城前の広場を見物していた時でした。,
87762,mp4000_ev,159497,158967,159481,,,,unmatched,evo,很有可能呢。王都本来就有很多值得看的地方。,壮麗なお城を見上げていて、気が付いたら……ううっ。,
87763,mp4000_ev,159515,159075,159484,,,,unmatched,evo,你们知道具体是在哪里走失的吗？,分かったわ、それだけ分かれば十分よ。,
87764,mp4000_ev,159518,159093,159495,,,,unmatched,evo,那是我们在王城前的广场观光的时候。,まずは王城前に行ってあたりを探してみるわよ！,
87765,mp4000_ev,159521,159111,159497,,,,unmatched,evo,我们正仰望着壮丽的城堡，等回过神来时……呜呜。,目撃者もいるかもしれない。善は急げ、だね。,
87766,mp4000_ev,159525,159135,159515,,,,unmatched,evo,我明白了，知道这些就够了。,行き違いにならないように、お二人はこちらで待っていてください。,
87767,mp4000_ev,159535,159195,159518,,,,unmatched,evo,我们先去王城前到处找找看！,わ、分かりました……！,
87768,mp4000_ev,159537,,159521,,8886,ch0030131074,vector_search (0.90),evo,说不定还有目击者呢。事不宜迟。,どうかよろしく頼んだよ！,ふふ……よろしくお願いするわね。
87769,mp4000_ev,162190,160205,159525,,,,unmatched,evo,为了避免错过，请二位在这里等着。,ミーノくーん！,
87770,mp4000_ev,162197,160247,159535,,,,unmatched,evo,好、好的……！,………返事はなし、か。,
87771,mp4000_ev,162209,160319,159537,,,,unmatched,evo,拜托你们了！,もうここにはいないみたいだね。,
87772,mp4000_ev,162214,160349,162190,,,,unmatched,evo,米诺──！,雰囲気もそれなりに落ち着いてるし、湖に落ちたりはしてなさそうだ。,
87773,mp4000_ev,162216,160361,162197,,,,unmatched,evo,………没有回应啊。,え、縁起悪い事言わないでよ。,
87774,mp4000_ev,162232,160457,162209,,,,unmatched,evo,看来已经不在这里了。,それじゃあ聞き込みをしてみるか。ちょいとばかり骨が折れそうだが……,
87775,mp4000_ev,162236,160481,162214,,,,unmatched,evo,气氛还算平静，应该没有掉进湖里。,よう、エステルたちじゃないか。,
87776,mp4000_ev,162277,160727,162216,,,,unmatched,evo,喂，别说这种不吉利的话。,あ、グラッツさん。,
87777,mp4000_ev,162279,160739,162232,,,,unmatched,evo,那就向人打听看看吧。看起来要费点功夫了……,お疲れ様です、そちらもお仕事中ですか？,
87778,mp4000_ev,162287,160787,162236,,,,unmatched,evo,哟，这不是艾丝蒂尔你们吗。,ああ、クルツさんから回された仕事をさっき終えたところさ。,
87779,mp4000_ev,162290,160805,162277,,,,unmatched,evo,啊，库拉茨先生。,そちらも引き受けてくれてるんだってな？ジンさんもいるなら心強いぜ。,
87780,mp4000_ev,162293,160823,162279,,,,unmatched,evo,辛苦了，您也在工作吗？,なに、俺はただの手伝いにすぎんさ。,
87781,mp4000_ev,162302,160877,162287,,,,unmatched,evo,是啊，刚完成了克鲁茨先生转交给我的工作。,そうだグラッツさん、ちょっと聞きたいんだけど……,
87782,mp4000_ev,162316,160961,162290,,,,unmatched,evo,听说你们也接了委托？有阵先生在我就放心了。,迷子の男の子を捜している事を話した。,
87783,mp4000_ev,162322,160997,162293,,,,unmatched,evo,哪里，我只是来帮忙的。,おいおい、大変じゃないか。,
87784,mp4000_ev,162325,161015,162302,,,,unmatched,evo,对了，库拉茨先生，我想问你一件事……,あいにく、それっぽい子供は見かけてないな。,
87785,mp4000_ev,162332,,162316,,28539,ch0060060331,normalized,evo,说明了正在寻找走失的男孩。,そうですか……,そう……ですか……
87786,mp4000_ev,162334,161069,162322,,,,unmatched,evo,哎呀，那可不得了。,うーん、やっぱりしらみつぶしに探すしかないかなぁ。,
87787,mp4000_ev,162343,161123,162325,,,,unmatched,evo,很遗憾，我没看到符合描述的孩子。,ここはボクのリュートの出番かもしれないな。,
87788,mp4000_ev,162348,161153,162332,,,,unmatched,evo,这样啊……,街区を練り歩きながら奏でれば、音色に釣られて出てくること請け合いさ。,
87789,mp4000_ev,162351,161171,162334,,,,unmatched,evo,唔，看来只能地毯式搜索了。,あんた、子供を何だと思ってんのよ。,
87790,mp4000_ev,162354,161189,162343,,,,unmatched,evo,也许该轮到我的鲁特琴出场了。,それこそ人さらいか何かと思われて通報されますよ……,
87791,mp4000_ev,162364,161249,162348,,,,unmatched,evo,一边在街区漫步一边演奏，保证他会被琴声吸引出来的。,よし、ここで会ったのも何かの縁だ。,
87792,mp4000_ev,162371,161291,162351,,,,unmatched,evo,你把小孩子当成什么了啊。,よかったら俺にも手伝わせてくれないか？,
87793,mp4000_ev,162374,,162354,,,,conflict,evo,这样反而会被当成人贩子之类的被人报警的……,え、いいの？,
87794,mp4000_ev,162377,161327,162364,,,,unmatched,evo,好，咱们在这里相遇也是缘分。,俺も手持ちの仕事は片付いたところだしな。,
87795,mp4000_ev,162380,161345,162371,,,,unmatched,evo,要不让我也帮个忙怎么样？,お前さんたちも使える手は多いに越したことはないだろ？,
87796,mp4000_ev,162383,161363,162374,,,,unmatched,evo,啊？这可以吗？,そうですね……正直、助かります。,
87797,mp4000_ev,162386,161381,162377,,,,unmatched,evo,我手头的工作也刚好处理完了。,俺たちよりも土地勘ありそうだしな。ここはお言葉に甘えようぜ。,
87798,mp4000_ev,162389,161399,162380,,,,unmatched,evo,你们多个帮手没坏处吧？,うん、分かった。よろしくね、グラッツさん。,
87799,mp4000_ev,162401,161471,162383,,,,unmatched,evo,是啊……说实话，帮大忙了。,はは、せいぜい後輩と大先輩にいいとこ見せないとな。,
87800,mp4000_ev,162403,161483,162386,,,,unmatched,evo,你比我们熟悉这里的地形。那就恭敬不如从命了。,んじゃ、まずは東街区の方に行って手分けして調べるとしようか。,
87801,mp4000_ev,162410,161525,162389,,,,unmatched,evo,嗯，知道了。拜托你了，库拉茨先生。,ふむ、西街区はいいのかい？,
87802,mp4000_ev,162413,161543,162401,,,,unmatched,evo,哈哈，我得在后辈和大前辈面前好好表现一下才行。,あの辺は落ち着いた住宅街だ。子供が喜びそうなモンは少ないしな。,
87803,mp4000_ev,162415,161555,162403,,,,unmatched,evo,那么，先去东街区分头调查吧。,その点あっちには百貨店に闘技場、飛行船の発着場もある。,
87804,mp4000_ev,162417,161567,162410,,,,unmatched,evo,唔，西街区不去看看吗？,いなくなって時間も経ってないならけっこう可能性は高いと思うぜ。,
87805,mp4000_ev,162428,161633,162413,,,,unmatched,evo,那边是安静的住宅区。小孩子感兴趣的东西不多。,なるほど、いかにも子供が興味を引かれちまいそうだしな。,
87806,mp4000_ev,162431,161651,162415,,,,unmatched,evo,相比之下东街区有百货店、竞技场，还有飞行船的起降坪。,お前さん、慣れてるみたいだな？,
87807,mp4000_ev,162435,161675,162417,,,,unmatched,evo,失踪时间还不长的话，我觉得在那的可能性挺大的。,何度か似たような依頼をこなしたことがあってね。,
87808,mp4000_ev,162437,161687,162428,,,,unmatched,evo,原来如此，那些地方确实容易吸引孩子的注意力啊。,ちょっとはカンが働くってだけさ。,
87809,mp4000_ev,162439,161699,162431,,,,unmatched,evo,你好像挺熟练的嘛？,は～、さすが正遊撃士ね。,
87810,mp4000_ev,162452,161777,162435,,,,unmatched,evo,我处理过几次类似的委托。,とはいえ子供は気まぐれだ。とっとと探し始めた方がいいな。,
87811,mp4000_ev,162454,161789,162437,,,,unmatched,evo,只是凭靠着直觉罢了。,先に行って人の出入りを見てるぜ。また後でな。,
87812,mp4000_ev,162481,161951,162439,,,,unmatched,evo,哇～不愧是正游击士呢。,はは、行動力のある兄ちゃんだな。試合でもガンガン前に出ていたが。,
87813,mp4000_ev,162493,162023,162452,,,,unmatched,evo,不过小孩子的行动很随心所欲。还是赶紧开始找吧。,気のいい兄貴分って感じだね。いい先輩揃いじゃないか。,
87814,mp4000_ev,162497,162047,162454,,,,unmatched,evo,我先过去看看人员进出情况。待会儿见。,ふふん、まあね。,
87815,mp4000_ev,162500,162065,162481,,,,unmatched,evo,哈哈，真是个行动力十足的小哥。比赛时也是一个劲地往前冲。,エステルがいばることじゃないでしょ。,
87816,mp4000_ev,162502,162077,162493,,,,unmatched,evo,感觉是个很照顾人的大哥呢。你们的前辈都很不错嘛。,とにかく、僕たちも東街区に行ってみよう。,
87817,mp4000_ev,162927,162782,162497,,,,unmatched,evo,嘿嘿，那当然。,よっ、来たな。それじゃあ手分けして迷子の坊主を探そう。,
87818,mp4000_ev,162929,162794,162500,,,,unmatched,evo,又不是艾丝蒂尔你的功劳，得意什么。,ちなみに、迷子探しは大きな声で名前を呼ぶのが鉄則だ。,
87819,mp4000_ev,162936,162836,162502,,,,unmatched,evo,总之，我们也去东街区看看吧。,オッケー、よろしく！,
87820,mp4000_ev,162939,162854,162927,,,,unmatched,evo,哟，来了啊。那就分头找找那个迷路的小家伙吧。,気を付けて見て回ろう。,
87821,mp4000_ev,165591,163369,162929,,,,unmatched,evo,顺便说一下，找迷路的孩子大声呼喊名字是基本原则。,ミーノくーん！ってあれ、アイツらは。,
87822,mp4000_ev,165606,163459,162936,,,,unmatched,evo,OK，拜托了！,あんな所で何をしてるんだろう。,
87823,mp4000_ev,165618,163531,162939,,,,unmatched,evo,仔细找找看吧。,あーあ、何やってんだよロッコちゃんは。,
87824,mp4000_ev,165620,163543,165591,,,,unmatched,evo,米诺～！咦，是那些家伙。,オ、オレのせいじゃねえだろ？,
87825,mp4000_ev,165623,163561,165606,,,,unmatched,evo,他们在那里做什么呢。,いーや、間違いなくお前を見て怖がってたぞ、あの子。,
87826,mp4000_ev,165627,163585,165618,,,,unmatched,evo,唉，洛克你在搞什么啊。,ガキが一人で何してんだって聞いただけだろーが！,
87827,mp4000_ev,165630,163603,165620,,,,unmatched,evo,不、不是我的错吧？,ガンつけながらじゃビビるって。かわいそうにさぁ。,
87828,mp4000_ev,165634,163627,165623,,,,unmatched,evo,就是，那孩子绝对是看到你才害怕了。,むぐ……,
87829,mp4000_ev,165637,163645,165627,,,,unmatched,evo,我只是问那小鬼一个人在干什么而已！,やっほー、アンタたち。,
87830,mp4000_ev,165698,164011,165630,,,,unmatched,evo,你那么瞪着人家当然会吓到啊。真可怜。,うおっと……なんだ、遊撃士どもかよ。,
87831,mp4000_ev,165700,164023,165634,,,,unmatched,evo,唔……,昼から試合なのに余裕だな。渡した鍵は使ったのかよ？,
87832,mp4000_ev,165712,164089,165637,,,,unmatched,evo,嗨，你们好啊。,うん、有効活用させてもらってるわ。,
87833,mp4000_ev,165721,164119,165698,,,,unmatched,evo,哇……什么嘛，是游击士啊。,あー、それはまだだけど。,
87834,mp4000_ev,165726,164131,165700,,,,unmatched,evo,中午就要比赛还挺悠闲的嘛。我给的钥匙用了吗？,それより、なんだか気になる話をしていたわね？,
87835,mp4000_ev,165737,164197,165712,,,,unmatched,evo,嗯，有效地利用了呢。,もしかして……小さな男の子でも見かけたのか？,
87836,mp4000_ev,165755,164305,165721,,,,unmatched,evo,啊，还没。,へ、何で知ってんだよ？,
87837,mp4000_ev,165764,164359,165726,,,,unmatched,evo,比起这个，你们刚才好像在说什么有意思的事？,さっきまで、５～６歳くらいのガキが一人でブラついててな。,
87838,mp4000_ev,165768,164383,165737,,,,unmatched,evo,难道说……你们看到小男孩了？,一応声かけたら、なんでか逃げちまいやがったんだ。,
87839,mp4000_ev,165774,164419,165755,,,,unmatched,evo,嗯？你怎么知道的？,なんでかじゃねぇだろ、お前の眉間のシワのせいだって。,
87840,mp4000_ev,165776,164431,165764,,,,unmatched,evo,刚才有个五六岁的小鬼一个人在闲逛。,ルーアンで痛い目みてから、ガキにはイキらないって決めたのにねぇ。,
87841,mp4000_ev,165779,164449,165768,,,,unmatched,evo,我跟他打了个招呼，不知怎么他就跑掉了。,だ、だから俺のせいにすんなっての！,
87842,mp4000_ev,165795,164545,165774,,,,unmatched,evo,还不知怎么呢，都是你眉间的皱纹害的。,ふむ、もしかするとその子は……,
87843,mp4000_ev,165799,164569,165776,,,,unmatched,evo,在卢安吃过苦头后，明明决定对小孩子要温柔点的呢。,探している男の子かもしれませんね。,
87844,mp4000_ev,165814,164659,165779,,,,unmatched,evo,所、所以说别怪到我头上啊！,はは、手がかり発見だな。,
87845,mp4000_ev,165820,164695,165795,,,,unmatched,evo,嗯，说不定那孩子就是……,しかし、なかなか感心じゃないか。子供を心配して声をかけるとは。,
87846,mp4000_ev,165826,164731,165799,,,,unmatched,evo,我们正在寻找的男孩呢。,うんうん、逃げられてなかったらなお良かったけど。,
87847,mp4000_ev,165839,164809,165814,,,,unmatched,evo,哈哈，获得线索了。,そ、そんなんじゃねえ！……クソ、好き勝手言いやがって。,
87848,mp4000_ev,165852,164887,165820,,,,unmatched,evo,不过，还真是值得称赞啊。看到孩子有危险就上前关心。,好き勝手ついでだけど、その子、何か言ってなかった？,
87849,mp4000_ev,165855,164905,165826,,,,unmatched,evo,嗯嗯，要是没被他跑掉的话就更好了。,これから行こうとしてる場所とか。,
87850,mp4000_ev,165865,164965,165839,,,,unmatched,evo,才、才不是那样！……可恶，你们爱怎么说就怎么说吧。,いや、どうだったかな……まだほんのガキだったし。,
87851,mp4000_ev,165868,164983,165852,,,,unmatched,evo,既然都说到这儿了，那孩子有没有说什么？,そういや、オサカナさんを見にきたとか言ってたっけ？,
87852,mp4000_ev,165871,165001,165855,,,,unmatched,evo,比如他接下来要去哪里之类的。,……逃げる時も“でっかいオサカナさん”のところに行くとか言ってたな。,
87853,mp4000_ev,165883,165073,165865,,,,unmatched,evo,这个嘛，我记不太清了……毕竟还是个小屁孩。,オサカナさんかあ……もしかしてそれが迷子の理由かな？,
87854,mp4000_ev,165886,165091,165868,,,,unmatched,evo,说起来，他好像说过是来看小鱼儿的？,王城前の広場から、このあたりの水辺で跳ねるのを見かけたのかもしれんな。,
87855,mp4000_ev,165902,165187,165871,,,,unmatched,evo,……跑掉的时候也说要去“大大的小鱼儿”那里。,そして“でっかいオサカナさん”……何となく、見当はつきそうだねぇ。,
87856,mp4000_ev,165906,165211,165883,,,,unmatched,evo,小鱼儿吗……难道这就是他走丢的原因？,だな、エステルたちは先に行っててくれ。,
87857,mp4000_ev,165913,165253,165886,,,,unmatched,evo,也许是从王城前的广场看到了在这附近水边跳跃的鱼吧。,俺は念の為、この辺りをもう一度見回ってから行くぜ。,
87858,mp4000_ev,165923,165313,165902,,,,unmatched,evo,然后是“大大的小鱼儿”……我大概能猜到是什么了。,了解よ。,
87859,mp4000_ev,165933,165373,165906,,,,unmatched,evo,是啊，艾丝蒂尔你们先过去吧。,あんたたち、協力ありがとね。一応礼を言っておくわ。,
87860,mp4000_ev,165947,165457,165913,,,,unmatched,evo,我为了保险起见，再巡视一下这附近就过去。,べ、別に手を貸したつもりはねえよ。それより昨日の約束、忘れんなよ？,
87861,mp4000_ev,165950,165475,165923,,,,unmatched,evo,明白了。,優勝しろって応援してくれたヤツね。大丈夫、任せてよ♪,
87862,mp4000_ev,165953,165493,165933,,,,unmatched,evo,谢谢你们帮忙。姑且向你们道个谢。,優勝しねえと許さねえっつったんだ……ったく、もう行けや。,
87863,mp4000_ev,167436,166317,165947,,,,unmatched,evo,别、别误会，我们可没打算帮忙。倒是昨天的约定，你可别忘了啊？,その後、ミーノの両親が訪れて無事に息子との再会を果たし……,
87864,mp4000_ev,167438,166329,165950,,,,unmatched,evo,你是说为我加油要我夺冠那件事吧。放心，交给我吧♪,何度もお礼を言ってから、再び観光に繰り出していった。,
87865,mp4000_ev,167477,166563,165953,,,,unmatched,evo,我说的是不夺冠就不饶你……真是的，赶紧走吧。,これにて一件落着と。みんなお疲れさんだったな。,
87866,mp4000_ev,167502,166713,167436,,,,unmatched,evo,之后，米诺的父母赶到，顺利与儿子重逢……,よく言うわね～、最後にいいとこ持っていっといて。,
87867,mp4000_ev,167505,166731,167438,,,,unmatched,evo,在反复道谢之后，又继续去观光了。,でも、なんだか改めて勉強になったって気がするわ。,
87868,mp4000_ev,167507,166743,167477,,,,unmatched,evo,这样就算圆满解决了。大家都辛苦了。,やっぱり遊撃士は、ただ腕っぷしが強ければいいワケじゃないわよね。,
87869,mp4000_ev,167510,166761,167502,,,,unmatched,evo,你还真好意思说呢～最后还抢了风头。,そうだね……きっと、色んな“強さ”があるんだと思う。,
87870,mp4000_ev,167516,166797,167505,,,,unmatched,evo,不过，我觉得这次真的学到了不少东西。,いいお手本を見せてもらいました、グラッツさん。,
87871,mp4000_ev,167525,166851,167507,,,,unmatched,evo,果然游击士不是光靠武力强就行的呢。,よせって、別に大したことはしちゃいないさ。,
87872,mp4000_ev,167528,166869,167510,,,,unmatched,evo,是啊……我想，所谓的“强大”一定不止一种。,カシウスさんやジンさんに比べたら俺なんか足元にも及ばないしな。,
87873,mp4000_ev,167539,166935,167516,,,,unmatched,evo,您给我们做了很好的示范，库拉茨先生。,いやいや、今回はすっかり助けられちまったぜ。,
87874,mp4000_ev,167541,166947,167525,,,,unmatched,evo,别这么说，我也没做什么大不了的事。,うーむ、俺の方はもう少し己の図体のデカさを自覚せんとな。,
87875,mp4000_ev,167556,167037,167528,,,,unmatched,evo,和卡西乌斯先生、阵先生比起来，我还差得远呢。,ジンさんはもはや熊そのものだからねぇ。そこにウケる子供もいそうだけど。,
87876,mp4000_ev,167561,167067,167539,,,,unmatched,evo,哪里哪里，这次可是多亏你帮忙了。,うんうん、需要と供給ってね♪,
87877,mp4000_ev,167565,167091,167541,,,,unmatched,evo,唔，看来我得再多注意一下自己这块头的影响力才行啊。,何の話なんだか……,
87878,mp4000_ev,167579,167175,167556,,,,unmatched,evo,阵先生简直就是头熊嘛。不过应该也有喜欢这类型的孩子吧。,ま、先輩としてちっとはいいとこ見せられたなら良かったか。,
87879,mp4000_ev,167586,167217,167561,,,,unmatched,evo,嗯嗯，这就是供需关系嘛♪,そんじゃ、俺は一旦ギルドに戻るぜ。お前さんたちも報告忘れるなよ？,
87880,mp4000_ev,167594,,167565,,18712,ch0010160099,normalized,evo,这都什么跟什么啊……,うん、分かったわ！,うん、分かったわ。
87881,mp4000_ev,167596,167277,167579,,,,unmatched,evo,总之，我作为前辈能稍微露一手也算不错了。,今日はありがとうございました。,
87882,mp4000_ev,168705,167766,167586,,,,unmatched,evo,那么，我先回游击士协会了。你们也别忘了去报告哦？,よーし、今ので最後よね？,
87883,mp4000_ev,168708,167784,167594,,,,unmatched,evo,嗯，知道了！,うん、これで仕事は──,
87884,mp4000_ev,168766,,167596,,,,conflict,evo,今天谢谢您了。,ふむ、今の鳴き声は……,
87885,mp4000_ev,168768,168060,168705,,,,unmatched,evo,好，刚才那个是最后一批了吧？,もしかすると、群れの大元かもしれんな。,
87886,mp4000_ev,168783,168150,168708,,,,unmatched,evo,嗯，这样工作就──,仲間を倒されて、散っていたのが集まり始めたってところか。,
87887,mp4000_ev,168812,168240,168766,,,,unmatched,evo,唔，刚才那叫声是……,放置すると危険ですね。,
87888,mp4000_ev,168815,168258,168768,,,,unmatched,evo,说不定是魔兽群的根源呢。,鳴き声の方角からなんとなく場所は絞れそうですが。,
87889,mp4000_ev,168847,168366,168783,,,,unmatched,evo,同伴被打倒后，原本分散的开始聚集起来了吧。,だったらこのまま向かいましょ！,
87890,mp4000_ev,168858,168402,168812,,,,unmatched,evo,放着不管会很危险呢。,はは、順調だな。,
87891,mp4000_ev,168890,168510,168815,,,,unmatched,evo,从叫声的方向来看大概能锁定位置。,次で最後です、気を抜かずに行きましょう。,
87892,mp4000_ev,168899,168540,168847,,,,unmatched,evo,那就直接过去吧！,オッケー、やったわね！,
87893,mp4000_ev,168932,168654,168858,,,,unmatched,evo,哈哈，进展顺利呢。,フッ、残りもこの調子でいこうか。,
87894,mp4000_ev,173433,171333,168890,,,,unmatched,evo,接下来是最后一波了，大家不要松懈。,うわっ、あれってもしかして！？,
87895,mp4000_ev,173456,171471,168899,,,,unmatched,evo,OK，干得漂亮！,他よりも大きい……魔獣の群れのヌシか！,
87896,mp4000_ev,173466,171531,168932,,,,unmatched,evo,呵，剩下的也保持这个势头吧。,手配魔獣クラスだな……面白い！,
87897,mp4000_ev,173472,171567,173433,,,,unmatched,evo,哇，那个该不会是！？,フッ、華麗に引導を渡して──,
87898,mp4000_ev,173546,172011,173456,,,,unmatched,evo,比其他的都要大……是魔兽群的首领！,……あげようと思ってたんだけど。,
87899,mp4000_ev,173556,172071,173466,,,,unmatched,evo,是通缉魔兽等级的……有意思！,ま、まだこんなにいたの！？,
87900,mp4000_ev,173561,172101,173472,,,,unmatched,evo,呵，本想华丽地送它上路──,やれやれ、取り囲まれたか。ちょいとばかり骨が折れそうだな。,
87901,mp4000_ev,173565,172125,173546,,,,unmatched,evo,……不过现在看来有点困难呢。,ええ、さすがにこの数は──,
87903,mp4000_ev,173664,172719,173561,,,,unmatched,evo,哎呀呀，被包围了啊。看来要费一番功夫了。,わわっ！？,
87904,mp4000_ev,173683,172833,173565,,,,unmatched,evo,是啊，这个数量确实──,雷鳴の《方術》──来たか！,
87905,mp4000_ev,173735,173145,173578,,,,unmatched,evo,──来吧雷神！自天海之间降临！,ク、クルツさん！,
87907,mp4000_ev,173749,173229,173683,,,,unmatched,evo,雷鸣《方术》──来了吗！,お願いします！,
87908,mp4000_ev,173751,173241,173735,,,,unmatched,evo,克、克鲁茨先生！,それでは仕切り直しだ！,
87909,mp4000_ev,175883,174187,173740,,,,unmatched,evo,有话待会儿再说──我也来助阵！,フッ、決まったね。,
87910,mp4000_ev,175887,174211,173749,,,,unmatched,evo,拜托了！,よーし、どんなもんよ！,
87911,mp4000_ev,175897,174271,173751,,,,unmatched,evo,那就重新开始吧！,見事だった、ジンさんはもちろんエステル君たちも。,
87912,mp4000_ev,175909,174343,175883,,,,unmatched,evo,呵，搞定了呢。,さすが決勝戦に勝ち進んだチームだな。,
87913,mp4000_ev,175915,174379,175887,,,,unmatched,evo,好耶，看我们多厉害！,ふふん、そういうクルツさんもさっきはすごい戦技だったわ──,
87914,mp4000_ev,175920,174409,175897,,,,unmatched,evo,表现精彩，阵先生自不必说，艾丝蒂尔你们也很出色。,じゃなくてっ！！,
87915,mp4000_ev,175923,174427,175909,,,,unmatched,evo,不愧是打进决赛的队伍啊。,どうしてクルツさんがこちらに？,
87916,mp4000_ev,175927,174451,175915,,,,unmatched,evo,嘿嘿，克鲁茨先生你刚才那招战技也超厉害──,てっきり他の仕事で忙しくしているものかと……,
87917,mp4000_ev,175929,174463,175920,,,,unmatched,evo,不对！！,ああ、他の仕事なら早急に片付けてきたよ。,
87918,mp4000_ev,175942,174541,175923,,,,unmatched,evo,克鲁茨先生怎么会在这里？,この依頼については元々、先日から武術大会と並行で調べていたんだが……,
87919,mp4000_ev,175944,174553,175927,,,,unmatched,evo,我还以为你正忙着处理其他工作呢……,群れの規模が、当初の想定以上に大きいのではという事に気付いてね。,
87920,mp4000_ev,175953,174607,175929,,,,unmatched,evo,嗯，其他工作我已经火速处理完了。,君たちが向かったと聞いて、念の為駆け付けたわけだ。,
87921,mp4000_ev,175961,174655,175942,,,,unmatched,evo,这个委托我原本就在前几天和武术大会同时进行调查……,ジンさんがいる以上は余計なお世話だったかもしれないがね。,
87922,mp4000_ev,175964,174673,175944,,,,unmatched,evo,但我发现魔兽群的规模比最初预想的要大得多。,はは、そんなことはないさ。おかげで助かったぜ。,
87923,mp4000_ev,175972,174721,175953,,,,unmatched,evo,听说你们出发了，以防万一我就赶紧过来。,ちなみにさっきの雷鳴の術は武術大会では温存していたのか？,
87924,mp4000_ev,175974,174733,175961,,,,unmatched,evo,但有阵先生在的话，或许是我多管闲事了。,フフ、あれについてはあなたたちに繰り出す暇をもらえなかっただけですよ。,
87925,mp4000_ev,175982,174781,175964,,,,unmatched,evo,哈哈，哪有这回事。多亏你帮忙才解决了。,はえ～……って、何気にスゴいこと言ってるような。,
87926,mp4000_ev,175985,174799,175972,,,,unmatched,evo,对了，刚才那招雷鸣术，在武术大会时是故意保留的吗？,うん、複数の仕事を並行して、それも完璧にこなしてきたみたいだ。,
87927,mp4000_ev,175988,174817,175974,,,,unmatched,evo,呵呵，那招只是没有机会对你们使出来而已。,いや～、恐れ入るよ。さすがは《方術使い》どのだ。,
87928,mp4000_ev,175999,174883,175982,,,,unmatched,evo,哎……等等，好像若无其事地说了很多很厉害的事啊。,──グラッツ君やエルナン君から色々と聞かせてもらったよ。,
87929,mp4000_ev,176004,174913,175985,,,,unmatched,evo,嗯，能同时处理多项工作，而且还都完成得很完美。,この３日間、私の為に仕事を引き受けてくれていたこともね。,
87930,mp4000_ev,176012,174961,175988,,,,unmatched,evo,哎呀～真是佩服。不愧是《方术师》阁下。,そんな、あたしたちなんて大した事してないわよ。,
87931,mp4000_ev,176014,174973,175999,,,,unmatched,evo,──库拉茨和艾南已经跟我说了很多事。,それこそクルツさんだったら十分こなせる仕事だったでしょ？,
87932,mp4000_ev,176017,174991,176004,,,,unmatched,evo,包括这三天来，你们为了我接受工作的事。,いいや、本当に助けられたさ。おかげで随分と負担も軽かったと思う。,
87933,mp4000_ev,176026,175045,176012,,,,unmatched,evo,哪里，我们根本没做什么了不起的事。,一流の遊撃士はみな備えている、“誰かを支えたい”という純粋な想い……,
87934,mp4000_ev,176028,175057,176014,,,,unmatched,evo,换成克鲁茨先生的话，肯定都能轻松完成吧？,“支える籠手”の紋章に込められた心意気を見せてもらった気分だ。,
87935,mp4000_ev,176038,175117,176017,,,,unmatched,evo,不，你们真的帮了大忙。多亏如此，我的负担减轻了很多。,……いい経験をしてきたようだね。,
87936,mp4000_ev,176049,175183,176026,,,,unmatched,evo,一流的游击士都具备的“想要支持他人”的纯粹心意……,えへへ……そうなのかな。,
87937,mp4000_ev,176052,175201,176028,,,,unmatched,evo,我仿佛看到了“支援之手甲”纹章中蕴含的精神。,少しでも力になれたなら、僕たちもやった甲斐がありました。,
87938,mp4000_ev,176062,175261,176038,,,,unmatched,evo,……看来你们经历了很好的历练呢。,もちろんだとも。この場を借りて礼を言わせてもらうよ。,
87939,mp4000_ev,176064,175273,176049,,,,unmatched,evo,嘿嘿……是这样吗。,さて、そろそろギルドに戻るとしよう。次の仕事が待っているのでね。,
87940,mp4000_ev,176077,175351,176052,,,,unmatched,evo,如果能帮上一点忙，我们的努力就没有白费。,え゛。,
87941,mp4000_ev,176079,175363,176062,,,,unmatched,evo,当然如此。请让我在此向你们道谢。,他の仕事は終わったんじゃ……？,
87942,mp4000_ev,176083,175387,176064,,,,unmatched,evo,好了，差不多该回协会了。下一份工作还在等着我呢。,遊撃士の仕事に終わりはない。頼ってくれる人たちがいる限りね。,
87943,mp4000_ev,176086,175405,176077,,,,unmatched,evo,哎？,それでは、午後の決勝戦も楽しみにしているよ。,
87944,mp4000_ev,176127,175651,176079,,,,unmatched,evo,其他的工作不是都完成了吗……？,は～、ホント敵わないわねえ。,
87945,mp4000_ev,176130,175669,176083,,,,unmatched,evo,只要还有需要我们的人在，游击士的工作就永无止境。,うん、あれが王都支部でエースを務める遊撃士ってわけだ。,
87946,mp4000_ev,176133,175687,176086,,,,unmatched,evo,那么，我很期待下午的决赛哦。,はは、俺もうかうかしてられんな。,
87947,mp4000_ev,176137,175711,176127,,,,unmatched,evo,哈～真是完全比不上呢。,フッ、エステル君たちにとっては追いかけ甲斐のある背中かな？,
87948,mp4000_ev,176146,175765,176130,,,,unmatched,evo,嗯，这就是在王都分部担任王牌的游击士啊。,そうね、頑張らなきゃ！,
87949,mp4000_ev,176149,175783,176133,,,,unmatched,evo,哈哈，我也不能掉以轻心了。,いつか肩を並ベられるように、だね。,
