RemakeVoiceID,RemakeScenaScriptFilename,RemakeScenaScriptLineno,RemakeScenaScriptAddStructLineno,RemakeScenaScriptTranslationLineno,RemakeScenaScriptTranslationAddStructLineno,OldScriptId,OldVoiceFilename,MatchType,RemakeVoiceCategory,RemakeVoiceTranslation,RemakeVoiceText,OldVoiceText
51371,mp0000_ev,15851,15757,15851,15757,,,unmatched,evo,飞行猫啊……动作相当敏捷呢。,飛び猫か……結構すばしっこいのよね。,
51372,mp0000_ev,15854,15775,15854,15775,,,unmatched,evo,是啊，千万别看它的外表就掉以轻心。,ああ、見かけによらず油断できない相手だ。,
51373,mp0000_ev,15856,15787,15856,15787,,,unmatched,evo,要仔细观察敌人的动作来战斗。,敵の動きをよく見つつ戦おう。,
51501,mp0000_ev,25290,24796,25290,24796,,,unmatched,evo,好～了，那么正式开始工作吧。,さ～て、それじゃあ本格的にお仕事開始ね。,
51502,mp0000_ev,25292,24808,25292,24808,,,unmatched,evo,要不要马上从西口出去前往农场？,さっそく西口を出て農園に向かっちゃう？,
51503,mp0000_ev,25301,24862,25301,24862,,,unmatched,evo,那样也不错……,それもいいけど……,
51504,mp0000_ev,25303,24874,25303,24874,,,unmatched,evo,不过还有其他工作，也可以到各处转转看。,他にも仕事はあるし、色んな場所を回ってみてもいいかもね。,
51505,mp0000_ev,25308,24904,25308,24904,,,unmatched,evo,也要和魔兽战斗累积经验，并且把战术导力器进一步强化比较好。,魔獣との戦闘をこなしながら、戦術オーブメントも更に強化した方がいいだろうし。,
51506,mp0000_ev,25320,24976,25320,24976,,,unmatched,evo,确实，不光要解锁插槽，结晶回路也需要多准备一些……,確かに、スロットの開封もそうだしクオーツももう少し必要か……,
51507,mp0000_ev,25322,24988,25322,24988,,,unmatched,evo,也想增加一些可以使用的魔法种类。,使えるアーツの種類も増やしておきたいかも。,
51508,mp0000_ev,25334,25060,25334,25060,,,unmatched,evo,嗯，还有别忘了准备武器和防具。,うん、それに武器や防具を整えることも忘れずにね。,
51509,mp0000_ev,25341,25102,25341,25102,,,unmatched,evo,等米拉攒够了，就去埃尔格先生那里采购吧。,ミラが溜まったら、エルガーさんの所で調達しよう。,
51510,mp0000_ev,25356,,25356,25192,35131,ch0010080798,normalized,evo,好！,オッケー！,オッケー！
51511,mp0000_ev,25358,25204,25358,25204,,,unmatched,evo,为此也得多多打倒魔兽，不断地完成委托才行！,そのためにもどんどん魔獣を倒して、じゃんじゃん依頼をこなさないと！,
51512,mp0000_ev,25885,,25885,25736,7266,ch0010001348,normalized,evo,呼～无论什么时候来，这里都这么宁静啊。,はあ～。いつ来ても、のどかな場所よね。,はあ〜。いつ来ても、のどかな場所よね。
51513,mp0000_ev,25888,,25888,25754,7267,ch0010001349,blockwise,evo,都有点不相信魔兽来这里搞过破坏……,魔獣に襲われてるなんてちょっと信じられないけど……,魔獣に襲われてるなんてちょっと信じられないけど……
51514,mp0000_ev,25891,,25891,25772,7268,ch0020001350,blockwise,evo,现在的确感觉不到魔兽的气息……,たしかに今はそれらしい気配は感じないな……,たしかに今はそれらしい気配は感じないな……
51515,mp0000_ev,25893,,25893,25784,7269,ch0020001351,blockwise,evo,总之，我们先去了解情况吧。,とにかく事情を聞いてみよう。,とにかく事情を聞いてみよう。
51516,mp0000_ev,25896,,25896,25802,7270,ch0010001352,blockwise,evo,缇欧会在哪里呢？,ティオ、どこにいるのかな？,ティオ、どこにいるのかな？
51523,mp0000_ev,26778,26327,26778,26327,,,unmatched,evo,两人向缇欧说明了自己代替卡西乌斯执行任务的情况。,カシウスの仕事を代わりに引き受けた事を説明した。,
51540,mp0000_ev,27890,,27890,27801,7334,ch0010001466,blockwise,evo,……魔兽好像不在这里。,……魔獣、いないみたいね。,……魔獣、いないみたいね。
51541,mp0000_ev,27893,,27893,27819,7335,ch0020001467,blockwise,evo,是啊，去别处看看吧。,そうだね、他を回ってみよう。,そうだね、他を回ってみよう。
51542,mp0000_ev,28355,,28355,28125,7557,ch0020001468,blockwise,evo,…………………………,…………………………,…………………………
51543,mp0000_ev,28357,,28357,28137,7558,ch0020001469,blockwise,evo,果然不在这里面。,さすがに中には入り込んでないか。,さすがに中には入り込んでないか。
51544,mp0000_ev,28359,,28359,28149,7559,ch0010001470,blockwise,evo,不过，这里的气氛真好啊，导力器的光芒有种梦幻般的感觉。,でも、オーブメントの光が幻想的な雰囲気でイイ感じよね。,でも、オーブメントの光が幻想的な雰囲気でイイ感じよね。
51545,mp0000_ev,28381,,28381,28233,7560,ch0010001471,blockwise,evo,感觉有点赚到了呢♪,ちょっと得した気分かも♪,ちょっと得した気分かも❤
51546,mp0000_ev,28384,,28384,28251,7561,ch0020001472,blockwise,evo,你还真悠闲啊……,ノンキだなぁ、君って……,ノンキだなぁ、君って……
51547,mp0000_ev,28387,,28387,28269,7562,ch0010001473,blockwise,evo,是你太不解风情了！,ヨシュアがトーヘンボクすぎるの！,ヨシュアがトーヘンボクすぎるの！
51548,mp0000_ev,28921,,28921,28621,7336,ch0010001474,blockwise,evo,真安静啊……只能听到虫鸣声。,静かね～……虫の音しか聞こえないわ。,静かね〜……虫の音しか聞こえないわ。
51549,mp0000_ev,28923,,28923,28633,7337,ch0020001475,blockwise,evo,看来那些魔兽还没有进入农场。,まだ農園の中に入ってきてないみたいだね。,まだ農園の中に入ってきてないみたいだね。
51550,mp0000_ev,28925,,28925,28645,7338,ch0020001476,blockwise,evo,可能是因为我们在这里巡逻吧。,僕たちを警戒してるのかな。,僕たちを警戒してるのかな。
51551,mp0000_ev,28933,,28933,28693,7339,ch0010001477,blockwise,evo,对了，约书亚。你小时候有没有听说过这句话？,ねえねえ、ヨシュア。小さいころ聞かされなかった？,ねえねえ、ヨシュア。小さいころ聞かされなかった？
51552,mp0000_ev,28935,,28935,28705,7340,ch0010001478,blockwise,evo,“婴儿是从菜地中长出来的”。,赤ちゃんってキャベツ畑で生まれるって。,赤ちゃんってキャベツ畑で生まれるって。
51553,mp0000_ev,28938,,28938,28723,7341,ch0020001479,blockwise,evo,你的思维总是这么跳跃啊……,また唐突だね……,また唐突だね……
51554,mp0000_ev,28940,,28940,28735,7342,ch0020001480,blockwise,evo,我听过的说法是，长着银色翅膀的天使把婴儿送来。,僕は、銀の翼を持つ天使が届けてくれるって聞かされたけど。,僕は、銀の翼を持つ天使が届けてくれるって聞かされたけど。
51555,mp0000_ev,28942,,28942,28747,7343,ch0010001481,blockwise,evo,嗯……不同的地区流传着不同的说法啊。,ふーん、土地によって違うのね。,ふーん、土地によって違うのね。
51556,mp0000_ev,28947,,28947,28777,7344,ch0010001482,blockwise,evo,…………………………,…………………………,…………………………
51557,mp0000_ev,28949,,28949,28789,7345,ch0020001483,blockwise,evo,…………………………,…………………………,…………………………
51558,mp0000_ev,28959,,28959,28849,7346,ch0020001484,blockwise,evo,我们继续巡逻吧。,見回り、続けようか？,見回り、続けようか？
51559,mp0000_ev,28961,,28961,28861,7347,ch0010001485,blockwise,evo,嗯。,うん。,うん。
51560,mp0000_ev,30195,,30195,29271,7348,ch0010001494,blockwise,evo,啊……,あっ……,あっ……
51561,mp0000_ev,30251,29559,30251,29559,,,unmatched,evo,咪呜！,みゃおんっ！,
51562,mp0000_ev,30321,,30321,29931,7358,ch0010001488,blockwise,evo,啊，逃跑了！,あっ、逃げたっ！,あっ、逃げたっ！
51563,mp0000_ev,30324,,30324,29949,7359,ch0010001489,blockwise,evo,喂！给我站住！,待ちなさいよ、こらあっ！,待ちなさいよ、こらあっ！
51564,mp0000_ev,30328,,30328,29973,7360,ch0020001490,blockwise,evo,气息还没有消失……,まだ気配は消えていない……,まだ気配は消えていない……
51565,mp0000_ev,30330,,30330,29985,7361,ch0020001491,blockwise,evo,它应该还在农场内。,農園内に留まっているみたいだ。,農園内に留まっているみたいだ。
51566,mp0000_ev,30353,,30353,30075,7362,ch0010001492,blockwise,evo,哼，胆子真不小……,ふん、上等じゃない……,ふん、上等じゃない……
51567,mp0000_ev,30355,,30355,30087,7363,ch0010001493,blockwise,evo,我一定要抓住它！,絶対に捕まえてやるんだから！,絶対に捕まえてやるんだから！
51568,mp0000_ev,31218,,31218,30923,7426,ch0020001503,exact,evo,真可惜，被它发现了。,残念、気付かれたね。,残念、気付かれたね。
51569,mp0000_ev,31221,,31221,30941,7427,ch0010001504,normalized,evo,唔～下次一定要抓到！,む～っ、今度こそ捕まえるっ！,む〜っ、今度こそ捕まえるっ！
51570,mp0000_ev,31228,30959,31228,30959,,,unmatched,evo,啊……,ああっ……,
51571,mp0000_ev,31231,,31231,30977,7414,ch0020001515,blockwise,evo,真可惜啊。,惜しかったね。,惜しかったね。
51572,mp0000_ev,31233,,31233,30989,7415,ch0020001516,blockwise,evo,我们不妨在它原地蹦跳时从后方靠近，然后上前捕捉。,とにかく飛び跳ねている時に背後から近づいて捕まえてみよう。,とにかく飛び跳ねている時に背後から近づいて捕まえてみよう。
51573,mp0000_ev,32153,,32153,31736,7416,ch0010001505,blockwise,evo,又、又逃跑了！？,ま、またぁ！？,ま、またぁ！？
51574,mp0000_ev,32155,,32155,31748,7417,ch0010001506,blockwise,evo,胖得像个球，为何却那么灵活啊？,丸っこい体のくせになによ、あの素早い動きはっ？,丸っこい体のくせになによ、あの素早い動きはっ？
51575,mp0000_ev,32158,,32158,31766,7418,ch0020001507,blockwise,evo,的确很灵活，而且警惕性极强。,たしかに素早いけどそれ以上にカンが鋭そうだ。,たしかに素早いけどそれ以上にカンが鋭そうだ。
51576,mp0000_ev,32160,,32160,31778,7419,ch0020001508,blockwise,evo,不过，还是有破绽的。,でも、付け入る隙はあるよ。,でも、付け入る隙はあるよ。
51577,mp0000_ev,32164,,32164,31802,7420,ch0010001509,blockwise,evo,破绽？,付け入るスキ？,付け入るスキ？
51578,mp0000_ev,32176,,32176,31874,7421,ch0020001510,blockwise,evo,这种魔兽在蹦跳的时候，会暂时放松警惕。,あの魔獣、飛び跳ねている時は警戒が弱まる習性があるみたいだ。,あの魔獣、飛び跳ねている時は警戒が弱まる習性があるみたいだ。
51579,mp0000_ev,32178,,32178,31886,7422,ch0020001511,blockwise,evo,我们只要把握这个时机，从后方接近，应该就能抓住它了。,その隙を狙って、背後から近づければ何とか捕まえられるかもしれない。,その隙を狙って、背後から近づければ何とか捕まえられるかもしれない。
51580,mp0000_ev,32181,,32181,31904,7423,ch0010001512,blockwise,evo,原来如此……在它跳跃时从后方接近啊。,なるほど……飛び跳ねてる最中に背後からね。,なるほど……飛び跳ねてる最中に背後からね。
51581,mp0000_ev,32183,,32183,31916,7424,ch0010001513,blockwise,evo,嗯，试试看吧！,うん、試してみるわ！,うん、試してみるわ！
51582,mp0000_ev,32190,,32190,32722,7425,ch0010001502,vector_search (0.95),evo,啊……,ああっ……,ああっ！
51583,mp0000_ev,32193,,32193,32740,7414,ch0020001515,normalized,evo,真可惜啊。,惜しかったね。,惜しかったね。
51584,mp0000_ev,32195,,32195,32752,7415,ch0020001516,exact,evo,我们不妨在它原地蹦跳时从后方靠近，然后上前捕捉。,とにかく飛び跳ねている時に背後から近づいて捕まえてみよう。,とにかく飛び跳ねている時に背後から近づいて捕まえてみよう。
51585,mp0000_ev,32960,,32960,32722,7413,ch0010001514,blockwise,evo,啊……,ああっ……,ああっ……
51586,mp0000_ev,32963,,32963,32740,7414,ch0020001515,blockwise,evo,真可惜啊。,惜しかったね。,惜しかったね。
51587,mp0000_ev,32965,,32965,32752,7415,ch0020001516,blockwise,evo,我们不妨在它原地蹦跳时从后方靠近，然后上前捕捉。,とにかく飛び跳ねている時に背後から近づいて捕まえてみよう。,とにかく飛び跳ねている時に背後から近づいて捕まえてみよう。
51633,mp0000_ev,38004,,38004,37707,7480,ch0910001623,blockwise,evo,谢谢，你们这次真是帮了大忙。,ありがとう。今回は本当に助かったよ。,ありがとう。今回は本当に助かったよ。
51634,mp0000_ev,38007,,38007,37725,7481,ch0910001624,blockwise,evo,另外，真是不好意思啊，最后非要让你们放跑魔兽……,それと、悪かったね。中途半端な結果にしてしまって。,それと、悪かったね。中途半端な結果にしてしまって。
51635,mp0000_ev,38010,,38010,37743,7482,ch0020001625,blockwise,evo,哪里的话，这次的事情让我学到了很多东西。,気にしないでください。色々と勉強させてもらいました。,気にしないでください。色々と勉強させてもらいました。
51636,mp0000_ev,38012,,38012,37755,7274,ch0020001617,blockwise,evo,以后要是再遇到什么困难，请随时联络游击士协会。,また困ったことがあったら遊撃士協会に連絡してください。,また困ったことがあったら遊撃士協会に連絡してください。
51637,mp0000_ev,38015,,38015,37773,7275,ch0910001618,blockwise,evo,嗯，一定。,是非、そうさせてもらうよ。,是非、そうさせてもらうよ。
51638,mp0000_ev,38021,,38021,37809,7276,ch0890001619,blockwise,evo,艾丝蒂尔、约书亚，工作不忙的时候就来找我玩吧。,エステル、ヨシュア。今度は仕事抜きに遊びに来てね。,エステル、ヨシュア。今度は仕事抜きに遊びに来てね。
51639,mp0000_ev,38025,,38025,37833,7485,ch0900001628,blockwise,evo,到时还要住在这里哦，我一定会给你们做很多好吃的菜。,また泊まりがけでおいで。ご馳走させてもらうからさ。,また泊まりがけでおいで。ご馳走させてもらうからさ。
51640,mp0000_ev,38033,,38033,37881,7486,ch0010001629,blockwise,evo,谢谢啦，缇欧，还有阿姨。 ,ありがと、ティオ、おばさん。,ありがと、ティオ、おばさん。
51641,mp0000_ev,38036,,38036,37899,7487,ch0020001630,blockwise,evo,我们一定会再来拜访的。,必ずお邪魔させてもらいます。,必ずお邪魔させてもらいます。
51642,mp0000_ev,38389,,38389,38269,882,ch0020001631,blockwise,evo,好，我们这就回协会吧。,さてと、ギルドに戻ろうか。,さてと、ギルドに戻ろうか。
51643,mp0000_ev,38391,,38391,38281,883,ch0020001632,blockwise,evo,递交工作报告之后，再接受下一件工作。,今回の報告をしてから次の仕事を紹介してもらおう。,今回の報告をしてから次の仕事を紹介してもらおう。
51644,mp0000_ev,38394,,38394,38299,884,ch0010001633,blockwise,evo,嗯，知道啦。,おう、がってんだ。,おう、がってんだ。
51645,mp0000_ev,38396,,38396,38311,885,ch0010001634,normalized,evo,继续保持这种势头吧～！,次もこの調子で行くわよ～っ！,次もこの調子で行くわよ〜っ！
51646,mp0000_ev,39287,,39287,38734,1140,ch0920010072,blockwise,evo,哦，这里是玛鲁加矿山。,よう、ここはマルガ鉱山だ。,よう、ここはマルガ鉱山だ。
51647,mp0000_ev,39291,,39291,38758,1141,ch0920010073,blockwise,evo,无关人员请不要进去。,関係者以外は遠慮してもらおうか。,関係者以外は遠慮してもらおうか。
51648,mp0000_ev,39299,,39299,38806,1142,ch0010010074,blockwise,evo,哼哼，我们可是有关人员哦。,ふっふーん、関係者だもんね。,ふっふーん、関係者だもんね。
51649,mp0000_ev,39303,,39303,38830,1143,ch0020010075,blockwise,evo,我们受洛连特的克劳斯市长所托，来这里收取七耀石结晶。,ロレントのクラウス市長に頼まれて七耀石の結晶を受け取りに来ました。,ロレントのクラウス市長に頼まれて七耀石の結晶を受け取りに来ました。
51650,mp0000_ev,39307,38854,39307,38854,,,unmatched,evo,艾丝蒂尔出示了市长的介绍信。,エステルたちは市長の紹介状を見せた。,
51651,mp0000_ev,39317,,39317,38914,1145,ch0920010076,blockwise,evo,嗯……原来如此。那就另当别论了。,ふーん、なるほどなぁ。そういうことなら話は別だ。,ふーん、なるほどなぁ。そういうことなら話は別だ。
51652,mp0000_ev,39321,,39321,38938,1146,ch0920010077,blockwise,evo,不好意思，请你们直接进去和老大说吧。,悪いが、中に入って親方に直接聞いてくれないか？,悪いが、中に入って親方に直接聞いてくれないか？
51653,mp0000_ev,39323,,39323,38950,1147,ch0920010078,blockwise,evo,我还要留在这里值班。,俺は、ここで番をしてるからよ。,俺は、ここで番をしてるからよ。
51654,mp0000_ev,39330,,39330,38992,1148,ch0010010079,blockwise,evo,好的……不过，老大是……？,いいけど……親方って？,いいけど……親方って？
51655,mp0000_ev,39332,,39332,39004,1149,ch0010010080,blockwise,evo,我们要找的人是矿山长哦。,あたしたち鉱山長に会いに来たんだけど。,あたしたち鉱山長に会いに来たんだけど。
51656,mp0000_ev,39341,,39341,39058,1150,ch0920010081,blockwise,evo,嘿嘿，矿山长就是领导我们这些矿工的加通老大啦。,へへ、その鉱山長ってのが俺たち鉱員を束ねるガートン親方よ。,へへ、その鉱山長ってのが俺たち鉱員を束ねるガートン親方よ。
51657,mp0000_ev,39343,,39343,39070,1151,ch0920010082,blockwise,evo,他是个彻头彻尾的挖洞狂人。对他来说，七耀石的矿脉比一日三餐更有吸引力。,七耀石の鉱脈を発見するのが三度のメシよりも好きな穴掘りだ。,七耀石の鉱脈を発見するのが三度のメシよりも好きな穴掘りだ。
51658,mp0000_ev,39353,,39353,39130,1152,ch0920010083,blockwise,evo,今天肯定也在地下的坑道内。,今日も地下の坑道に潜ってると思うぜ。,今日も地下の坑道に潜ってると思うぜ。
51659,mp0000_ev,39365,,39365,39202,1153,ch0020010084,blockwise,evo,知道了，那我们这就进去找他。,わかりました。それでは捜してみます。,わかりました。それでは捜してみます。
51660,mp0000_ev,39775,,39775,39664,1154,ch0990010257,blockwise,evo,真是失算了……,まったくとんだ誤算だぜ……,まったくとんだ誤算だぜ……
51661,mp0000_ev,39777,,39777,39676,1155,ch0990010258,blockwise,evo,魔兽竟然跑出来了，而且连游击士都出动了……,魔獣は湧き出してくるわ、遊撃士まで出張ってくるわ。,魔獣は湧き出してくるわ、遊撃士まで出張ってくるわ。
51662,mp0000_ev,39779,,39779,39688,1156,ch0990010259,blockwise,evo,唉，没办法……只能如实报告了。,はあ、仕方ねえ……正直に報告するしかなさそうだな。,はあ、仕方ねえ……正直に報告するしかなさそうだな。
51904,mp0000_ev,54548,,54617,54047,454,ch0010010734,blockwise,evo,哼，真是没礼貌。既然不想来，那就不要来嘛。,む、失礼しちゃうわね。だったら来なきゃいいのに。,む、失礼しちゃうわね。だったら来なきゃいいのに。
51907,mp0000_ev,54572,,54641,54191,457,ch0010010737,blockwise,evo,哼，说是大新闻，其实就是一些小道消息吧？,ふん、スクープって言ってもどうせゴシップ記事じゃないの？,ふん、スクープって言ってもどうせゴシップ記事じゃないの？
51910,mp0000_ev,54579,,54648,54233,460,ch0010010740,blockwise,evo,柏斯地区？那里发生什么事了吗？,ボース地方？なにか事件でもあったの？,ボース地方？なにか事件でもあったの？
51913,mp0000_ev,54596,,54665,54335,463,ch0010010743,blockwise,evo,交通工具……是指飞行船吧？,アシ……飛行船のことね。,アシ……飛行船のことね。
51914,mp0000_ev,54598,,54667,54347,464,ch0010010744,blockwise,evo,难道是空贼？,ひょっとして、空賊ってヤツ？,ひょっとして、空賊ってヤツ？
51917,mp0000_ev,54611,,54680,54425,467,ch0010010747,blockwise,evo,啊……怎么会！？,ええっ……そんな！,ええっ……そんな！
51918,mp0000_ev,54613,,54682,54437,468,ch0010010748,blockwise,evo,不是已经签署过和平条约了吗！？,平和条約だって結ばれたのに！,平和条約だって結ばれたのに！
51922,mp0000_ev,54622,,54691,54491,472,ch0010010752,blockwise,evo,…………………………,…………………………,…………………………
51927,mp0000_ev,55215,,55284,54957,486,ch0010010766,exact,evo,这里的风景确实很好。,たしかに、いい景色だもんね。,たしかに、いい景色だもんね。
51928,mp0000_ev,55217,,55286,54969,487,ch0010010767,exact,evo,对了，感光结晶回路是什么？,ところで感光クオーツって何？,ところで感光クオーツって何？
51931,mp0000_ev,55226,,55295,55023,490,ch0010010770,blockwise,evo,不愧是专业摄影师，很了解自己的谋生工具啊。,さすがカメラマン。商売道具のことは詳しいのね。,さすがカメラマン。商売道具のことは詳しいのね。
51934,mp0000_ev,55238,,55307,55095,493,ch0010010773,blockwise,evo,嗯……他说想吹吹风。,うん……少し風に当たってるんだって。,うん……少し風に当たってるんだって。
51938,mp0000_ev,55251,,55320,55173,497,ch0010010777,blockwise,evo,嗯……约书亚好像不太喜欢拍照……,うーん、ヨシュアってそういうの苦手みたいだし……,うーん、ヨシュアってそういうの苦手みたいだし……
51939,mp0000_ev,55253,,55322,55185,498,ch0010010778,blockwise,evo,大概会拒绝吧。,たぶん断られると思うけど。,たぶん断られると思うけど。
51944,mp0000_ev,56255,,56324,55630,392,ch0010010792,blockwise,evo,嗯……他说想吹吹风。,うん……少し風に当たりたいんだって。,うん……少し風に当たりたいんだって。
51948,mp0000_ev,56274,,56343,55744,396,ch0010010796,blockwise,evo,嘿～了解得很清楚嘛。,へ～、よく知ってるわね。,へ〜、よく知ってるわね。
51949,mp0000_ev,56277,,56346,55762,397,ch0010010797,blockwise,evo,嗯，我们正好十六岁。,うん。あたし達もちょうど１６歳よ。,うん。あたし達もちょうど１６歳よ。
51952,mp0000_ev,56289,,56358,55834,400,ch0010010800,blockwise,evo,整个大陆？目标好大啊。,大陸全土とは大きく出たわね。,大陸全土とは大きく出たわね。
51953,mp0000_ev,56291,,56360,55846,401,ch0010010801,blockwise,evo,话说回来，教授，您不是利贝尔人吧？,ということは、教授ってリベールのひとじゃないんだ？,ということは、教授ってリベールのひとじゃないんだ？
51956,mp0000_ev,56307,,56376,55942,404,ch0010010804,blockwise,evo,哈哈，不用担心啦。,あはは、心配しなくても大丈夫よ。,あはは、心配しなくても大丈夫よ。
51957,mp0000_ev,56309,,56378,55954,405,ch0010010805,blockwise,evo,我虽然很痛恨战争……但并不会因此而讨厌帝国人。,戦争は絶対にイヤだけど……帝国の人が憎いわけじゃないしね。,戦争は絶対にイヤだけど……帝国の人が憎いわけじゃないしね。
51959,mp0000_ev,56326,,56395,56056,407,ch0010010807,blockwise,evo,…………………………,……………………………,……………………………
51960,mp0000_ev,56329,,56398,56074,408,ch0010010808,blockwise,evo,嗯……我的母亲。,うん……お母さんをね。,うん……お母さんをね。
51962,mp0000_ev,56334,,56403,56104,410,ch0010010810,blockwise,evo,没什么，不用介意。那已经是十年前的事了。,ううん、気にしないで。１０年も前のことだもん。,ううん、気にしないで。１０年も前のことだもん。
51963,mp0000_ev,56336,,56405,56116,411,ch0010010811,blockwise,evo,在那之后，我有了新的家人。,あれから新しい家族も増えたしね。,あれから新しい家族も増えたしね。
51965,mp0000_ev,56341,,56410,56146,413,ch0010010813,blockwise,evo,嘿嘿，约书亚就像我的弟弟一样。,えへへ、弟みたいなもんね。,えへへ、弟みたいなもんね。
51966,mp0000_ev,56343,,56412,56158,414,ch0010010814,blockwise,evo,不过，他可能一直以哥哥自居。,ヨシュアにしてみればお兄さんのつもりかもしれないけど。,ヨシュアにしてみればお兄さんのつもりかもしれないけど。
51968,mp0000_ev,56348,,56417,56188,416,ch0010010816,blockwise,evo,哎呀，我怎么连这种话都随便说出口……,やだ、なんでこんな事まで喋っちゃってるんだろう……,やだ、なんでこんな事まで喋っちゃってるんだろう……
51969,mp0000_ev,56351,,56420,56206,417,ch0010010817,blockwise,evo,这些事情并不适合对外人讲。,他の人に聞かせる話でもないのに。,他の人に聞かせる話でもないのに。
52016,mp0000_ev,59313,,59382,59294,5541,ch0010011072,exact,evo,哎，扶手上有划痕。,あれ、手すりに傷がある。,あれ、手すりに傷がある。
52017,mp0000_ev,59315,,59384,59306,5542,ch0020011073,exact,evo,确实……而且还是在不久前留下的。,本当だ……しかもまだ新しいね。,本当だ……しかもまだ新しいね。
52018,mp0000_ev,59317,,59386,59318,5543,ch0020011074,exact,evo,看起来，像是用金属制品划出来的痕迹。,金属製の何かを引っかけたような跡みたいだ。,金属製の何かを引っかけたような跡みたいだ。
52019,mp0000_ev,60750,,60819,59631,8381,ch1030011153,blockwise,evo,真、真对不起！,た、大変申しわけありません！,た、大変申しわけありません！
52020,mp0000_ev,60752,,60821,59643,8382,ch1030011154,blockwise,evo,定期船很快就会到，请您再稍等片刻吧！,まもなく到着すると思いますので今しばらくお待ちください！,まもなく到着すると思いますので今しばらくお待ちください！
52021,mp0000_ev,60754,,60823,59655,8383,ch0010011155,blockwise,evo,阿兰哥哥，是我们啦。,アランさん、あたしたちだってば。,アランさん、あたしたちだってば。
52022,mp0000_ev,60760,,60829,59691,8384,ch1030011156,blockwise,evo,怎么，是艾丝蒂尔啊。哟，雪拉扎德小姐也在。,なんだ、エステルたちか。おや、シェラザードさんまで。,なんだ、エステルたちか。おや、シェラザードさんまで。
52023,mp0000_ev,60762,,60831,59703,8385,ch1030011157,blockwise,evo,到底怎么回事？,いったいどうしたんだい？,いったいどうしたんだい？
52024,mp0000_ev,60768,,60837,59739,8386,ch0020011158,blockwise,evo,你有没有看到过一位穿校服的女孩子？,このあたりで制服姿の女の子を見かけませんでしたか？,このあたりで制服姿の女の子を見かけませんでしたか？
52025,mp0000_ev,60772,,60841,59763,8387,ch1030011159,blockwise,evo,穿校服的女孩子？,制服姿の女の子？,制服姿の女の子？
52026,mp0000_ev,60774,,60843,59775,8388,ch1030011160,blockwise,evo,是哪所学校的校服呢？,それって、どこの制服？,それって、どこの制服？
52027,mp0000_ev,60776,,60845,59787,8389,ch0010011161,blockwise,evo,杰尼丝王立学园的……,ジェニス王立学園だけど……,ジェニス王立学園だけど……
52028,mp0000_ev,60784,,60853,59835,8390,ch1030011162,blockwise,evo,啊！王立学园的校服真可爱啊。,ああ！あそこの制服は可愛いんだよね。,ああ！あそこの制服は可愛いんだよね。
52029,mp0000_ev,60786,,60855,59847,8391,ch1030011163,blockwise,evo,清纯可爱的白色短裙和蓝色的长筒袜形成鲜明的对比。,清楚で可憐な白のスカートと紺のハイソックスのコントラスト。,清楚で可憐な白のスカートと紺のハイソックスのコントラスト。
52030,mp0000_ev,60789,,60858,59865,8392,ch1030011164,blockwise,evo,嗯～真是太迷人了。不过，男生的校服我可不记得。,うーん、ロマンだよねぇ。男子の制服は忘れちゃったけど。,うーん、ロマンだよねぇ。男子の制服は忘れちゃったけど。
52031,mp0000_ev,60796,,60865,59907,8393,ch0010011165,blockwise,evo,好、好奇怪的癖好。,り、理解不能なこだわりね……,り、理解不能なこだわりね……
52032,mp0000_ev,60798,,60867,59919,8394,ch0030011166,blockwise,evo,这就是男人的天性啦。,それが男のサガってやつよ。,それが男のサガってやつよ。
52033,mp0000_ev,60800,,60869,59931,8395,ch0030011167,blockwise,evo,听你的意思，就是没有王立学园的女生来过吧？,で、その王立学園の制服を着た子を見かけなかった？,で、その王立学園の制服を着た子を見かけなかった？
52034,mp0000_ev,60808,,60877,59979,8396,ch1030011168,blockwise,evo,对，至少这一个月左右都没有见到过……,いや、ここ１カ月ばかりはお目にかかっていないけど……,いや、ここ１ヶ月ばかりはお目にかかっていないけど……
52035,mp0000_ev,60810,,60879,59991,8397,ch1030011169,blockwise,evo,我一直在检查乘客的出入情况，至少可以确定你们说的人没来过飞行场。,乗客の出入りはチェックしてるから少なくとも飛行場には来てないよ。,乗客の出入りはチェックしてるから少なくとも飛行場には来てないよ。
52036,mp0000_ev,60813,,60882,60009,8398,ch0030011170,blockwise,evo,也就是说，那女孩没有乘坐飞行船，而是徒步走到洛连特的……,ということは、飛行船を使わずに街道沿いでロレントに来たのか……,ということは、飛行船を使わずに街道沿いでロレントに来たのか……
52037,mp0000_ev,60824,,60893,60075,8399,ch0030011171,blockwise,evo,呼，这下可麻烦了。,ふむ、困ったことになったわね。,ふむ、困ったことになったわね。
52038,mp0000_ev,60827,,60896,60093,8400,ch0020011172,blockwise,evo,搜索范围一下子变大了。,一気に捜索範囲が広がりましたね。,一気に捜索範囲が広がりましたね。
52039,mp0000_ev,60829,,60898,60105,8401,ch0020011173,blockwise,evo,仔细想想，她应该有同伙，那些人可能潜伏在某处……,考えてみれば、仲間がいるはずだからそいつらが潜伏する場所があるはず……,考えてみれば、仲間がいるはずだからそいつらが潜伏する場所があるはず……
52040,mp0000_ev,60837,,60906,60153,8402,ch0010011174,blockwise,evo,啊，说起来……！,あ、そういえば……！,あ、そういえば……！
52041,mp0000_ev,60842,,60911,60183,8403,ch0030011175,blockwise,evo,怎么了？艾丝蒂尔。,どうしたの、エステル？,どうしたの、エステル？
52042,mp0000_ev,60868,,60937,60501,8405,ch0010011176,blockwise,evo,我都忘了捡到过这个了。这个能算线索吗？,コレ、拾ってたの忘れてたわ。何かの手がかりにならないかな？,コレ、拾ってたの忘れてたわ。何かの手がかりにならないかな？
52043,mp0000_ev,60878,,60947,60369,8406,ch0010011177,blockwise,evo,……是什么来着？,………………何だっけ？,………………何だっけ？
52044,mp0000_ev,60880,,60949,60381,8407,ch0020011178,blockwise,evo,我说……艾丝蒂尔，你认真一点啊。,あのね……エステル、真面目にやりなよ。,あのね……エステル、真面目にやりなよ。
52045,mp0000_ev,60882,,60951,60393,8408,ch0030011179,blockwise,evo,你之前在市长官邸发现了什么吗？,さっきの市長邸でなにか気付いたことでもあるの？,さっきの市長邸でなにか気付いたことでもあるの？
52046,mp0000_ev,60884,,60953,60405,8409,ch0010011180,blockwise,evo,啊，对对，是那个！,あ、そうそう、それ！,あ、そうそう、それ！
52047,mp0000_ev,60900,,60969,60501,8411,ch0010011181,blockwise,evo,我都忘了捡到过这个了。这个能算线索吗？,コレ、拾ってたの忘れてたわ。何かの手がかりにならないかな？,コレ、拾ってたの忘れてたわ。何かの手がかりにならないかな？
52048,mp0000_ev,60912,,60981,60555,8412,ch0020011182,blockwise,evo,对啊……还有这个啊。,そうか……それがあったね。,そうか……それがあったね。
52049,mp0000_ev,60917,,60986,60585,8413,ch0020011183,blockwise,evo,雪拉姐，这附近有生长着塞尔贝树的地方吗？,シェラさん、この近くでセルべの木が生えている場所を知りませんか？,シェラさん、この近くでセルべの木が生えている場所を知りませんか？
52050,mp0000_ev,60920,,60989,60603,8414,ch0030011184,blockwise,evo,塞尔贝树啊……,セルベの木か……,セルベの木か……
52051,mp0000_ev,60923,,60992,60621,8415,ch0030011185,blockwise,evo,我记得这种树生长在洛连特南部的神秘森林。,たしか、ロレントの南にあるミストヴァルトに生えていたわね。,たしか、ロレントの南にあるミストヴァルトに生えていたわね。
52052,mp0000_ev,60925,,60994,60633,8416,ch0020011186,blockwise,evo,神秘森林……就是正对着我们家的那片森林吧？,ミストヴァルト……家の反対方向にある森ですね。,ミストヴァルト……家の反対方向にある森ですね。
52053,mp0000_ev,60929,,60998,60657,8417,ch0010011187,blockwise,evo,看来我们有必要去一趟了。,行ってみる価値はありそうね。,行ってみる価値はありそうね。
52054,mp0000_ev,60942,,61011,60735,8418,ch0010011188,blockwise,evo,既然决定了，我们就赶快从南门出城吧！,そうと決まれば町の南口から街道に出ましょ！,そうと決まれば町の南口から街道に出ましょ！
52055,mp0000_ev,60944,,61013,60747,8419,ch1030011189,blockwise,evo,真有干劲啊。虽然不知道出了什么事，但你们就加油干吧。,盛り上がってるねぇ。よくわからないけど頑張りなよ。,盛り上がってるねぇ。よくわからないけど頑張りなよ。
52135,mp0000_ev,71480,69530,71549,69599,,,unmatched,evo,夺回了七耀石结晶。,七耀石の結晶を取り戻した。,
52165,mp0000_ev,71779,71324,71848,71393,,,unmatched,evo,就这样，艾丝蒂尔等人顺利夺回在市长官邸被抢走的七耀石结晶。,こうして市長邸から強奪された七耀石の結晶は無事に取り戻された。,
52166,mp0000_ev,71781,71336,71850,71405,,,unmatched,evo,将七耀石结晶交还给市长之后，艾丝蒂尔等人返回协会，报告了事件的经过。,結晶を市長に返したエステルたちは事件の報告をするためギルドに戻った。,
52276,mp0000_ev,79161,,79230,78307,7641,ch1120020287,blockwise,evo,哟，各位辛苦了。你们打算去柏斯吗？,やあ、ご苦労さん。ボースまで行くつもりかい？,やあ、ご苦労さん。ボースまで行くつもりかい？
52277,mp0000_ev,79163,,79232,78319,7642,ch0010020288,blockwise,evo,是的……你怎么知道？,その通りだけど……どうして分かるの？,その通りだけど……どうして分かるの？
52278,mp0000_ev,79165,,79234,78331,7643,ch1120020289,blockwise,evo,今天有很多你们这样的旅行者从这里通过。,君たちみたいな連中が今日は何人も通っているからさ。,君たちみたいな連中が今日は何人も通っているからさ。
52279,mp0000_ev,79167,,79236,78343,7644,ch1120020290,blockwise,evo,通行量是平时的好几倍。,普段の通行量の数倍はあるね。,普段の通行量の数倍はあるね。
52280,mp0000_ev,79175,,79244,78391,7645,ch0020020291,blockwise,evo,这是因为柏斯上空正在施行飞行管制的缘故吧？,ボース上空の飛行制限が行われているのが原因ですか？,ボース上空の飛行制限が行われているのが原因ですか？
52281,mp0000_ev,79179,,79248,78415,7646,ch1120020292,blockwise,evo,正是如此，害得我现在手忙脚乱。,その通りだよ。忙しいったらありゃしない。,その通りだよ。忙しいったらありゃしない。
52282,mp0000_ev,79181,,79250,78427,7647,ch0030020293,blockwise,evo,实施飞行管制的可是你们王国军。,ま、飛行制限をしてるのはあんたたち王国軍なんだから。,ま、飛行制限をしてるのはあんたたち王国軍なんだから。
52283,mp0000_ev,79185,,79254,78451,7648,ch0030020294,blockwise,evo,你没理由抱怨哦。,文句を言える立場じゃないわね。,文句を言える立場じゃないわね。
52284,mp0000_ev,79187,,79256,78463,7649,ch1120020295,blockwise,evo,唔，话是这么说……,うっ、その通りなんだけどさ……,うっ、その通りなんだけどさ……
52285,mp0000_ev,79190,,79259,78481,7650,ch1120020296,blockwise,evo,对了，这个关所也在施行通行管制。,そうだ、この関所でも一応通行規制が行われているんだ。,そうだ、この関所でも一応通行規制が行われているんだ。
52286,mp0000_ev,79202,,79271,78553,7651,ch1120020297,blockwise,evo,你们如果想通过，就去旁边向队长领取通行许可证吧。,通りたいんだったら、隣の受付で隊長から通行許可証を貰ってくれ。,通りたいんだったら、隣の受付で隊長から通行許可証を貰ってくれ。
52287,mp0000_ev,79217,,79286,78619,7652,ch0010020298,blockwise,evo,知道了。,ん、オッケー。,ん、オッケー。
52288,mp0000_ev,79238,,79307,78697,7627,ch0010020310,blockwise,evo,哦，我们已经领取了。,あ、もう貰ってあるわよ。,あ、もう貰ってあるわよ。
52289,mp0000_ev,79247,,79316,78751,7629,ch1120020311,blockwise,evo,哦，还真是准备充分啊。,お、ずいぶん用意がいいな。,お、ずいぶん用意がいいな。
52290,mp0000_ev,79257,,79326,78787,7630,ch0010020312,blockwise,evo,给，我们已经拿到通行证了。,はい、貰ってきたよ。,はい、貰ってきたよ。
52291,mp0000_ev,79266,,79335,78841,7632,ch1120020313,blockwise,evo,哦，真快啊。,お、ずいぶん早く済んだな。,お、ずいぶん早く済んだな。
52292,mp0000_ev,79279,,79348,78901,7633,ch1120020314,blockwise,evo,那就让你们通行吧。,それじゃあ開けるとしようか。,それじゃあ開けるとしようか。
52293,mp0000_ev,79315,,79384,79117,7635,ch1120020315,blockwise,evo,好了，可以通过了。,さあ、通ってもいいぞ。,さあ、通ってもいいぞ。
52294,mp0000_ev,79317,,79386,79129,7636,ch1120020316,vector_search (1.00),evo,一旦过去了，除非在那边拿到通行许可证否则就回不来这边了。,一度渡ったら、向こう側で通行許可証を貰わないかぎりこちらには戻ってこれないからね。,一度渡ったら、向こう側で通行許可証を貰わないかぎりこちらには戻ってこられないからね。
52295,mp0000_ev,79320,,79389,79147,7637,ch1120020317,exact,evo,请一定要注意。,そこんところ、注意してくれよ。,そこんところ、注意してくれよ。
52296,mp0000_ev,79323,,79392,79165,7638,ch0010020318,normalized,evo,知道了。,りょーかい。,りょーかい。
52297,mp0000_ev,80232,,80301,79668,2504,ch1060150007,blockwise,evo,真是奇怪啊……,おっかしいな……,おっかしいな……
52298,mp0000_ev,80234,,80303,79680,2505,ch1060150008,blockwise,evo,……大概掉到了什么地方吧。,……どこいっちまったんだろ。,……どこいっちまったんだろ。
52299,mp0000_ev,80260,,80329,79836,2506,ch1060150009,blockwise,evo,啊…………,あ…………,あ…………
52300,mp0000_ev,80263,,80332,79854,2507,ch1060150010,blockwise,evo,……那个，我有点事想问你们。,……ねえ、ちょっと聞きたいんだけどさ。,……ねえ、ちょっと聞きたいんだけどさ。
52301,mp0000_ev,80265,,80334,79866,2508,ch1060150011,blockwise,evo,你们有没有在这附近看到过一块漂亮的石头？,この辺で、キレイな石を見なかった？,この辺で、キレイな石を見なかった？
52302,mp0000_ev,80267,,80336,79878,2509,ch0010150012,blockwise,evo,啊？,へっ？,へっ？
52303,mp0000_ev,80269,,80338,79890,2510,ch0010150013,blockwise,evo,漂亮的石头？,キレイな石？,キレイな石？
52304,mp0000_ev,80272,,80341,79908,2511,ch1060150014,blockwise,evo,对，漂亮的石头，闪闪发光的。,そう、キレイな石。キラキラ光るんだぜ。,そう、キレイな石。キラキラ光るんだぜ。
52305,mp0000_ev,80274,,80343,79920,2512,ch1060150015,blockwise,evo,你们有没有看到那种石头？,そんな石がどっかに落ちてなかった？,そんな石がどっかに落ちてなかった？
52306,mp0000_ev,80276,,80345,79932,2513,ch0010150016,blockwise,evo,是弄丢了吗？,ひょっとして落とし物？,ひょっとして落とし物？
52307,mp0000_ev,80279,,80348,79950,2514,ch0010150017,blockwise,evo,嗯～我们好像也没看到。,うーん、ちょっと見なかったなぁ。,うーん、ちょっと見なかったなぁ。
52308,mp0000_ev,80281,,80350,79962,2515,ch0010150018,blockwise,evo,大概掉在什么位置呢？,どの辺りで落としたか分かる？,どの辺りで落としたか分かる？
52309,mp0000_ev,80290,,80359,80016,2516,ch1060150019,blockwise,evo,刚才老妈叫我跑腿，我到杂货铺去了一趟。,おフクロに呼ばれてさ、オレ、雑貨屋んトコまで行ったんだ。,おフクロに呼ばれてさ、オレ、雑貨屋んトコまで行ったんだ。
52310,mp0000_ev,80292,,80361,80028,2517,ch1060150020,blockwise,evo,一开始石头还在手里的，回来的时候就不见了。,そんときは手に持ってたよ。でも、戻って来たらなかった。,そんときは手に持ってたよ。でも、戻って来たらなかった。
52311,mp0000_ev,80295,,80364,80046,2518,ch0010150021,blockwise,evo,杂货铺是里农老板开的那间吧。,雑貨屋っていうとリノンさんのお店のことね。,雑貨屋っていうとリノンさんのお店のことね。
52312,mp0000_ev,80297,,80366,80058,2519,ch0010150022,blockwise,evo,你在杂货铺的门口仔细找过了吗？,そのお店の前はちゃんと調べたの？,そのお店の前はちゃんと調べたの？
52313,mp0000_ev,80300,,80369,80076,2520,ch1060150023,blockwise,evo,还用你说！不要把我当成小孩子。,当然だろ？ガキ扱いすんなよ。,当然だろ？ガキ扱いすんなよ。
52314,mp0000_ev,80303,,80372,80094,2521,ch0010150024,blockwise,evo,好、好拽啊你～,な、生意気～。,な、生意気〜。
52315,mp0000_ev,80305,,80374,80106,2522,ch1060150025,blockwise,evo,还好已经委托游击士了，相信很快就能找到的……,まあ、ブレイサーにも頼んだからじき見つかるだろうけど……,まあ、ブレイサーにも頼んだからじき見つかるだろうけど……
52316,mp0000_ev,80308,,80377,80124,2523,ch1060150026,blockwise,evo,如果你们找到了发光石头，一定要赶快来告诉我哦。,もし光る石を見っけたらさ速攻でオレに声かけてくれよ。,もし光る石を見っけたらさ速攻でオレに声かけてくれよ。
52317,mp0000_ev,80310,,80379,80136,2524,ch1060150027,blockwise,evo,我就在这附近。,この辺いるし、たぶん。,この辺いるし、たぶん。
52318,mp0000_ev,80319,80121,80388,80190,,,unmatched,evo,（好，赶紧开始找吧。）,（さーて、さっそく探すわよ。）,
52319,mp0000_ev,80322,80139,80391,80208,,,unmatched,evo,（杂货店前面好像  已经调查过了……）,（雑貨屋の前は既に  調べたみたいだけど……）,
52320,mp0000_ev,80324,80151,80393,80220,,,unmatched,evo,（话虽如此，也有可能  漏掉了什么线索呢。）,（とはいえ、見落とした  可能性もありそうだけどね。）,
52321,mp0000_ev,80326,80163,80395,80232,,,unmatched,evo,（也是，反正也没有其他线索，  就去杂货店前看看吧。）,（そうね、他に手がかりもないし  雑貨屋前に向かいましょ。）,
52322,mp0000_ev,81317,,81386,80700,2713,ch0010150030,blockwise,evo,……哎？,……あれ？,……あれ？
52323,mp0000_ev,81319,,81388,80712,2714,ch0020150031,blockwise,evo,怎么了？,どうしたの？,どうしたの？
52324,mp0000_ev,81335,,81404,80808,2715,ch0010150032,blockwise,evo,那是什么……排水沟里面好像有东西在发光。,なんだろ、排水溝の奥で何か光ってる。,なんだろ、排水溝の奥で何か光ってる。
52325,mp0000_ev,81347,,81416,80880,2716,ch0020150033,blockwise,evo,………果然。,…………ほんとだ。,…………ほんとだ。
52326,mp0000_ev,81362,,81431,80940,2718,ch0020150035,blockwise,evo,……嗯？,……ん？,……ん？
52327,mp0000_ev,81365,,81434,80958,27022,ch0010150036,blockwise,evo,怎么了？,どしたの？,どしたの？
52328,mp0000_ev,81377,,81446,81030,2720,ch0020150037,blockwise,evo,那是什么……排水沟里面好像有东西在发光。,なんだろう、排水溝の奥で何か光ってる。,なんだろう、排水溝の奥で何か光ってる。
52329,mp0000_ev,81382,,81451,81060,2721,ch0010150038,blockwise,evo,哪里哪里？,どれどれ～？,どれどれ〜？
52330,mp0000_ev,81398,,81467,81156,2722,ch0010150039,blockwise,evo,啊，是真的。还在闪闪发光呢。,あっ、ホントだ。キラキラ光ってるわね。,あっ、ホントだ。キラキラ光ってるわね。
52331,mp0000_ev,81403,,81472,81168,2723,ch0020150040,blockwise,evo,好像有东西落到排水沟的沟底了。,何かが排水溝の底に落ちてるみたいだね。,何かが排水溝の底に落ちてるみたいだね。
52332,mp0000_ev,81407,,81476,81192,2724,ch0010150041,blockwise,evo,排水沟的沟底？,排水溝の底？,排水溝の底？
52333,mp0000_ev,81411,,81480,81216,2725,ch0020150042,blockwise,evo,你忘记了城里的地下有什么了吗？,町の地下に何があるのか忘れたの？,町の地下に何があるのか忘れたの？
52334,mp0000_ev,81413,,81482,81228,2726,ch0020150043,blockwise,evo,不久之前我们才去过的。,ちょっと前に行ったばっかりでしょ。,ちょっと前に行ったばっかりでしょ。
52335,mp0000_ev,81415,,81484,81240,2727,ch0010150044,blockwise,evo,啊，对呀！是地下水道。,あ、そっか！　地下水路ね。,あ、そっか！　地下水路ね。
52336,mp0000_ev,81417,,81486,81252,2728,ch0020150045,blockwise,evo,在实地研修时下去过的。,実地研修で中に入ったよね。,実地研修で中に入ったよね。
52337,mp0000_ev,81419,,81488,81264,2729,ch0020150046,blockwise,evo,地下水道的入口在礼拜堂的后面。,地下水路への入口は礼拝堂の裏手にあったはずだよ。,地下水路への入口は礼拝堂の裏手にあったはずだよ。
52338,mp0000_ev,81421,,81490,81276,2730,ch0020150047,blockwise,evo,如果想要弄清楚，我们就去下面调查一下吧。,気になるなら、あとで行って調べてみようか。,気になるなら、あとで行って調べてみようか。
52339,mp0000_ev,81424,,81493,81294,2731,ch0010150048,blockwise,evo,嗯，去看看吧。,うん、そうしてみましょ。,うん、そうしてみましょ。
52340,mp0000_ev,82886,,82955,81768,2451,ch1060150065,blockwise,evo,啊…………！,あ…………！,あ…………！
52341,mp0000_ev,82888,,82957,81780,2452,ch1060150066,blockwise,evo,……那块石头。,……ねえ、その石。,……ねえ、その石。
52342,mp0000_ev,82890,,82959,81792,2453,ch0010150067,blockwise,evo,难道……,もしかして……,もしかして……
52343,mp0000_ev,82892,,82961,81804,2454,ch0010150068,blockwise,evo,这就是你刚才在找的石头？,君の探してた石ってこれ？,君の探してた石ってこれ？
52344,mp0000_ev,82911,,82980,81918,2456,ch1060150069,blockwise,evo,啊，就是它没错。我美丽的石头……,ああ、これだよ。オレのキレイな石……,ああ、これだよ。オレのキレイな石……
52345,mp0000_ev,82913,,82982,81930,2474,ch1060150070,blockwise,evo,……………………,……………………,……………………
52346,mp0000_ev,82917,,82986,81954,2458,ch1060150071,blockwise,evo,……怎么回事，怎么弄得这么脏啊。,……なんだよ、汚れてるじゃん。,……なんだよ、汚れてるじゃん。
52347,mp0000_ev,82927,,82996,82014,2459,ch0010150072,blockwise,evo,喂喂，发牢骚之前得先说声谢谢吧。,コラコラ、文句の前に言うことがあるでしょ。,コラコラ、文句の前に言うことがあるでしょ。
52348,mp0000_ev,82930,,82999,82032,2460,ch1060150073,blockwise,evo,啊，知道啦。你们是游击士对吧？,へっ、知ってるよ。あんたたちブレイサーだろ？,へっ、知ってるよ。あんたたちブレイサーだろ？
52349,mp0000_ev,82932,,83001,82044,2461,ch1060150074,blockwise,evo,我可是向游击士协会付过酬金的。,こっちはギルドを通してミラを払ってるんだぜ。,こっちはギルドを通してミラを払ってるんだぜ。
52350,mp0000_ev,82934,,83003,82056,2462,ch1060150075,blockwise,evo,发几句牢骚的权利都没有吗？,文句を言う権利はあるとおもうけどな。,文句を言う権利はあるとおもうけどな。
52351,mp0000_ev,82937,,83006,82074,2463,ch0010150076,blockwise,evo,问题的关键根本不在这里！,そーゆー問題じゃないでしょ！,そーゆー問題じゃないでしょ！
52352,mp0000_ev,82940,,83009,82092,2464,ch0020150077,blockwise,evo,艾丝蒂尔，冷静点，对方只是个孩子而已。,エステル、落ち着いて。相手は子供だよ。,エステル、落ち着いて。相手は子供だよ。
52353,mp0000_ev,82943,,83012,82110,2465,ch0010150078,blockwise,evo,哼，知道啦。,わ、分かってるってば。,わ、分かってるってば。
52354,mp0000_ev,82949,,83018,82146,2466,ch0020150079,blockwise,evo,你在找的就是这块结晶回路的碎片吧？,君が探してたのはそのクオーツに間違いない？,君が探してたのはそのクオーツに間違いない？
52355,mp0000_ev,82953,,83022,82170,2467,ch1060150080,blockwise,evo,啊，没错……,ああ、そうだけど……,ああ、そうだけど……
52356,mp0000_ev,82962,,83031,82224,2468,ch1060150081,blockwise,evo,……这块石头，是结晶回路？,……この石って、クオーツなのか？,……この石って、クオーツなのか？
52357,mp0000_ev,82964,,83033,82236,2469,ch1060150082,blockwise,evo,就是装在导力器里的那种结晶回路？,オーブメントの中に入ってるあのクオーツ？,オーブメントの中に入ってるあのクオーツ？
52358,mp0000_ev,82967,,83036,82254,2470,ch0020150083,blockwise,evo,嗯，正是那种用耀晶石制作的结晶回路。,うん、セピスから作るあのクオーツに間違いないよ。,うん、セピスから作るあのクオーツに間違いないよ。
52359,mp0000_ev,82969,,83038,82266,2471,ch0020150084,blockwise,evo,但因为已经碎了，所以已经没有能量了。,割れちゃってるからもう機能しないだろうけどね。,割れちゃってるからもう機能しないだろうけどね。
52360,mp0000_ev,82971,,83040,82278,2472,ch1060150085,blockwise,evo,是这样啊……,そうか…………,そうか…………
52361,mp0000_ev,82974,,83043,82296,2473,ch1060150086,blockwise,evo,这块石头果然是导力器的零件……,やっぱこの石は、オーブメントの部品なんだ……,やっぱこの石は、オーブメントの部品なんだ……
52362,mp0000_ev,82976,,83045,82308,2474,ch1060150070,blockwise,evo,……………………,……………………,……………………
52363,mp0000_ev,82985,,83054,82362,,,conflict,evo,？？？,？？？,
52364,mp0000_ev,82988,,83057,82380,2476,ch0010150089,blockwise,evo,怎么了？干嘛站在那里发呆？,どうしたの？ぼーっとしちゃって。,どうしたの？ぼーっとしちゃって。
52365,mp0000_ev,82992,,83061,82404,2477,ch1060150090,blockwise,evo,……嗯？,……うん？,……うん？
52366,mp0000_ev,82995,,83064,82422,2478,ch1060150091,blockwise,evo,啊，没什么，没事。,ああ、別になんでもないって。,ああ、別になんでもないって。
52367,mp0000_ev,82997,,83066,82434,2479,ch1060150092,blockwise,evo,不管怎样，谢谢你们帮我找东西。,ま、とにかく見っけてくれて助かったぜ。,ま、とにかく見っけてくれて助かったぜ。
52368,mp0000_ev,82999,,83068,82446,2480,ch1060150093,blockwise,evo,那就再见了。,じゃっ、そういうわけで。,じゃっ、そういうわけで。
52369,mp0000_ev,83005,,83074,82482,2481,ch1060150094,blockwise,evo,啊，对了。,あっと、そうだ。,あっと、そうだ。
52370,mp0000_ev,83016,,83085,82548,2482,ch1060150095,blockwise,evo,……差点忘了，这东西就给你吧。,……忘れてた。ほら、コレやるよ。,……忘れてた。ほら、コレやるよ。
52371,mp0000_ev,83024,,83093,82596,2484,ch1060150096,blockwise,evo,这些肉丸子对身体很有好处，是老妈刚才给我的……,この肉ダンゴ、体に良いからっておフクロがくれるんだけど……,この肉ダンゴ、体に良いからっておフクロがくれるんだけど……
52372,mp0000_ev,83026,,83095,82608,2485,ch1060150097,blockwise,evo,不过味道有些苦，我不喜欢吃。,なんかニガくてさ、オレ、キライなんだ。,なんかニガくてさ、オレ、キライなんだ。
52373,mp0000_ev,83028,,83097,82620,2486,ch1060150098,blockwise,evo,总之，今天还真是谢谢你们啦。,じゃっ、ほんと今日はありがとな。,じゃっ、ほんと今日はありがとな。
52374,mp0000_ev,83042,,83111,82704,2487,ch0010150099,blockwise,evo,呼～～真是个傲慢的小孩啊～,ふう～～、生意気なヤツだったわねえ～。,ふう〜〜、生意気なヤツだったわねえ〜。
52375,mp0000_ev,83044,,83113,82716,2488,ch0020150100,blockwise,evo,一定是因为正值年少气盛吧。,きっと難しい年頃なんだよ。,きっと難しい年頃なんだよ。
52376,mp0000_ev,83047,,83116,82734,2559,ch0020150101,blockwise,evo,可是，那个孩子……,でも、あの子……,でも、あの子……
52377,mp0000_ev,83049,,83118,82746,2490,ch0020150102,blockwise,evo,为什么要寻找结晶回路呢？,なんでクオーツなんか探してたんだろうね。,なんでクオーツなんか探してたんだろうね。
52378,mp0000_ev,83051,,83120,82758,2491,ch0010150103,blockwise,evo,…………嗯？,…………へ？,…………へ？
52379,mp0000_ev,83053,,83122,82770,2492,ch0010150104,blockwise,evo,这么说来，的确有点奇怪……,言われてみれば確かに不思議だけど……,言われてみれば確かに不思議だけど……
52380,mp0000_ev,83055,,83124,82782,2493,ch0010150105,blockwise,evo,哎呀，管他呢。每个人喜欢的东西都不一样嘛。,ま、いいじゃない。大切な物なんて人それぞれよ。,ま、いいじゃない。大切な物なんて人それぞれよ。
52381,mp0000_ev,83058,,83127,82800,2494,ch0020150106,blockwise,evo,哈哈，说得也是。,はは、それはそうだね。,はは、それはそうだね。
52382,mp0000_ev,83060,,83129,82812,2495,ch0020150107,blockwise,evo,说不定那个孩子对导力器非常有兴趣呢。,ひょっとすると、あの子はオーブメントに興味があるのかも。,ひょっとすると、あの子はオーブメントに興味があるのかも。
52383,mp0000_ev,83062,,83131,82824,2496,ch0010150108,normalized,evo,嗯～真不知道那种复杂的机械有什么好。,う～ん、まったくあんな複雑な機械のどこがいいのよ。,う〜ん、まったくあんな複雑な機械のどこがいいのよ。
52384,mp0000_ev,83064,,83133,82836,2497,ch0010150109,normalized,evo,真是个让我无法理解的世界啊～,あたしにはちょっと理解不能な世界ね～。,あたしにはちょっと理解不能な世界ね〜。
52385,mp0000_ev,83066,,83135,82848,2498,ch0020150110,exact,evo,不过，从现在开始你也要主动去了解才行啊。,でも、これからは少しは理解するようにしないとね。,でも、これからは少しは理解するようにしないとね。
52386,mp0000_ev,83068,,83137,82860,2499,ch0020150111,exact,evo,如果不能把导力器运用自如，是不能胜任游击士这个工作的。,オーブメントを使いこなせないんじゃとても遊撃士の職務は果たせないよ。,オーブメントを使いこなせないんじゃとても遊撃士の職務は果たせないよ。
52387,mp0000_ev,83071,,83140,82878,2500,ch0010150112,normalized,evo,好～啦，我会努力的。,ふぁ～い、がんばります。,ふぁ〜い、がんばります。
52388,mp0000_ev,85365,,85434,83475,8592,ch1070150116,vector_search (0.95),evo,真是的，那些游击士，到底要让人等到什么时候。,ったく、遊撃士どもめ。一体いつまで待たせる気なんだ。,ったく、ブレイサーどもめ。一体いつまで待たせる気なんだ。
52389,mp0000_ev,85367,,85436,83487,8593,ch1070150117,blockwise,evo,再不快一点，我就要赶不上定期船了。,急がないと定期船に間に合わなくなるじゃないか。,急がないと定期船に間に合わなくなるじゃないか。
52390,mp0000_ev,85371,,85440,83511,8594,ch1070150118,blockwise,evo,所以我才讨厌乡下地方。,これだから田舎は…………,これだから田舎は…………
52391,mp0000_ev,85383,,85452,83583,8595,ch1070150119,blockwise,evo,…………嗯？,…………ん？,…………ん？
52392,mp0000_ev,85386,83532,85455,83601,,,unmatched,evo,哦，那个徽章是游击士的标志啊。,おっと、その紋章は遊撃士のものだな。,
52393,mp0000_ev,85390,,85459,83625,8597,ch1070150121,exact,evo,让我等好久了。因为这件事情很急，所以现在就谈谈行吗？,待っていたよ。急ぎの仕事があるんだが話を聞いてもらえないか？,待っていたよ。急ぎの仕事があるんだが話を聞いてもらえないか？
52394,mp0000_ev,85406,,85475,83697,8585,ch1070150141,blockwise,evo,哦哦，现在有空吗？,おお、都合はついたかね？,おお、都合はついたかね？
52395,mp0000_ev,85409,,85478,83715,8586,ch1070150142,blockwise,evo,因为这件事情很急，所以现在就谈谈行吗？,急ぎの仕事があるんだが話を聞いてもらえないか？,急ぎの仕事があるんだが話を聞いてもらえないか？
52396,mp0000_ev,85443,,85512,83847,30073,ch0010150127,blockwise,evo,嗯，好的。,うん、いいわよ。,うん、いいわよ。
52397,mp0000_ev,85447,,85516,83871,8599,ch1070150128,blockwise,evo,哦哦，太好了。真是帮了我大忙啊。,おお、良かった。それは助かるよ。,おお、良かった。それは助かるよ。
52398,mp0000_ev,85452,,85521,83901,8600,ch1070150129,blockwise,evo,那我就立刻说明委托的事情吧。,では早速、仕事内容を説明するとしよう。,では早速、仕事内容を説明するとしよう。
52399,mp0000_ev,85461,,85530,83943,8601,ch0270150130,blockwise,evo,………………………,………………………,………………………
52400,mp0000_ev,85465,,85534,83967,8602,ch0270150131,blockwise,evo,……麻烦快点。,……手短に頼むぜ。,……手短に頼むぜ。
52401,mp0000_ev,85498,,85567,84069,8603,ch0010150122,blockwise,evo,嗯～抱歉哦。,う～んと、ごめんね。,う〜んと、ごめんね。
52402,mp0000_ev,85501,,85570,84087,8604,ch0010150123,blockwise,evo,现在还不行。,今はちょっとダメなんだ。,今はちょっとダメなんだ。
52403,mp0000_ev,85519,,85588,84147,8605,ch1070150124,blockwise,evo,什么？没空吗？,なに？　都合が悪いのか。,なに？　都合が悪いのか。
52404,mp0000_ev,85522,,85591,84165,8606,ch1070150125,blockwise,evo,唉，真是没办法啊。我会在这里等着的，等你们有空再过来吧。,ふう、仕方ない。ここで待っているから都合がついたら来てくれ。,ふう、仕方ない。ここで待っているから都合がついたら来てくれ。
52405,mp0000_ev,85526,,85595,84189,8607,ch1070150126,blockwise,evo,越快越好。,とにかく急いでくれよ。,とにかく急いでくれよ。
52406,mp0000_ev,85563,84246,85632,84315,,,unmatched,evo,呃～抱歉。现在还不太行呢。,う～んと、ごめんね。まだちょっとダメなんだ。,
52407,mp0000_ev,85580,,85649,84369,8590,ch1070150146,exact,evo,唉，真是没办法啊。我会在这里等着的，等你们有空再过来吧。,ふう、仕方ないな。ここで待っているから都合がついたら来てくれ。,ふう、仕方ないな。ここで待っているから都合がついたら来てくれ。
52408,mp0000_ev,85585,,85654,84399,8607,ch1070150126,blockwise,evo,越快越好。,とにかく急いでくれよ。,とにかく急いでくれよ。
52409,mp0000_ev,85630,,85699,84579,8611,ch1070150148,blockwise,evo,先自我介绍一下……,では改めて……,では改めて……
52410,mp0000_ev,85633,,85702,84597,8612,ch1070150149,blockwise,evo,我叫奥维德，是奥维德商会的代表。,私はオーヴィッド。オーヴィッド商会の代表だ。,私はオーヴィッド。オーヴィッド商会の代表だ。
52411,mp0000_ev,85640,,85709,84639,8613,ch0010150150,blockwise,evo,我叫艾丝蒂尔，他是……,あたしはエステル。それとこっちが……,あたしはエステル。それとこっちが……
52412,mp0000_ev,85643,,85712,84657,8614,ch0020150151,blockwise,evo,我叫约书亚，请多指教。,ヨシュアです、よろしく。,ヨシュアです、よろしく。
52413,mp0000_ev,85650,,85719,84699,8615,ch1070150152,blockwise,evo,是艾丝蒂尔和约书亚啊。两个人都很年轻嘛。,エステルとヨシュアか。２人ともずいぶんと若いな。,エステルとヨシュアか。２人ともずいぶんと若いな。
52414,mp0000_ev,85653,,85722,84717,8616,ch0010150153,blockwise,evo,嘿嘿，毕竟我们还是新手游击士嘛。,えへへっ、なにしろまだ新米遊撃士ですから。,えへへっ、なにしろまだ新米ブレイサーですから。
52415,mp0000_ev,85656,,85725,84735,8617,ch1070150154,blockwise,evo,新人……？,新米……？,新米……？
52416,mp0000_ev,85660,,85729,84759,8618,ch1070150155,blockwise,evo,……唔，倒也无所谓。,……まあ、大丈夫か。,……まあ、大丈夫か。
52417,mp0000_ev,85663,,85732,84777,36322,ch0010150156,blockwise,evo,什么？,はい？,はい？
52418,mp0000_ev,85670,,85739,84819,8620,ch1070150157,blockwise,evo,咳咳……没、没什么。,ゴホン……いや、なんでもない。,ゴホン……いや、なんでもない。
52419,mp0000_ev,85674,,85743,84843,8621,ch1070150158,blockwise,evo,我现在就告诉你们委托的内容，不好意思，我很着急。,早速、仕事の話といこう。悪いが急いでいるものでね。,早速、仕事の話といこう。悪いが急いでいるものでね。
52420,mp0000_ev,85679,,85748,84873,8622,ch0010150159,blockwise,evo,好的。,うん。,うん。
52421,mp0000_ev,85682,,85751,84891,8623,ch1070150160,blockwise,evo,我正在寻找一种叫做“荧光菇”的稀有蘑菇。,今、『ホタル茸』という珍しいキノコを探しているんだ。,今、『ホタル茸』という珍しいキノコを探しているんだ。
52422,mp0000_ev,85684,,85753,84903,8624,ch1070150161,blockwise,evo,据说这种蘑菇只生长在富含七耀石成分的土壤里。,七耀石が豊富な土壌にしか生えないと言われているものでね。,七耀石（セプチウム）が豊富な土壌にしか生えないと言われているものでね。
52423,mp0000_ev,85686,,85755,84915,8625,ch1070150162,blockwise,evo,洛连特地区有采集记录，但我找遍了所有商店都没有买到。,ロレントで採取された記録はあるが今はどこの商店でも扱ってないんだ。,ロレントで採取された記録はあるが今はどこの商店でも扱ってないんだ。
52424,mp0000_ev,85688,,85757,84927,8626,ch1070150163,blockwise,evo,我无论如何都想得到这种蘑菇，因此就只能拜托游击士协会了。,だが、どうしても手に入れる必要があってね。それでギルドに依頼したわけだよ。,だが、どうしても手に入れる必要があってね。それでギルドに依頼したわけだよ。
52425,mp0000_ev,85696,,85765,84975,8627,ch0020150164,blockwise,evo,说到这一带的七耀石，应该是在玛鲁加山道附近……,この辺りで七耀石と言えばマルガ山道の辺りか……,この辺りでセプチウムと言えばマルガ山道の辺りか……
52426,mp0000_ev,85700,,85769,84999,8628,ch0020150165,blockwise,evo,这种蘑菇还有别的特征吗？,他になにかキノコの特徴は分かりませんか？,他になにかキノコの特徴は分かりませんか？
52427,mp0000_ev,85704,,85773,85023,8629,ch1070150166,blockwise,evo,据说它通常会生长在茂密的草丛中。,普通は草むらの中に生えているそうだ。,普通は草むらの中に生えているそうだ。
52428,mp0000_ev,85706,,85775,85035,8630,ch1070150167,blockwise,evo,而且它们喜欢阴暗的地方，如果不仔细寻找的话，很难发现的。,おまけに日陰を好むそうだから注意していないととても見つけられないだろう。,ただし、土の中に埋まっているそうだから、注意していないととても見つけられないだろう。
52429,mp0000_ev,85710,,85779,85059,8631,ch0010150168,blockwise,evo,唔，好像很麻烦……,むう、それは厄介ねえ……,むう、それは厄介ねえ……
52430,mp0000_ev,85713,,85782,85077,8632,ch1070150169,blockwise,evo,不过是不是荧光菇，应该一眼就能看出来。,だがそれがホタル茸かどうかはすぐに分かるはずだぞ。,でも掘り出してしまえばそれがホタル茸かどうかはすぐに分かるはずだぞ。
52431,mp0000_ev,85717,,85786,85101,8633,ch1070150170,blockwise,evo,因为那种蘑菇会发出淡绿色的光芒。,なにしろあのキノコは薄緑色に光るそうだからな。,なにしろあのキノコは薄緑色に光るそうだからな。
52432,mp0000_ev,85719,,85788,85113,8634,ch0020150171,blockwise,evo,这就是得名“荧光菇”的原因吧。,それで『ホタル茸』なんですか。,それで『ホタル茸』なんですか。
52433,mp0000_ev,85722,,85791,85131,8635,ch0010150172,blockwise,evo,哦，原来是这样。,あ、な～るほどね。,あ、な〜るほどね。
52434,mp0000_ev,85731,,85800,85185,8636,ch1070150173,blockwise,evo,我的说明够清楚了吧？,さて、説明はこれで十分かな？,さて、説明はこれで十分かな？
52435,mp0000_ev,85735,,85804,85209,8637,ch0010150174,blockwise,evo,总之，就是到玛鲁加山道的草丛中寻找发光的蘑菇吧？,要するに、マルガ山道の草むらで光るキノコを見つければいいんでしょ？,要するに、マルガ山道の草むらで光るキノコを見つければいいんでしょ？
52436,mp0000_ev,85738,,85807,85227,8638,ch0020150175,blockwise,evo,嗯，就是这样。,まあ、そういうことだね。,まあ、そういうことだね。
52437,mp0000_ev,85743,85188,85812,85257,,,unmatched,evo,如果在阴暗处发光的话，反而更容易发现呢。,日陰の中で光っているのなら、逆に分かりやすいのかもしれない。,
52438,mp0000_ev,85749,,85818,85293,8640,ch1070150177,exact,evo,嗯，如果还有什么问题，就再来这里找我吧。,うむ、何か問題があったらまたここに来てくれたまえ。,うむ、何か問題があったらまたここに来てくれたまえ。
52439,mp0000_ev,85752,,85821,85311,8641,ch1070150139,exact,evo,那么，希望你们快一点。,では、取り急ぎお願いするよ。,では、取り急ぎお願いするよ。
52440,mp0000_ev,87214,86218,87283,86287,,,unmatched,evo,啊！,あっ！,
52441,mp0000_ev,87216,,87285,86299,1043,ch0020150180,exact,evo,怎么了？为何突然大喊？,どうしたの？急に大声出して。,どうしたの？急に大声出して。
52442,mp0000_ev,87218,,87287,86311,1044,ch0010150181,vector_search (1.00),evo,呵呵呵，找到了呢。,むふふふ、見つけちった。,むふふふ、見つけちゃった。
52443,mp0000_ev,87237,,87306,86425,1045,ch0010150182,normalized,evo,我摘～♪,しゅうか～く♪,しゅうか〜く♪
52444,mp0000_ev,87247,,87316,86485,1047,ch0020150183,exact,evo,啊，这就是那种蘑菇。,あ、そのキノコ。,あ、そのキノコ。
52445,mp0000_ev,87263,,87332,86581,1048,ch0010150184,exact,evo,对吧？你也觉得就是它？,ね？　そう思うでしょ？,ね？　そう思うでしょ？
52446,mp0000_ev,87265,,87334,86593,1049,ch0010150185,normalized,evo,生长地点相符，而且散发着淡绿色的光芒～,生えてた場所もそうだけど、ぼんやり薄緑色に光ってるもんね～。,生えてた場所もそうだけど、ぼんやり薄緑色に光ってるもんね〜。
52447,mp0000_ev,87269,,87338,86617,1050,ch0010150186,blockwise,evo,这肯定就是那个大叔所说的『荧光菇』！,あのオジサンの言ってた『ホタル茸』ってやつに間違いなし！,あのオジサンの言ってた『ホタル茸』ってやつに間違いなし！
52448,mp0000_ev,87272,,87341,86635,1051,ch0020150187,blockwise,evo,是奥维德先生。,オーヴィッドさんね。,オーヴィッドさんね。
52449,mp0000_ev,87275,,87344,86653,1052,ch0010150188,blockwise,evo,啊，没错没错，奥维德先生。,あ、そうそうオーヴィッドさん。,あ、そうそうオーヴィッドさん。
52450,mp0000_ev,87291,,87360,86725,1053,ch0010150189,blockwise,evo,虽然看上去并不好吃，但这种蘑菇还真漂亮～,ちっともおいしそうじゃないけど、キレイなキノコよね～。,ちっともおいしそうじゃないけど、キレイなキノコよね〜。
52451,mp0000_ev,87293,,87362,86737,1054,ch0010150190,blockwise,evo,闪闪发光的，简直就像七耀石一样。,まるで七耀石の輝きみたい。,まるで七耀石（セプチウム）の輝きみたい。
52452,mp0000_ev,87297,,87366,86755,1055,ch0280150191,blockwise,evo,嗯嗯，光泽确实很相似。,うんうん、ホントそんな感じの光よね。,うんうん、ホントそんな感じの光よね。
52453,mp0000_ev,87302,,87371,86767,1056,ch0020150192,blockwise,evo,……七耀石？,……七耀石？,……セプチウム？
52454,mp0000_ev,87306,,87375,86791,1057,ch0010150193,blockwise,evo,嗯？怎么了？约书亚。,うん？どしたの、ヨシュア。,うん？どしたの、ヨシュア。
52455,mp0000_ev,87309,,87378,86809,1058,ch0020150194,blockwise,evo,也许是我太多虑了，但还是赶快把那个蘑菇放进包里吧，艾丝蒂尔。,考えすぎかもしれないけど、エステル、早くそのキノコをバッグにしまって。,考えすぎかもしれないけど、エステル、早くそのキノコをバッグにしまって。
52456,mp0000_ev,87385,,87454,87085,1059,ch0010150195,blockwise,evo,……啊！？,……あ！？,……あ！？
52457,mp0000_ev,87387,,87456,87097,1060,ch0020150196,blockwise,evo,果然如此。,やっぱりそうか。,やっぱりそうか。
52458,mp0000_ev,87392,,87461,87127,1061,ch0010150197,blockwise,evo,难道……是这个蘑菇引来的！？,まさか、このキノコが！？,まさか、このキノコが！？
52459,mp0000_ev,87398,,87467,87163,1062,ch0020150198,blockwise,evo,艾丝蒂尔，它们来了！,エステル、来るよ！,エステル、来るよ！
52460,mp0000_ev,88505,,88574,87764,1063,ch0010150199,blockwise,evo,啊～吓我一跳。,あ～、びっくり。,あ〜、びっくり。
52461,mp0000_ev,88510,,88579,87794,1064,ch0020150200,blockwise,evo,蘑菇收好了吗？,キノコはちゃんとしまった？,キノコはちゃんとしまった？
52462,mp0000_ev,88515,,88584,87824,1065,ch0010150201,blockwise,evo,嗯，完好无损。,うん、もう大丈夫。,うん、もう大丈夫。
52463,mp0000_ev,88528,,88597,87896,1066,ch0270150207,blockwise,evo,刚、刚才那是怎么回事啊？,な、なんだよ今のは。,な、なんだよ今のは。
52464,mp0000_ev,88533,,88602,87926,1067,ch0270150208,blockwise,evo,魔兽为什么突然袭击我们？,なんで突然、魔獣が襲ってきたんだ？,なんで突然、魔獣が襲ってきたんだ？
52465,mp0000_ev,88540,,88609,87968,1071,ch0020150202,blockwise,evo,七耀石的原石发出的光具有吸引魔兽的效果……,七耀石の原石が放つ光には魔獣を引き付ける力があるけど……,七耀石（セプチウム）の原石が放つ光には魔獣を引き付ける力があるけど……
52466,mp0000_ev,88543,,88612,87986,1069,ch0020150203,blockwise,evo,看来那种蘑菇的光也有同样的效果呢。,どうもあのキノコの光にも同じ効果があるみたいですね。,どうもあのキノコの光にも同じ効果があるみたいだね。
52467,mp0000_ev,88552,,88621,88016,1070,ch0280150209,blockwise,evo,哇～～好神奇的蘑菇啊。,ほえ～～、すごいキノコですねぇ。,ほえ〜〜、すごいキノコですねぇ。
52468,mp0000_ev,88565,,88634,88070,1071,ch0020150202,blockwise,evo,七耀石的原石发出的光具有吸引魔兽的效果……,七耀石の原石が放つ光には魔獣を引き付ける力があるけど……,七耀石（セプチウム）の原石が放つ光には魔獣を引き付ける力があるけど……
52469,mp0000_ev,88569,,88638,88094,1072,ch0020150211,blockwise,evo,那种蘑菇的光好像也有同样的效果。,あのキノコの光にも同じ効果があるみたいだね。,あのキノコの光にも同じ効果があるみたいですね。
52470,mp0000_ev,88597,,88666,88196,1073,ch0010150212,blockwise,evo,那个狡猾的大叔～～～,あんのたぬきオヤジ～～～～。,あんのたぬきオヤジ〜〜〜〜。
52471,mp0000_ev,88599,,88668,88208,1074,ch0010150213,blockwise,evo,根本没提醒我们这方面的事情。,そんなこと一言も言ってなかったじゃない。,そんなこと一言も言ってなかったじゃない。
52472,mp0000_ev,88618,,88687,88274,1075,ch0020150214,blockwise,evo,只要把它收好，回去的路上应该不会有什么问题……,厳重にしまっておけば持ち歩いても平気だと思うけど……,厳重にしまっておけば持ち歩いても平気だと思うけど……
52473,mp0000_ev,88620,,88689,88286,1076,ch0020150215,blockwise,evo,回城之后，最好立刻把它交给委托人。,町に戻ったら、すぐ依頼者に渡してしまった方がよさそうだね。,町に戻ったら、すぐ依頼者に渡してしまった方がよさそうだね。
52474,mp0000_ev,88627,,88696,88322,1077,ch0270150216,blockwise,evo,…………………………,…………………………,…………………………
52475,mp0000_ev,88629,,88698,88334,1078,ch0270150217,blockwise,evo,……千万要藏好啊。,……しっかりしまっておいてくれよ。,……しっかりしまっておいてくれよ。
52476,mp0000_ev,88652,,88721,88406,1079,ch0020150204,blockwise,evo,总之，我们赶快回城吧。,とにかく今は早く町に戻ろう。,とにかく今は早く町に戻ろう。
52477,mp0000_ev,88656,,88725,88430,1080,ch0010150205,blockwise,evo,嗯！,おうっ！,おうっ！
52478,mp0000_ev,88660,,88729,88454,1081,ch0010150206,normalized,evo,可恶的奸商，等着瞧～～,悪徳商人めっ、待ってなさいよ～～。,悪徳商人めっ、待ってなさいよ〜〜。
52479,mp0000_ev,90132,,90201,89026,8535,ch1070150221,blockwise,evo,怎么样？找到蘑菇了吗？,どうした？キノコが見つかったのかね？,どうした？キノコが見つかったのかね？
52480,mp0000_ev,90134,,90203,89038,8536,ch0010150222,blockwise,evo,找是找到了。,キノコは見つけたわ。,キノコは見つけたわ。
52481,mp0000_ev,90136,,90205,89050,8537,ch1070150223,blockwise,evo,噢，太好了！,おお、そうか！,おお、そうか！
52482,mp0000_ev,90143,,90212,89092,8538,ch0010150224,blockwise,evo,不过，情况和你说的有所不同。,あ、でも、聞いてたのと違うから別のものかも。,あ、でも、聞いてたのと違うから別のものかも。
52483,mp0000_ev,90147,,90216,89116,8539,ch0010150225,blockwise,evo,这个蘑菇……可是会吸引魔兽的。,だってこのキノコ……魔獣を引き寄せるんだもん。,だってこのキノコ……魔獣を引き寄せるんだもん。
52484,mp0000_ev,90149,,90218,89128,8540,ch1070150226,blockwise,evo,唔。,むっ。,むっ。
52485,mp0000_ev,90154,,90223,89158,8541,ch0020150227,blockwise,evo,奥维德先生，您明知这一点，还委托我们去采集吗？,オーヴィッドさんはそれを知ってて依頼したんですか？,オーヴィッドさんはそれを知ってて依頼したんですか？
52486,mp0000_ev,90157,,90226,89176,8542,ch1070150228,blockwise,evo,我、我怎么会知道这种事。,そ、そんなこと私が知るわけがない。,そ、そんなこと私が知るわけがない。
52487,mp0000_ev,90162,,90231,89206,8543,ch1070150229,blockwise,evo,你们游击士的工作不就是处理危险的事情吗！,だいたい君たち遊撃士は危険なことを処理するのが仕事だろ！,だいたい君たちブレイサーは危険なことを処理するのが仕事だろ！
52488,mp0000_ev,90169,,90238,89248,8544,ch0010150230,blockwise,evo,话虽如此，但也要让我们有所准备啊！,こっちだってそれなりの準備ってもんが必要なのよ！,こっちだってそれなりの準備ってもんが必要なのよ！
52489,mp0000_ev,90173,,90242,89272,8545,ch0020150231,blockwise,evo,我们倒无所谓，重点是您的目的。,僕たちのことはいいとして、問題はオーヴィッドさんの目的です。,僕たちのことはいいとして、問題はオーヴィッドさんの目的です。
52490,mp0000_ev,90175,,90244,89284,8546,ch0020150232,blockwise,evo,您打算用这种蘑菇做什么？,このキノコ、何に使うつもりなんですか？,このキノコ、何に使うつもりなんですか？
52491,mp0000_ev,90179,,90248,89308,8547,ch0010150233,blockwise,evo,对呀，这东西都可以当武器使用了。,そーよそーよ、武器みたいなもんじゃない。,そーよそーよ、武器みたいなもんじゃない。
52492,mp0000_ev,90181,,90250,89320,8548,ch0010150234,blockwise,evo,反正你肯定是想用它做坏事吧？,どーせ、悪い事に使うつもりだったんでしょ。,どーせ、悪い事に使うつもりだったんでしょ。
52493,mp0000_ev,90189,,90258,89368,8549,ch1070150235,blockwise,evo,用来做什么……,何に使うって……,何に使うって……
52494,mp0000_ev,90191,,90260,89380,8550,ch1070150236,blockwise,evo,当然是用来制作料理啊。,料理に使うに決まってるだろ。,料理に使うに決まってるだろ。
52495,mp0000_ev,90205,,90274,89440,8551,ch0010150237,blockwise,evo,啊！？,はあ！？,はあ！？
52496,mp0000_ev,90208,,90277,89458,8552,ch0020150238,blockwise,evo,…………料理？,…………料理？,…………料理？
52497,mp0000_ev,90211,,90280,89476,8553,ch0010150239,blockwise,evo,那种危险的蘑菇居然可以吃？,この物騒なキノコを食べるっていうの？,この物騒なキノコを食べるっていうの？
52498,mp0000_ev,90225,,90294,89536,8554,ch1070150240,blockwise,evo,……真是的，你们这些乡下人就是无知。,……ったく、これだから田舎者は困る。,……ったく、これだから田舎者は困る。
52499,mp0000_ev,90227,,90296,89548,8555,ch1070150241,blockwise,evo,经过优秀厨师的精心烹制，越是奇特的食材，越能产生无与伦比的美味。,優れた料理人の手にかかれば特徴ある素材ほど深い味を生み出すもの。,優れた料理人の手にかかれば特徴ある素材ほど深い味を生み出すもの。
52500,mp0000_ev,90230,,90299,89566,8556,ch1070150242,blockwise,evo,从这个角度来说，“荧光菇”正是最有特点的食材。,その観点からするとまさに『ホタル茸』は特徴のかたまり。,その観点からするとまさに『ホタル茸』は特徴のかたまり。
52501,mp0000_ev,90233,,90302,89584,8557,ch1070150243,blockwise,evo,它肯定是最棒的食材！,これぞ究極の食材に違いないのだ！,これぞ究極の食材に違いないのだ！
52502,mp0000_ev,90240,,90309,89626,8558,ch0020150244,blockwise,evo,………………,………………,………………
52503,mp0000_ev,90245,,90314,89656,8559,ch0010150245,blockwise,evo,简单来说，就是奇葩料理吧？,よーするにゲテモノ食いですか。,よーするにゲテモノ食いですか。
52504,mp0000_ev,90252,,90321,89698,8560,ch1070150246,blockwise,evo,哼，吃不到葡萄就说葡萄酸。,ふん、負け犬の遠吠えか。,ふん、負け犬の遠吠えか。
52505,mp0000_ev,90255,,90324,89716,8561,ch1070150247,blockwise,evo,算了，像你们这种平民百姓，一辈子都没机会品尝它。,まあ、君ら庶民には一生味わう機会はないだろうが。,まあ、君ら庶民には一生味わう機会はないだろうが。
52506,mp0000_ev,90258,,90327,89734,8562,ch0010150248,blockwise,evo,……那真是再好不过了。,……だといいんだけど。,……だといいんだけど。
52507,mp0000_ev,90260,,90329,89746,8563,ch0010150249,blockwise,evo,我一辈子都不想吃那种绿色的蘑菇。,そんな緑色のキノコ一生食べたくないわよ。,そんな緑色のキノコ一生食べたくないわよ。
52508,mp0000_ev,90263,,90332,89764,8564,ch0020150250,blockwise,evo,（看上去的确很难吃……）,（確かにマズそう……）,（確かにマズそう……）
52509,mp0000_ev,90270,,90339,89806,8565,ch1070150251,blockwise,evo,好了，我要准备之后的交易了。,さて、私には次の商談の準備がある。,さて、私には次の商談の準備がある。
52510,mp0000_ev,90275,,90344,89836,8566,ch1070150252,blockwise,evo,赶快把蘑菇交给我，然后就回去吧。,大人しくキノコを置いて帰りたまえ。,大人しくキノコを置いて帰りたまえ。
52511,mp0000_ev,90278,,90347,89854,8567,ch0010150253,blockwise,evo,好好好，赶快拿去吧。,えーえー、早く引き取ってください。,えーえー、早く引き取ってください。
52512,mp0000_ev,90299,,90368,89980,8569,ch1070150254,blockwise,evo,嗯，看在这蘑菇的份上，我就原谅你们的无礼了。,ふむ。このキノコに免じて、君らの非礼には目をつぶろう。,ふむ。このキノコに免じて、君らの非礼には目をつぶろう。
52513,mp0000_ev,90302,,90371,89998,8570,ch1070150255,blockwise,evo,报酬会如数支付，尽管感谢我吧。,報酬も約束通り支払うからせいぜい感謝するんだな。,報酬も約束通り支払うからせいぜい感謝するんだな。
52514,mp0000_ev,90305,,90374,90016,8571,ch0010150256,blockwise,evo,哼，那种蘑菇肯定卖不出去。,ふんっ、そんなキノコぜったい売れないんだから。,ふんっ、そんなキノコぜったい売れないんだから。
52515,mp0000_ev,90309,,90378,90040,8572,ch0010150257,blockwise,evo,我们走，约书亚。,行こっ、ヨシュア。,行こっ、ヨシュア。
52516,mp0000_ev,90314,,90383,90070,8573,ch0020150258,blockwise,evo,告辞了。,それでは失礼します。,それでは失礼します。
52517,mp0000_ev,90318,,90387,90094,8574,ch1070150259,blockwise,evo,嗯。,うむ。,うむ。
52518,mp0000_ev,91790,,91859,90704,896,ch0010150454,exact,evo,佛莱迪叔叔说的路灯应该就是这个了吧……,フライディさんの話だとたぶんこの街道灯だと思うんだけど……,フライディさんの話だとたぶんこの街道灯だと思うんだけど……
52519,mp0000_ev,91792,,91861,90716,897,ch0020150455,exact,evo,没错。,そう考えて間違いないと思うよ。,そう考えて間違いないと思うよ。
52520,mp0000_ev,91795,90665,91864,90734,,,unmatched,evo,面板上也写着“第14号路灯”。,パネルにも『第１４街道灯』って書いてある。,
52521,mp0000_ev,91797,,91866,90746,899,ch0010150457,normalized,evo,啊，真的。,あ、ホントだ。,あ、ホントだ。
52522,mp0000_ev,91806,,91875,90800,900,ch0010150458,normalized,evo,好～那我们就赶快把它换好吧。,よ～っし、それじゃあささっと片付けちゃいますか。,よ〜っし、それじゃあささっと片付けちゃいますか。
52523,mp0000_ev,91816,,91885,90860,901,ch0020150459,blockwise,evo,……很可惜，似乎没有那么轻松。,…………残念。そうも行かないみたいだよ。,…………残念。そうも行かないみたいだよ。
52524,mp0000_ev,91819,,91888,90878,902,ch0010150460,blockwise,evo,……哎？,……え？,……え？
52525,mp0000_ev,91853,,91922,91082,903,ch0010150461,blockwise,evo,怎、怎么会有这么多魔兽！？,こ、こんなに魔獣が！？,こ、こんなに魔獣が！？
52526,mp0000_ev,91855,,91924,91094,904,ch0020150462,blockwise,evo,看来这个导力灯确实出现故障了。,やっぱりオーブメント灯が故障してるみたいだね。,やっぱりオーブメント灯が故障してるみたいだね。
52527,mp0000_ev,91862,,91931,91136,905,ch0020150463,blockwise,evo,我们要在阻止魔兽靠近路灯的同时，尽快换上新的导力灯。,とにかく、魔獣を食い止めながら早くオーブメントを交換しないと。,とにかく、魔獣を食い止めながら早くオーブメントを交換しないと。
52528,mp0000_ev,91866,,91935,91160,906,ch0010150464,blockwise,evo,嗯……说得对。,う、うん、そうね。,う、うん、そうね。
52529,mp0000_ev,91868,,91937,91172,907,ch0010150465,blockwise,evo,那么──,それじゃあ……,それじゃあ……
52530,mp0000_ev,91889,,91958,91292,908,ch0010150466,blockwise,evo,魔兽就交给我来解决！,魔獣はあたしに任せて！,魔獣はあたしに任せて！
52531,mp0000_ev,91899,,91968,91352,909,ch0020150467,blockwise,evo,明白了。,了解。,了解。
52532,mp0000_ev,91901,,91970,91364,910,ch0020150468,blockwise,evo,我去打开控制面板，这些魔兽就交给你了。,僕は整備パネルを開くから、それまで頼んだよエステル。,僕は整備パネルを開くから、それまで頼んだよエステル。
52533,mp0000_ev,91904,,91973,91682,939,ch0010150469,blockwise,evo,嗯！交给我吧！,うん！　頼まれた！,うん！　頼まれた！
52534,mp0000_ev,91927,,91996,91496,933,ch0010150491,exact,evo,约书亚，魔兽就交给你了！,魔獣はヨシュアにお任せ！,魔獣はヨシュアにお任せ！
52535,mp0000_ev,91935,,92004,91544,934,ch0020150492,exact,evo,艾丝蒂尔，你真的没问题吗？,エステル、ほんとに大丈夫？,エステル、ほんとに大丈夫？
52536,mp0000_ev,91943,,92012,91592,935,ch0010150493,normalized,evo,真是的～不要操多余的心。,も～、心配性なんだから。,も〜、心配性なんだから。
52537,mp0000_ev,91946,,92015,91610,936,ch0010150494,blockwise,evo,更换导力灯这种小事有什么难的嘛。,オーブメントの交換くらいあたしだってできるわよ。,オーブメントの交換くらいあたしだってできるわよ。
52538,mp0000_ev,91951,,92020,91640,937,ch0020150495,blockwise,evo,明白了。,了解。,了解。
52539,mp0000_ev,91953,,92022,91652,938,ch0020150496,blockwise,evo,那就交给你了。,じゃあ、そっちは頼んだよ。,じゃあ、そっちは頼んだよ。
52540,mp0000_ev,91958,,92027,91682,939,ch0010150469,blockwise,evo,嗯！交给我吧！,うん！　頼まれた！,うん！　頼まれた！
52541,mp0000_ev,94125,,94194,92515,912,ch0010150470,blockwise,evo,呼，知道厉害了吧！,ふうっ、思い知ったか！,ふうっ、思い知ったか！
52542,mp0000_ev,94128,,94197,92533,913,ch0020150471,blockwise,evo,（……干得不错嘛。）,（……ノってるなー。）,（……ノってるなー。）
52543,mp0000_ev,94130,,94199,92545,914,ch0010150472,blockwise,evo,约书亚！你那边的情况如何？,ヨシュア！そっちはどう？,ヨシュア！そっちはどう？
52544,mp0000_ev,94134,,94203,92569,915,ch0020150473,blockwise,evo,正在输入解锁密码。,いま解錠コードを入れてるところ。,いま解錠コードを入れてるところ。
52545,mp0000_ev,94145,,94214,92635,916,ch0020150474,blockwise,evo,嗯……５・４・４・８・１・８。,えーと……５・４・４・８・１・８……と。,えーと……５・４・４・８・１・８……と。
52546,mp0000_ev,94147,,94216,92647,917,ch0010150475,blockwise,evo,我这边已经搞定了，你不用着急，慢慢换吧。,こっちは大丈夫だから、落ち着いて作業しててね。,こっちは大丈夫だから、落ち着いて作業しててね。
52547,mp0000_ev,94155,,94224,92695,918,ch0020150476,blockwise,evo,……好，打开了。,……よし、開いた。,……よし、開いた。
52548,mp0000_ev,94158,,94227,92713,919,ch0020150477,blockwise,evo,然后要更换导力灯……,あとはオーブメントを交換して……,あとはオーブメントを交換して……
52549,mp0000_ev,94169,,94238,92779,920,ch0010150478,blockwise,evo,嘿嘿嘿嘿，斗志昂扬～～～,ふふふふっ、燃えてきたわよ～～～。,ふふふふっ、燃えてきたわよ〜〜〜。
52550,mp0000_ev,94171,,94240,92791,921,ch0010150479,blockwise,evo,来吧！你们这些魔兽！,さあ、来い！　魔獣ども！,さあ、来い！　魔獣ども！
52551,mp0000_ev,94175,,94244,92815,922,ch0020150480,blockwise,evo,久等了，艾丝蒂尔。已经完工了。,お待たせ、エステル。終わったよ。,お待たせ、エステル。終わったよ。
52552,mp0000_ev,94191,,94260,92911,923,ch0010150481,blockwise,evo,……啊？,……はい？,……はい？
52553,mp0000_ev,94193,,94262,92923,924,ch0010150482,blockwise,evo,咦？完工了……？,え？　終わったよって……,え？　終わったよって……
52554,mp0000_ev,94195,,94264,92935,925,ch0010150483,blockwise,evo,难道连导力灯都换好了吗？,まさか、もうオーブメント交換しちゃったの？,まさか、もうオーブメント交換しちゃったの？
52555,mp0000_ev,94198,,94267,92953,926,ch0020150484,blockwise,evo,嗯，魔兽应该不会再来了。,うん、もう魔獣も襲ってこないはずだよ。,うん、もう魔獣も襲ってこないはずだよ。
52556,mp0000_ev,94202,,94271,92977,927,ch0010150485,blockwise,evo,唉，这么快就完了啊。,ちぇっ、もう終わりか。,ちぇっ、もう終わりか。
52557,mp0000_ev,94211,,94280,93031,14450,ch0020150486,blockwise,evo,……………………,……………………,……………………
52558,mp0000_ev,94213,,94282,93043,929,ch0020150487,blockwise,evo,你好像有些扫兴啊。,なんか今くやしがらなかった？,なんか今くやしがらなかった？
52559,mp0000_ev,94221,,94290,93091,930,ch0010150488,blockwise,evo,哈、哈哈哈☆,あ、あははっ☆,あ、あははっ☆
52560,mp0000_ev,94223,,94292,93103,931,ch0010150489,blockwise,evo,错、错觉而已啦。,き、気のせいだってば。,き、気のせいだってば。
52561,mp0000_ev,94226,,94295,93121,932,ch0020150490,blockwise,evo,你可真是的……,まったく君って子は……,まったく君って子は……
52562,mp0000_ev,94232,,94301,93133,940,ch0020150498,blockwise,evo,……全部解决了。,……これで一通り片付いたかな。,……これで一通り片付いたかな。
52563,mp0000_ev,94234,,94303,93145,941,ch0020150499,blockwise,evo,艾丝蒂尔，你那边的情况如何？,エステル、そっちはどう？,エステル、そっちはどう？
52564,mp0000_ev,94237,,94306,93163,942,ch0010150500,blockwise,evo,正要输入控制面板的解锁密码。,これから整備パネルの解錠コードを入れるとこ。,これから整備パネルの解錠コードを入れるとこ。
52565,mp0000_ev,94246,,94315,93217,943,ch0010150501,blockwise,evo,唔～～密码好像是……,うう～～っと、確か解錠コードは……,うう〜〜っと、確か解錠コードは……
52566,mp0000_ev,94261,,94330,93295,944,ch0010150502,blockwise,evo,５・４・５・８・１・８……。,５・４・５・８・１・８……と。,５・４・５・８・１・８……と。
52567,mp0000_ev,94263,,94332,93379,949,ch0010150503,blockwise,evo,……………………………………,……………………………………,……………………………………
52568,mp0000_ev,94265,,94334,93391,950,ch0010150504,blockwise,evo,……………………咦？,……………………あり？,……………………あり？
52569,mp0000_ev,94268,,94337,93409,951,ch0010150505,blockwise,evo,怎么回事～为什么打不开呢～,ちょっと～、なんで開かないのよ～。,ちょっと〜、なんで開かないのよ〜。
52570,mp0000_ev,94278,,94347,93367,948,ch0010150506,blockwise,evo,５・５・４・８・１・８……。,５・５・４・８・１・８……と。,５・５・４・８・１・８……と。
52571,mp0000_ev,94280,,94349,93379,949,ch0010150503,blockwise,evo,……………………………………,……………………………………,……………………………………
52572,mp0000_ev,94282,,94351,93391,950,ch0010150504,blockwise,evo,……………………咦？,……………………あり？,……………………あり？
52573,mp0000_ev,94285,,94354,93409,951,ch0010150505,normalized,evo,怎么回事～为什么打不开呢～,ちょっと～、なんで開かないのよ～。,ちょっと〜、なんで開かないのよ〜。
52574,mp0000_ev,94290,,94359,93421,952,ch0020150510,normalized,evo,（果然……）,（やっぱり。）,（やっぱり。）
52575,mp0000_ev,94306,,94375,93517,953,ch0020150511,exact,evo,哎呀呀，又来了啊……,やれやれ、新手か……,やれやれ、新手か……
52576,mp0000_ev,94328,,94397,93601,989,ch0010150547,exact,evo,５・４・４・８・１・８……。,５・４・４・８・１・８……と。,５・４・４・８・１・８……と。
52577,mp0000_ev,94332,,94401,93625,990,ch0010150548,exact,evo,……好，打开了。,……よしっ、開いた。,……よしっ、開いた。
52578,mp0000_ev,94335,,94404,93643,991,ch0010150549,normalized,evo,嘿嘿嘿㈱我真是过耳不忘！,むふふ㈱あたしってばアタマ良すぎ！,むふふあたしってばアタマ良すぎ！
52579,mp0000_ev,94337,,94406,93655,992,ch0020150550,blockwise,evo,艾丝蒂尔，我这边已经解决了。,エステルこっちはまだ大丈夫だよ。,エステルこっちはまだ大丈夫だよ。
52580,mp0000_ev,94339,,94408,93667,993,ch0020150551,blockwise,evo,你不用着急，慢慢来吧。,だから落ち着いて作業して。,だから落ち着いて作業して。
52581,mp0000_ev,94343,,94412,93691,994,ch0010150552,blockwise,evo,嗯，知道啦。,うん、りょーかい。,うん、りょーかい。
52582,mp0000_ev,94346,,94415,93709,995,ch0010150553,blockwise,evo,接下来，再把导力灯换上去……嗯。,あとはオーブメントを交換して……と。,あとはオーブメントを交換して……と。
52583,mp0000_ev,94350,,94419,95352,996,ch0010150554,blockwise,evo,好了，完成～～♪,はいっ、完成～～♪,はいっ、完成〜〜♪
52584,mp0000_ev,94361,,94430,95442,997,ch0020150530,blockwise,evo,辛苦了，艾丝蒂尔。,お疲れ、エステル。,お疲れ、エステル。
52585,mp0000_ev,94366,,94435,93829,998,ch0020150531,blockwise,evo,魔兽应该不会再来了。,魔獣もいなくなったみたいだよ。,魔獣もいなくなったみたいだよ。
52586,mp0000_ev,94370,,94439,93853,999,ch0010150557,blockwise,evo,呼～～～,ふあ～～～。,ふあ〜〜〜。
52587,mp0000_ev,94372,,94441,93865,1000,ch0010150558,blockwise,evo,这次还真有点紧张呢。,さすがに今回はちょっと緊張しちゃった。,さすがに今回はちょっと緊張しちゃった。
52588,mp0000_ev,94374,,94443,93877,1001,ch0020150559,blockwise,evo,毕竟遇到了突发状况嘛。,状況が状況だったからね。,状況が状況だったからね。
52589,mp0000_ev,94377,,94446,93895,1002,ch0020150560,blockwise,evo,话说回来，真没想到你能记住密码。,でも意外だったよ。エステルが解錠コードを覚えてたなんて。,でも意外だったよ。エステルが解錠コードを覚えてたなんて。
52590,mp0000_ev,94380,,94449,93913,36064,ch0010150561,blockwise,evo,嘿嘿嘿♪,えへへっ♪,えへへっ♪
52591,mp0000_ev,94382,,94451,93925,1004,ch0010150562,blockwise,evo,这也是多亏了那个谐音记忆法吧。,これもあの語呂合わせのおかげかな。,結構デタラメだったんだけど、たまたま合ってたみたい。
52592,mp0000_ev,94390,,94459,93973,1005,ch0020150563,blockwise,evo,“我试试拔一拔！”是吧。,“御用よ、ハイヤー！”、だっけ。,やっぱり。
52593,mp0000_ev,94392,,94461,93985,1006,ch0020150564,blockwise,evo,虽然用词有点奇怪，但确实很容易记住呢。,ワードのチョイスはともあれ、確かに覚えやすかったかもね。,まったく、君って子は……
52594,mp0000_ev,94395,,94464,94003,1007,ch0010150565,blockwise,evo,不管怎么说，反正我们已经达成了委托。,とにかく依頼は達成したんだからそれでいいじゃない。,とにかく依頼は達成したんだからそれでいいじゃない。
52595,mp0000_ev,94398,,94467,94021,1008,ch0020150566,blockwise,evo,哈哈，说得也是。,はは、それはそうだね。,はは、それはそうだね。
52596,mp0000_ev,94402,,94471,94045,1009,ch0020150567,blockwise,evo,好，那我们这就回城吧。,さて、それじゃあ町に戻ろうか。,さて、それじゃあ町に戻ろうか。
52597,mp0000_ev,94404,,94473,94057,1010,ch0020150568,blockwise,evo,然后去向佛莱迪叔叔报告。,フライディさんのところに報告に行かないといけないよ。,フライディさんのところに報告に行かないといけないよ。
52598,mp0000_ev,94408,,94477,95742,1011,ch0010150546,exact,evo,嗯♪　走吧。,うん♪　行こっ。,うん♪　行こっ。
52599,mp0000_ev,95738,,95807,94902,954,ch0010150512,normalized,evo,啊啊～为什么打不开呢！？,ああ～、なんで開かないの！？,ああ〜、なんで開かないの！？
52600,mp0000_ev,95740,,95809,94914,955,ch0010150513,blockwise,evo,我生气了！,もういい加減、アッタマきた！,もういい加減、アッタマきた！
52601,mp0000_ev,95748,,95817,94962,956,ch0010150514,blockwise,evo,既然如此，就用这根棍子把它──,こうなったら実力で……,こうなったら実力で……
52602,mp0000_ev,95755,,95824,95004,957,ch0020150515,blockwise,evo,住手！艾丝蒂尔！,エステル、待った！,エステル、待った！
52603,mp0000_ev,95757,,95826,95016,958,ch0020150516,blockwise,evo,密码是“５４４８１８”！,解錠コードは『５４４８１８』だよ！,解錠コードは『５４４８１８』だよ！
52604,mp0000_ev,95761,,95830,95040,959,ch0010150517,blockwise,evo,…………嗯？,…………え？,…………え？
52605,mp0000_ev,95770,,95839,95094,960,ch0010150518,blockwise,evo,等、等一下！再说一遍！,ちょ、ちょっと待ってもう１回！,ちょ、ちょっと待ってもう１回！
52606,mp0000_ev,95780,,95849,95154,961,ch0020150519,blockwise,evo,５・４・４…………,５・４・４…………,５・４・４…………
52607,mp0000_ev,95783,,95852,95172,962,ch0010150520,blockwise,evo,嗯～５・４・４……,え～と、５・４・４……,え〜と、５・４・４……
52608,mp0000_ev,95785,,95854,95184,963,ch0020150521,blockwise,evo,…………８・１・８。,…………８・１・８,…………８・１・８
52609,mp0000_ev,95787,,95856,95196,964,ch0010150522,blockwise,evo,……８・１・８。,……８・１・８、っと。,……８・１・８、っと。
52610,mp0000_ev,95791,,95860,95220,965,ch0010150523,blockwise,evo,……啊，打开了。,……あ、開いた。,……あ、開いた。
52611,mp0000_ev,95794,,95863,95238,966,ch0010150524,normalized,evo,哼哼❤到了这一步就等于赢了呢。,ふふん❤ここまでくれば勝ったも同然ね。,ふふんここまでくれば勝ったも同然ね。
52612,mp0000_ev,95796,,95865,95250,967,ch0020150525,exact,evo,（很从容啊。）,（余裕あるじゃない。）,（余裕あるじゃない。）
52613,mp0000_ev,95809,,95878,95328,995,ch0010150553,normalized,evo,接下来，就是交换导力器…………,あとは、オーブメントを交換して…………と。,あとはオーブメントを交換して……と。
52614,mp0000_ev,95813,,95882,95352,996,ch0010150554,normalized,evo,好了，完成～～♪,はいっ、完成～～♪,はいっ、完成〜〜♪
52615,mp0000_ev,95816,,95885,95370,971,ch0010150529,normalized,evo,呼～～～这种工作还真累人啊～,ぷあ～～～、今回はしんどかったよ～。,ぷあ〜〜〜、今回はしんどかったよ〜。
52616,mp0000_ev,95828,,95897,95442,997,ch0020150530,blockwise,evo,辛苦了，艾丝蒂尔。,お疲れ、エステル。,お疲れ、エステル。
52617,mp0000_ev,95832,,95901,95466,998,ch0020150531,blockwise,evo,魔兽应该不会再来了。,魔獣もいなくなったみたいだよ。,魔獣もいなくなったみたいだよ。
52618,mp0000_ev,95837,,95906,95496,974,ch0010150532,blockwise,evo,约书亚，抱歉。,ヨシュア、ごめんね。,ヨシュア、ごめんね。
52619,mp0000_ev,95839,,95908,95508,975,ch0010150533,blockwise,evo,都怪我耽误了这么久……,あたしが手間取ったせいで……,あたしが手間取ったせいで……
52620,mp0000_ev,95842,,95911,95526,976,ch0020150534,blockwise,evo,这倒没什么。,僕は大丈夫。,僕は大丈夫。
52621,mp0000_ev,95846,,95915,95550,977,ch0020150535,blockwise,evo,相比之下，路灯没被你打坏，总算让我松了一口气。,それより街道灯が無事でほっとしたよ。,それより街道灯が無事でほっとしたよ。
52622,mp0000_ev,95848,,95917,95562,978,ch0020150536,blockwise,evo,你刚才举起棍子的时候，我真是吓了一大跳。,エステルが棍を構えたときはどうなることかと思ったけど。,エステルが棍を構えたときはどうなることかと思ったけど。
52623,mp0000_ev,95851,,95920,95580,979,ch0010150537,blockwise,evo,那、那只是为了集中精神而摆出的架势啦。,あ、あれは精神統一のために構えただけよ。,あ、あれは精神統一のために構えただけよ。
52624,mp0000_ev,95853,,95922,95592,980,ch0010150538,blockwise,evo,华丽优雅的艾丝蒂尔姐姐怎么会做那种野蛮的事情呢。,この華麗なエステルお姉さんがそんな野蛮なことするわけないじゃない。,この華麗なエステルお姉さんがそんな野蛮なことするわけないじゃない。
52625,mp0000_ev,95856,,95925,95610,981,ch0020150539,blockwise,evo,真的吗？但我却觉得你直到现在都想砸它。,そう？　そのわりには今にも殴りかかりそうに見えたけど。,そう？　そのわりには今にも殴りかかりそうに見えたけど。
52626,mp0000_ev,95858,,95927,95622,982,ch0010150540,blockwise,evo,唔……,むぐっ。,むぐっ。
52627,mp0000_ev,95861,,95930,95640,983,ch0010150541,blockwise,evo,不、不管怎么说，反正我们已经达成了委托。,と、とにかく依頼は達成したんだから。それでいいじゃない。,と、とにかく依頼は達成したんだから。それでいいじゃない。
52628,mp0000_ev,95863,,95932,95652,984,ch0010150542,blockwise,evo,至于细节问题，就没必要计较啦☆,終わり良ければ、ってやつよ。細かいことは気にしない気にしない☆,終わり良ければ、ってやつよ。細かいことは気にしない気にしない☆
52629,mp0000_ev,95870,,95939,95694,985,ch0020150543,blockwise,evo,嗯，好吧。,ま、そういうことにしておくよ。,ま、そういうことにしておくよ。
52630,mp0000_ev,95873,,95942,95712,986,ch0020150544,blockwise,evo,好，那我们这就回城吧。,さて、それじゃあ町に戻ろうか。,さて、それじゃあ町に戻ろうか。
52631,mp0000_ev,95875,,95944,95724,987,ch0020150545,blockwise,evo,然后去向佛莱迪叔叔报告。,フライディさんのところに報告に行かないといけないよ。,フライディさんのところに報告に行かないといけないよ。
52632,mp0000_ev,95878,,95947,95742,1011,ch0010150546,blockwise,evo,嗯♪　走吧。,うん♪　行こっ。,うん♪　行こっ。
52633,mp0000_ev,96912,,96981,96282,7280,ch1130150325,blockwise,evo,那么，训练马上开始。,では、これより訓練を始める。,では、これより訓練を始める。
52634,mp0000_ev,96916,,96985,96306,7281,ch1130150326,blockwise,evo,全体向前五步走！,全員、５歩前進！,全員、５歩前進！
52635,mp0000_ev,96933,,97002,96408,7282,ch1130150327,blockwise,evo,预备！,構えっ！,構えっ！
52636,mp0000_ev,96962,,97031,96582,7283,ch1120150328,blockwise,evo,真无聊……,確かに退屈だったけど……,確かに退屈だったけど……
52637,mp0000_ev,96972,,97041,96642,7284,ch1110150329,blockwise,evo,唔，明知道只是训练……但还是很害怕啊。,く、訓練だって分かってても……やっぱりおっかないよぉ。,く、訓練だって分かってても……やっぱりおっかないよぉ。
52638,mp0000_ev,96978,,97047,96678,7285,ch1130150330,blockwise,evo,现在是训练时间，不要窃窃私语。,訓練中だぞ。私語は慎むように。,訓練中だぞ。私語は慎むように。
52639,mp0000_ev,96987,,97056,96732,7286,ch1130150331,blockwise,evo,要把它当成真正的战斗，全力击败对手！,本当の戦いだと思って真剣に取り組め！,本当の戦いだと思って真剣に取り組め！
52640,mp0000_ev,96996,,97065,96786,7287,ch1130150332,blockwise,evo,艾丝蒂尔、约书亚，你们二位不必手下留情。,エステル君、ヨシュア君、君たちも手加減の必要はないからね。,エステル君、ヨシュア君、君たちも手加減の必要はないからね。
52641,mp0000_ev,97000,,97069,96810,7288,ch0010150333,blockwise,evo,嗯，我原本就没有那个打算☆,うん、最初からそのつもり☆,うん、最初からそのつもり☆
52642,mp0000_ev,97004,,97073,96834,7289,ch0020150334,blockwise,evo,知道了。,わかりました。,わかりました。
52643,mp0000_ev,97006,,97075,96846,7290,ch1110150335,blockwise,evo,呜～,ひえぇぇ。,ひえぇぇ。
52644,mp0000_ev,97017,,97086,96912,7291,ch1130150336,blockwise,evo,开始！,始め！,前へっ！
52645,mp0000_ev,98703,,98772,97436,7311,ch1130150337,blockwise,evo,好，到此为止。,よし、そこまで。,よし、そこまで。
52646,mp0000_ev,98705,,98774,97448,7312,ch1130150338,blockwise,evo,训练结束。,訓練は終わりだ。,訓練は終わりだ。
52647,mp0000_ev,98711,,98780,97484,7294,ch1120150339,blockwise,evo,真疼……,いててて……,いててて……
52648,mp0000_ev,98714,,98783,97502,7295,ch1110150340,blockwise,evo,终、终于结束了……,や、やっと終わった……,や、やっと終わった……
52649,mp0000_ev,98717,,98786,97520,7296,ch0020150341,blockwise,evo,辛苦你们了。,お疲れさまでした。,お疲れさまでした。
52650,mp0000_ev,98728,,98797,97586,7297,ch0010150342,blockwise,evo,唉，太丢人了。,まったくもー、情けないなぁ。,まったくもー、情けないなぁ。
52651,mp0000_ev,98733,,98802,97616,7298,ch0010150343,blockwise,evo,你们真的是军人吗？,ホントに兵隊さんなの？,ホントに兵隊さんなの？
52652,mp0000_ev,98737,,98806,97640,7299,ch1120150344,blockwise,evo,少、少啰嗦。,う、うるさいなぁ。,う、うるさいなぁ。
52653,mp0000_ev,98741,,98810,97664,7300,ch1120150345,blockwise,evo,别把我和你这种野丫头放在一起比较！,君みたいな野生児と一緒にしないでくれ！,君みたいな野生児と一緒にしないでくれ！
52654,mp0000_ev,98744,,98813,97682,7301,ch0010150346,blockwise,evo,野、野丫头～～！？,や、野生児ですってぇ～～！？,や、野生児ですってぇ〜〜！？
52655,mp0000_ev,98748,,98817,97706,7302,ch1130150347,blockwise,evo,斯科特，别说了。训练已经结束了。,スコット、やめるんだ。訓練はもう終わったんだぞ。,スコット、やめるんだ。訓練はもう終わったんだぞ。
52656,mp0000_ev,98761,,98830,97784,7303,ch0020150348,blockwise,evo,艾丝蒂尔，你也冷静一点。,エステルも落ち着いて。,エステルも落ち着いて。
52657,mp0000_ev,98765,,98834,97808,7304,ch0010150349,blockwise,evo,唔～～～,うう～～～。,うう〜〜〜。
52658,mp0000_ev,98780,,98849,98588,7322,ch1130150350,blockwise,evo,……斯科特、哈罗德。,……スコット、ハロルド。,……スコット、ハロルド。
52659,mp0000_ev,98783,,98852,97916,7306,ch1130150351,blockwise,evo,你们不妨将艾丝蒂尔刚才说的话当作普通市民的心声。,さっきのエステル君の言葉は市民の正直な気持ちだと思うぞ。,さっきのエステル君の言葉は市民の正直な気持ちだと思うぞ。
52660,mp0000_ev,98785,,98854,97928,7307,ch1130150352,blockwise,evo,以你们现在的能力，真的能保护好市民吗？,本当に市民を守ることができるのか……,本当に市民を守ることができるのか……
52661,mp0000_ev,98787,,98856,97940,7308,ch1130150353,blockwise,evo,回去之后，一定要认真想想这个问题。,真剣に自分を見直してみる必要があるようだな。,真剣に自分を見直してみる必要があるようだな。
52662,mp0000_ev,98801,,98870,98024,7309,ch1120150354,blockwise,evo,……………………,……………………,……………………
52663,mp0000_ev,98804,,98873,98042,7310,ch1110150355,blockwise,evo,…………好、好的。,…………は、はい。,…………は、はい。
52664,mp0000_ev,98832,,98901,98186,7311,ch1130150337,blockwise,evo,好，到此为止。,よし、そこまで。,よし、そこまで。
52665,mp0000_ev,98834,,98903,98198,7312,ch1130150338,blockwise,evo,训练结束。,訓練は終わりだ。,訓練は終わりだ。
52666,mp0000_ev,98842,,98911,98246,7313,ch0010150358,blockwise,evo,好疼…………,あいたた…………,あいたた…………
52667,mp0000_ev,98848,,98917,98282,7314,ch0020150359,blockwise,evo,我们输了。,負けちゃったか。,負けちゃったか。
52668,mp0000_ev,98855,,98924,98324,7315,ch0020150360,blockwise,evo,有点大意啊……,ちょっと油断してたね……,ちょっと油断してたね……
52669,mp0000_ev,98862,,98931,98366,7316,ch1110150361,blockwise,evo,呼……呼……呼……终、终于结束了。,はあはあはあ……や、やっと終わった。,はあはあはあ……や、やっと終わった。
52670,mp0000_ev,98864,,98933,98378,7317,ch1120150362,blockwise,evo,我已经连走路的力气都没有了。,もう歩く元気も残ってないよ。,もう歩く元気も残ってないよ。
52671,mp0000_ev,98868,,98937,98402,7318,ch1130150363,blockwise,evo,斯科特，这叫什么话。,スコット、なにを言っている。,スコット、なにを言っている。
52672,mp0000_ev,98875,,98944,98444,7319,ch1130150364,blockwise,evo,如果这是真正的战斗，下一批敌人很快就该出现了。,これが本当の戦いならもう次の敵が現れてるころだぞ。,これが本当の戦いならもう次の敵が現れてるころだぞ。
52673,mp0000_ev,98885,,98954,98504,7320,ch1120150365,blockwise,evo,…………………………,…………………………,…………………………
52674,mp0000_ev,98889,,98958,98528,7321,ch1110150366,blockwise,evo,…………说、说得也是啊。,…………そ、そうですね。,…………そ、そうですね。
52675,mp0000_ev,98899,,98968,98588,7322,ch1130150350,blockwise,evo,……斯科特、哈罗德。,……スコット、ハロルド。,……スコット、ハロルド。
52676,mp0000_ev,98902,,98971,98606,7323,ch1130150368,blockwise,evo,以你们现在的能力，真的能保护好市民吗？,自分たちが本当に市民を守ることができるのか……,自分たちが本当に市民を守ることができるのか……
52677,mp0000_ev,98905,,98974,98624,7324,ch1130150369,blockwise,evo,回去之后，一定要好好反思一下。,自分自身に問い直す必要があるようだな。,自分自身に問い直す必要があるようだな。
52678,mp0000_ev,98909,,98978,98648,7325,ch1120150370,blockwise,evo,对、对不起。,す、すみません。,す、すみません。
52679,mp0000_ev,98913,,98982,98672,7326,ch1130150371,blockwise,evo,嗯，不要忘记今天的训练，今后要以此为动力，继续努力完成任务。,うむ。今日のことを忘れずこれからの任務に励むように。,うむ。今日のことを忘れずこれからの任務に励むように。
52680,mp0000_ev,100107,,100176,99180,2659,ch1090150612,normalized,evo,真是的～到底跑到哪里了～,ほんとにもう～、どうしましょう～。,ほんとにもう〜、どうしましょう〜。
52681,mp0000_ev,100112,,100181,99210,2660,ch1090150613,normalized,evo,唉～～尤基士还没到呀～,ああ～～、ブレイサーさんはまだかしら～。,ああ〜〜、ブレイサーさんはまだかしら〜。
52682,mp0000_ev,100115,,100184,99228,2661,ch0010150614,vector_search (0.99),evo,阿姨，你在等游击士吗？,おばさん、遊撃士を待ってるの？,おばさん、遊撃士（ブレイサー ）を待ってるの？
52683,mp0000_ev,100118,,100187,99246,2662,ch1090150615,normalized,evo,嗯，是啊～～,ええ、そうなのよ～～。,ええ、そうなのよ〜〜。
52684,mp0000_ev,100125,,100194,99288,2663,ch1090150616,normalized,evo,哎呀～～？难道你就是？,あら～？そういうあなたはひょっとして？,あら〜？そういうあなたはひょっとして？
52685,mp0000_ev,100129,,100198,99312,2664,ch0010150617,exact,evo,嗯♪我就是游击士。,うん♪　ブレイサーだよ。,うん♪　ブレイサーだよ。
52686,mp0000_ev,100133,,100202,99336,2665,ch1090150618,normalized,evo,难道～那边那位也是～？,まさか～、そこのボクも～？,まさか〜、そこのボクも〜？
52687,mp0000_ev,100137,,100206,99360,2666,ch0020150619,exact,evo,嗯，我也是。,はい、僕もそうですけど。,はい、僕もそうですけど。
52688,mp0000_ev,100140,,100209,99378,2667,ch1090150620,normalized,evo,哎呀呀，阿姨吓到了～☆,あらあら、おばさんびっくり～☆,あらあら、おばさんびっくり〜☆
52689,mp0000_ev,100142,,100211,99390,2668,ch1090150621,normalized,evo,最近叫做尤基士的人好像很多呢～～,ブレイサーさんっていうお名前、最近は多いのかしらね～～。,ブレイサーさんっていうお名前、最近は多いのかしらね〜〜。
52690,mp0000_ev,100144,,100213,99402,2669,ch0010150622,vector_search (1.00),evo,？？？,？？？,？？？
52691,mp0000_ev,100148,,100217,99426,2670,ch1090150623,normalized,evo,哎呀，你们好像是姐弟嘛～,あら、それともご姉弟なのかしら～。,あら、それともご姉弟なのかしら〜。
52692,mp0000_ev,100151,,100220,99444,2671,ch1090150624,normalized,evo,对呀，对呀～～有相同的名字的一般就是一家人的嘛～,そうそう、そうよね～～、同じお名前なら、普通はご家族よね～。,そうそう、そうよね〜〜、同じお名前なら、普通はご家族よね〜。
52693,mp0000_ev,100156,,100225,99474,2672,ch0010150625,exact,evo,嗯……可以说是姐弟没错啦……,えと……まあ、姉弟みたいなものだけど……,えと……まあ、姉弟みたいなものだけど……
52694,mp0000_ev,100166,,100235,99534,2673,ch0020150626,vector_search (0.99),evo,（……艾丝蒂尔，  这位阿姨好像不知道什么是游击士啊。）,（……エステル、もしかしてこの人、  遊撃士のことを知らないのかも。）,（……エステル、もしかしてこの人、遊撃士（ブレイサー）のことを知らないのかも。）
52695,mp0000_ev,100168,,100237,99546,2674,ch0020150627,normalized,evo,（她好像把游击士这个词的读音  当作人的名字了啊。）,（どうもブレイサーって言葉を  人の名前と勘違いしてるみたいだよ。）,（どうもブレイサーって言葉を人の名前と勘違いしてるみたいだよ。）
52696,mp0000_ev,100170,,100239,99558,2675,ch0010150628,normalized,evo,（…………不、不会吧～）,（…………う、うそでしょ～。）,（…………う、うそでしょ〜。）
52697,mp0000_ev,100183,,100252,99636,2676,ch1090150629,normalized,evo,哎呀～～你们两个在唧唧喳喳的说些什么呢～～？,もお～～、なに２人でコソコソお喋りしてるの～～？,もお〜〜、なに２人でコソコソお喋りしてるの〜〜？
52698,mp0000_ev,100186,,100255,99654,2677,ch0020150630,blockwise,evo,（有些麻烦啊，只有顺着她的话说了。）,（面倒だから、ここは話を合わせよう。）,（面倒だから、ここは話を合わせよう。）
52699,mp0000_ev,100189,,100258,99672,2678,ch0010150631,blockwise,evo,（……知道～了。）,（……りょーかい。）,（……りょーかい。）
52700,mp0000_ev,100194,,100263,99702,2679,ch0020150632,blockwise,evo,是这样，您有什么困难吗……,それで、なにかお困りの様子ですけど……,それで、なにかお困りの様子ですけど……
52701,mp0000_ev,100201,,100270,99744,2680,ch1090150633,normalized,evo,哎呀～这孩子看上去这么可爱，没想到洞察力这么敏锐呢～～,あら～、ボクったらカワイイお顔して意外と察しがいいんだから～～。,あら〜、ボクったらカワイイお顔して意外と察しがいいんだから〜〜。
52702,mp0000_ev,100203,,100272,99756,2681,ch1090150634,normalized,evo,男孩子果然就是用心啊～～,オトコの子はやっぱり気配りよね～～。,オトコの子はやっぱり気配りよね〜〜。
52703,mp0000_ev,100205,,100274,99768,2682,ch0010150635,exact,evo,……阿姨，您到底有没有困难？,……おばさん、ほんとに困ってる？,……おばさん、ほんとに困ってる？
52704,mp0000_ev,100208,,100277,99786,2683,ch1090150636,normalized,evo,啊，对了对了。说实话啊～我真的好苦恼的哦～～,ああ～、そうそう。そうなのよ～実はとても困っているのよ～～。,ああ〜、そうそう。そうなのよ〜実はとても困っているのよ〜〜。
52705,mp0000_ev,100210,,100279,99798,2684,ch1090150637,normalized,evo,我家的安莉尔到现在还没有回来啊～～,うちのアリルちゃんが帰ってこなくなっちゃったのよ～～。,うちのアリルちゃんが帰ってこなくなっちゃったのよ〜〜。
52706,mp0000_ev,100213,,100282,99816,2685,ch1090150638,normalized,evo,我只不过在咖啡厅小睡了一觉，就那么一不留神，它就不见了～～,うっかりカフェで居眠りしてたらいなくなっちゃったのよね～～。,うっかりカフェで居眠りしてたらいなくなっちゃったのよね〜〜。
52707,mp0000_ev,100216,,100285,99834,2686,ch0010150639,exact,evo,安莉尔？,アリルちゃんって？,アリルちゃんって？
52708,mp0000_ev,100220,,100289,99858,2687,ch1090150640,normalized,evo,是小猫呀～好可爱的小猫呢～～,子猫ちゃんなのよ～。カっワイイんだから～～。,子猫ちゃんなのよ〜。カっワイイんだから〜〜。
52709,mp0000_ev,100222,,100291,99870,2688,ch1090150641,normalized,evo,而且不仅是外表可爱，内心也好温顺的哦～～,あ、でもでもお顔だけじゃなく性格もいいのよ～～。,あ、でもでもお顔だけじゃなく性格もいいのよ〜〜。
52710,mp0000_ev,100230,,100299,99918,2689,ch0020150642,exact,evo,是什么颜色的小猫呢？,その子猫の毛色は、何色ですか？,その子猫の毛色は、何色ですか？
52711,mp0000_ev,100234,,100303,99942,2690,ch1090150643,normalized,evo,嗯～让我想想啊～～,う～～ん、そうね～。,う〜〜ん、そうね〜。
52712,mp0000_ev,100238,,100307,99966,2691,ch1090150644,normalized,evo,秋天夕阳照耀下的小麦田的颜色哦～,秋の夕陽に照らされた小麦畑みたいな色かも～。,秋の夕陽に照らされた小麦畑みたいな色かも〜。
52713,mp0000_ev,100240,,100309,99978,2692,ch0020150645,exact,evo,……小麦色，对吗？,……小麦色、ってことかな？,……小麦色、ってことかな？
52714,mp0000_ev,100245,,100314,100008,2693,ch1090150646,normalized,evo,它可能正在外面到处乱跑呢，拜托你们帮我把它捉回来好吗～～,たぶん、お外を走り回ってると思うからもし見つけたらよろしくね～～。,たぶん、お外を走り回ってると思うからもし見つけたらよろしくね〜〜。
52715,mp0000_ev,100249,,100318,100032,2694,ch0020150647,exact,evo,我明白了，首先从咖啡厅周围开始找吧。,分かりました。まずは屋外を探してみます。,分かりました。まずは屋外を探してみます。
52716,mp0000_ev,100252,,100321,100050,2695,ch0020150648,exact,evo,一旦找到了，我们就会回来告诉您的。,では、見つけたらまた報告に来ますから。,では、見つけたらまた報告に来ますから。
52717,mp0000_ev,100258,,100327,100086,2696,ch1090150649,normalized,evo,阿姨就在这里等着你们哦～,おばさんはここで待ってるわ～。,おばさんはここで待ってるわ〜。
52718,mp0000_ev,100263,,100332,100116,2697,ch1090150650,normalized,evo,拜托了啊，尤基士。,よろしくね～、ブレイサーさん。,よろしくね〜、ブレイサーさん。
52719,mp0000_ev,100769,,100838,100600,2736,ch0010150701,blockwise,evo,啊！,あっ！,あっ！
52720,mp0000_ev,100790,,100859,100726,2737,ch0010150702,blockwise,evo,约书亚，刚才那只小猫……,ヨシュア、今のネコ……,ヨシュア、今のネコ……
52721,mp0000_ev,100793,,100862,100744,2734,ch0020150703,blockwise,evo,似乎就是那位阿姨要找的小猫呢。,あのおばさんが探してたネコみたいだね。,あのおばさんが探してたネコみたいだね。
52722,mp0000_ev,100796,,100865,100762,2739,ch0010150704,blockwise,evo,绝对错不了啦，快追上它！,間違いないわ。早く追いかけなきゃ！,間違いないわ。早く追いかけなきゃ！
52723,mp0000_ev,101441,,101510,101134,2740,ch0010150709,exact,evo,呀！是那只小猫！,あ！　あのネコだっ！,あ！　あのネコだっ！
52724,mp0000_ev,101467,,101536,101290,2741,ch0010150710,normalized,evo,你给我站住～～！,待ちなさ～～い！,待ちなさ〜〜い！
52725,mp0000_ev,101488,,101557,101416,2742,ch0020150711,blockwise,evo,呼～怎么感觉和帕赛尔农场的情形差不多……,ふう、パーゼル農園でもそうだったけど……,ふう、パーゼル農園でもそうだったけど……
52726,mp0000_ev,101490,,101559,101428,2743,ch0020150712,blockwise,evo,为什么最近总是在追过来赶过去的。,何だか最近追いかけてばかりだね。,何だか最近追いかけてばかりだね。
52727,mp0000_ev,102367,,102436,101847,2750,ch0010150719,blockwise,evo,呀！是那只小猫！,あっ、あのネコ！,あっ、あのネコ！
52728,mp0000_ev,102379,,102448,101919,11294,ch0020150714,blockwise,evo,艾丝蒂尔，慢着。,エステル、ちょっと待って。,エステル、ちょっと待って。
52729,mp0000_ev,102384,,102453,101949,2752,ch0020150715,blockwise,evo,它或许是……,あの子はもしかして……,あの子はもしかして……
52730,mp0000_ev,102395,,102464,102015,2753,ch0010150722,blockwise,evo,啊，它要逃走了！,あー、逃げちゃうよ！,あー、逃げちゃうよ！
52731,mp0000_ev,102443,,102512,102303,2754,ch0010150717,blockwise,evo,去了教堂吧。现在要赶紧追上！,教会の方に行ったわね。とにかく今は追いかけないとっ！,教会の方に行ったわね。とにかく今は追いかけないとっ！
52732,mp0000_ev,102452,,102521,102357,2755,ch0020150718,blockwise,evo,唉……,やれやれ……,やれやれ……
52733,mp0000_ev,103401,,103470,102814,2756,ch0020150745,blockwise,evo,……所以。,……というわけなんです。,……というわけなんです。
52734,mp0000_ev,103411,,103480,102874,2757,ch0020150746,blockwise,evo,我觉得安莉尔本来就在回来的路上。,たぶんアリルは、おばさんのところに帰る途中だったんだと思います。,たぶんアリルは、おばさんのところに帰る途中だったんだと思います。
52735,mp0000_ev,103413,,103482,102886,2758,ch0020150747,blockwise,evo,因为它走的方向就是往咖啡厅来的。,いつもこのカフェの方に向かって歩いてましたから。,いつもこのカフェの方に向かって歩いてましたから。
52736,mp0000_ev,103415,,103484,102898,2759,ch0010150748,blockwise,evo,啊……这么说还真是……,あ……確かに、言われてみれば……,あ……確かに、言われてみれば……
52737,mp0000_ev,103419,,103488,102922,2760,ch0020150749,blockwise,evo,搞不好是我们害它无法按时回来……,もしかすると、僕たちのせいで、逆に帰りが遅くなってしまったかも……,もしかすると、僕たちのせいで、逆に帰りが遅くなってしまったかも……
52738,mp0000_ev,103428,,103497,102976,2761,ch1090150750,normalized,evo,不是呀～没这回事的～～,うう～ん、そんなことないわ～～。,うう〜ん、そんなことないわ〜〜。
52739,mp0000_ev,103431,,103500,102994,2762,ch1090150751,normalized,evo,你们把它平安带回来了～我非常感谢你们～,無事に連れてきてくれたんですもの～。ほんとに感謝しているわ～。,無事に連れてきてくれたんですもの〜。ほんとに感謝しているわ〜。
52740,mp0000_ev,103433,,103502,103006,2763,ch1090150752,normalized,evo,特别是这位尤基士君，阿姨被你彻底迷住了呢～,特に、そっちのブレイサー君にはおばさんもうメロメロよ～。,特に、そっちのブレイサー君にはおばさんもうメロメロよ〜。
52742,mp0000_ev,103452,,103521,103120,2765,ch0020150754,exact,evo,谢、谢谢。,あ、ありがとうございます。,あ、ありがとうございます。
52743,mp0000_ev,103455,,103524,103138,2766,ch0010150755,exact,evo,（喔，慌了，慌了。）,（お、あせってる、あせってる。）,（お、あせってる、あせってる。）
52744,mp0000_ev,103463,,103532,103186,2767,ch1090150756,normalized,evo,呵呵。阿姨要动真心了哦～～㈱,くすっ。おばさん、本気になっちゃうぞ～～㈱,くすっ。おばさん、本気になっちゃうぞ〜〜❤
52745,mp0000_ev,103466,,103535,103204,2768,ch0020150757,exact,evo,对、对不起，我们要回协会报告……,す、すみませんけど、そろそろギルドに報告に行かないと……,す、すみませんけど、そろそろギルドに報告に行かないと……
52746,mp0000_ev,103470,,103539,103228,2769,ch0020150758,exact,evo,告、告辞了！,し、失礼します！,し、失礼します！
52747,mp0000_ev,103491,,103560,103354,2770,ch0010150759,normalized,evo,多谢惠顾～～,それじゃ、まいど～～。,それじゃ、まいど〜〜。
52748,mp0000_ev,103496,,103565,103384,2771,ch1090150760,normalized,evo,呵呵～㈱再见啦～～～～,うふふ～㈱まったね～～～～。,うふふ〜まったね〜〜〜〜。
52749,mp0000_ev,106254,103835,106323,103904,,,unmatched,evo,……咦？这不是艾丝蒂尔和约书亚吗。,……あれ？エステルとヨシュアじゃない。,
52750,mp0000_ev,106258,103859,106327,103928,,,unmatched,evo,怎么了～？拿着旅行包。,どうしたの～？荷物なんか持って。,
52751,mp0000_ev,106261,103877,106330,103946,,,unmatched,evo,其实呢……,実はね……,
52752,mp0000_ev,106272,103943,106341,104012,,,unmatched,evo,约书亚说明了要去柏斯的事。,ヨシュアはボースへ行くことを説明した。,
52753,mp0000_ev,106277,,106346,104042,15812,ch0010040309,normalized,evo,这样啊……,そうなんだ……,そうなんだ……
52754,mp0000_ev,106279,103985,106348,104054,,,unmatched,evo,那确实让人担心呢。你们还是赶紧去吧～,それは心配だよね。急いで行ったほうがいいよ～。,
52755,mp0000_ev,106283,104009,106352,104078,,,unmatched,evo,在这里等着的确不像是艾丝蒂尔的作风。,待つのは確かにエステルの性分じゃないもんね。,
52756,mp0000_ev,106291,104057,106360,104126,,,unmatched,evo,啊哈哈……嗯，那我们出发了。,あはは……うん、行ってくるね。,
52757,mp0000_ev,106297,104093,106366,104162,,,unmatched,evo,……伊莉莎你也有什么事吗？,……エリッサの方も、なにかあった？,
52758,mp0000_ev,106300,104111,106369,104180,,,unmatched,evo,感觉你好像有点没精神？,なんとなくだけど、ちょっと元気がないような？,
52759,mp0000_ev,106304,104135,106373,104204,,,unmatched,evo,是啊……难道你有什么烦心事吗？,そうだね……もしかして、悩み事でもあるの？,
52760,mp0000_ev,106313,104189,106382,104258,,,unmatched,evo,什么都瞒不过你们俩啊。,二人にはお見通しかぁ。,
52761,mp0000_ev,106316,104207,106385,104276,,,unmatched,evo,嗯……其实我正在烦恼呢～,うん……実はちょっと悩んでるの～。,
52762,mp0000_ev,106318,104219,106387,104288,,,unmatched,evo,是关于我们店《亚班特酒馆》新菜品的构思。,うちの店《アーベント》の新メニューの案出しについてね。,
52763,mp0000_ev,106326,104267,106395,104336,,,unmatched,evo,《亚班特酒馆》的新菜品！？,《アーベント》の新メニュー！？,
52764,mp0000_ev,106330,104291,106399,104360,,,unmatched,evo,你们总是不知不觉就增加了新菜，而且每道都很美味呢。,いつも気付いたら増えてるけど、どれも美味しいのよね。,
52765,mp0000_ev,106333,104309,106402,104378,,,unmatched,evo,不愧是雪拉姐，毕竟是常客嘛。,さすがはシェラさん、常連客ですもんね。,
52766,mp0000_ev,106345,104381,106414,104450,,,unmatched,evo,一直以来承蒙您的关照～,いつもありがとうございます～。,
52767,mp0000_ev,106350,104411,106419,104480,,,unmatched,evo,那个，让我稍微说明一下……,えっとね、ちょっと説明させてもらうと……,
52768,mp0000_ev,106353,104429,106422,104498,,,unmatched,evo,我们店的新菜品是全体员工先提出自己的料理。,新メニューの案は従業員全員で出し合ってるんだ。,
52769,mp0000_ev,106355,104441,106424,104510,,,unmatched,evo,然后再大家一起评论，选出最好的料理～,そこから、一番いいメニューを全員で審査して決めてるの～。,
52770,mp0000_ev,106359,104465,106428,104534,,,unmatched,evo,之前我一直是作为帮手在旁边看着……,今まで私は、お手伝いとして見守ってきてたけど……,
52771,mp0000_ev,106361,104477,106430,104546,,,unmatched,evo,但从这次开始，我要以员工的身分参与提案了～,今回から従業員として、案出しに参加する事になったんだ～。,
52772,mp0000_ev,106364,104495,106433,104564,,,unmatched,evo,哇～好厉害！你已经想好要提出什么料理了吗？,へ～すごいじゃない！メニューの案はもう考えてあるの？,
52773,mp0000_ev,106375,104561,106444,104630,,,unmatched,evo,嗯，因为我喜欢甜食，所以打算做甜点类的。,うん、甘い物が好きだからスイーツ系にしようと思ってるんだ。,
52774,mp0000_ev,106377,104573,106446,104642,,,unmatched,evo,甜点菜单的品种比较少，我觉得正好一举两得呢～,スイーツメニューは品数が少ないから、一石二鳥かなと思ってね～。,
52775,mp0000_ev,106381,104597,106450,104666,,,unmatched,evo,顺带一提，爸爸妈妈正在研究新的面条酱汁……,ちなみに、お父さんとお母さんは新しいパスタソースを考えてて……,
52776,mp0000_ev,106383,104609,106452,104678,,,unmatched,evo,福克纳先生好像在研究下酒菜。,フォークナーさんはお酒のおつまみを考えてるみたい。,
52777,mp0000_ev,106398,104699,106467,104768,,,unmatched,evo,下酒菜！？,酒のつまみですって！？,
52778,mp0000_ev,106401,104717,106470,104786,,,unmatched,evo,能不能也让我参与评论呢。我会给出严格的评价喔。,あたしも審査に加われないかしら。辛口で評価してあげるわよ。,
52779,mp0000_ev,106413,104789,106482,104858,,,unmatched,evo,雪拉姐……别把话题岔开了。,シェラさん……話が脱線しちゃいますから。,
52780,mp0000_ev,106426,104867,106495,104936,,,unmatched,evo,不过伊莉莎，既然你都想到这个程度了，应该没什么好烦恼的吧？,でもエリッサ、そこまで決まってるなら悩む事は無さそうだけど？,
52781,mp0000_ev,106431,104897,106500,104966,,,unmatched,evo,嗯，可是呢……,うーん、それがねぇ……,
52782,mp0000_ev,106433,104909,106502,104978,,,unmatched,evo,要想得到爸爸他们的认可，普通的甜点是不行的。,お父さん達に認めてもらうためには、普通のスイーツじゃ駄目だと思うんだ。,
52783,mp0000_ev,106437,104933,106506,105002,,,unmatched,evo,我虽然不太会表达，但不能只是好吃就行……,上手く言えないんだけど、ただ美味しければいいんじゃなくて……,
52784,mp0000_ev,106439,104945,106508,105014,,,unmatched,evo,或许《亚班特酒馆》的特色才是最重要的……,《アーベント》らしさが大事なのかな……なんて思ってね～。,
52785,mp0000_ev,106447,104993,106516,105062,,,unmatched,evo,《亚班特酒馆》的特色……听起来好难懂啊。,《アーベント》らしさ……なんだか難しい話ねぇ。,
52786,mp0000_ev,106450,105011,106519,105080,,,unmatched,evo,所以才烦恼的吧。,それで悩んでるってことか。,
52787,mp0000_ev,106453,105029,106522,105098,,,unmatched,evo,嗯，就是这样～越想越不明白了……,うん、そうなの～。考えるほど分からなくなっちゃって……,
52788,mp0000_ev,106464,105095,106533,105164,,,unmatched,evo,《亚班特酒馆》的特色吗。我马上能想到的是……,《アーベント》らしさか。ぱっと思いつく所で言うと……,
52789,mp0000_ev,106468,105119,106537,105188,,,unmatched,evo,我记得，你们特别讲究食材的质量吧？,確か、特に食材についてこだわっているのよね？,
52790,mp0000_ev,106480,105191,106549,105260,,,unmatched,evo,啊……！没错呢～,あ……！　そうなんですよ～。,
52791,mp0000_ev,106482,105203,106551,105272,,,unmatched,evo,我们店的卖点就是大量使用本地的帕赛尔农场的食材。,うちは、地元のパーゼル農園の食材をふんだんに使ってる所がウリなんです。,
52792,mp0000_ev,106484,105215,106553,105284,,,unmatched,evo,这次的甜点，我也打算使用农场的食材。,新メニューのスイーツについても、農園の食材を使おうと思ってました。,
52793,mp0000_ev,106494,105275,106563,105344,,,unmatched,evo,他们的蔬菜、蛋、鲜奶全都很美味呢～！,野菜に卵、ミルクなんかも全部美味しいもんね～！,
52794,mp0000_ev,106498,105299,106567,105368,,,unmatched,evo,而且离洛连特也很近，感觉能进到新鲜的食材呢。,ロレントとも近いから、新鮮なものが仕入れられるみたいだね。,
52795,mp0000_ev,106510,105371,106579,105440,,,unmatched,evo,这样啊……太理所当然了，我都没有深入考虑过～,そっか……当たり前すぎて深く考えたことは無かったな～。,
52796,mp0000_ev,106514,105395,106583,105464,,,unmatched,evo,帕赛尔农场……嗯，我觉得那里会有灵感！,パーゼル農園……うん、そこにヒントがある気がするかも！,
52797,mp0000_ev,106516,105407,106585,105476,,,unmatched,evo,去农场帮忙，直接接触食材也许会不错呢～,農園のお手伝いとかして、直接触ってみるのも良さそうかもね～。,
52798,mp0000_ev,106526,105467,106595,105536,,,unmatched,evo,好，就这么决定了！我们现在就出发吧！,よーし、決まりね！今から行っちゃおうよ！,
52799,mp0000_ev,106529,105485,106598,105554,,,unmatched,evo,哎！？,えっ！？,
52800,mp0000_ev,106532,105503,106601,105572,,,unmatched,evo,要把握时机嘛！我们送你去农场。,善は急げってヤツよ！農園まであたし達が送ってあげるわ。,
52801,mp0000_ev,106536,105527,106605,105596,,,unmatched,evo,而且如果是去农场帮忙的话，缇欧一定会很高兴地欢迎你的。,それに農園の手伝いなら、ティオなら喜んで歓迎してくれるでしょ。,
52802,mp0000_ev,106544,105575,106613,105644,,,unmatched,evo,虽、虽然可能是这样……但艾丝蒂尔你们不是在赶路吗～？,そ、それはそうかもしれないけど……エステル達は先を急いでるはずでしょ～？,
52803,mp0000_ev,106547,105593,106616,105662,,,unmatched,evo,嗯……但是朋友有烦恼，而我们又能帮上忙，怎么能置之不理呢。,うん……でも、友達が悩んでて力になれそうなのに放っておけないわよ。,
52804,mp0000_ev,106551,,106620,105686,52832,ch0010140904,normalized,evo,喂，约书亚。,ね、ヨシュア。,ね、ヨシュア。
52805,mp0000_ev,106555,105641,106624,105710,,,unmatched,evo,嗯，我也不想在离开前留下遗憾。,うん、旅立つにあたって心残りは残したくないからね。,
52806,mp0000_ev,106567,105713,106636,105782,,,unmatched,evo,雪拉姐，虽然要绕点路……,シェラさん、少し寄り道になりますけど……,
52807,mp0000_ev,106572,105743,106641,105812,,,unmatched,evo,嗯，既然都这样了就帮到底吧。,ええ、乗りかかった船ってやつだしね。,
52808,mp0000_ev,106576,105767,106645,105836,,,unmatched,evo,毕竟，帮助有困难的人就是游击士的工作嘛。,なんたって、困っている人の力になるのが遊撃士の仕事だもの。,
52809,mp0000_ev,106587,105833,106656,105902,,,unmatched,evo,连雪拉扎德小姐都这么说，真是太感谢了～！,シェラザードさんまで、ありがとうございます～！,
52810,mp0000_ev,106599,105905,106668,105974,,,unmatched,evo,我现在就能去农场，艾丝蒂尔你们没问题吗？,私は今すぐ農園に向かえるけど、エステル達の方は大丈夫かな？,
52811,mp0000_ev,106608,105935,106677,106004,,,unmatched,evo,我现在就能去农场，艾丝蒂尔你们没问题吗～？,私は今から農園に向かえるけど、エステル達の方は大丈夫かな～？,
52812,mp0000_ev,106633,106037,106702,106106,,,unmatched,evo,啊，不好意思，能稍微等我们一下吗？,あっゴメン、ちょっとだけ待ってもらえる？,
52813,mp0000_ev,106636,,106705,106124,42873,ch0010180300,normalized,evo,嗯，没问题哦～,うん、大丈夫だよ～。,うん、大丈夫だよ。
52814,mp0000_ev,106638,106067,106707,106136,,,unmatched,evo,等你们准备好去帕赛尔农场，再来叫我吧～,パーゼル農園に向かえそうだったらまた声をかけてね～。,
52815,mp0000_ev,106655,106133,106724,106202,,,unmatched,evo,嗯，我们现在就出发吧！,うん、今すぐ出発しましょ！,
52816,mp0000_ev,106661,106169,106730,106238,,,unmatched,evo,之后，艾丝蒂尔等人前往了帕赛尔农场。,その後、エステル達はパーゼル農園へと向かった。,
52817,mp0000_ev,108650,107406,108719,107475,,,unmatched,evo,欢迎，两位。,いらっしゃい、２人とも。,
52818,mp0000_ev,108657,107448,108726,107517,,,unmatched,evo,……咦，连雪拉扎德小姐和伊莉莎都来了！,……って、シェラザードさんにエリッサまで！,
52819,mp0000_ev,108659,107460,108728,107529,,,unmatched,evo,真是好大的阵仗啊。,ずいぶんと大所帯じゃない。,
52820,mp0000_ev,108668,107514,108737,107583,,,unmatched,evo,看来把你吓到了呢。,驚かせちゃったみたいね。,
52821,mp0000_ev,108672,107538,108741,107607,,,unmatched,evo,你好，打扰了。,どうも、お邪魔するわよ。,
52822,mp0000_ev,108683,107604,108752,107673,,,unmatched,evo,没有没有……,いえいえ……,
52823,mp0000_ev,108688,107634,108757,107703,,,unmatched,evo,那么，到底发生什么事了？看起来不是小事呢。,それで、一体どうしたの？ただ事じゃなさそうだけど。,
52824,mp0000_ev,108699,107700,108768,107769,,,unmatched,evo,不好意思，突然就来了～,押しかけちゃってごめんね～。,
52825,mp0000_ev,108701,107712,108770,107781,,,unmatched,evo,其实，有件事想请缇欧帮忙……,実は、ティオに協力してもらえたら助かるなーって事があって……,
52826,mp0000_ev,108714,107790,108783,107859,,,unmatched,evo,伊莉莎向缇欧说明了关于新菜品的烦恼。,エリッサはティオに新メニュー案の悩みについて説明した。,
52827,mp0000_ev,108720,,108789,107895,31940,ch0020180601,normalized,evo,……原来如此。,……なるほどね。,なるほどね。
52828,mp0000_ev,108722,107838,108791,107907,,,unmatched,evo,你为了制作新菜品，想来帮忙做农场的工作。,新メニュー案を作るために、農園の仕事を手伝わせてほしいと。,
52829,mp0000_ev,108725,107856,108794,107925,,,unmatched,evo,嗯，完全没问题哦。,ええ、全然かまわないわよ。,
52830,mp0000_ev,108728,107874,108797,107943,,,unmatched,evo,谢谢你，缇欧～！,ありがとう、ティオ～！,
52831,mp0000_ev,108738,107934,108807,108003,,,unmatched,evo,哪里哪里，该说谢谢的是我才对。,いやいや、私の方こそ感謝してるわ。,
52832,mp0000_ev,108740,107946,108809,108015,,,unmatched,evo,现在正好只有我一个人呢。,今はちょうど、私一人だったのよ。,
52833,mp0000_ev,108742,107958,108811,108027,,,unmatched,evo,爸爸妈妈从一大早就开始干活了，现在正和弟弟妹妹一起休息呢。,お父さんとお母さんは早朝から働いてたから、弟と妹と一緒に休んでもらってる所なのよね。,
52834,mp0000_ev,108757,108048,108826,108117,,,unmatched,evo,……顺便说一下。,……ちなみにだけど。,
52835,mp0000_ev,108761,108072,108830,108141,,,unmatched,evo,如果方便的话，艾丝蒂尔你们也来帮忙怎么样？,よければ、エステル達もやっていかない？,
52836,mp0000_ev,108763,108084,108832,108153,,,unmatched,evo,可以换换心情，而且人手越多越帮得上忙呢。,気分転換になると思うし、人手はあればあるほど助かるんだけど。,
52837,mp0000_ev,108774,108150,108843,108219,,,unmatched,evo,真不愧是缇欧，还挺精明的嘛。,さすがティオ、ちゃっかりしてるね。,
52838,mp0000_ev,108776,108162,108845,108231,,,unmatched,evo,嗯～我想想……,ん～そうだなぁ……,
52839,mp0000_ev,108779,108180,108848,108249,,,unmatched,evo,既然都来了，就久违地帮帮忙吧！,ここまで来たら、久しぶりにいっちょ手伝いますか！,
52840,mp0000_ev,108793,108264,108862,108333,,,unmatched,evo,可以吗，雪拉姐？,いい、シェラ姉？,
52841,mp0000_ev,108795,108276,108864,108345,,,unmatched,evo,只要不会太晚就行。,そんなに遅くならなければ良いわよ。,
52842,mp0000_ev,108798,108294,108867,108363,,,unmatched,evo,那么，我就在旁边参观好了。,それじゃ、あたしは見学させてもらおうかしら。,
52843,mp0000_ev,108814,108390,108883,108459,,,unmatched,evo,谢谢你们。真是帮大忙了。,みんな、ありがとう。本当に助かるわ。,
52844,mp0000_ev,108817,108408,108886,108477,,,unmatched,evo,那么事不宜迟，想拜托你们的工作有三项。,それじゃあ早速だけど、頼みたい仕事は３つあるの。,
52845,mp0000_ev,108819,108420,108888,108489,,,unmatched,evo,采草莓、捡蛋，还有挤奶。,苺の収穫と卵の収穫、そして乳搾りよ。,
52846,mp0000_ev,108822,108438,108891,108507,,,unmatched,evo,工作内容我再会说明，你们从感兴趣的开始吧。,仕事については私が説明するから、興味がある所から始めてみて。,
52847,mp0000_ev,108830,,108899,108555,,,conflict,evo,嗯，知道了。,うん、了解。,
52848,mp0000_ev,108833,108504,108902,108573,,,unmatched,evo,为了新菜品，我要加油～！,新メニューのためにも頑張っちゃうぞ～！,
52849,mp0000_ev,108836,108522,108905,108591,,,unmatched,evo,从哪里开始帮忙好呢？,どこから手伝ってみようかな？,
52850,mp0000_ev,109857,109238,109926,109307,,,unmatched,evo,盯──…………,じー…………,
52851,mp0000_ev,109866,109292,109935,109361,,,unmatched,evo,啊，生出来了！,あっ、産まれた！,
52852,mp0000_ev,109873,109334,109942,109403,,,unmatched,evo,哈～无论看多少次下蛋的瞬间都觉得好神奇呢。,は～、卵を産んでる瞬間っていつ見ても不思議ねえ。,
52853,mp0000_ev,109875,109346,109944,109415,,,unmatched,evo,那就把这个蛋也收起来吧。,それじゃあこの卵も回収しようか。,
52854,mp0000_ev,109877,109358,109946,109427,,,unmatched,evo,感觉像是抢走它们的东西，有点过意不去呢～,奪っちゃうみたいで、なんだか申し訳ないけどね～。,
52855,mp0000_ev,109892,109448,109961,109517,,,unmatched,evo,看着这个景象，不只是对蛋，对所有食材的感激之情都增加了呢。,こうして見ていると、卵に限らず食材へのありがたみが増すわね。,
52856,mp0000_ev,109901,109502,109970,109571,,,unmatched,evo,……嗯……果然这里也没有啊。,……うーん……やっぱりここには無いか。,
52857,mp0000_ev,109908,,109977,109613,23827,ch0020061464,normalized,evo,咦，怎么了～？,あれ、どうしたの～？,あれ、どうしたの？
52858,mp0000_ev,109911,109562,109980,109631,,,unmatched,evo,其实我们最近开始养了新品种的鸡。,実は最近、新しい品種のニワトリを飼い始めたの。,
52859,mp0000_ev,109914,109580,109983,109649,,,unmatched,evo,是棕色的鸡，下的蛋也是褐色的哦。,茶色のニワトリでね、産む卵の色も茶色なのよ。,
52860,mp0000_ev,109916,109592,109985,109661,,,unmatched,evo,但那孩子可能比较任性，每次下蛋的地方都不一样。,でもその子は気まぐれなのか、産む場所が毎度変わっててね。,
52861,mp0000_ev,109920,109616,109989,109685,,,unmatched,evo,因为这样，总是要到处找蛋……,そのせいで、いつも卵を探し回ってるのよ……,
52862,mp0000_ev,109927,109658,109996,109727,,,unmatched,evo,哎～原来鸡也有各种各样的性格呢～,へ～、ニワトリにも色々な子がいるんだね～。,
52863,mp0000_ev,109929,109670,109998,109739,,,unmatched,evo,那这次就让我们去找找看吧？,それなら今回は僕たちが探してこようか？,
52864,mp0000_ev,109933,109694,110002,109763,,,unmatched,evo,嗯嗯，像寻宝一样感觉很有趣呢！,うんうん、お宝探しみたいで楽しそうだし！,
52865,mp0000_ev,109936,,110005,109781,3681,ch0840150404,vector_single (1.00),evo,谢谢，帮大忙了。,ありがとう、助かるわ。,ありがとう、助かるよ。
52866,mp0000_ev,109942,109748,110011,109817,,,unmatched,evo,从至今为止的经验来看……,今までの傾向から考えると……,
52867,mp0000_ev,109945,109766,110014,109835,,,unmatched,evo,我觉得它应该是在几乎没人通过的安静角落下蛋。,人が通らないひっそりとした場所で産んでると思うわ。,
52868,mp0000_ev,110721,110209,110790,110278,,,unmatched,evo,啊～！找到鸡和蛋了！,あ～っ！ニワトリと卵みっけ！,
52869,mp0000_ev,110725,110233,110794,110302,,,unmatched,evo,得去叫缇欧和伊莉莎过来才行。,ティオとエリッサを呼んで来ないとね。,
52870,mp0000_ev,110751,110389,110820,110458,,,unmatched,evo,哇～蛋真的是棕色的～！,へぇ～、本当に卵の色が茶色だ～！,
52871,mp0000_ev,110763,110461,110832,110530,,,unmatched,evo,蛋的味道也会不一样吗？,卵の味も違ったりするの？,
52872,mp0000_ev,110768,110491,110837,110560,,,unmatched,evo,嗯，可能是因为生长环境不同，蛋黄的饱满程度和风味都稍有不同。,ええ、育ちが違うからか黄身のハリと風味が少し違うの。,
52873,mp0000_ev,110770,110503,110839,110572,,,unmatched,evo,为了充分发挥这个特点，我还稍微改变了饲料配方。,その特徴を活かすために、エサもちょっと変えたりしてるわ。,
52874,mp0000_ev,110774,110527,110843,110596,,,unmatched,evo,哦，原来有这样的差别啊。,へえ、そんな違いがあるのね。,
52875,mp0000_ev,110777,110545,110846,110614,,,unmatched,evo,要把蛋用在新菜品上的话，我也想试着发挥这样的特点呢～,卵を新メニューに使うなら、そういう特徴も活かしてみたいなぁ～。,
52876,mp0000_ev,110793,110641,110862,110710,,,unmatched,evo,好了，这样捡蛋的工作就圆满完成了。,さてと、これで卵の回収についてはバッチリ完了よ。,
52877,mp0000_ev,110795,110653,110864,110722,,,unmatched,evo,大家辛苦了。,みんなお疲れ様。,
52878,mp0000_ev,113073,111167,113142,111236,,,unmatched,evo,好～来试试挤奶吧！,よーし、乳搾りをやってみるわよ！,
52879,mp0000_ev,113077,111191,113146,111260,,,unmatched,evo,话虽这么说，该怎么做来着？,って言っても、どうやるんだったっけ？,
52880,mp0000_ev,113089,111263,113158,111332,,,unmatched,evo,没关系，我来教你。,大丈夫よ、私が教えるから。,
52881,mp0000_ev,113093,111287,113162,111356,,,unmatched,evo,我把牛牵出来，稍等一下。,牛を外に出すからちょっと待ってて。,
52882,mp0000_ev,113129,111503,113198,111572,,,unmatched,evo,……就像这样，一边轻轻按住一边挤。,……っていう感じで、優しく押さえながら絞ってあげて。,
52883,mp0000_ev,113137,111551,113206,111620,,,unmatched,evo,哇，牛的乳房原来这么温暖啊～！？,わっ、牛のお乳ってこんなに温かいんだっけ～！？,
52884,mp0000_ev,113139,111563,113208,111632,,,unmatched,evo,虽然有点紧张，但我要开始了……！,ちょっと緊張するけど、それじゃあいくよ～……！,
52885,mp0000_ev,113153,111647,113222,111716,,,unmatched,evo,哇，出来了！,わっ、出た！,
52886,mp0000_ev,113156,111665,113225,111734,,,unmatched,evo,光看着就觉得很有趣呢。,見ているだけでも面白いわね。,
52887,mp0000_ev,113165,111719,113234,111788,,,unmatched,evo,啊，是不是力道有点弱了～？,あ、ちょっと力が弱かったかな～？,
52888,mp0000_ev,113167,111731,113236,111800,,,unmatched,evo,是啊，不过进展不错。接下来约书亚来试试。,そうね、でも良い調子よ。次はヨシュアがやってみて。,
52889,mp0000_ev,113173,,113242,111836,,,conflict,evo,那么──,それじゃあ……,
52890,mp0000_ev,113193,111887,113262,111956,,,unmatched,evo,简、简直是专业水平啊！不愧是约书亚……,プ、プロ顔負けの腕前じゃない！さすがヨシュア……,
52891,mp0000_ev,113197,111911,113266,111980,,,unmatched,evo,是吗……是因为以前曾帮忙做过这个吧。,そうかな……昔も手伝わせてもらったことがあるからだよ。,
52892,mp0000_ev,113200,111929,113269,111998,,,unmatched,evo,嗯～果然约书亚什么都能做得很好呢～,うーん、やっぱりヨシュアは何でも上手にこなせちゃうんだね～。,
52893,mp0000_ev,113211,111995,113280,112064,,,unmatched,evo,哎哎，接下来该轮到我了吧！好想快点试试～！,ねえねえ、次はあたしの番よね！早くやりたい～！,
52894,mp0000_ev,113214,112013,113283,112082,,,unmatched,evo,艾丝蒂尔，你先冷静下来。深呼吸之后再开始。,エステル、まずは落ち着いて。深呼吸してからにしよう。,
52895,mp0000_ev,113221,112055,113290,112124,,,unmatched,evo,要对牛温柔一点哦～？,牛さんに優しくしてあげてよ～？,
52896,mp0000_ev,113223,112067,113292,112136,,,unmatched,evo,艾丝蒂尔总是马上就用尽全力呢～,エステルってばすぐ全力出しちゃうんだから～。,
52897,mp0000_ev,113227,112091,113296,112160,,,unmatched,evo,真是的，太担心了啦！我又不是小孩子。,もー心配し過ぎだって！小さい子供じゃないんだから。,
52898,mp0000_ev,113230,112109,113299,112178,,,unmatched,evo,好～我要挤得比约书亚还好♪,よーし、ヨシュアより上手に絞ってみせるもんね♪,
52899,mp0000_ev,113239,112163,113308,112232,,,unmatched,evo,……有干劲是好事啦。,……やる気があるのは結構なんだけど。,
52900,mp0000_ev,113241,112175,113310,112244,,,unmatched,evo,（更让人不安了啊……）,（余計に不安になるなぁ……）,
52901,mp0000_ev,113265,112319,113334,112388,,,unmatched,evo,那我开始了～！首先要用一只手紧紧握住……,それじゃあいくわよ～！まずは片手でしっかり握って……,
52902,mp0000_ev,113276,112379,113345,112448,,,unmatched,evo,（所有手指都用力……！）,（すべての指に力を入れる……！）,
52903,mp0000_ev,113279,,113348,112466,30572,ch0640170812,vector_search (0.86),evo,嘿呀！,おりゃあっ！,ひっ、ひいぃぃぃ！！
52904,mp0000_ev,113291,112469,113360,112538,,,unmatched,evo,啊啊！不行啊艾丝蒂尔！,ああっ！ダメだよエステル！,
52905,mp0000_ev,113296,112499,113365,112568,,,unmatched,evo,要从食指开始依次慢慢用力挤啊！,人差し指から順番にゆっくり力を入れて絞るのよ！,
52906,mp0000_ev,113305,112553,113374,112622,,,unmatched,evo,这次要温柔一点哦～？,今度は優しくしてあげなよ～？,
52907,mp0000_ev,113307,112565,113376,112634,,,unmatched,evo,是～对不起……,はーい、スミマセン……,
52908,mp0000_ev,113310,112583,113379,112652,,,unmatched,evo,真是的……,やれやれね……,
52909,mp0000_ev,113318,112601,113387,112670,,,unmatched,evo,（从拇指和食指开始用力……！）,（親指と人差し指から力を入れる……！）,
52910,mp0000_ev,113320,112613,113389,112682,,,unmatched,evo,嘿……！然后是中指、无名指……！,よっと……！そして次は中指、薬指……！,
52911,mp0000_ev,113333,112691,113402,112760,,,unmatched,evo,嗯，应该就是这样。,うん、それで合ってるはずだよ。,
52912,mp0000_ev,113342,112745,113411,112814,,,unmatched,evo,呼，看来是我太担心了。,ふぅ、心配し過ぎだったみたいね。,
52913,mp0000_ev,113344,112757,113413,112826,,,unmatched,evo,挤得比我还好呢～？,私より上手に絞れてるんじゃない～？,
52914,mp0000_ev,113347,112775,113416,112844,,,unmatched,evo,哼哼，现在我也是挤奶大师了！,ふふん、これであたしも乳搾りマスターよ！,
52915,mp0000_ev,113349,112787,113418,112856,,,unmatched,evo,真是的，太心急了。,もう、気が早いんだから。,
52916,mp0000_ev,113355,112799,113424,112868,,,unmatched,evo,（从小指开始用力……！）,（小指から力を入れる……！）,
52917,mp0000_ev,113357,112811,113426,112880,,,unmatched,evo,嘿呀……！,よっと……！,
52918,mp0000_ev,113367,112871,113436,112940,,,unmatched,evo,……就算从小指用力也挤不出来的吧？,……そこに力を入れても絞れないと思うよ？,
52919,mp0000_ev,113370,112889,113439,112958,,,unmatched,evo,听我说，要从食指开始依次用力挤压哦。,あのね、人差し指から順番に力を入れて絞るのよ。,
52920,mp0000_ev,113372,112901,113441,112970,,,unmatched,evo,唔～我搞错了。,う～ん、間違えちゃった。,
52921,mp0000_ev,113381,112955,113450,113024,,,unmatched,evo,没关系的。我们一起来熟悉挤奶吧～,大丈夫だよ。一緒に乳搾りに慣れてみよう～。,
52922,mp0000_ev,113384,112973,113453,113042,,,unmatched,evo,呵呵，看起来很开心呢。,ふふ、楽しそうでいいわね。,
52923,mp0000_ev,113392,113003,113461,113072,,,unmatched,evo,之后三人轮流，顺利完成了挤奶工作。,その後も３人で交互に乳搾りをして無事に搾乳を終えたのだった。,
52924,mp0000_ev,115448,113900,115517,113969,,,unmatched,evo,每颗草莓的光泽都好漂亮，看起来好好吃～！,どの苺もツヤツヤで美味しそうね～！,
52925,mp0000_ev,115451,113918,115520,113987,,,unmatched,evo,嗯，帕赛尔农场的食材看起来都很新鲜呢。,うん、パーゼル農園の食材はどれも鮮度が良さそうだよね。,
52926,mp0000_ev,115455,113942,115524,114011,,,unmatched,evo,嗯嗯，我也觉得～,うんうん、分かるな～。,
52927,mp0000_ev,115457,113954,115526,114023,,,unmatched,evo,吃起来总有股鲜活的味道，感觉质量很好呢～,いつもイキイキした味がするっていうか、質が高い感じがするもんね～。,
52928,mp0000_ev,115477,114074,115546,114143,,,unmatched,evo,过、过奖了啦。,そ、そんなに褒めなくていいってば。,
52929,mp0000_ev,115487,114134,115556,114203,,,unmatched,evo,呃……那我来说明关于采草莓的事。,えっと……それじゃあ、苺の収穫についてだけど。,
52930,mp0000_ev,115489,114146,115558,114215,,,unmatched,evo,我希望你们采集那些连果蒂周围都呈现鲜艳红色的草莓。,ヘタの辺りまで鮮やかな赤色をしている苺を収穫してほしいの。,
52931,mp0000_ev,115496,114188,115565,114257,,,unmatched,evo,那就是草莓可以采收的特征是吧。,それが収穫時っていうサインなんだね。,
52932,mp0000_ev,115501,114218,115570,114287,,,unmatched,evo,那我们来比比看，谁采的草莓看起来最好吃吧～,それじゃあ、誰が一番美味しそうな苺を収穫できたか比べ合おうよ～。,
52933,mp0000_ev,115505,114242,115574,114311,,,unmatched,evo,OK！交给我吧！,オッケー！まかせておいてよ！,
52934,mp0000_ev,115549,114506,115618,114575,,,unmatched,evo,嗯，这一带的草莓看起来都可以采集了呢。,うん、この辺りの苺はどれも収穫してよさそうね。,
52935,mp0000_ev,115555,114542,115624,114611,,,unmatched,evo,好，哪颗草莓看起来最好吃呢？,よーし、どの苺が美味しそうかな？,
52936,mp0000_ev,115571,114632,115640,114701,,,unmatched,evo,嗯，表面的小颗粒都变红的草莓看起来最棒呢！,うん、表面のツブツブが赤い苺が一番良さそうね！,
52937,mp0000_ev,115582,114674,115651,114743,,,unmatched,evo,嗯，果蒂下垂的草莓看起来最棒呢！,うん、ヘタが下がっている苺が一番良さそうね！,
52938,mp0000_ev,115629,114938,115698,115007,,,unmatched,evo,那么，谁采的草莓看起来最好吃呢？,さーて、誰が一番美味しそうな苺を収穫してくれたのかしら？,
52939,mp0000_ev,115632,,115701,115025,2721,ch0010150038,normalized,evo,让我看看……,どれどれ……,どれどれ〜？
52940,mp0000_ev,115636,114980,115705,115049,,,unmatched,evo,在外行人眼里，看起来都一样好吃呢。,素人目だと、どれも同じくらい美味しそうだけどね。,
52941,mp0000_ev,115639,114998,115708,115067,,,unmatched,evo,好期待……,わくわく……,
52942,mp0000_ev,115664,115142,115733,115211,,,unmatched,evo,艾丝蒂尔选的草莓，连表面小颗粒都变红了，代表已经完全成熟，会很甜哦。,エステルが選んだ苺、ツブツブまで赤いってことは完熟していて甘い証拠なの。,
52943,mp0000_ev,115666,115154,115735,115223,,,unmatched,evo,这次艾丝蒂尔获胜。你的眼光真不错呢。,今回はエステルの優勝よ。いい目利きをしてるじゃない。,
52944,mp0000_ev,115674,115202,115743,115271,,,unmatched,evo,太好了～！得到缇欧的认可了♪,やった～！ティオに認められちゃった♪,
52945,mp0000_ev,115677,115220,115746,115289,,,unmatched,evo,真是太好了。,良かったね。,
52946,mp0000_ev,115680,115238,115749,115307,,,unmatched,evo,我本来也很有信心的，但艾丝蒂尔的看起来确实更好吃呢～,私も自信あったけど、確かにエステルの方が美味しそうだね～。,
52947,mp0000_ev,115691,115280,115760,115349,,,unmatched,evo,伊莉莎选的草莓，连表面小颗粒都变红了，代表已经完全成熟，会很甜哦。,エリッサが選んだ苺、ツブツブまで赤いってことは完熟していて甘い証拠なの。,
52948,mp0000_ev,115693,115292,115762,115361,,,unmatched,evo,这次伊莉莎获胜。你的眼光真不错呢。,今回はエリッサの優勝よ。いい目利きをしてるじゃない。,
52949,mp0000_ev,115701,115340,115770,115409,,,unmatched,evo,太棒了！总觉得对自己有点自信了～,やったぁ！なんだか自信付いちゃったな～。,
52950,mp0000_ev,115703,115352,115772,115421,,,unmatched,evo,真厉害呢。,さすがだね。,
52951,mp0000_ev,115706,115370,115775,115439,,,unmatched,evo,虽然不甘心，但伊莉莎你真行啊！,悔しいけど、やるわねエリッサ！,
52952,mp0000_ev,117710,116205,117779,116274,,,unmatched,evo,呼～出了一身汗～！,ふぅ～、いい汗かいちゃった～！,
52953,mp0000_ev,117724,116289,117793,116358,,,unmatched,evo,大家，辛苦了呢。,みんな、お疲れ様だったわね。,
52954,mp0000_ev,117728,116313,117797,116382,,,unmatched,evo,我其实一直有留意之前你们处理过的田地破坏者，不过看来没有再次出现的迹象。,一応気にかけてたけど、あんた達が対応した畑荒らしがまた現れる兆候は無さそうだわ。,
52955,mp0000_ev,117746,116421,117815,116490,,,unmatched,evo,咦！？雪拉姐，你一直在帮我们留意这个！？,え！？シェラ姉、そんなの見てくれてたの！？,
52956,mp0000_ev,117748,116433,117817,116502,,,unmatched,evo,原来是因为这个才跟我们一起在农场走动的啊。,それもあって一緒に農園を回っていたんですね。,
52957,mp0000_ev,117751,116451,117820,116520,,,unmatched,evo,真是帮大忙了。,とっても助かります。,
52958,mp0000_ev,117760,116505,117829,116574,,,unmatched,evo,事后的关怀也很重要呢。艾丝蒂尔你们也要记住哦。,アフターケアも大事ってね。エステルたちも覚えておきなさい。,
52959,mp0000_ev,117763,116523,117832,116592,,,unmatched,evo,呜，我会努力的。,くう、精進シマス。,
52960,mp0000_ev,117782,116637,117851,116706,,,unmatched,evo,那么，雪拉扎德小姐还有大家。,さてと、それじゃあシェラザードさんもみんなも。,
52961,mp0000_ev,117789,116679,117858,116748,,,unmatched,evo,进屋休息一下吧，我去泡茶给你们。,お茶でも出すから家の中で休んでいきなよ。,
52962,mp0000_ev,117798,116733,117867,116802,,,unmatched,evo,缇欧接下来要做什么？,ティオはこの後どうするの？,
52963,mp0000_ev,117806,116781,117875,116850,,,unmatched,evo,要先把采集到的东西记录到库存统计表里……,採ってもらった物を在庫の集計表に入れて……,
52964,mp0000_ev,117810,116805,117879,116874,,,unmatched,evo,订单所需的数量应该已经凑齐了，所以还要准备订购用的文件。,受注してた数が揃ったはずだから、発注に向けて書類を用意するのよ。,
52965,mp0000_ev,117820,116865,117889,116934,,,unmatched,evo,哇～原来还要做这些事啊。,はえ～、そんな事もしてるんだ。,
52966,mp0000_ev,117822,116877,117891,116946,,,unmatched,evo,好厉害，已经不输给大人了呢。,すごい、もう大人顔負けじゃない。,
52967,mp0000_ev,117825,116895,117894,116964,,,unmatched,evo,唉……我还差得远呢。,ふぅ～……私なんて、まだまだだなぁ。,
52968,mp0000_ev,117833,116943,117902,117012,,,unmatched,evo,我觉得没有这回事哦。,そんなことは無いと思うけどね。,
52969,mp0000_ev,117837,116967,117906,117036,,,unmatched,evo,那么，你有得到什么关于新菜品的灵感吗？,それで、新メニューのヒントとやらは掴めたのかしら？,
52970,mp0000_ev,117848,117033,117917,117102,,,unmatched,evo,有的，虽然还没有具体的想法～,はい、なんとなくですけど～。,
52971,mp0000_ev,117850,117045,117919,117114,,,unmatched,evo,我重新认识到帕赛尔的食材真的有很多优点……,改めてパーゼルの食材はいい所が沢山あるなって思ったし……,
52972,mp0000_ev,117852,117057,117921,117126,,,unmatched,evo,最重要的是，和大家一起帮忙让我意识到了一些事情～,なにより、みんなと一緒にお手伝いをして気付かされた気がするんだ～。,
52973,mp0000_ev,117854,117069,117923,117138,,,unmatched,evo,我想我们会选择从这里进货，应该不只是因为这里是本地农场～,うちが農園から仕入れているのは、地元っていう理由だけじゃないのかな～って。,
52974,mp0000_ev,117862,117117,117931,117186,,,unmatched,evo,是吗。能有所收获就是大成功了！,そっか。なにか掴めたのなら大成功ね！,
52975,mp0000_ev,117865,117135,117934,117204,,,unmatched,evo,嗯……但话虽如此，我还没有理清制作料理的思路～,うん……とはいえ、レシピまではまだ考えがまとまってないんだ～。,
52976,mp0000_ev,117867,117147,117936,117216,,,unmatched,evo,我是不是该边休息一下边慢慢考虑呢～？,ちょっと休憩しながら考えた方が良いかなぁ～？,
52977,mp0000_ev,117869,117159,117938,117228,,,unmatched,evo,这样也好吧？,それがいいんじゃない？,
52978,mp0000_ev,117873,117183,117942,117252,,,unmatched,evo,啊……突然想吃甜食了。,あ……なんだか甘い物が食べたくなってきちゃった。,
52979,mp0000_ev,117876,117201,117945,117270,,,unmatched,evo,毕竟人累了就会想吃甜食啊。,疲れると甘い物が食べたくなるっていうからね。,
52980,mp0000_ev,117880,117225,117949,117294,,,unmatched,evo,说起来，以前伊莉莎给我做过又甜又好吃的东西呢。,そういえば昔エリッサが甘くて美味しい物を作ってくれたわよね。,
52981,mp0000_ev,117882,117237,117951,117306,,,unmatched,evo,叫什么来着？那个白色的、有条纹的东西。,なんて言うんだっけ？あの白くて、シマシマのヤツ。,
52982,mp0000_ev,117890,117285,117959,117354,,,unmatched,evo,啊，那个是……,ああ、それは……,
52983,mp0000_ev,117892,,117961,117366,,,conflict,evo,等等…………,って…………,
52984,mp0000_ev,117897,,117966,117396,,,conflict,evo,……………………,……………………,
52985,mp0000_ev,117906,,117975,117450,36767,ch2040180001,exact,evo,嗯？有什么事？,ん？　どうしたの？,ん？　どうしたの？
52986,mp0000_ev,117909,117399,117978,117468,,,unmatched,evo,哦，这是……,おっ、これは……,
52987,mp0000_ev,117912,117417,117981,117486,,,unmatched,evo,难道说，有灵感了？,もしかして、閃いた？,
52988,mp0000_ev,117922,117477,117991,117546,,,unmatched,evo,嗯！灵光乍现了！,うんっ！バッチリ閃いちゃった！,
52989,mp0000_ev,117926,117501,117995,117570,,,unmatched,evo,艾丝蒂尔，就是“那个”啊～～！！,エステル、“それ”だよ～～！！,
52990,mp0000_ev,117928,117513,117997,117582,,,unmatched,evo,用“那个”的话，说不定能做出让爸爸他们满意的新菜品～！,“それ”ならお父さんたちも納得の新メニューが作れるかも～！,
52991,mp0000_ev,117936,117561,118005,117630,,,unmatched,evo,呵呵，真期待会是什么样的料理呢。,ふふ、どんなメニューになるのか楽しみだわ。,
52992,mp0000_ev,117941,117591,118010,117660,,,unmatched,evo,之后，艾丝蒂尔等人从缇欧那里得到了新鲜的食材……,その後、エステル達はティオから新鮮な食材を譲ってもらい……,
52993,mp0000_ev,117943,117603,118012,117672,,,unmatched,evo,一行人离开农场，返回了《亚班特酒馆》。,一行は農園を後にして、《アーベント》へと戻ったのだった。,
52994,mp0000_ev,117945,117615,118014,117684,,,unmatched,evo,伊莉莎根据得到的灵感开始烹饪……,そしてエリッサは、閃いた案を元に調理を始め……,
52995,mp0000_ev,117947,117627,118016,117696,,,unmatched,evo,不久之后，她召集了员工们发表了自己的“新菜品”。,ほどなくして、従業員たちを集めて『新メニュー案』を発表するのだった。,
52996,mp0000_ev,120996,118382,121065,118451,,,unmatched,evo,锵锵！这就是我构想的新菜品──,じゃーん！これが私の新メニュー案──,
52997,mp0000_ev,120998,118394,121067,118463,,,unmatched,evo,名字叫“阳光草莓千层蛋糕”哦～！,名付けて『お日様いちごミルクレープ』だよ～！,
52998,mp0000_ev,121006,118442,121075,118511,,,unmatched,evo,哦哦，原来是千层蛋糕啊。看起来相当美味呢！,ほうほう、ミルクレープときたか。なかなか美味しそうだな！,
52999,mp0000_ev,121008,118454,121077,118523,,,unmatched,evo,而且名字也很棒呢。,それにステキな名前じゃないの。,
53000,mp0000_ev,121011,118472,121080,118541,,,unmatched,evo,那么事不宜迟，我们来品尝一下吧。,それじゃあ早速、頂いてみますかね。,
53001,mp0000_ev,121021,118532,121090,118601,,,unmatched,evo,（连我都变得  紧张起来了～！）,（なんだかあたしまで  ドキドキしちゃう～！）,
53002,mp0000_ev,121043,118664,121112,118733,,,unmatched,evo,哎呀……！蛋和鲜奶的味道很突出呢。,まあ……！卵と牛乳の味が引き立ってるわね。,
53003,mp0000_ev,121045,118676,121114,118745,,,unmatched,evo,很容易入口，大人小孩都会喜欢的。,食べやすいし、大人にも子供にもウケそうですね。,
53004,mp0000_ev,121047,118688,121116,118757,,,unmatched,evo,嗯～不错，仿佛能看到充满自然恩惠的帕赛尔农场！,ん～いいね、自然の恵みに溢れたパーゼル農園が目に浮かぶようだ！,
53005,mp0000_ev,121059,118760,121128,118829,,,unmatched,evo,太好了，看来评价很高呢。,よかった、高評価みたいだね。,
53006,mp0000_ev,121074,118850,121143,118919,,,unmatched,evo,但是……,だが……,
53007,mp0000_ev,121076,118862,121145,118931,,,unmatched,evo,可丽饼皮烤得不够。鲜奶油的口感也差了点。,クレープ生地の焼き方が甘い。生クリームの舌触りもイマイチだ。,
53008,mp0000_ev,121079,118880,121148,118949,,,unmatched,evo,考虑到千层蛋糕的制作工序，提供给客人可能要花很长时间呢。,ミルクレープの手間を考えると、提供するまで時間がかかりそうよね。,
53009,mp0000_ev,121083,118904,121152,118973,,,unmatched,evo,确实如此……毕竟是不熟悉的料理呢。,まあ確かに……慣れないメニューですしね。,
53010,mp0000_ev,121096,118982,121165,119051,,,unmatched,evo,怎么会这样……明明是我的自信之作……,そんなぁ……自信作だったのにぃ……,
53011,mp0000_ev,121099,119000,121168,119069,,,unmatched,evo,等一下！伊莉莎已经很努力了啊！？,ちょっと待ってよ！エリッサ、すごく頑張ったんだよ！？,
53012,mp0000_ev,121109,119060,121178,119129,,,unmatched,evo,喂，这不是我们能插嘴的事情吧。,こら、あたしたちが口出しできることじゃないでしょ。,
53013,mp0000_ev,121122,119138,121191,119207,,,unmatched,evo,咳咳……总之，虽然有很多问题。,コホン……とにかく、色々と問題点はある。,
53014,mp0000_ev,121129,119180,121198,119249,,,unmatched,evo,不过……你们也认同吧？,だが……なあ？,
53015,mp0000_ev,121131,119192,121200,119261,,,unmatched,evo,是的。,ええ。,
53016,mp0000_ev,121144,119270,121213,119339,,,unmatched,evo,福克纳先生，你觉得可以吗？,フォークナーさんもいいかしら？,
53017,mp0000_ev,121164,119390,121233,119459,,,unmatched,evo,伊莉莎。,エリッサ。,
53018,mp0000_ev,121167,119408,121236,119477,,,unmatched,evo,这次的新菜品决定采用“阳光草莓千层蛋糕”！,今回の新メニューは『お日様いちごミルクレープ』で採用決定よ！,
53019,mp0000_ev,121179,,121248,119549,,,conflict,evo,诶，诶诶！？,え、ええっ！？,
53020,mp0000_ev,121181,119492,121250,119561,,,unmatched,evo,可是不是说有很多问题吗……,でも問題点が沢山あるって……,
53021,mp0000_ev,121191,119552,121260,119621,,,unmatched,evo,是啊，现在就把这道甜点的料理工作交给伊莉莎还为时过早。,まあな、エリッサにこのメニューの調理を任せるのはまだ早そうだ。,
53022,mp0000_ev,121193,119564,121262,119633,,,unmatched,evo,要怎么快速供应给客人也是问题。不过，这些都是可以通过努力改进的。,提供するにあたっての問題点もある。だが、いずれも工夫できる範疇だろう。,
53023,mp0000_ev,121195,119576,121264,119645,,,unmatched,evo,但最关键的，是伊莉莎你“非常了解”！,なによりも決め手になったのは、エリッサが“分かっている”という点だ！,
53024,mp0000_ev,121203,119624,121272,119693,,,unmatched,evo,呃，什么意思呀～？,？　えっと、なんのこと～？,
53025,mp0000_ev,121212,119678,121281,119747,,,unmatched,evo,我们店啊，是把客人放在第一位的。,うちの店は、お客さんのことを第一に考えているのよ。,
53026,mp0000_ev,121214,119690,121283,119759,,,unmatched,evo,提供对身体有益又美味的食物，让大家健康又有笑容……,身体に良くて、美味しい物を提供して、健康で笑顔になってもらいたい……,
53027,mp0000_ev,121216,119702,121285,119771,,,unmatched,evo,每天早上从帕赛尔农场进货新鲜食材就是为了这个。,毎朝パーゼル農園から新鮮な食材を仕入れているのはその為なの。,
53028,mp0000_ev,121223,,121292,119813,,,conflict,evo,是这样啊……,そうだったんだ……,
53029,mp0000_ev,121233,119804,121302,119873,,,unmatched,evo,这个千层蛋糕，有着为客人着想的温柔味道。,このミルクレープは、食べる人を思いやった優しい味がするわ。,
53030,mp0000_ev,121235,119816,121304,119885,,,unmatched,evo,而且，还充分发挥了食材的新鲜度呢。,その上、食材の鮮度も活かせてるしね。,
53031,mp0000_ev,121251,119912,121320,119981,,,unmatched,evo,是啊，虽然还有些粗糙，但这正是《亚班特酒馆》的味道。,ああ、まだ粗削りだがまさに《アーベント》の味だ。,
53032,mp0000_ev,121253,119924,121322,119993,,,unmatched,evo,干得好！以后也要继续加油啊，伊莉莎。,よくやったな！これからも頑張るんだぞ、エリッサ。,
53033,mp0000_ev,121261,119972,121330,120041,,,unmatched,evo,爸爸……嗯！,お父さん……うんっ！,
53034,mp0000_ev,121275,120056,121344,120125,,,unmatched,evo,我也不能输啊。,俺も負けてられないな。,
53035,mp0000_ev,121280,120086,121349,120155,,,unmatched,evo,大、大家～～～！,み、みんなぁ～～～！,
53036,mp0000_ev,121294,120170,121363,120239,,,unmatched,evo,艾丝蒂尔，约书亚！我做到了～！,エステル、ヨシュア！わたしやったよ～！,
53037,mp0000_ev,121302,120218,121371,120287,,,unmatched,evo,嗯！伊莉莎，太好了！,うんっ！　やったねエリッサ！,
53038,mp0000_ev,121338,120434,121407,120503,,,unmatched,evo,我的料理能被采用都是多亏了大家。,私の案が採用されたのはみんなのおかげだよ。,
53039,mp0000_ev,121340,120446,121409,120515,,,unmatched,evo,真的非常感谢你们陪我一起努力～！,付き合ってくれて、本当にありがとう～！,
53040,mp0000_ev,121348,120494,121417,120563,,,unmatched,evo,嗯，能帮上忙真是太好了！,うん、力になれて良かったわ！,
53041,mp0000_ev,121356,120542,121425,120611,,,unmatched,evo,这样我们就可以安心地离开洛连特了。,これで心置きなくロレントを発てそうだね。,
53042,mp0000_ev,121368,120614,121437,120683,,,unmatched,evo,那个，请带上这个吧。,あのね、これを持って行って。,
53043,mp0000_ev,121370,120626,121439,120695,,,unmatched,evo,我切成了方便食用的大小，累的时候吃一点吧。,食べやすいサイズに切ったから、疲れた時に食べてほしいの。,
53044,mp0000_ev,121383,,121452,120773,52148,ch0010140724,normalized,evo,嘿嘿，谢谢！,えへへ、ありがとう！,えへへ、ありがとう。
53045,mp0000_ev,121392,120758,121461,120827,,,unmatched,evo,那么……三位，路上小心啊。,それじゃあ……３人とも、気をつけて行ってきてね。,
53046,mp0000_ev,121398,120794,121467,120863,,,unmatched,evo,就算分开了，我也会为艾丝蒂尔你们加油的！,離れてても、エステル達のこと応援してるから！,
53047,mp0000_ev,121406,120842,121475,120911,,,unmatched,evo,嗯，伊莉莎也要加油哦。,うん、エリッサも頑張ってね。,
53048,mp0000_ev,121410,120866,121479,120935,,,unmatched,evo,那么……差不多该走了。,それじゃあ……そろそろ行こうか。,
53049,mp0000_ev,121414,120890,121483,120959,,,unmatched,evo,再见了，伊莉莎。,またね、エリッサちゃん。,
53050,mp0000_ev,121829,122581,121898,122650,,,unmatched,evo,大型魔兽在此徘徊。,大型の魔獣が徘徊している。,
53051,mp0000_ev,122729,122581,122798,122650,,,unmatched,evo,大型魔兽在此徘徊。,大型の魔獣が徘徊している。,
