RemakeVoiceID,RemakeScenaScriptFilename,RemakeScenaScriptLineno,RemakeScenaScriptAddStructLineno,RemakeScenaScriptTranslationLineno,RemakeScenaScriptTranslationAddStructLineno,OldScriptId,OldVoiceFilename,MatchType,RemakeVoiceCategory,RemakeVoiceTranslation,RemakeVoiceText,OldVoiceText
76911,mp3010_01,7979,7510,7480,120545,,,unmatched,evo,喵──噢。,おっと、正義の味方のお出ましじゃないか。,
76912,mp3010_01,7981,7522,7979,7510,,,unmatched,evo,哦，这不是我们的正义使者吗。,いやぁ、工房船の中からちょっとだけ見てたけどもうドキドキだったな。,
76913,mp3010_01,7983,7534,7981,7522,,,unmatched,evo,哎呀～我从工房船里面偷偷看了那么一眼，真的是紧张坏了呢。,コンテナの周りに兵士が集まってきたときはほんと死ぬかと思ったぜ。,
76914,mp3010_01,7985,7546,7983,7534,,,unmatched,evo,当士兵们聚在集装箱周围的时候，我以为你们完蛋了呢……,隣にいたレーマンと思わず抱き合っちゃったよ。,
76915,mp3010_01,7993,7570,7985,7546,,,unmatched,evo,不由自主就和在我身边的雷曼抱在一起。,ほんとなら、博士の無事を祝ってパーティでもしたい気分だけど……,
76916,mp3010_01,7995,7582,7993,7570,,,unmatched,evo,说真的，我很想开一个晚会庆祝博士能够平安无事……,軍の連中の目もあるからな。ここはじっとガマンの子だぜ。,
76917,mp3010_01,8013,7612,7995,7582,,,unmatched,evo,不过说不定军队的耳目还在附近。现在还是暂且忍耐一下吧。,導力停止から思いついた新しいメンテナンス法……試してみることになったんだぜ。,
76918,mp3010_01,8015,7624,8013,7612,,,unmatched,evo,从导力停止现象联想到了一种新的维护方法……有试一试的价值呢。,……とは言っても、もちろん《カペル》が戻ってきたらの話だけどな。,
76919,mp3010_01,8017,7636,8015,7624,,,unmatched,evo,……就算这么说，当然也得等到《卡佩尔》拿回来之后才能进行了。,遊撃士協会もがんばってるし、まあ、俺は楽観視してるけどね。,
76920,mp3010_01,8026,7660,8017,7636,,,unmatched,evo,游击士协会也很努力，我要对他们充满信心啊。,演算オーブメントがなくとも他にも仕事はあるからな。,
76921,mp3010_01,8028,7672,8026,7660,,,unmatched,evo,就算没有演算导力器，还可以做一些其他的工作嘛。,いい機会だと思ってストレージの整理でもしておくよ。,
76922,mp3010_01,8030,7684,8028,7672,,,unmatched,evo,正好趁这个机会，将库存整理一下吧。,《カペル》が戻ってきたときに今まで以上に快適に動けるようにな。,
76923,mp3010_01,8039,7708,8030,7684,,,unmatched,evo,如果《卡佩尔》在的话，工作效率就比现在要高多了。,まさか《カペル》を盗むなんてな……,
76924,mp3010_01,8041,7720,8039,7708,,,unmatched,evo,没想到《卡佩尔》会被抢走……,でも、あれを盗んでどうするつもりなんだろうな。,
76925,mp3010_01,8043,7732,8041,7720,,,unmatched,evo,不过，抢走它到底要做什么呢？,この中央工房でも《カペル》を完全に理解してるのは開発したラッセル博士ぐらいだぜ？,
76926,mp3010_01,8052,7756,8043,7732,,,unmatched,evo,就算在中央工房里，能完全理解《卡佩尔》的人也只有开发它的拉赛尔博士啊。,うーん、やっぱり、《カペル》の調子が良くなったのはあの導力停止に関係があるみたいだな。,
76927,mp3010_01,8054,7768,8052,7756,,,unmatched,evo,呼，《卡佩尔》的情况好转果然是与导力停止有关系的。,たぶん、導力が落ちたことですべてが一旦リセットされたんだ。,
76928,mp3010_01,8056,7780,8054,7768,,,unmatched,evo,大概是因为导力停止，才让整个系统重启了吧。,もしかすると、新しいメンテナンス法として使えるかもしれないぞ。,
76929,mp3010_01,8065,7804,8056,7780,,,unmatched,evo,搞不好，可以将其作为新的维修方法使用。,おっと……演算オーブメントの調子はどうだった？,
76930,mp3010_01,8067,7816,8065,7804,,,unmatched,evo,哦……演算导力器的情况怎么样了？,計器を見るかぎり正常に動いてるはずだぜ。,
76931,mp3010_01,8078,7894,8067,7816,,,unmatched,evo,从仪表来看工作应该是正常的。,今朝、来てみたら演算オーブメントの調子がまったく正常になってたんだ。,
76932,mp3010_01,8080,7858,8078,7894,,,unmatched,evo,今天早上回来一看，演算导力器的状况竟然神奇地恢复正常了。,あれだけいじっても直せなかったのに……,
76933,mp3010_01,8082,7870,8080,7858,,,unmatched,evo,明明不管怎么修都没办法弄好……,一体どうしたってんだろう？,
76934,mp3010_01,8090,7894,8082,7870,,,unmatched,evo,这到底是怎么回事？,今朝、来てみたら演算オーブメントの調子がまったく正常になってたんだ。,
76935,mp3010_01,8092,7906,8090,7894,,,unmatched,evo,今天早上回来一看，演算导力器的状况竟然神奇地恢复正常了。,一体どうしたってんだろう？導力が停止したのが理由なのか？,
76936,mp3010_01,8104,7930,8092,7906,,,unmatched,evo,这到底是怎么回事？难道是导力停止的原因？,ああ、もう嫌になるよ。,
76937,mp3010_01,8106,7942,8104,7930,,,unmatched,evo,啊，真是麻烦呀。,直せば直すだけまた違った異常が出るんだぜ。,
76938,mp3010_01,8108,7954,8106,7942,,,unmatched,evo,这里刚刚修好，那里又出了不同的毛病。,こんな仕事、いつまで続けてもキリがないよ。,
76939,mp3010_01,9243,,8108,7954,24101,ch0480170099,normalized,evo,这样下去简直就是没完没了。,やあ、君たち。,やあ、君たち。
76940,mp3010_01,9245,8150,9243,8138,,,unmatched,evo,啊，是你们。,ありがとう。見事《カペル》を取り戻してくれたね。,
76941,mp3010_01,9247,8162,9245,8150,,,unmatched,evo,谢谢啊。把《卡佩尔》夺了回来，干得真是漂亮。,博士も無事だっていうし久々に気分がすっとしたよ。,
76942,mp3010_01,9249,8174,9247,8162,,,unmatched,evo,博士也平安无事，心情很久没有这么愉快过了。,あ、でも、工房長の指示でまだ《カペル》は隠してあるんだ。,
76943,mp3010_01,9251,8222,9249,8174,,,unmatched,evo,啊，不过按照工房长的指示，我们把《卡佩尔》藏了起来。,いつ軍の連中が調べにくるか分からないからね。,
76944,mp3010_01,9259,8210,9251,8222,,,unmatched,evo,因为不知道军队的家伙们什么时候会过来检查。,工房長の指示でまだ《カペル》は隠してあるんだ。,
76945,mp3010_01,9261,8222,9259,8210,,,unmatched,evo,按照工房长的指示，我们把《卡佩尔》藏了起来。,いつ軍の連中が調べにくるか分からないからね。,
76946,mp3010_01,9273,8246,9261,8222,,,unmatched,evo,因为不知道军队的家伙们什么时候会过来检查。,あっ、遊撃士のみなさん。,
76947,mp3010_01,9275,8258,9273,8246,,,unmatched,evo,啊，各位游击士。,工房長に聞いたよ。詳しくは分からないがいよいよ救出作戦だそうだね。,
76948,mp3010_01,9277,8270,9275,8258,,,unmatched,evo,我听工房长说了。虽然我不知道详细的情况，不过终于要进行营救作战了吧。,博士と《カペル》の帰りを僕らも首を長くして待ってるからね。,
76949,mp3010_01,9279,8282,9277,8270,,,unmatched,evo,我翘首企盼着你们能够将博士和《卡佩尔》带回来。,がんばってくれよ。では、女神のご加護を。,
76950,mp3010_01,9288,8306,9279,8282,,,unmatched,evo,请加油。愿女神爱德斯保佑你们。,ふう……,
76951,mp3010_01,9290,8318,9288,8306,,,unmatched,evo,呼……,博士が無事だといいんだが……,
76952,mp3010_01,9299,8342,9290,8318,,,unmatched,evo,希望博士平安无事……,とりあえず《カペル》がなくともできる仕事を再開することにしたよ。,
76953,mp3010_01,9301,8354,9299,8342,,,unmatched,evo,总之，即使没有《卡佩尔》，我们也会尽量做一些能做的工作。,大の大人がいつまでも落ち込んでては情けないからね。,
76954,mp3010_01,9303,8366,9301,8354,,,unmatched,evo,作为成熟的男人，在任何时候都不能消沉。,遊撃士協会も頑張ってくれてるし私たちはただ信じて待つしかないよ。,
76955,mp3010_01,9312,8390,9303,8366,,,unmatched,evo,游击士协会也在努力，我们能做的只有相信他们，默默等待了。,なんてことだ……《カペル》が盗まれるなんて。,
76956,mp3010_01,9314,8402,9312,8390,,,unmatched,evo,怎么会这样……《卡佩尔》竟然被盗走了。,ラッセル博士に申し訳ないよ……,
76957,mp3010_01,9316,,9314,8402,35602,ch0550091587,exact,evo,真是对不起拉赛尔博士啊……,…………………………,…………………………
76958,mp3010_01,9358,,9316,8414,37653,ch0020181057,exact,evo,…………………………,さっきも話を聞いたけどアントワーヌも反応しなかったよ。,さっきも話を聞いたけどアントワーヌも反応しなかったよ。
76959,mp3010_01,9363,,9358,8576,37653,ch0020181057,exact,evo,刚才已经问过话了，但安东尼并没有反应。,さっきも話を聞いたけどアントワーヌも反応しなかったよ。,さっきも話を聞いたけどアントワーヌも反応しなかったよ。
76960,mp3010_01,9370,,9363,8582,37654,ch0020181067,exact,evo,刚才已经问过话了，但安东尼并没有反应。,それより２階の工房長さんの部屋を早く調べに行こう。,それより２階の工房長さんの部屋を早く調べに行こう。
76961,mp3010_01,9375,,9370,8552,37654,ch0020181067,exact,evo,我们还是去调查二楼的工房长室吧。,それより２階の工房長さんの部屋を早く調べに行こう。,それより２階の工房長さんの部屋を早く調べに行こう。
76962,mp3010_01,9386,,9375,8558,37653,ch0020181057,exact,evo,我们还是去调查二楼的工房长室吧。,さっきも話を聞いたけどアントワーヌも反応しなかったよ。,さっきも話を聞いたけどアントワーヌも反応しなかったよ。
76963,mp3010_01,9391,,9386,8576,37653,ch0020181057,exact,evo,刚才已经问过话了，但安东尼并没有反应。,さっきも話を聞いたけどアントワーヌも反応しなかったよ。,さっきも話を聞いたけどアントワーヌも反応しなかったよ。
76964,mp3010_01,9398,,9391,8582,37650,ch0020181058,exact,evo,刚才已经问过话了，但安东尼并没有反应。,このまま工房の中をもう少し調べてみよう。,このまま工房の中をもう少し調べてみよう。
76965,mp3010_01,9403,,9398,8600,37712,ch0020181063,exact,evo,我们再去工房内的其他地方调查一下吧。,このまま工房の中をもう少し調べてみよう。,このまま工房の中をもう少し調べてみよう。
76966,mp3010_01,9410,,9403,110990,37713,ch0020181059,exact,evo,我们再去工房内的其他地方调查一下吧。,ミリアム先生の言う通りどこかにヒントがあるかも。,ミリアム先生の言う通りどこかにヒントがあるかも。
76967,mp3010_01,9415,,9410,8624,37713,ch0020181059,exact,evo,也许会像米莉亚姆医生所说，在某个地方发现线索呢。,ミリアム先生の言う通りどこかにヒントがあるかも。,ミリアム先生の言う通りどこかにヒントがあるかも。
76968,mp3010_01,9422,,9415,8630,37714,ch0010181060,exact,evo,也许会像米莉亚姆医生所说，在某个地方发现线索呢。,うー、そうするしかないかぁ。,うー、そうするしかないかぁ。
76969,mp3010_01,9427,,9422,8648,37714,ch0010181060,exact,evo,唔……也只能这样了。,うー、そうするしかないかぁ。,うー、そうするしかないかぁ。
76970,mp3010_01,9447,,9427,8654,37684,ch1960181006,exact,evo,唔……也只能这样了。,おや、みなさん。,おや、みなさん。
76971,mp3010_01,9449,,9447,8672,37685,ch1960181007,exact,evo,哟，你们好啊。,探し物は見つかったかい？,探し物は見つかったかい？
76972,mp3010_01,9462,,9449,8684,37619,ch1960071352,exact,evo,找到要找的东西了吗？,整備長は、飛行場の責任者だからそっちに行けば会えると思うよ。,整備長は、飛行場の責任者だからそっちに行けば会えると思うよ。
76973,mp3010_01,9464,,9462,8720,37620,ch1960071353,exact,evo,维修长是飞行场的负责人，你们去那里，应该就能找到他了。,それと、ガソリンの方だけどオーブメント生産工場は中央工房の地下区画にあるんだ。,それと、ガソリンの方だけどオーブメント生産工場は中央工房の地下区画にあるんだ。
76974,mp3010_01,9466,8744,9464,51543,,,unmatched,evo,至于汽油，就要到中央工房地下区域的导力器生产工厂去找找了。,そこにいる連中に頼んだら手に入るんじゃないかな。,
76975,mp3010_01,9468,8756,9466,51555,,,unmatched,evo,你们问问那里的工作人员，应该就能要到了。,じゃあ、何かあったらまたどうぞ。,
76976,mp3010_01,9475,8774,9468,8756,,,unmatched,evo,那么，如果还有什么问题，就再来问我吧。,さあ、実際にパネルに触ってごらん。,
76977,mp3010_01,9477,,9475,8774,37584,ch1960071342,exact,evo,你们可以亲自去触摸面板试试。,すぐにやり方がわかるはずさ。,すぐにやり方がわかるはずさ。
76978,mp3010_01,9491,,9477,8786,35552,ch0550091541,exact,evo,很快就能够掌握操作的。,やあ、おはよう。,やあ、おはよう。
76979,mp3010_01,9493,8828,9491,8816,,,unmatched,evo,哦～早上好啊。,いやあ、それにしてもびっくりしたよ。,
76980,mp3010_01,9495,8888,9493,8828,,,unmatched,evo,哎呀～我还真是吓了一跳。,今朝、来てみたら演算オーブメントの調子が良くなってたんだ。,
76981,mp3010_01,9497,8900,9495,8888,,,unmatched,evo,今天早上回来一看，演算导力器已经没有什么问题了。,このままいけば今日中には普段通りに使えるようになるはずさ。,
76982,mp3010_01,9499,8912,9497,8852,,,unmatched,evo,如果进行顺利的话，这个机器今天应该能照常使用了。,まあ、理由はわからないがとにかくハッピーな気分だよ。,
76983,mp3010_01,9507,8888,9499,8864,,,unmatched,evo,嗯，虽然不清楚原因，不过现在感觉十分开心。,今朝、来てみたら演算オーブメントの調子が良くなってたんだ。,
76984,mp3010_01,9509,8900,9507,8888,,,unmatched,evo,今天早上回来一看，演算导力器已经没有什么问题了。,このままいけば今日中には普段通りに使えるようになるはずさ。,
76985,mp3010_01,9511,8912,9509,8900,,,unmatched,evo,如果一切顺利，这个机器在今天就能恢复使用了。,まあ、理由はわからないがとにかくハッピーな気分だよ。,
76986,mp3010_01,9527,8954,9511,8912,,,unmatched,evo,嗯，虽然不清楚原因，但现在感觉十分开心。,やあ、ティータ君。,
76987,mp3010_01,9529,8966,9527,8954,,,unmatched,evo,啊，缇妲。,さっきは呼び出してすまなかったね。,
76988,mp3010_01,9533,8984,9529,8966,,,unmatched,evo,刚才被叫走真的不好意思。,あ、トランス主任。,
76989,mp3010_01,9538,8990,9533,8984,,,unmatched,evo,啊，特莱斯主任。,あ、トランス主任。,
76990,mp3010_01,9545,9008,9538,8990,,,unmatched,evo,啊，特莱斯主任。,それで、どーですか？演算オーブメントの調子は。,
76991,mp3010_01,9550,9014,9545,9008,,,unmatched,evo,演算导力器的情况现在如何了呢？,それで、どーですか？演算オーブメントの調子は。,
76992,mp3010_01,9555,9026,9550,9014,,,unmatched,evo,演算导力器的情况现在如何了呢？,もうちょっとかかりそうだよ。,
76993,mp3010_01,9557,9038,9555,9026,,,unmatched,evo,还需要更多时间来找出故障所在。,まあ、そうすぐには良くならないだろうね。,
76994,mp3010_01,9561,9056,9557,9038,,,unmatched,evo,我估计暂时是没有办法弄好了。,うーん、そーですかー……,
76995,mp3010_01,9566,9062,9561,9056,,,unmatched,evo,唔～是这样吗……,うーん、そーですかー……,
76996,mp3010_01,9573,,9566,9062,42919,ch0010180344,vector_search (0.89),evo,唔～是这样吗……,ごめんなさい、お役に立てないで。,ううん、こっちこそお役に立てなくてごめんね。
76997,mp3010_01,9578,9086,9573,9080,,,unmatched,evo,对不起，我也帮不上忙。,ごめんなさい、お役に立てないで。,
76998,mp3010_01,9583,9098,9578,9086,,,unmatched,evo,对不起，我也帮不上忙。,大丈夫だよ、気にしないで。今すぐに使う予定はないからね。,
76999,mp3010_01,9585,9110,9583,9098,,,unmatched,evo,没关系，别放在心上。反正最近也用不到它。,それじゃあ、また何かあったら頼むよ。,
77000,mp3010_01,9589,,9585,9110,23173,ch0020160347,vector_single (0.99),evo,如果有别的事，还要再拜托你啊。,あ、はい、失礼します。,はい、失礼します。
77001,mp3010_01,9594,,9589,9128,23173,ch0020160347,vector_single (0.99),evo,啊，好的，再见。,あ、はい、失礼します。,はい、失礼します。
77002,mp3010_01,9605,9158,9594,9134,,,unmatched,evo,啊，好的，再见。,ふう、とりあえずもう１度ストレージを全チェックしてみようかな。,
77003,mp3010_01,9607,9170,9605,9158,,,unmatched,evo,呼……再检查一遍库存的东西吧。,やれやれ、まったく手間がかかるよねえ。,
77004,mp3010_01,9619,9194,9607,9170,,,unmatched,evo,哎呀哎呀，这个工作真是花费时间啊。,ここのところどうも演算オーブメントの調子が悪くてね。,
77005,mp3010_01,9621,9206,9619,9194,,,unmatched,evo,这里的演算导力器出了点问题。,色々とこちらでも調整はかけてみてるけどちっとも改善されないんだよ。,
77006,mp3010_01,9623,9218,9621,9206,,,unmatched,evo,我们试着做了许多调整，可是导力器好像还是没有丝毫的改善迹象……,モード切替えのときに問題が起こってるようなんだが何かヒントはないかな？,
77007,mp3010_01,10926,9653,9623,9218,,,unmatched,evo,问题发生在模式切换的时候，你觉得会是哪里出了毛病呢？,ふふ、案の定というか予定通りというか……,
77008,mp3010_01,10928,9665,10926,9653,,,unmatched,evo,呵呵，这究竟算意外之喜，还是意料之中呢……,温室の《ビタートマト》にさっそく問い合わせがあってね。,
77009,mp3010_01,10930,9677,10928,9665,,,unmatched,evo,这么快就有人来咨询温室的《苦番茄》了。,このままいけば近いうちに食材として流通するはずさ。,
77010,mp3010_01,10932,9689,10930,9677,,,unmatched,evo,照这样下去的话应该很快就能作为食材流通了。,ふっ、これでまた研究費は大幅増額だよ。,
77011,mp3010_01,10940,9713,10932,9689,,,unmatched,evo,呼，那样一来，就可以得到大量的研究资金了。,ただし商品名は分かりやすく『にがトマト』でいくことになってね。,
77012,mp3010_01,10942,9725,10940,9713,,,unmatched,evo,不过商品名已经决定用简单易懂的“苦番茄”了。,ややエレガントではないが、まあ大目に見るとしよう。,
77013,mp3010_01,10956,9803,10942,9725,,,unmatched,evo,虽然有点不够优雅，不过就睁一只眼闭一只眼吧。,来期の研究テーマも引き続き温室の開発にしてみたよ。,
77014,mp3010_01,10958,9815,10956,9803,,,unmatched,evo,下一个研究主题继续选择温室植物培育吧。,……もちろんそれは建前で、好き勝手やらせてもらう予定だがね。,
77015,mp3010_01,10960,9779,10958,9815,,,unmatched,evo,……当然，这只是大致方针而已。具体怎么做，完全随我高兴。,ふむ、そうだな。また妙な農作物ができないかどうか試してみるのも面白そうだねえ。,
77016,mp3010_01,10968,9803,10960,9779,,,unmatched,evo,嗯，对了。不如尝试培育新的奇特农作物吧，那样也挺有意思。,来期の研究テーマも引き続き温室の開発にしてみたよ。,
77017,mp3010_01,10970,9815,10968,9803,,,unmatched,evo,下一个研究主题继续选择温室植物培育吧。,……もちろんそれは建前で、好き勝手やらせてもらう予定だがね。,
77018,mp3010_01,10972,9827,10970,9815,,,unmatched,evo,……当然，这只是大致方针而已。具体怎么做，完全随我高兴。,ふっ、優秀な研究者には資金を確保する手腕も必要なのだよ。,
77019,mp3010_01,10986,9857,10972,9827,,,unmatched,evo,呼，优秀的研究员必须要具备筹集资金的能力。,ふふっ、これでよし、と……,
77020,mp3010_01,10988,9869,10986,9857,,,unmatched,evo,呵呵，这样就行了……,やあ、諸君おはよう。今期の論文が完成したんだよ。,
77021,mp3010_01,10990,9941,10988,9869,,,unmatched,evo,哦，各位，早上好啊。我的论文已经完成了。,論文のタイトルは……『特定機能食品《ビタートマト》  その温室栽培法と栄養価の分析』さ。,
77022,mp3010_01,10992,9893,10990,9941,,,unmatched,evo,论文的主题是……《特殊功能食品“苦番茄”的  温室栽培法和营养价值分析》。,どうだね、なかなかそれらしいだろう？,
77023,mp3010_01,10994,9905,10992,9893,,,unmatched,evo,怎么样？听起来挺正式的吧？,ふっ、よくここまでデッチ上げたもんだと我ながら思わずウットリだよ。,
77024,mp3010_01,11002,9929,10994,9953,,,unmatched,evo,呼，竟然取得了如此成果，真有些佩服自己啊。,ふふっ、ようやく今期の論文が完成したよ。,
77025,mp3010_01,11004,9941,11002,9929,,,unmatched,evo,呵呵，总算把这次的论文完成了。,論文のタイトルは……『特定機能食品《ビタートマト》  その温室栽培法と栄養価の分析』さ。,
77026,mp3010_01,11006,9953,11004,9941,,,unmatched,evo,论文的主题是……《特殊功能食品“苦番茄”的  温室栽培法和营养价值分析》。,ふっ、よくここまでデッチ上げたもんだと、我ながら思わずウットリだよ。,
77027,mp3010_01,11018,9977,11006,9953,,,unmatched,evo,呼，竟然取得了如此成果，真有些佩服自己啊。,演算室の《カペル》がやられたそうだが……,
77028,mp3010_01,11020,9989,11018,9977,,,unmatched,evo,听说演算室的《卡佩尔》被抢走了……,うちのトマト君たちは残念ながらみんな無事みたいだね。,
77029,mp3010_01,11022,10001,11020,9989,,,unmatched,evo,但我的番茄却没有引起犯人的兴趣，真遗憾啊。,犯人がこのトマトにかぶり付いていないかと密かにワクワクしていたんだが……,
77030,mp3010_01,11024,10013,11022,10001,,,unmatched,evo,我原本还期待那些犯人大口咬下去呢……,……どこにも荒らされた形跡はないねえ。,
77031,mp3010_01,11035,10043,11024,10013,,,unmatched,evo,……完全没有被破坏的痕迹啊。,さてと、今日は町で食事でもするとしようか。,
77032,mp3010_01,11037,10055,11035,10043,,,unmatched,evo,好了，今天就去镇上吃顿饭吧。,天才的な発想には常に人生の余白が必要だからね。,
77033,mp3010_01,11046,10079,11037,10055,,,unmatched,evo,天才般的点子总是需要生活的留白。,ヒツジンにはこのぬいぐるみと同じピンク色の“亜種”がいるらしい。,
77034,mp3010_01,11048,10091,11046,10079,,,unmatched,evo,听说猿羊有和这个玩偶一样的粉红色“亚种”。,特別上質なウールだと言うから探してみるといいかもしれないね。,
77035,mp3010_01,11070,10163,11048,10091,,,unmatched,evo,据说是特别优质的羊毛，你们不妨去找找看。,ティエリ君、そろそろ次期研究テーマの提出日だね。,
77036,mp3010_01,11072,10175,11070,10163,,,unmatched,evo,蒂亚利，下一次的研究主题的提交日就快到了。,……今度はなにしよっか。なんかいいネタはないかい？,
77037,mp3010_01,11078,10211,11072,10175,,,unmatched,evo,……我们这次该做什么呢？你有没有什么好想法？,……知りません。,
77038,mp3010_01,11080,10223,11078,10211,,,unmatched,evo,……没有。,僕は忙しいんです。自分で考えてください。,
77039,mp3010_01,11088,10247,11080,10223,,,unmatched,evo,我很忙，你自己想吧。,やれやれ、近頃ティエリ君の態度が悪くてね……,
77040,mp3010_01,11090,10259,11088,10247,,,unmatched,evo,哎呀呀，蒂亚利最近的态度很差啊……,近くにこんな素晴らしいお手本がいるっていうのに、何も学ぼうとしないんだから困るよ。,
77041,mp3010_01,11104,10421,11090,10259,,,unmatched,evo,身边有我这么完美的榜样，为何不能多学学呢。,ふっ、昨日の現象はなかなか興味深かったよ。,
77042,mp3010_01,11106,10301,11104,10421,,,unmatched,evo,呼，昨天那种现象很有意思啊。,導力場の干渉に似た作用が起こっていたようだが……いずれにしろ既知の現象ではないね。,
77043,mp3010_01,11108,10433,11106,10301,,,unmatched,evo,似乎是产生了类似于干涉导力场的效果……总之，那是一种未知的现象。,みんな災難だと嘆いているがこういうところに研究のヒントを見出すのが研究者なんじゃないかい？,
77044,mp3010_01,11110,10325,11108,10433,,,unmatched,evo,大家都在哀叹，并将其视为一场灾难，但作为研究者，在这种时候应该从中发现研究题材。,ティータ君、キミはどう思う？,
77045,mp3010_01,11114,,11110,10325,53266,ch0010120420,normalized,evo,缇妲，你怎么想？,あ、は、はい。,あ……は、はい。
77046,mp3010_01,11119,,11114,10343,53266,ch0010120420,normalized,evo,啊……是、是的。,あ、は、はい。,あ……は、はい。
77047,mp3010_01,11126,10367,11119,10349,,,unmatched,evo,啊……是、是的。,……実はちょっとワクワクしちゃいます。,
77048,mp3010_01,11131,10373,11126,10367,,,unmatched,evo,……其实我也挺有兴趣的。,……実はちょっとワクワクしちゃいます。,
77049,mp3010_01,11136,10385,11131,10373,,,unmatched,evo,……其实我也挺有兴趣的。,ふっ、さすがティータ君。ラッセル博士の孫だけあるね。,
77050,mp3010_01,11138,10397,11136,10385,,,unmatched,evo,嗯，真不愧是缇妲，毕竟是拉赛尔博士的外孙女啊。,やはりティエリ君とは一味も二味も違うな。,
77051,mp3010_01,11146,10421,11138,10397,,,unmatched,evo,和你一比，蒂亚利差得太远了。,ふっ、昨日の現象はなかなか興味深かったよ。,
77052,mp3010_01,11148,10433,11146,10421,,,unmatched,evo,呼，昨天那种现象很有意思啊。,みんな災難だと嘆いているがこういうところに研究のヒントを見出すのが研究者なんじゃないかい？,
77053,mp3010_01,11166,10481,11148,10433,,,unmatched,evo,大家都在哀叹，并将其视为一场灾难，但作为研究者，在这种时候应该从中发现研究题材。,ふふ、ティータ君。いい所に来たね……,
77054,mp3010_01,11172,10493,11166,10481,,,unmatched,evo,呵呵，缇妲，你来得正好……,おや、そこにいるのはティータ君じゃないか。,
77055,mp3010_01,11174,10505,11172,10493,,,unmatched,evo,哦，这不是缇妲吗！,ふふ、いい所に来たね……,
77056,mp3010_01,11181,10523,11174,10505,,,unmatched,evo,呵呵，你来得正好……,はい、なんですか？　レイさん。,
77057,mp3010_01,11186,10529,11181,10523,,,unmatched,evo,啊，怎么了？雷伊哥哥。,はい、なんですか？　レイさん。,
77058,mp3010_01,11191,10541,11186,10529,,,unmatched,evo,啊，怎么了？雷伊哥哥。,実は温室の実験中にとても面白い農作物ができてね。,
77059,mp3010_01,11193,10553,11191,10541,,,unmatched,evo,我在温室实验中培育出了很有趣的农作物。,ぜひ、ティータ君にも味わって欲しいと思って特別に取っておいたんだよ。,
77060,mp3010_01,11195,10565,11193,10553,,,unmatched,evo,我很希望让你尝尝它的味道，所以特意采摘了一个。,良かったら食べてみないかい？,
77061,mp3010_01,11199,10583,11195,10565,,,unmatched,evo,如果不介意，就尝尝看吧。,あのー、レイさん。,
77062,mp3010_01,11204,10589,11199,10583,,,unmatched,evo,那个……雷伊哥哥。,あのー、レイさん。,
77063,mp3010_01,11211,10607,11204,10589,,,unmatched,evo,那个……雷伊哥哥。,その農作物ってトマトのことですよね？,
77064,mp3010_01,11216,10613,11211,10607,,,unmatched,evo,你说的农作物是不是番茄？,その農作物ってトマトのことですよね？,
77065,mp3010_01,11221,10625,11216,10613,,,unmatched,evo,你说的农作物是不是番茄？,ふっ、さすがティータ君。よく知っているね。,
77066,mp3010_01,11225,10643,11221,10625,,,unmatched,evo,哦，真不愧是缇妲，竟然连这个都知道。,あ、はい。ティエリさんから聞いたんです。,
77067,mp3010_01,11230,10649,11225,10643,,,unmatched,evo,嗯，是啊，是蒂亚利哥哥告诉我的。,あ、はい。ティエリさんから聞いたんです。,
77068,mp3010_01,11237,10667,11230,10649,,,unmatched,evo,嗯，是啊，是蒂亚利哥哥告诉我的。,レイさんにだまされてにがーいトマトを食べちゃったって。,
77069,mp3010_01,11242,10673,11237,10667,,,unmatched,evo,他说不要上雷伊哥哥的当，去吃很苦的番茄。,レイさんにだまされてにがーいトマトを食べちゃったって。,
77070,mp3010_01,11247,,11242,10673,30586,ch0020170826,exact,evo,他说不要上雷伊哥哥的当，去吃很苦的番茄。,……………………,……………………
77071,mp3010_01,11251,10703,11247,10685,,,unmatched,evo,……………………,あ、いけない。今お客さんを案内してるトコなんです。,
77072,mp3010_01,11256,10709,11251,10703,,,unmatched,evo,啊，对了，我正在给客人带路呢。,あ、いけない。今お客さんを案内してるトコなんです。,
77073,mp3010_01,11263,10727,11256,10709,,,unmatched,evo,啊，对了，我正在给客人带路呢。,それじゃー、失礼します。,
77074,mp3010_01,11268,10733,11263,10727,,,unmatched,evo,那么，我先告辞了。,それじゃー、失礼します。,
77075,mp3010_01,11282,10769,11268,10733,,,unmatched,evo,那么，我先告辞了。,……まったくティエリ君は。余計なことばかりするねえ。,
77076,mp3010_01,11284,10781,11282,10769,,,unmatched,evo,……真是的，蒂亚利那小子总是说些多余的话。,はあ、もうちょっとであまりの苦さに顔をしかめるティータ君を見られたというのに……,
77077,mp3010_01,11288,10799,11284,10781,,,unmatched,evo,唉，只差一点就能看到缇妲吃下苦番茄之后的扭曲表情了……,（……へ、変な人ね～。）,
77078,mp3010_01,11293,10805,11288,10799,,,unmatched,evo,（……哎，真是个怪人啊～）,（……へ、変な人ね～。）,
77079,mp3010_01,11304,10829,11293,10805,,,unmatched,evo,（……哎，真是个怪人啊～）,ふう、ティータ君が食べてくれないんじゃもう苦トマトに用はないな。,
77080,mp3010_01,11306,10841,11304,10829,,,unmatched,evo,呼，要是缇妲不愿意吃，这种苦番茄就没有用了。,温室の中に植わっているから欲しかったら適当に持って行きたまえ。,
77081,mp3010_01,11318,10865,11306,10841,,,unmatched,evo,苦番茄就种在温室里面，你们要是想要，可以拿走一点。,ふう、今期の研究テーマは新型の温室だったんだが……,
77082,mp3010_01,11320,10877,11318,10865,,,unmatched,evo,呼，这次的研究主题是新型的温室……,これがつまらない研究でね。才能の浪費でしかなかったよ。,
77083,mp3010_01,11322,10889,11320,10877,,,unmatched,evo,真是个无聊的研究啊，白白浪费了我的才能。,ただ、その実験中に面白い味のトマトができてね。それだけが唯一の救いって感じさ。,
77084,mp3010_01,11324,10901,11322,10889,,,unmatched,evo,不过，我在实验过程中种出了一种味道独特的番茄。这算是唯一的收获了。,ふふふ、さあて……このトマト誰に食べさせたものか。,
77085,mp3010_01,12476,11450,11324,10901,,,unmatched,evo,呵呵呵……该让谁来品尝那种番茄呢？,（割と歩き回ったと思うけど……  もう報告しちゃおうかな？）,
77086,mp3010_01,12481,11456,12476,11450,,,unmatched,evo,（我觉得已经走得够多了……　要不要现在就去报告呢？）,（割と歩き回ったと思うけど……  もう報告しちゃおうかな？）,
77087,mp3010_01,12488,11474,12481,11456,,,unmatched,evo,（我觉得已经走得够多了……　要不要现在就去报告呢？）,（心残りがあるなら、  もう少しテストを続けても  いいかもしれないね。）,
77088,mp3010_01,12493,11480,12488,11474,,,unmatched,evo,（如果还有什么不放心的，　也许可以再继续测试　一会儿。）,（心残りがあるなら、  もう少しテストを続けても  いいかもしれないね。）,
77089,mp3010_01,12500,,12493,11480,36802,ch0010180035,vector_search (0.86),evo,（如果还有什么不放心的，　也许可以再继续测试　一会儿。）,（そうねぇ……）,ふ〜ん、なるほどねえ……
77090,mp3010_01,12505,11504,12500,11498,,,unmatched,evo,（这样啊……）,（そうねぇ……）,
77091,mp3010_01,12565,11612,12505,11504,,,unmatched,evo,（这样啊……）,お疲れさま。いい仕事をしてくれて助かったよ。,
77092,mp3010_01,12567,,12565,11612,36948,ch2040180163,exact,evo,辛苦了。你们做得很好，帮了我大忙啦。,じゃあ、君たちも気をつけて。,じゃあ、君たちも気をつけて。
77093,mp3010_01,12573,11636,12567,11660,,,unmatched,evo,那么，你们请多保重。,なにはともあれ今回はお疲れだったね。,
77094,mp3010_01,12575,11648,12573,11636,,,unmatched,evo,不管怎么说，这次真是辛苦你们了。,まあ、最低限のデータはあるし研究の方はなんとかなると思う。,
77095,mp3010_01,12577,,12575,11648,36948,ch2040180163,exact,evo,总算收集到了最低限度的资料，应该能完成研究。,じゃあ、君たちも気をつけて。,じゃあ、君たちも気をつけて。
77096,mp3010_01,12593,11690,12577,11660,,,unmatched,evo,那么，你们请多保重。,し、信じられない話だけどあの苦トマトに引き合いがきたらしいんだ。,
77097,mp3010_01,12595,11702,12593,11690,,,unmatched,evo,真、真是难以置信，居然有人订购那种苦番茄。,……よ、世の中って一体どうなってるんだろう。,
77098,mp3010_01,12602,11720,12595,11702,,,unmatched,evo,……这、这个世界到底是怎么了？,僕は苦労して来期の研究費をかき集めてるっていうのに……,
77099,mp3010_01,12604,11732,12602,11720,,,unmatched,evo,我一直在拼命积攒下一阶段的研究费用……,レイ先輩はあのトマトだけで来期も左うちわなのか……,
77100,mp3010_01,12606,11744,12604,11732,,,unmatched,evo,雷伊前辈竟然只靠那个番茄就把下一阶段的研究费用赚够了……,ぼ、僕もスニーカーの研究を足がかりにしてがんばらないと。,
77101,mp3010_01,12619,11768,12606,11744,,,unmatched,evo,我、我也得努力研究运动鞋，保证经费来源。,研究の予算を得るためには多少のウソも必要なんだけど……,
77102,mp3010_01,12621,11780,12619,11768,,,unmatched,evo,为了获得研究费用，有时难免要谎报一些情况……,あいにく僕自身はウソがヘタなんだよね。,
77103,mp3010_01,12623,11792,12621,11780,,,unmatched,evo,可是我却很不擅长说谎。,今やっているスニーカーの研究を何とかものにして実績を作らないと。,
77104,mp3010_01,12631,11810,12623,11792,,,unmatched,evo,我正在研究运动鞋，必须要做出点成绩。,やっぱり、研究の予算を得るためには多少のウソも必要なんだよな。,
77105,mp3010_01,12633,11822,12631,11810,,,unmatched,evo,唔～为了得到研究费用，有时候不得不谎报一些情况啊。,……ま、あいにくと僕自身はウソがヘタなんだけど。,
77106,mp3010_01,12640,11840,12633,11822,,,unmatched,evo,……可是我却很不擅长说谎。,やっぱり予算を得るためには多少のウソも必要なんだよな。,
77107,mp3010_01,12642,11852,12640,11840,,,unmatched,evo,为了获得研究费用，有时候不得不谎报一些情况。,レイ先輩みたいにほとんど全部ウソってのはさすがにまずいと思うけど。,
77108,mp3010_01,12655,11912,12642,11852,,,unmatched,evo,但像雷伊前辈那样，几乎每次都谎报，就未免有些过分了。,まったくレイ先輩はいい加減だよ……,
77109,mp3010_01,12657,11924,12655,11912,,,unmatched,evo,真是的，雷伊前辈太随便了……,でも、あれで研究が評価されてるんだからすごいんだよなあ。,
77110,mp3010_01,12659,11900,12657,11924,,,unmatched,evo,不过，仅靠那种研究就能获得如此高的评价，倒真是很厉害。,あの無節操な臨機応変さはちょっとだけ見習わないとね。,
77111,mp3010_01,12665,11912,12659,11900,,,unmatched,evo,我也得学学前辈那种毫无节操的随机应变能力。,まったくレイ先輩はいい加減だよ……,
77112,mp3010_01,12667,11924,12665,11912,,,unmatched,evo,真是的，雷伊前辈太随便了……,でも、あれで研究が評価されてるんだからすごいんだよなあ。,
77113,mp3010_01,12669,11936,12667,11924,,,unmatched,evo,不过，仅靠那种研究就能获得如此高的评价，倒真是很厉害。,僕もスニーカーの開発をきっかけにもっとがんばらないと。,
77114,mp3010_01,12682,11960,12669,11936,,,unmatched,evo,我也要继续努力开发运动鞋。,ふぁ～～、よかった。実験室は変わりないみたいだ。,
77115,mp3010_01,12684,11972,12682,11960,,,unmatched,evo,呼～太好了，实验室没什么变化。,メーカーが送ってきたサンプル品も無事だったよ。,
77116,mp3010_01,12692,12014,12684,11972,,,unmatched,evo,制造商送来的样品也没有损坏。,ふ～、実験室に被害がなくて良かったよ。,
77117,mp3010_01,12694,12002,12692,12014,,,unmatched,evo,呼～实验室没有受灾，真是太好了。,これならテスト後の研究も日程どおりに進められそうだな。,
77118,mp3010_01,12700,12014,12694,12002,,,unmatched,evo,这样一来，就可以按照原定日程进行测试之后的研究工作了。,ふ～、実験室に被害がなくて良かったよ。,
77119,mp3010_01,12702,12026,12700,12014,,,unmatched,evo,呼～实验室没有受灾，真是太好了。,無事にテストも済んだし、日程どおりに進められそうだな。,
77120,mp3010_01,12717,,12702,12026,36767,ch2040180001,exact,evo,测试已经顺利完成了，可以按照原定日程来进行下面的工作。,ん？　どうしたの？,ん？　どうしたの？
77121,mp3010_01,12719,,12717,12056,36768,ch2040180002,exact,evo,嗯？什么事？,レイ先輩なら昼ごはんを食べに出て行ったよ。,レイ先輩なら昼ごはんを食べに出て行ったよ。
77122,mp3010_01,12725,,12719,97412,36774,ch2040180008,exact,evo,是来找雷伊前辈的吗？他出去吃午饭了。,ふう、どうにか試作品ができたな。後はテスターが来るのを待つだけだぞ。,ふう、どうにか試作品ができたな。後はテスターが来るのを待つだけだぞ。
77123,mp3010_01,12727,,12725,12080,36775,ch2040180009,exact,evo,呼～试制品已经做好了，之后就是等测试人员过来了。,一応、それまでにインソールを調整しとくか……,一応、それまでにインソールを調整しとくか……
77124,mp3010_01,12740,,12727,12092,36658,ch2040180249,blockwise,evo,在那之前，我还是再调整一下鞋的内垫吧……,それじゃあよろしくお願いするよ。,それじゃあよろしくお願いするよ。
77125,mp3010_01,12742,,12740,12116,36837,ch2040180070,blockwise,evo,那么，测试工作就拜托你们了。,履き潰すつもりでテストしてくれよな。,履き潰すつもりでテストしてくれよな。
77126,mp3010_01,12752,,12742,12128,36663,ch2040180254,blockwise,evo,请抱着踏破鞋底的决心努力测试吧。,やあ、スニーカーの調子はどう？,やあ、スニーカーの調子はどう？
77127,mp3010_01,12754,,12752,12152,36664,ch2040180255,blockwise,evo,哟，运动鞋穿起来怎么样？,あちこち歩き回ったら僕のところへ報告に来てくれよな。,あちこち歩き回ったら僕のところへ報告に来てくれよな。
77128,mp3010_01,12762,12182,12754,12164,,,unmatched,evo,去各地走走，然后再回来向我报告吧。,やあ、お疲れさま。,
77129,mp3010_01,12764,12194,12762,12182,,,unmatched,evo,哟，真是辛苦了。,今回はいい仕事をしてくれて助かったよ。,
77130,mp3010_01,12766,,12764,12194,36913,ch2040180136,vector_single (0.99),evo,你们干得不错，帮了我大忙。,製品になるのを楽しみにしててくれよな。,じゃ、製品になるのを楽しみにしててくれよな。
77131,mp3010_01,12777,12224,12766,12206,,,unmatched,evo,敬请期待今后的成品哦。,いや～～、昨日の夜はびっくりしたよ。,
77132,mp3010_01,12779,12236,12777,12224,,,unmatched,evo,哎呀～昨天晚上真是吓了我一跳啊。,大急ぎで試作品を作ってたら、突然、部屋が真っ暗になるんだもん。,
77133,mp3010_01,12781,12248,12779,12236,,,unmatched,evo,我当时正在忙着制作试制品，房间却突然一片漆黑。,危うくソールを机に接着しちゃうとこだったよ。,
77134,mp3010_01,12793,12278,12781,12248,,,unmatched,evo,我差点把鞋底粘到桌子上。,うーん、やっぱりインソールの素材の組み合わせがポイントだな。,
77135,mp3010_01,12795,12290,12793,12278,,,unmatched,evo,嗯，内垫材质的搭配组合果然是关键。,自分でも試せるだけ試したけど、そろそろモニターが必要だよな……,
77136,mp3010_01,12812,12320,12795,12290,,,unmatched,evo,虽然我自己也测试过，但还是需要一个测试员……,な、なんか背中に刺すような視線を感じるんだけど……,
77137,mp3010_01,12814,12332,12812,12320,,,unmatched,evo,总、总感觉身后有股视线向我射来……,きっと気のせいだな、気のせい。さあ、仕事に集中しようっと。,
77138,mp3010_01,12825,12350,12814,12332,,,unmatched,evo,一定是错觉，我要专心工作。,こないだレイ先輩に『居眠り防止食品』だとか言われてひどい食べ物を食わされてね。,
77139,mp3010_01,12827,12362,12825,12350,,,unmatched,evo,雷伊前辈之前给我吃了一种被他称为“防瞌睡食品”的可怕食物。,見た目は普通のトマトなんだけどこれがモーレツに苦いんだ。,
77140,mp3010_01,12829,12374,12827,12362,,,unmatched,evo,虽然看上去只是个普通的番茄，但味道却奇苦无比。,確かに、あまりにも苦くて眠気が一気に吹っ飛んだけど……,
77141,mp3010_01,12831,12386,12829,12374,,,unmatched,evo,话说回来，那东西确实能把睡意完全驱散，因为实在是太苦了……,これって洗濯バサミを『居眠り防止装置』だって言うのと同じだよね。,
77142,mp3010_01,16258,,12831,12386,25608,ch0390050988,exact,evo,和用晾衣夹子制作的“防瞌睡装置”算是同一类东西。,あら、あなたたち……,あら、あなたたち……
77143,mp3010_01,16260,12873,16258,12861,,,unmatched,evo,啊，是你们……,救出作戦の結果……私も聞いたわよ。,
77144,mp3010_01,16262,12885,16260,12873,,,unmatched,evo,营救作战的结果我也已经知道了。,とにかく、博士が無事でなによりだったわ。,
77145,mp3010_01,16264,12897,16262,12885,,,unmatched,evo,博士他们平安无事比什么都好。,あとは、逃げ切ってくれると信じて待つよりないわね。,
77146,mp3010_01,16272,12921,16264,12897,,,unmatched,evo,接下来我们也只能期待他们能顺利逃脱追捕了。,しかし、軍の方もこのまま黙ってはいないでしょうね。,
77147,mp3010_01,16274,12933,16272,12921,,,unmatched,evo,可是，军队那边也不可能就这样善罢甘休。,何か手を打ってくると思っていた方が良さそうね。,
77148,mp3010_01,16290,12975,16274,12933,,,unmatched,evo,还是赶快想想有没有什么对策吧。,まあ、アガットさん。どこに行ってたの！？,
77149,mp3010_01,16292,12987,16290,12975,,,unmatched,evo,啊，阿加特。你去哪里了！？,あれほど安静にって言ったのに……,
77150,mp3010_01,16296,13005,16292,12987,,,unmatched,evo,我都叮嘱过你要静养一段时间的……,もう大丈夫だよ、先生。,
77151,mp3010_01,16301,13011,16296,13005,,,unmatched,evo,已经没事啦，医生。,もう大丈夫だよ、先生。,
77152,mp3010_01,16308,13029,16301,13011,,,unmatched,evo,已经没事啦，医生。,体がなまっちまったからちょっと散歩に行ってくるぜ。,
77153,mp3010_01,16313,13035,16308,13029,,,unmatched,evo,身体都变得僵硬了，我去稍微散个步。,体がなまっちまったからちょっと散歩に行ってくるぜ。,
77154,mp3010_01,16320,13053,16313,13035,,,unmatched,evo,身体都变得僵硬了，我去稍微散个步。,……ま、軽く運動もする予定だが。,
77155,mp3010_01,16325,13059,16320,13053,,,unmatched,evo,……而且还打算做些轻量的运动。,……ま、軽く運動もする予定だが。,
77156,mp3010_01,16332,13077,16325,13059,,,unmatched,evo,……而且还打算做些轻量的运动。,さ、散歩に運動って……,
77157,mp3010_01,16337,13083,16332,13077,,,unmatched,evo,散、散步，运动……,さ、散歩に運動って……,
77158,mp3010_01,16344,13101,16337,13083,,,unmatched,evo,散、散步，运动……,はあ～、アガット。あんたも言うわね～～。,
77159,mp3010_01,16349,13107,16344,13101,,,unmatched,evo,唉～阿加特。你怎么这么会说话了。,はあ～、アガット。あんたも言うわね～～。,
77160,mp3010_01,16354,13119,16349,13107,,,unmatched,evo,唉～阿加特。你怎么这么会说话了。,ふう……しょうがないわね。,
77161,mp3010_01,16356,13131,16354,13119,,,unmatched,evo,呼……真是没办法了。,ま、でもあなたは遊撃士なんだし自分で責任を持つってことよね。,
77162,mp3010_01,16358,13143,16356,13131,,,unmatched,evo,不过你毕竟是游击士，要对自身负责任才行呢。,いいわ、好きになさい。,
77163,mp3010_01,16360,13155,16358,13143,,,unmatched,evo,好吧，随你的便了。,……ただし、無理は禁物よ。,
77164,mp3010_01,16364,13173,16360,13155,,,unmatched,evo,……不过，千万不要勉强自己。,ああ、先生にもう迷惑はかけねえさ。,
77165,mp3010_01,16369,13179,16364,13173,,,unmatched,evo,啊，我不会再给医生添麻烦的。,ああ、先生にもう迷惑はかけねえさ。,
77166,mp3010_01,16376,13197,16369,13179,,,unmatched,evo,啊，我不会再给医生添麻烦的。,じゃあな、世話になった。,
77167,mp3010_01,16381,13203,16376,13197,,,unmatched,evo,多谢你的照顾啦。,じゃあな、世話になった。,
77168,mp3010_01,16392,13227,16381,13203,,,unmatched,evo,多谢你的照顾啦。,みなさん、気をつけてね。,
77169,mp3010_01,16394,13239,16392,13227,,,unmatched,evo,你们要小心啊。,アガットさんも、無理は禁物よ。,
77170,mp3010_01,16408,13269,16394,13239,,,unmatched,evo,阿加特你也不要擅自行事。,昨日はご苦労さま。お陰でアガットさんを救えたわ。,
77171,mp3010_01,16410,13281,16408,13269,,,unmatched,evo,昨天辛苦了。多亏了你们阿加特才能够得救。,まだ目を覚ましてないけど、もう峠は越したと思っていいわ。,
77172,mp3010_01,16412,13293,16410,13281,,,unmatched,evo,虽然还没有醒过来，不过他已经度过危险期了。,意識がないというより今は深く眠っている状態ね。,
77173,mp3010_01,16414,13305,16412,13293,,,unmatched,evo,现在与其说是失去意识，不如说是在沉睡。,じきに目を覚ますはずよ。,
77174,mp3010_01,16422,13329,16414,13305,,,unmatched,evo,一定会很快醒过来的。,まだ目は覚ましてないけど、アガットさんはもう大丈夫と思うわ。,
77175,mp3010_01,16424,13341,16422,13329,,,unmatched,evo,虽然阿加特还没有醒过来，不过我想他应该已经脱离危险了。,ティータさんが熱心に看病してくれてるから本当に助かってるのよ。,
77176,mp3010_01,16436,13365,16424,13341,,,unmatched,evo,缇妲那么热心地一直在旁边看护着他，真的是帮了我大忙。,七耀教会には、千年に及ぶ、伝統医療の蓄積があるから……,
77177,mp3010_01,16438,13377,16436,13365,,,unmatched,evo,七耀教会积累了上千年的传统医疗方法……,ビクセン教区長なら、未知の毒物の対症療法もご存じかもしれないわ。,
77178,mp3010_01,16440,13389,16438,13377,,,unmatched,evo,皮克塞恩教区长说不定会知道这种未知毒药的解毒方法。,教会に行って相談してみる価値はあると思うわよ。,
77179,mp3010_01,16455,,16440,13389,37086,ch2000181207,blockwise,evo,我想有必要去教会和他商量一下。,私が確認したところでは怪我人は出ていないみたいね。,私が確認したところでは怪我人は出ていないみたいね。
77180,mp3010_01,16457,,16455,13977,37087,ch2000181208,blockwise,evo,据我所知，好像没有人受伤。,大変な事件だったけどとにかくみんなが無事でよかったわ。,大変な事件だったけどとにかくみんなが無事でよかったわ。
77181,mp3010_01,16459,,16457,13989,37088,ch2000181209,blockwise,evo,虽然案件很严重，不过大家都还平安无事，真是太好了,そうそう、事件といえば前にお願いした煙草の１件だけど……,そうそう、事件といえば前にお願いした煙草の１件だけど……
77182,mp3010_01,16461,,16459,13455,37089,ch2000181210,blockwise,evo,对了对了，说到案件，之前拜托你们调查香烟的那件事……,残念だけど、もう調査は打ち切ってもらうことにしたわ。,残念だけど、もう調査は打ち切ってもらうことにしたわ。
77183,mp3010_01,16465,,16461,13467,37090,ch0010181211,blockwise,evo,虽然很遗憾， 不过调查就到此为止吧。,え……どうして？,え……どうして？
77184,mp3010_01,16470,,16465,13485,37090,ch0010181211,blockwise,evo,咦……为什么？,え……どうして？,え……どうして？
77185,mp3010_01,16475,,16470,13491,37091,ch2000181212,blockwise,evo,咦……为什么？,持ち出された煙草がいつの間にか戻ってきていたのよ。,持ち出された煙草がいつの間にか戻ってきていたのよ。
77186,mp3010_01,16477,,16475,13503,37092,ch2000181213,blockwise,evo,被拿走的香烟不知道什么时候又回来了。,証拠品がないんじゃ、犯人を捕まえることもできやしないでしょ。,証拠品がないんじゃ、犯人を捕まえることもできやしないでしょ。
77187,mp3010_01,16479,,16477,13515,37093,ch2000181214,blockwise,evo,没有证据，就不能抓到犯人了。,というわけだから、今回はあきらめるわ。,というわけだから、今回はあきらめるわ。
77188,mp3010_01,16483,,16479,13527,49899,ch0020130381,blockwise,evo,就是这样，这次就放弃吧。,そうですか……,そうですか……
77189,mp3010_01,16488,,16483,13545,44930,ch0020110407,normalized,evo,是这样啊……,そうですか……,そう、ですか……
77190,mp3010_01,16495,,16488,13551,37095,ch0010181216,normalized,evo,是这样啊……,うう～、申し訳ない…………,うう〜、申し訳ない…………
77191,mp3010_01,16500,,16495,13569,37095,ch0010181216,normalized,evo,唔～真是对不起…………,うう～、申し訳ない…………,うう〜、申し訳ない…………
77192,mp3010_01,16507,,16500,13575,37096,ch0010181217,exact,evo,唔～真是对不起…………,はあ、もっと早く調査に取り掛かるべきだったわねぇ。,はあ、もっと早く調査に取り掛かるべきだったわねぇ。
77193,mp3010_01,16512,,16507,13593,37096,ch0010181217,exact,evo,唉，如果能够早一点展开调查就好了。,はあ、もっと早く調査に取り掛かるべきだったわねぇ。,はあ、もっと早く調査に取り掛かるべきだったわねぇ。
77194,mp3010_01,16519,,16512,13599,37097,ch0020181218,exact,evo,唉，如果能够早一点展开调查就好了。,では、何かありましたらまた連絡してください。,では、何かありましたらまた連絡してください。
77195,mp3010_01,16524,,16519,13617,37097,ch0020181218,exact,evo,那么，如果还有什么事就再和我们联络吧。,では、何かありましたらまた連絡してください。,では、何かありましたらまた連絡してください。
77196,mp3010_01,16529,,16524,13623,37098,ch2000181219,exact,evo,那么，如果还有什么事就再和我们联络吧。,ええ、ではよろしくね。,ええ、ではよろしくね。
77197,mp3010_01,16542,13677,16529,13635,,,unmatched,evo,嗯，到时候还请多关照。,ああ、みなさんご苦労さま。,
77198,mp3010_01,16547,,16542,13677,37086,ch2000181207,exact,evo,啊，各位辛苦了。,私が確認したところでは怪我人は出ていないみたいね。,私が確認したところでは怪我人は出ていないみたいね。
77199,mp3010_01,16549,,16547,13977,37087,ch2000181208,exact,evo,据我所知，好像没有人受伤。,大変な事件だったけどとにかくみんなが無事でよかったわ。,大変な事件だったけどとにかくみんなが無事でよかったわ。
77200,mp3010_01,16557,,16549,13701,33219,ch0070090636,exact,evo,虽然案件很严重，不过大家都还平安无事，真是太好了。,…………………………,…………………………
77201,mp3010_01,16562,,16557,13731,19265,ch0010040661,exact,evo,…………………………,…………………………,…………………………
77202,mp3010_01,16571,13773,16562,13737,,,unmatched,evo,…………………………,ティータさん、どうしたの？,
77203,mp3010_01,16573,13785,16571,13773,,,unmatched,evo,缇妲，怎么了？,どこか具合が悪い？,
77204,mp3010_01,16577,13803,16573,13785,,,unmatched,evo,有哪里不舒服吗？,あ……,
77205,mp3010_01,16582,13809,16577,13803,,,unmatched,evo,啊……,あ……,
77206,mp3010_01,16589,13827,16582,13809,,,unmatched,evo,啊……,な、なんでもないですよ。,
77207,mp3010_01,16594,13833,16589,13827,,,unmatched,evo,没、没什么事啦。,な、なんでもないですよ。,
77208,mp3010_01,16601,13851,16594,13833,,,unmatched,evo,没、没什么事啦。,ちょ、ちょっとぼーっとしてただけです。,
77209,mp3010_01,16606,13857,16601,13851,,,unmatched,evo,我、我只是稍微发个呆而已。,ちょ、ちょっとぼーっとしてただけです。,
77210,mp3010_01,16611,13869,16606,13857,,,unmatched,evo,我、我只是稍微发个呆而已。,そう、無理しないでね。,
77211,mp3010_01,16613,13881,16611,13869,,,unmatched,evo,是吗，可不要勉强哦。,疲れが出たのかも知れないわ。今日は早めに休みなさいよ。,
77212,mp3010_01,16617,,16613,13881,37822,ch0070071166,exact,evo,也许你已经有些疲劳了。今天就早点休息吧。,あ、はい。わかりました。,あ、はい。わかりました。
77213,mp3010_01,16622,,16617,13899,37822,ch0070071166,exact,evo,啊，好的。我知道了。,あ、はい。わかりました。,あ、はい。わかりました。
77214,mp3010_01,16641,,16622,13905,37084,ch2000181205,blockwise,evo,啊，好的。我知道了。,煙草の捜査の件は依頼を取り下げることにしたわ。,煙草の捜査の件は依頼を取り下げることにしたわ。
77215,mp3010_01,16643,,16641,13947,37085,ch2000181206,blockwise,evo,关于香烟搜查的委托就到此为止吧。,残念だけど、また何かあったらよろしくお願いするわね。,残念だけど、また何かあったらよろしくお願いするわね。
77216,mp3010_01,16650,,16643,13959,37086,ch2000181207,blockwise,evo,虽然有些遗憾，不过再有什么事还请多多照顾哦。,私が確認したところでは怪我人は出ていないみたいね。,私が確認したところでは怪我人は出ていないみたいね。
77217,mp3010_01,16652,,16650,13977,37087,ch2000181208,blockwise,evo,据我所知，好像没有人受伤。,大変な事件だったけどとにかくみんなが無事でよかったわ。,大変な事件だったけどとにかくみんなが無事でよかったわ。
77218,mp3010_01,16666,,16652,13989,36205,ch2120181377,vector_single (0.99),evo,虽然案件很严重，不过大家都还平安无事，真是太好了,う～ん、おかしいわねぇ…………,あら、おかしいわね…………
77219,mp3010_01,16668,14031,16666,14019,,,unmatched,evo,唔～真是奇怪了…………,この前たしかにここにしまったはずなんだけど……,
77220,mp3010_01,16679,14061,16668,14031,,,unmatched,evo,我明明记得之前放在这里的……,今日はご苦労様。解決してくれて感謝してるわ。,
77221,mp3010_01,16681,,16679,14061,37458,ch2000181198,exact,evo,今天辛苦你们了。感谢你们为我解决这件事。,また何かあったらよろしくお願いね。,また何かあったらよろしくお願いね。
77222,mp3010_01,16695,,16681,14073,37117,ch2000181222,normalized,evo,如果再有什么事的话，还请多多关照。,アントワーヌちゃ～～ん。よく犯人を見つけてくれたわね～。,アントワーヌちゃ〜〜ん。よく犯人を見つけてくれたわね〜。
77223,mp3010_01,16697,,16695,14115,37118,ch2000181223,normalized,evo,小安东尼。你好棒，居然找到了犯人呢。,ん～～、もうなんてえらい子なのかしら～。,ん〜〜、もうなんてえらい子なのかしら〜。
77224,mp3010_01,16700,,16697,14127,37119,ch2000181224,blockwise,evo,嗯～真是了不起的孩子～,……はっ！？,……はっ！？
77225,mp3010_01,16702,,16700,14145,37120,ch2000181225,blockwise,evo,……啊！？,…………………………,…………………………
77226,mp3010_01,16705,,16702,14157,37121,ch2000181226,blockwise,evo,…………………………,コホン……,コホン……
77227,mp3010_01,16708,,16705,14175,37122,ch2000181227,blockwise,evo,咳咳……,あ、あら、みなさん。,あ、あら、みなさん。
77228,mp3010_01,16710,,16708,14193,37123,ch2000181228,blockwise,evo,啊、哎呀，是你们。,なにかご用かしら？,なにかご用かしら？
77229,mp3010_01,16718,,16710,14205,37115,ch2000181229,blockwise,evo,请问有什么事吗？,い、今は動物を使ったストレスの軽減法を研究してたの。,い、今は動物を使ったストレスの軽減法を研究していたの。
77230,mp3010_01,16720,,16718,14229,37116,ch2000181230,blockwise,evo,我、我现在正在研究使用动物来减轻压力的方法。,言っておきますけど、ただじゃれてたわけじゃないのよ。,言っておきますけど、ただじゃれてたわけじゃないのよ。
77231,mp3010_01,16734,,16720,14241,37124,ch2000181231,blockwise,evo,我先声明，绝对不是在玩。,あら、アントワーヌも一緒なの？,あら、アントワーヌも一緒なの？
77232,mp3010_01,16736,,16734,14271,37125,ch2000181232,blockwise,evo,啊，安东尼也在一起啊？,きっと何かヒントをくれると思うわよ。,きっと何かヒントをくれると思うわよ。
77233,mp3010_01,16738,,16736,14283,37126,ch2000181233,blockwise,evo,它肯定会给你们提供什么线索的。,それじゃ、行ってらっしゃい。,それじゃ、行ってらっしゃい。
77234,mp3010_01,16745,,16738,14295,37127,ch2000181234,blockwise,evo,那么，请慢走。,アントワーヌを連れて行けば何かヒントになるかも知れないわよ。,アントワーヌを連れて行けば何かヒントになるかも知れないわよ。
77235,mp3010_01,16747,,16745,14313,37128,ch2000181235,blockwise,evo,带着安东尼一起去说不定会得到什么线索。,好物の新鮮ミルクは雑貨屋で手に入るはずだしぜひ試してみて欲しいわね。,好物の新鮮ミルクは雑貨屋で手に入るはずだしぜひ試してみて欲しいわね。
77236,mp3010_01,16763,14361,16747,14325,,,unmatched,evo,它最喜欢的鲜奶在杂货店就可以买得到，你们不妨试一下。,やれやれ、昨日はみんな大変だったみたいよ。,
77237,mp3010_01,16765,14373,16763,15435,,,unmatched,evo,哎呀哎呀，昨天大家可都够呛呀。,この医務室はいつも通りだったけど他は遅くまでドタバタしてたみたいね。,
77238,mp3010_01,16767,15519,16765,14373,,,unmatched,evo,这个医务室倒还没事，不过其他地方就忙到很晚。,今朝来てみたら、アントワーヌがベッドで寝てたから。,
77239,mp3010_01,16769,15531,16767,15519,,,unmatched,evo,今天早上回来的时候，发现安东尼睡在床上。,きっと他の場所が騒がしくて行く場所がなかったのね……,
77240,mp3010_01,16773,14415,16769,15531,,,unmatched,evo,一定是其他地方发生骚动，没有地方可以去吧……,アントワーヌ？,
77241,mp3010_01,16778,14421,16773,14415,,,unmatched,evo,安东尼？,アントワーヌ？,
77242,mp3010_01,16783,14433,16778,14421,,,unmatched,evo,安东尼？,そこにいる猫の名前よ。,
77243,mp3010_01,16785,14445,16783,14433,,,unmatched,evo,就是那只小猫的名字。,いつの頃からかこの中央工房に住んでるの。,
77244,mp3010_01,16787,14457,16785,14445,,,unmatched,evo,它很早以前就已经住在中央工房了。,誰かの飼い猫ってわけじゃなく気が向いた人が世話してるんだけどね。,
77245,mp3010_01,16791,15633,16787,15615,,,unmatched,evo,应该不是某户人家里养的猫，所以谁有兴趣谁就来照顾它了。,なるほど、みんなの猫ってことね。,
77246,mp3010_01,16796,15639,16791,14475,,,unmatched,evo,原来是这样啊，算是大家一起养的猫吧。,なるほど、みんなの猫ってことね。,
77247,mp3010_01,16801,14493,16796,14481,,,unmatched,evo,原来是这样啊，算是大家一起养的猫吧。,ま、そんなところ。,
77248,mp3010_01,16803,15675,16801,14493,,,unmatched,evo,嗯，没错。,アントワーヌ自身も飼い猫になる気なんてさらさらないんでしょうけどね。,
77249,mp3010_01,16805,14517,16803,15675,,,unmatched,evo,安东尼自己可能一点都不想变成家猫吧。,どこかで見かけたら可愛がってあげてちょうだい。,
77250,mp3010_01,16809,,16805,15687,37456,ch0010181196,normalized,evo,以后在别的地方碰见它，可要好好照顾它哦～,うん、もちろん。,うん、もちろん！
77251,mp3010_01,16814,,16809,15705,37456,ch0010181196,normalized,evo,嗯，那当然啦。,うん、もちろん。,うん、もちろん！
77252,mp3010_01,16819,14553,16814,15711,,,unmatched,evo,嗯，那当然啦。,……さて、アントワーヌの紹介も済んだことだし、そろそろ仕事に取り掛からないと。,
77253,mp3010_01,16821,14565,16819,15723,,,unmatched,evo,……那么，安东尼也介绍过了，我也差不多该开始工作了。,あなたたちも何か用があったんじゃないの？,
77254,mp3010_01,16829,14595,16821,14565,,,unmatched,evo,你们不是也有事情要办吗？,うん、あたしたちは５階の演算室に行く途中なの。,
77255,mp3010_01,16834,14601,16829,14595,,,unmatched,evo,嗯，我们打算去五楼的演算室。,うん、あたしたちは５階の演算室に行く途中なの。,
77256,mp3010_01,16841,14619,16834,14601,,,unmatched,evo,嗯，我们打算去五楼的演算室。,ちょっと調べ物があってね。,
77257,mp3010_01,16846,14625,16841,14619,,,unmatched,evo,有些事情要调查。,ちょっと調べ物があってね。,
77258,mp3010_01,16851,14637,16846,14625,,,unmatched,evo,有些事情要调查。,あら、演算室に？,
77259,mp3010_01,16853,15003,16851,14637,,,unmatched,evo,啊，到演算室？,うーん、大丈夫かしら……最近ずっと調整中だったのよね。,
77260,mp3010_01,16857,15021,16853,15003,,,unmatched,evo,唔～没问题吗……最近那里的设备好像一直在调整中啊。,何か問題でも？,
77261,mp3010_01,16862,15027,16857,15021,,,unmatched,evo,有什么问题吗？,何か問題でも？,
77262,mp3010_01,16867,15039,16862,15027,,,unmatched,evo,有什么问题吗？,いえ、精密な機器だから正常に機能させるだけで大変らしいの。,
77263,mp3010_01,16869,15051,16867,15039,,,unmatched,evo,没什么，因为是精密仪器，所以要维持正常的机能十分不容易。,まあ、とりあえず行って様子を見た方がいいわね。,
77264,mp3010_01,16873,14715,16869,15051,,,unmatched,evo,不管怎么说，你们去那里看看吧。,うーん、大丈夫かな。雲行きがあやしくなってきたわ。,
77265,mp3010_01,16878,14721,16873,15069,,,unmatched,evo,唔～没关系吗。好像有点不对劲。,うーん、大丈夫かな。雲行きがあやしくなってきたわ。,
77266,mp3010_01,16885,15093,16878,15075,,,unmatched,evo,唔～没关系吗。好像有点不对劲。,とにかく先生の言う通り演算室に行ってみるしかないね。,
77267,mp3010_01,16890,15099,16885,15093,,,unmatched,evo,总之先按照医生说的到演算室去看看吧。,とにかく先生の言う通り演算室に行ってみるしかないね。,
77268,mp3010_01,16897,,16890,15099,50511,ch0010111179,exact,evo,总之先按照医生说的到演算室去看看吧。,うん、それはそうね。,うん、それはそうね。
77269,mp3010_01,16902,,16897,15117,50511,ch0010111179,exact,evo,嗯，说的也是。,うん、それはそうね。,うん、それはそうね。
77270,mp3010_01,16909,15141,16902,15123,,,unmatched,evo,嗯，说的也是。,じゃ、またね先生。,
77271,mp3010_01,16914,15147,16909,15141,,,unmatched,evo,医生，再见了。,じゃ、またね先生。,
77272,mp3010_01,16921,,16914,15147,37164,ch0020170877,exact,evo,医生，再见了。,では、失礼します。,では、失礼します。
77273,mp3010_01,16926,,16921,15165,,,conflict,evo,告辞了。,では、失礼します。,
77274,mp3010_01,16931,15915,16926,15171,,,unmatched,evo,告辞了。,はい、行ってらっしゃい。,
77275,mp3010_01,16939,14847,16931,15915,,,unmatched,evo,好的，你们慢走。,あ、そうだ。ガソリンと内燃機関を取りに行くんだっけ。,
77276,mp3010_01,16944,14853,16939,14847,,,unmatched,evo,啊，对了。我们要去取汽油和内燃引擎设备。,あ、そうだ。ガソリンと内燃機関を取りに行くんだっけ。,
77277,mp3010_01,16951,,16944,14853,57547,ch0020120136,normalized,evo,啊，对了。我们要去取汽油和内燃引擎设备。,それでは、失礼します。,それでは失礼します。
77278,mp3010_01,16956,,16951,14871,8573,ch0020150258,normalized,evo,那么先告辞了。,それでは、失礼します。,それでは失礼します。
77279,mp3010_01,16961,15915,16956,14877,,,unmatched,evo,那么先告辞了。,はい、行ってらっしゃい。,
77280,mp3010_01,16971,,16961,15915,25608,ch0390050988,normalized,evo,好的，你们慢走。,あら、あなたたち。,あら、あなたたち……
77281,mp3010_01,16973,14919,16971,14907,,,unmatched,evo,咦，是你们。,ラッセル博士には会えたの？,
77282,mp3010_01,16981,14949,16973,14919,,,unmatched,evo,和拉赛尔博士见过面了吗？,うん、バッチリ。今は博士のお手伝い中ってとこ。,
77283,mp3010_01,16986,14955,16981,14949,,,unmatched,evo,嗯，当然。现在我们正在给博士帮忙。,うん、バッチリ。今は博士のお手伝い中ってとこ。,
77284,mp3010_01,16993,14973,16986,14955,,,unmatched,evo,嗯，当然。现在我们正在给博士帮忙。,演算室って場所に調べ物をしに行く途中なんだ。,
77285,mp3010_01,16998,14979,16993,14973,,,unmatched,evo,要去演算室调查一些事情。,演算室って場所に調べ物をしに行く途中なんだ。,
77286,mp3010_01,17003,14991,16998,14979,,,unmatched,evo,要去演算室调查一些事情。,演算室で調べ物？,
77287,mp3010_01,17005,15003,17003,14991,,,unmatched,evo,去演算室调查？,うーん、大丈夫かしら……最近ずっと調整中だったのよね。,
77288,mp3010_01,17009,15021,17005,15003,,,unmatched,evo,唔～没问题吗……最近那里的设备好像一直在调整中啊。,何か問題でも？,
77289,mp3010_01,17014,15027,17009,15021,,,unmatched,evo,有什么问题吗？,何か問題でも？,
77290,mp3010_01,17019,15039,17014,15027,,,unmatched,evo,有什么问题吗？,いえ、精密な機器だから正常に機能させるだけで大変らしいの。,
77291,mp3010_01,17021,15051,17019,15039,,,unmatched,evo,没什么，因为是精密仪器，所以要维持正常的机能十分不容易。,まあ、とりあえず行って様子を見た方がいいわね。,
77292,mp3010_01,17025,15069,17021,15051,,,unmatched,evo,不管怎么说，你们去那里看看吧。,うーん、大丈夫かしら。少し雲行きがあやしくなってきたわ。,
77293,mp3010_01,17030,15075,17025,15069,,,unmatched,evo,唔～没关系吗。好像有点不对劲。,うーん、大丈夫かしら。少し雲行きがあやしくなってきたわ。,
77294,mp3010_01,17037,15093,17030,15075,,,unmatched,evo,唔～没关系吗。好像有点不对劲。,とにかく先生の言う通り演算室に行ってみるしかないね。,
77295,mp3010_01,17042,15099,17037,15093,,,unmatched,evo,总之先按照医生说的到演算室去看看吧。,とにかく先生の言う通り演算室に行ってみるしかないね。,
77296,mp3010_01,17049,,17042,15099,50511,ch0010111179,exact,evo,总之先按照医生说的到演算室去看看吧。,うん、それはそうね。,うん、それはそうね。
77297,mp3010_01,17054,,17049,15117,50511,ch0010111179,exact,evo,嗯，说的也是。,うん、それはそうね。,うん、それはそうね。
77298,mp3010_01,17061,15141,17054,15123,,,unmatched,evo,嗯，说的也是。,じゃ、またね先生。,
77299,mp3010_01,17066,15147,17061,15141,,,unmatched,evo,医生，再见了。,じゃ、またね先生。,
77300,mp3010_01,17073,,17066,15147,37164,ch0020170877,exact,evo,医生，再见了。,では、失礼します。,では、失礼します。
77301,mp3010_01,17078,,17073,15165,,,conflict,evo,告辞了。,では、失礼します。,
77302,mp3010_01,17083,15915,17078,15171,,,unmatched,evo,告辞了。,はい、行ってらっしゃい。,
77303,mp3010_01,17091,15201,17083,15915,,,unmatched,evo,好的，你们慢走。,うん、バッチリ。今は博士のお手伝い中ってとこ。,
77304,mp3010_01,17096,15207,17091,15201,,,unmatched,evo,嗯，当然。现在我们正在给博士帮忙。,うん、バッチリ。今は博士のお手伝い中ってとこ。,
77305,mp3010_01,17103,15225,17096,15207,,,unmatched,evo,嗯，当然。现在我们正在给博士帮忙。,研究に必要なものを博士の代わりに取りに行く途中なの。,
77306,mp3010_01,17108,15231,17103,15225,,,unmatched,evo,我们正准备去替博士拿一些研究必要的东西。,研究に必要なものを博士の代わりに取りに行く途中なの。,
77307,mp3010_01,17113,15243,17108,15231,,,unmatched,evo,我们正准备去替博士拿一些研究必要的东西。,そう、中央工房は広いから迷わないようにね。,
77308,mp3010_01,17115,15393,17113,15243,,,unmatched,evo,是吗，中央工房很大，不要迷路了哦。,もし、行きたい場所が分からない場合は１階にいる案内係に聞いてみるといいわ。,
77309,mp3010_01,17119,,17115,15393,46669,ch0100101492,exact,evo,如果不知道想去的地方在哪里，就去一楼的接待处打听一下吧。,ええ、ありがとうございます。,ええ、ありがとうございます。
77310,mp3010_01,17124,,17119,15273,46669,ch0100101492,exact,evo,好的，多谢您的提醒。,ええ、ありがとうございます。,ええ、ありがとうございます。
77311,mp3010_01,17129,15291,17124,15279,,,unmatched,evo,好的，多谢您的提醒。,それじゃ、私は仕事を始めるから。,
77312,mp3010_01,17133,15309,17129,15291,,,unmatched,evo,那么我也要工作了。,はい、失礼しました。,
77313,mp3010_01,17138,15315,17133,15309,,,unmatched,evo,好，我们告辞了。,はい、失礼しました。,
77314,mp3010_01,17156,15351,17138,15315,,,unmatched,evo,好，我们告辞了。,あら、まだなにかあるの？,
77315,mp3010_01,17158,15363,17156,15351,,,unmatched,evo,哎，还有什么事吗？,とりあえず演算室に行って様子を見るしかないと思うわよ。,
77316,mp3010_01,17165,15381,17158,15363,,,unmatched,evo,总之先去演算室看一看情况吧。,そうそう、中央工房は広いからね。,
77317,mp3010_01,17167,15393,17165,15381,,,unmatched,evo,是啊，中央工房太大了。,もし、行きたい場所が分からない場合は１階にいる案内係に聞いてみるといいわ。,
77318,mp3010_01,17181,,17167,15393,35479,ch2120181562,vector_single (1.00),evo,如果不知道想去的地方在哪里，就去一楼的接待处打听一下吧。,あら、おはよう。,あら、おはようさん。
77319,mp3010_01,17183,15435,17181,15423,,,unmatched,evo,啊，早上好。,やれやれ、昨日はみんな大変だったみたいね。,
77320,mp3010_01,17187,15453,17183,15435,,,unmatched,evo,哎呀哎呀，昨天大家可都够呛呀。,あ、あの……,
77321,mp3010_01,17192,15459,17187,15453,,,unmatched,evo,啊，那个……,あ、あの……,
77322,mp3010_01,17199,15477,17192,15459,,,unmatched,evo,啊，那个……,ミリアム先生のトコはダイジョーブでしたか？,
77323,mp3010_01,17204,15483,17199,15477,,,unmatched,evo,米莉亚姆医生这里没出什么事吧。,ミリアム先生のトコはダイジョーブでしたか？,
77324,mp3010_01,17209,15495,17204,15483,,,unmatched,evo,米莉亚姆医生这里没出什么事吧。,まあ、医務室はトラブルとも関係なかったしいつも通り静かなものだったわよ。,
77325,mp3010_01,17211,15507,17209,15495,,,unmatched,evo,嗯，医务室倒没遇到什么麻烦，和平时一样安静。,でも、他はどこも遅くまでドタバタしてたみたいね。,
77326,mp3010_01,17213,15519,17211,15507,,,unmatched,evo,不过其他地方就忙到很晚。,今朝来てみたら、アントワーヌがベッドで寝てたから。,
77327,mp3010_01,17215,15531,17213,15519,,,unmatched,evo,今天早上回来的时候，发现安东尼睡在床上。,きっと他の場所が騒がしくて行く場所がなかったのね……,
77328,mp3010_01,17219,15549,17215,15531,,,unmatched,evo,一定是其他地方发生骚动，没有地方可以去吧……,アントワーヌ？,
77329,mp3010_01,17224,15555,17219,15549,,,unmatched,evo,安东尼？,アントワーヌ？,
77330,mp3010_01,17231,15573,17224,15555,,,unmatched,evo,安东尼？,あ、そこにいる猫の名前ですよ。,
77331,mp3010_01,17236,15579,17231,15573,,,unmatched,evo,就是那只小猫的名字。,あ、そこにいる猫の名前ですよ。,
77332,mp3010_01,17243,15597,17236,15579,,,unmatched,evo,就是那只小猫的名字。,いつの頃からかこの中央工房に住んでるんです。,
77333,mp3010_01,17248,15603,17243,15597,,,unmatched,evo,它很早以前就已经住在中央工房了。,いつの頃からかこの中央工房に住んでるんです。,
77334,mp3010_01,17253,15615,17248,15603,,,unmatched,evo,它很早以前就已经住在中央工房了。,誰かの飼い猫ってわけじゃなく気が向いた人が世話をしてるの。,
77335,mp3010_01,17257,15633,17253,15615,,,unmatched,evo,应该不是某户人家里养的猫，所以谁有兴趣谁就来照顾它了。,なるほど、みんなの猫ってことね。,
77336,mp3010_01,17262,15639,17257,15633,,,unmatched,evo,原来是这样啊，就算是大家一起养的猫吧。,なるほど、みんなの猫ってことね。,
77337,mp3010_01,17269,15657,17262,15639,,,unmatched,evo,原来是这样啊，就算是大家一起养的猫吧。,えへへ、そーいうことですね。,
77338,mp3010_01,17274,15663,17269,15657,,,unmatched,evo,嘿嘿，就～是这样。,えへへ、そーいうことですね。,
77339,mp3010_01,17279,15675,17274,15663,,,unmatched,evo,嘿嘿，就～是这样。,アントワーヌ自身も飼い猫になる気なんてさらさらないんでしょうけどね。,
77340,mp3010_01,17281,15687,17279,15675,,,unmatched,evo,安东尼自己可能一点都不想变成家猫吧。,まあ、どこかで見かけたら可愛がってあげてちょうだい。,
77341,mp3010_01,17285,,17281,15687,37456,ch0010181196,normalized,evo,以后在别的地方碰见它，可要好好照顾它哦～,うん、もちろん。,うん、もちろん！
77342,mp3010_01,17290,,17285,15705,37456,ch0010181196,normalized,evo,嗯，那当然啦。,うん、もちろん。,うん、もちろん！
77343,mp3010_01,17295,15723,17290,15711,,,unmatched,evo,嗯，那当然啦。,……さて、アントワーヌの紹介も済んだことだし、そろそろ仕事でも始めようかしら。,
77344,mp3010_01,17297,15735,17295,15723,,,unmatched,evo,……那么，安东尼也介绍过了，我也差不多该开始工作了。,ティータさんたちも何か用事の途中じゃなかったの？,
77345,mp3010_01,17301,,17297,15735,37776,ch0070071187,exact,evo,缇妲你们不是也有事情要办吗。,あ、はい。そーです。,あ、はい。そーです。
77346,mp3010_01,17306,,17301,15753,37776,ch0070071187,exact,evo,啊，对了，是啊。,あ、はい。そーです。,あ、はい。そーです。
77347,mp3010_01,17313,15777,17306,15759,,,unmatched,evo,啊，对了，是啊。,これからおじいちゃんに会いに行くトコなんです。,
77348,mp3010_01,17318,15783,17313,15777,,,unmatched,evo,我们正要去外公那里呢。,これからおじいちゃんに会いに行くトコなんです。,
77349,mp3010_01,17323,15795,17318,15783,,,unmatched,evo,我们正要去外公那里呢。,そう、ラッセル博士なら３階の工作室にいらっしゃるはずよ。,
77350,mp3010_01,17325,15807,17323,15795,,,unmatched,evo,是吗，拉赛尔博士应该在三楼的工作室。,ずいぶん朝早くからいらっしゃってるみたいだったけど。,
77351,mp3010_01,17329,,17325,15807,35644,ch0020091628,exact,evo,今天一大早就过来工作了。,３階の工作室ですね。,３階の工作室ですね。
77352,mp3010_01,17334,,17329,15825,35644,ch0020091628,exact,evo,三楼的工作室吗。,３階の工作室ですね。,３階の工作室ですね。
77353,mp3010_01,17341,,17334,15831,35306,ch0010070775,vector_single (0.99),evo,三楼的工作室吗。,よし、じゃあ早速行きましょ。,わかったわ。それじゃ、早速行きましょ。
77354,mp3010_01,17346,,17341,15849,30404,ch0010170666,vector_search (0.94),evo,那我们快去吧。,よし、じゃあ早速行きましょ。,よし、行こっ。
77355,mp3010_01,17353,,17346,15855,36051,ch0070180700,exact,evo,那我们快去吧。,はい、そーですね。,はい、そーですね。
77356,mp3010_01,17358,,17353,15873,36051,ch0070180700,exact,evo,嗯，好的。,はい、そーですね。,はい、そーですね。
77357,mp3010_01,17365,15897,17358,15879,,,unmatched,evo,嗯，好的。,じゃ、ミリアム先生。これで失礼します。,
77358,mp3010_01,17370,15903,17365,15897,,,unmatched,evo,米莉亚姆医生，我们就此告辞了。,じゃ、ミリアム先生。これで失礼します。,
77359,mp3010_01,17375,15915,17370,15903,,,unmatched,evo,米莉亚姆医生，我们就此告辞了。,はい、行ってらっしゃい。,
77360,mp3010_01,17383,15939,17375,15915,,,unmatched,evo,好的，你们慢走。,あら、ラッセル博士のところにはもう行ったの？,
77361,mp3010_01,17385,,17383,15939,35625,ch0550091637,vector_single (1.00),evo,啊，你们去找过拉赛尔博士了吗？,博士は３階の工作室にいらっしゃるはずよ。,博士は３階の工作室にいらっしゃるはずだ。
77362,mp3010_01,17401,15993,17385,15951,,,unmatched,evo,博士肯定就在三楼的工作室里。,あら、ティータさんじゃない。,
77363,mp3010_01,17403,16005,17401,15993,,,unmatched,evo,啊，这不是缇妲吗。,最近、ラッセル博士はどう？何かお変わりはないかしら？,
77364,mp3010_01,17407,16023,17403,16005,,,unmatched,evo,最近拉赛尔博士身体怎么样？有没有哪里不舒服的感觉？,あ、はい。いつもどーり元気ですよ。,
77365,mp3010_01,17412,16029,17407,16023,,,unmatched,evo,啊，是。和平常一样很健康哦。,あ、はい。いつもどーり元気ですよ。,
77366,mp3010_01,17417,16041,17412,16029,,,unmatched,evo,啊，是。和平常一样很健康哦。,そう、ならいいんだけど。,
77367,mp3010_01,17419,16053,17417,16041,,,unmatched,evo,是吗，那样就好。,でも、不規則な生活を続けてると異状が出てくるわ。,
77368,mp3010_01,17421,16065,17419,16053,,,unmatched,evo,不过，如果他再继续保持这样无规律的生活习惯，肯定会出问题的。,そうならないためにも定期的に診断を受けるように博士に伝えておいてちょうだい。,
77369,mp3010_01,17425,16083,17421,16065,,,unmatched,evo,以防万一，回去请转告博士务必要来我这里定期检查一下身体。,あ、はい、伝えておきます。,
77370,mp3010_01,17430,16089,17425,16083,,,unmatched,evo,啊，好的，我会转告的。,あ、はい、伝えておきます。,
77371,mp3010_01,17435,16101,17430,16089,,,unmatched,evo,啊，好的，我会转告的。,ふう、ラッセル博士もティータさんみたいに聞き分けがいいと良いんだけど……,
77372,mp3010_01,17437,16113,17435,16101,,,unmatched,evo,呼～拉赛尔博士如果也像缇妲一样听话就好了……,なんだかんだと理由をつけて検診を欠席することが多いのよね。,
77373,mp3010_01,17439,16125,17437,16113,,,unmatched,evo,经常编造各种理由逃避身体检查。,もう、まったく子供みたいなんだから。,
77374,mp3010_01,17443,,17439,16125,,,conflict,evo,真是的，跟小孩子一样任性。,あ、あはは……,
77375,mp3010_01,17448,,17443,16143,,,conflict,evo,啊，啊哈哈……,あ、あはは……,
77376,mp3010_01,17459,,17448,16149,35559,ch0550091548,vector_search (0.85),evo,啊，啊哈哈……,ラッセル博士もティータさんみたいに聞き分けがいいと良いんだけど……,ティータ君のためにもどうかラッセル博士のことを頼むよ。
77377,mp3010_01,17461,16185,17459,16173,,,unmatched,evo,拉赛尔博士如果也像缇妲一样听话，就能让我省不少心了……,次の検診はちゃんと受けてもらいたいわ。,
77378,mp3010_01,17473,16209,17461,16185,,,unmatched,evo,下一次的体检真希望他能够好好配合。,どうしたのかしら？,
77379,mp3010_01,17475,16221,17473,16209,,,unmatched,evo,有什么事吗？,ここは工房付きの医療技術研究所よ。,
77380,mp3010_01,17477,16233,17475,16221,,,unmatched,evo,这里是工房附属的医疗技术研究所。,一般の診療もしてるから、体調を崩したらいらっしゃい。,
77381,mp3010_01,17712,17507,17477,16233,,,unmatched,evo,我们这里也做一般的诊疗，要是感到身体不舒服的话就过来吧。,今ちょうどオーバルエンジン関係の打ち合わせが終わったとこよ。,
77382,mp3010_01,17714,17519,17712,17507,,,unmatched,evo,刚才我们关于新型导力引擎开了一个讨论会，现在刚刚结束。,昨日はアイディアが出なくて焦ったけどどうにか格好はついたかな。,
77383,mp3010_01,17722,17543,17714,17519,,,unmatched,evo,昨天没想出什么好点子，真是急坏我了。但不管怎么说好歹混了过去。,ふむ、でも煮詰まっちゃったときには食事をするのも効果的みたいね。,
77384,mp3010_01,17724,17555,17722,17543,,,unmatched,evo,不过，当思考遇到瓶颈的时候，吃点东西也是很有效果的。,昨日もスープを飲んだ途端にピキーンとアイディアが閃いたし……,
77385,mp3010_01,17726,17567,17724,17555,,,unmatched,evo,昨天刚喝了些汤，霎时间灵光一现……,また困ったらウルスの奴を呼んでスープ作ってもらおうっと。,
77386,mp3010_01,17745,17603,17726,17567,,,unmatched,evo,再遇到大脑停电，就把乌尔斯叫来，让他给我炖汤。,このエンジンは出力の点ではすでに保証済みです。,
77387,mp3010_01,17747,17615,17745,17603,,,unmatched,evo,这个引擎在功率输出方面已经得到保证了。,ラッセル博士が新たに設計した駆動オーブメントを実装すれば、十分に要求性能を超えるでしょう。,
77388,mp3010_01,17749,17627,17747,17615,,,unmatched,evo,如果可以将拉赛尔博士新设计的驱动导力器实现的话，实际性能可以大大超出要求吧。,ですから、これからは整備性にも配慮した設計が求められるようになると思うんです。,
77389,mp3010_01,17761,17651,17749,17627,,,unmatched,evo,所以，希望今后在设计上能够多多考虑完备性的方面。,し、新型オーバルエンジンの開発プロジェクトに転属！？,
77390,mp3010_01,17763,17663,17761,17651,,,unmatched,evo,咦，调到新型导力引擎的开发项目！？,あ、あたしがですか？,
77391,mp3010_01,18364,17801,17763,17663,,,unmatched,evo,是，是说我吗？,そう言えば…………,
77392,mp3010_01,18366,17813,18364,17801,,,unmatched,evo,说来…………,王都の歴史資料館に《アルセイユ》の写真が早速展示されたそうですね。,
77393,mp3010_01,18368,17825,18366,17813,,,unmatched,evo,《埃尔赛尤号》的照片很快会在王都的历史资料馆里展出。,ふむ、暇を見つけてぜひ見学に訪れたいものです。,
77394,mp3010_01,18377,17849,18368,17825,,,unmatched,evo,嗯，什么时候有空，我也一定要去参观一下。,ふう、やっぱり資料が見当たりませんね。,
77395,mp3010_01,18379,17861,18377,17849,,,unmatched,evo,哼，真是的，资料怎么都找不到。,１度、抜本的に工房全体の管理体制を見直してもらわないと。,
77396,mp3010_01,18390,17891,18379,17861,,,unmatched,evo,看来必须再次彻底地评估整个工房的管理体制了。,あの若い女性が、オーバルエンジン開発の新規メンバーですか……,
77397,mp3010_01,18392,17903,18390,17891,,,unmatched,evo,那位年轻的女士是导力引擎开发项目里新来的成员吗……,ふむ、堂々としたものだ。期待できそうな気がしますね。,
77398,mp3010_01,18400,17927,18392,17903,,,unmatched,evo,真是气质高雅啊。让人非常期待。,きっと《アルセイユ》も新しい翼が届く日を心待ちにしていることでしょう。,
77399,mp3010_01,18402,17939,18400,17927,,,unmatched,evo,《埃尔赛尤号》肯定也期待着能够拥有一双崭新的翅膀。 ,このまま計画が順調に推移してくれると良いのですが。,
77400,mp3010_01,18416,17969,18402,17939,,,unmatched,evo,希望计划能够顺利进行下去。,おや、ラッセル博士はもうお帰りになったようですね。,
77401,mp3010_01,18418,17981,18416,17969,,,unmatched,evo,哦？拉赛尔博士好像已经回去了。,こんなに早く研究を切り上げるなんて……,
77402,mp3010_01,18420,17993,18418,17981,,,unmatched,evo,这次这么早就结束了研究工作……,いや、珍しいこともあったものですね。,
77403,mp3010_01,18428,18017,18420,17993,,,unmatched,evo,哎呀～真的是难得一见。,ラッセル博士はもうお帰りになったようですね。,
77404,mp3010_01,18430,18029,18428,18017,,,unmatched,evo,拉赛尔博士好像已经回去了。,少しアドバイスを頂きたかったのですが仕方がないですね。,
77405,mp3010_01,18432,18041,18430,18029,,,unmatched,evo,我本来还想请他给我们提一些建议呢，但这次是不行了。,また今度にしましょう。,
77406,mp3010_01,18444,18065,18432,18041,,,unmatched,evo,以后有机会再说吧。,おお、良かった。室内も無事のようですね。,
77407,mp3010_01,18446,18077,18444,18065,,,unmatched,evo,哦哦，太好了。研究室内似乎没事了。,これならすぐに研究を再開できるでしょう。,
77408,mp3010_01,18459,18113,18446,18077,,,unmatched,evo,这样很快就可以将计划继续进行下去了吧。,ふむ……このデータによれば……,
77409,mp3010_01,18461,18125,18459,18113,,,unmatched,evo,唔……据资料显示……,やはり、あの現象は導力そのものが停止したと考えるしかないようですね。,
77410,mp3010_01,18469,18149,18461,18125,,,unmatched,evo,上次那个现象只能解释为导力本身停止了。,今回の出来事でまた思い知らされましたよ。,
77411,mp3010_01,18471,18161,18469,18149,,,unmatched,evo,通过这次的事，我再次领会到了。,……いかに我々が導力の本質を理解していないか、をね。,
77412,mp3010_01,18481,18179,18471,18161,,,unmatched,evo,……我们还是没有理解导力的本质。,おや、まだ何かご用ですかな？,
77413,mp3010_01,18493,18203,18481,18179,,,unmatched,evo,咦，还有什么事吗？,昨日の現象には驚かされましたね。,
77414,mp3010_01,18495,18215,18493,18203,,,unmatched,evo,昨天发生的现象还真让人吃惊啊。,私の知る限り、既知の導力理論では説明できない現象のはずです。,
77415,mp3010_01,18497,18227,18495,18215,,,unmatched,evo,据我所知，以现在的导力理论应该还不足以解释那种现象。,ふふ、私も理論家の１人として大変な関心を持っていますよ。,
77416,mp3010_01,18506,18251,18497,18227,,,unmatched,evo,呵呵，我也算是个理论家，对此次事件也十分关注。,ふう、まったく資料はどこにいったのでしょう……,
77417,mp3010_01,18508,18263,18506,18251,,,unmatched,evo,呼，真是的，资料都放在哪里了啊……,これなら最初から図面を引き直した方が早そうですね。,
77418,mp3010_01,18519,18293,18508,18263,,,unmatched,evo,既然如此，不如重新设计图纸。,はて、以前に用意した資料はどこに行ったのでしょう。,
77419,mp3010_01,18521,18305,18519,18293,,,unmatched,evo,咦，以前准备的资料都放到哪里了？,王立学園の講演に行く前に用意したはずですから……もうずいぶん前のことですねえ。,
77420,mp3010_01,18529,18329,18521,18305,,,unmatched,evo,在去王立学园演讲之前就已经准备好了啊……那是很早之前的事了。,王立学園から帰る途中に空賊事件に巻き込まれましてね。,
77421,mp3010_01,18531,18341,18529,18329,,,unmatched,evo,我从王立学园回来的途中，竟然被空贼抓作人质了。,いやはや、今思い出しても恐ろしい事件でしたよ。,
77422,mp3010_01,19456,,18531,18341,18721,ch1730160121,exact,evo,哎呀呀，现在回想起来，还是觉得很恐怖啊。,おう、おまえさん方か。,おう、おまえさん方か。
77423,mp3010_01,19458,18573,19456,18561,,,unmatched,evo,哦，是你们啊。,ラッセルを助けてくれてありがとうよ。,
77424,mp3010_01,19460,18585,19458,18573,,,unmatched,evo,非常感谢你们把拉赛尔救出来。,なーに、大丈夫だ。あいつは頑丈だからのう。無事、逃げ切ってくれるはずさ。,
77425,mp3010_01,19468,18609,19460,18585,,,unmatched,evo,没事，别担心啦。那家伙很顽强，肯定能顺利逃避追捕。,ほんと、おまえさん方遊撃士には頭が上がらんぜ。,
77426,mp3010_01,19470,18621,19468,18609,,,unmatched,evo,真是不得不佩服你们游击士啊。,なにしろ王国軍を敵に回してまでラッセルを救ってくれたんだからな。,
77427,mp3010_01,19484,18651,19470,18621,,,unmatched,evo,竟然敢与王国军为敌，还顺利把拉赛尔救了出来。,この前の導力停止現象のせいで街頭時計の時間がズレてしまってな。,
77428,mp3010_01,19486,18663,19484,18651,,,unmatched,evo,受之前的导力停止现象影响，街头时钟的时间已经不太精准了。,調整のために建造当時の資料を探しておるのだが……さっぱり見つからんのだよ。,
77429,mp3010_01,19488,18675,19486,18663,,,unmatched,evo,要把时间调整回来，就要找到建造时的资料……但现在已经找不到了。,……ったく、コンスタンツェめ。だからきちんと整理をしろといつもやかましく言うておるのに。,
77430,mp3010_01,19490,18687,19488,18675,,,unmatched,evo,……康丝坦茨那家伙真是的，我总提醒她把资料室整理好，她却当作耳旁风。,肝心なときに役に立たんのではなんのための資料室か分からんわい。,
77431,mp3010_01,19498,18711,19490,18687,,,unmatched,evo,关键时刻派不上用场，还算什么资料室啊。,ふう、資料がさっぱり見つからんわい。,
77432,mp3010_01,19500,18723,19498,18711,,,unmatched,evo,唉，我要的资料怎么也找不到。,だからコンスタンツェにはきちんと整理をしろといつもやかましく言うておるのに。,
77433,mp3010_01,19502,18735,19500,18723,,,unmatched,evo,亏我经常严厉地告诫康丝坦茨，让她把资料整理好。,そういえば、あの女今日もさっさと帰りおったぞ。,
77434,mp3010_01,19504,18747,19502,18735,,,unmatched,evo,说起来，她今天也很早就回去了。,……まったく、困ったもんじゃ。,
77435,mp3010_01,19518,18777,19504,18747,,,unmatched,evo,……真让人头疼。,むう、それにしても目的の本がさっぱり見つからん。,
77436,mp3010_01,19520,18789,19518,18777,,,unmatched,evo,唉，真是的。想查阅的书完全找不到。,その代わりと言ってはなんだが今の研究とは無関係の面白い資料が次々に見つかるのだ。,
77437,mp3010_01,19522,18801,19520,18789,,,unmatched,evo,不过，有意思的是，和眼下研究无关的资料倒是一个接一个地发现了。,ううむ、あれも見たいしこれもいずれは読みたいのう……,
77438,mp3010_01,19524,18813,19522,18801,,,unmatched,evo,嗯，这个也想看看，那个也要回头翻一下……,……だが肝心の本はいっこうに見つからん。,
77439,mp3010_01,19532,18837,19524,18813,,,unmatched,evo,……但是重要的是还是找不到现在就需要的书。,むう、それにしても目的の本がさっぱり見つからんわい。,
77440,mp3010_01,19534,18849,19532,18837,,,unmatched,evo,唉，真是的。要查的书完全找不到。,いつまでも頭の中が満たされんからついでにハラの方まで減ってきたぞ。,
77441,mp3010_01,19536,18861,19534,18849,,,unmatched,evo,脑子老是得不到满足，现在连肚子都饿了。,ふう、もうしばらくしたら昼飯でも食いに行こうかいのう。,
77442,mp3010_01,19550,18891,19536,18861,,,unmatched,evo,唉，等一下去吃午饭吧。,ふう、昨日起こった現象を調べにきたんじゃが……,
77443,mp3010_01,19552,18903,19550,18891,,,unmatched,evo,呼，我想来调查一下昨天发生的现象……,相変わらず汚い本棚だのう。,
77444,mp3010_01,19554,18915,19552,18903,,,unmatched,evo,这书架还是那么脏啊。,それというのもあそこにおるコンスタンツェがちぃーとも整理をしないからだ。,
77445,mp3010_01,19556,18927,19554,18915,,,unmatched,evo,这就说明那个康丝坦茨根本就没有好好整理。,ったく、仕事もせずに給料をせしめおって……,
77446,mp3010_01,19566,18963,19556,18927,,,unmatched,evo,真是的，不好好工作光拿薪水……,おい、コンスタンツェ！,
77447,mp3010_01,19568,18975,19566,18963,,,unmatched,evo,喂，康丝坦茨！,お前さん、ちょっとは仕事をしようという気はないのか？,
77448,mp3010_01,19570,18987,19568,18975,,,unmatched,evo,你就不能稍微用心点工作吗。,なんじゃこの資料室は。本がぐちゃぐちゃではないか。,
77449,mp3010_01,19586,19029,19570,18987,,,unmatched,evo,这个资料室里的书已经乱七八糟了。,おっ、ティータ坊。,
77450,mp3010_01,19588,19041,19586,19029,,,unmatched,evo,哦，缇妲丫头。,カルデア隧道の照明の交換はうまくいったか？,
77451,mp3010_01,19592,,19588,19041,,,conflict,evo,卡鲁迪亚隧道的照明设备更换工作进行得还顺利吧？,えと、その……,
77452,mp3010_01,19597,,19592,19059,,,conflict,evo,嗯，那个……,えと、その……,
77453,mp3010_01,19604,19083,19597,19065,,,unmatched,evo,嗯，那个……,あの……ま、まあまあでした。,
77454,mp3010_01,19609,19089,19604,19083,,,unmatched,evo,那个……还、还可以啦。,あの……ま、まあまあでした。,
77455,mp3010_01,19614,19101,19609,19089,,,unmatched,evo,那个……还、还可以啦。,まあまあだぁ？,
77456,mp3010_01,19616,19113,19614,19101,,,unmatched,evo,还可以？,なんだかわからねえがとにかく交換はしたんだよな？,
77457,mp3010_01,19620,19131,19616,19113,,,unmatched,evo,我不知道你说的是什么意思，总之更换好了吧？,あ、はい。それはもーバッチリです。,
77458,mp3010_01,19625,19137,19620,19131,,,unmatched,evo,嗯，是的。那个已经没有问题了。,あ、はい。それはもーバッチリです。,
77459,mp3010_01,19630,19149,19625,19137,,,unmatched,evo,嗯，是的。那个已经没有问题了。,おう、ならいいんだよ。ご苦労さんだったな。,
77460,mp3010_01,19632,19161,19630,19149,,,unmatched,evo,哦，那就好，辛苦你们啦。,でもな、あの手の仕事はなるべく余裕をもって手配して遊撃士を連れていくこった。,
77461,mp3010_01,19634,19287,19632,19275,,,unmatched,evo,不过呢，那种工作最好还是带上游击士，给自己留有一些余裕比较好。,俺も若い頃、いろいろとヤバイ目に遭ったからな。,
77462,mp3010_01,19638,19191,19634,19287,,,unmatched,evo,我年轻的时候也遭遇过各种危险。,えへへ……やっぱりそーですよね。,
77463,mp3010_01,19643,19197,19638,19191,,,unmatched,evo,呵呵……您说得没错。,えへへ……やっぱりそーですよね。,
77464,mp3010_01,19650,19215,19643,19197,,,unmatched,evo,呵呵……您说得没错。,うん、これからは気をつけます。,
77465,mp3010_01,19655,19221,19650,19215,,,unmatched,evo,嗯，今后我会注意的。,うん、これからは気をつけます。,
77466,mp3010_01,19670,19263,19655,19221,,,unmatched,evo,嗯，今后我会注意的。,おう、ティータ坊。ご苦労さんだったな。,
77467,mp3010_01,19672,19275,19670,19263,,,unmatched,evo,哦，缇妲，辛苦你们啦。,でも、あの手の仕事はなるべく余裕をもって手配して遊撃士を連れていくこった。,
77468,mp3010_01,19674,19287,19672,19275,,,unmatched,evo,不过呢，那种工作最好还是带上游击士，给自己留有一些余裕比较好。,俺も若い頃、いろいろとヤバイ目に遭ったからな。,
77469,mp3010_01,19682,19311,19674,19287,,,unmatched,evo,我年轻的时候也遭遇过各种危险。,さあて、ヒマなうちに適当に資料を探しておくか。,
77470,mp3010_01,19684,19323,19682,19311,,,unmatched,evo,好了，趁现在有空，就找找相关的资料吧。,論文をめくるだけでも結構な時間を取られるからな。,
77471,mp3010_01,19699,19359,19684,19323,,,unmatched,evo,就算光是浏览论文，都要花费相当的时间。,ううむ、研究者が辞退とはそれは困った話じゃのう……,
77472,mp3010_01,19701,19371,19699,19359,,,unmatched,evo,唔唔，研究员谢绝了邀请，真的是很麻烦啊……,今、《アルセイユ》が積んどるのは定期船のエンジンを改良した当座しのぎの代物に過ぎんからな。,
77473,mp3010_01,19703,19383,19701,19371,,,unmatched,evo,虽说《埃尔赛尤号》上搭载的是改良的飞艇引擎，但那只不过是暂时应付一下的东西。,早いとこ本命をこしらえんとせっかくの新鋭機が台無しじゃ。,
77474,mp3010_01,19711,19407,19703,19383,,,unmatched,evo,要是没有正式的新型引擎，好不容易建造的新型飞艇就毫无意义了。,本当は新型エンジンも最後までラッセルの奴が担当するはずじゃったんじゃが……,
77475,mp3010_01,19713,19419,19711,19407,,,unmatched,evo,关于新型引擎的开发，本来应该是由拉赛尔担当所有工作的……,心臓部の駆動オーブメントの設計を終えたところで、あいつ別の研究を始めおってな。,
77476,mp3010_01,19715,19431,19713,19419,,,unmatched,evo,但是他把中枢部分的驱动导力器设计完成之后，就去开始别的研究了。,おかげで今までほったらかしになってしまったというわけじゃ。,
77477,mp3010_01,20934,19745,19715,19431,,,unmatched,evo,全是因为他，所以事情才会变成现在这样。,いま、導力銃の設計を最初から見直してるんだけど……,
77478,mp3010_01,20936,19757,20934,19745,,,unmatched,evo,我正在重新设计导力枪……,やっぱり未練があるのかなかなか思い切った設計変更ができないんだよ。,
77479,mp3010_01,20938,19769,20936,19757,,,unmatched,evo,不过，还是不舍得对已经成熟的设计做大幅度的改动啊。,ふう、こりゃあ最初から図面を引くのよりしんどいかも知れないな。,
77480,mp3010_01,20946,19793,20938,19769,,,unmatched,evo,呼……说不定会比重新设计还麻烦。,そう言えば、ラッセル博士はどこに行っちゃったんだろうな。,
77481,mp3010_01,20948,19805,20946,19793,,,unmatched,evo,说起来，拉赛尔博士到底去哪里了。,もう、実験器具ぐらいちゃんと片付けていって欲しいよ。,
77482,mp3010_01,20960,19829,20948,19805,,,unmatched,evo,我倒是希望他能够好好收拾一下试验用具。,今、研究中の導力銃はバランスが悪くて扱いにくいんだ。,
77483,mp3010_01,20962,19841,20960,19829,,,unmatched,evo,尚处于研究阶段的导力枪在平衡性方面有些问题。,でも、もし使いやすくできればすごい商品になるかもしれない。,
77484,mp3010_01,20964,19853,20962,19841,,,unmatched,evo,不过，如果能做得更加易用，说不定会成为畅销商品。,性能を取るか、使いやすさを取るか……,
77485,mp3010_01,20966,19865,20964,19853,,,unmatched,evo,到底是注重性能，还是注重实用性呢……,難しい判断だけどまずは両方とも狙ってみるさ。,
77486,mp3010_01,20977,,20966,19865,35479,ch2120181562,vector_single (1.00),evo,这个抉择太难了，还是先考虑二者兼顾吧。,ふう、おはよう。,あら、おはようさん。
77487,mp3010_01,20979,19907,20977,19895,,,unmatched,evo,哟，早上好。,昨日から、次の研究テーマについてまとめ始めたんだけど……,
77488,mp3010_01,20981,19979,20979,19907,,,unmatched,evo,从昨天开始，我就在整理关于下一次研究主题的资料了。,今度は使いやすさを追求しようと思ってるんだよ。,
77489,mp3010_01,20983,19991,20981,19979,,,unmatched,evo,这次应该会以实用性作为目标吧。,あいまいな言葉だし、どうやってそれを目指せばいいのか僕自身も良く分かってないけど……,
77490,mp3010_01,20985,20003,20983,19931,,,unmatched,evo,这个词也比较模糊，要怎么完成这一点连我自己也不是很清楚……,だからこそ技術者として挑戦する価値があると思うんだ。,
77491,mp3010_01,20993,19967,20985,20003,,,unmatched,evo,正因如此，对我们技术人员来说，这一难题才有挑战的价值。,次の研究テーマについて書類をまとめ始めたんだ。,
77492,mp3010_01,20995,19979,20993,19967,,,unmatched,evo,为了下一次的研究，我已经开始整理相关资料了。,今度は使いやすさを追求しようと思ってるんだよ。,
77493,mp3010_01,20997,19991,20995,19979,,,unmatched,evo,这次应该会以实用性作为目标吧。,あいまいな言葉だし、どうやってそれを目指せばいいのか僕自身も良く分かってないけど……,
77494,mp3010_01,20999,20003,20997,19991,,,unmatched,evo,这个词也比较模糊，要怎么完成这一点，连我自己也不是很清楚……,だからこそ技術者として挑戦する価値があると思うんだ。,
77495,mp3010_01,21013,20033,20999,20003,,,unmatched,evo,正因如此，对我们技术人员来说，这一难题才有挑战的价值。,……ふう、まいったよ。,
77496,mp3010_01,21015,20045,21013,20033,,,unmatched,evo,……唉，真难办啊。,今日、メンテナンス窓口でお客に商品を説明したんだけど……,
77497,mp3010_01,21017,20057,21015,20045,,,unmatched,evo,我今天在维修柜台向一位客人介绍了相关商品……,どれだけ性能をアピールしても気に入ってもらえなかったんだ。,
77498,mp3010_01,21019,20069,21017,20057,,,unmatched,evo,但我无论怎么介绍商品的高性能，也不能引起对方的兴趣。,お客は使いやすいカメラが欲しかったみたいなんだけど……使いやすさは数値にできないしね。,
77499,mp3010_01,21021,20081,21019,20069,,,unmatched,evo,那位客人想要的好像是使操作简单的照相机……但这个特性是无法用数字表现的。,武器屋のオーナーにはもっと使う人のことを考えろってこれまでも言われてきたけど……,
77500,mp3010_01,21023,20153,21021,20141,,,unmatched,evo,虽然武器店的老板叮嘱我说要多为使用者考虑……,やっとその言葉の意味が分かったような気がするよ。,
77501,mp3010_01,21031,20117,21023,20093,,,unmatched,evo,不过我还是不能理解他这句话的含义。,今日、メンテナンス窓口で使いやすいカメラを探してるお客に商品を説明したんだ。,
77502,mp3010_01,21033,20129,21031,20117,,,unmatched,evo,今天有位客人在维修柜台打听好用的照相机，我就向其介绍了相关商品。,でも、使いやすさなんて数字では表現できないからね。結局、うまく説明できなかったよ。,
77503,mp3010_01,21035,20141,21033,20129,,,unmatched,evo,不过，操作简单这个特性是无法用数字表现的。我直到最后都没有说清楚。,武器屋のオーナーにはもっと使う人のことを考えろってさんざん言われてきたけど……,
77504,mp3010_01,21037,20153,21035,20141,,,unmatched,evo,虽然武器店的老板叮嘱我说要多为使用者考虑……,やっとその言葉の意味が分かったような気がするよ。,
77505,mp3010_01,21051,20183,21037,20153,,,unmatched,evo,但我还是不能理解他这句话的含义。,え、えと……弱ったな。,
77506,mp3010_01,21053,20195,21051,20183,,,unmatched,evo,啊……真是为难。,性能的にはこのタイプは収差も少なくておすすめだと思うんですけど……,
77507,mp3010_01,21055,20207,21053,20195,,,unmatched,evo,性能方面这一种型号的透镜色差很小，我大胆向你推荐……,え？　そうじゃない？使いやすいカメラですか……,
77508,mp3010_01,21057,20219,21055,20207,,,unmatched,evo,嗯？是吗？使用方便的相机吗……,つ、使いやすいって言われてもそんなの人それぞれですからねえ……,
77509,mp3010_01,21065,20243,21057,20219,,,unmatched,evo,虽、虽然说使用方便，但是也得看使用者的悟性……,う～んと、どうしよう。わかりやすく説明、ですか……,
77510,mp3010_01,21067,20255,21065,20243,,,unmatched,evo,唔……浅显易懂的说明啊……,で、でも性能以外にお伝えすることなんかないんですよね。,
77511,mp3010_01,21069,20267,21067,20255,,,unmatched,evo,不、不过，除了性能之外，我也没法说明什么了。,（はあ、あんな事件が　起こったばっかりなんだし、　買い物なんてしないで欲しいよな……）,
77512,mp3010_01,21098,20315,21069,20267,,,unmatched,evo,（唉，　才刚刚发生那样的事情，　没有卖东西的心情了啊……）,ふう……ルイーゼ君が転属か。,
77513,mp3010_01,21100,20327,21098,20315,,,unmatched,evo,呼……露依赛要调到其他部门了吗？,まあ、希望してた飛行船関係の仕事に移るわけだし、めでたい話だよ。,
77514,mp3010_01,21102,20339,21100,20327,,,unmatched,evo,能调到她最想去的飞行船部门，真是可喜可贺。,さあ、僕の方も負けてられないぞ。,
77515,mp3010_01,21104,20351,21102,20339,,,unmatched,evo,那么，我也不能输给她。,新型の導力銃を早く製品化に漕ぎ着けないとな。,
77516,mp3010_01,21115,20381,21104,20351,,,unmatched,evo,要努力争取早日让新型的导力枪成品化。,ルイーゼ君ですか……ええ、彼女は優秀な研究者です。,
77517,mp3010_01,21117,20393,21115,20381,,,unmatched,evo,露依赛啊……嗯，她是个优秀的研究员。,ただ、残念な話なんですが……彼女はもう導力銃開発への意欲を失ってしまっています。,
77518,mp3010_01,21119,20405,21117,20393,,,unmatched,evo,不过真可惜呀……她好像已经对导力枪开发失去了热情。,転属のお話には僕も賛成ですよ。彼女にとっても良い話だと思います。,
77519,mp3010_01,21127,20429,21119,20405,,,unmatched,evo,要她做其他开发项目我也赞成，这对她来说也是件好事。,彼女は優秀な研究者ですしもう十分、経験は積んだといえます。,
77520,mp3010_01,21129,20441,21127,20429,,,unmatched,evo,她是个优秀的研究员，经验也积累了不少。,やりたいことをやらせるのが工房のためになると思いますよ。,
77521,mp3010_01,21147,20483,21129,20441,,,unmatched,evo,让她去做自己想做的事情，我想对工房也有好处。,やあ、ティータ君。えっと、それに……,
77522,mp3010_01,21149,,21147,20483,26470,ch1500050157,vector_single (0.99),evo,啊，缇妲。哎，还有这几位……,あれ、君たち……？,あれ、あんたたち……？
77523,mp3010_01,21155,20507,21149,20495,,,unmatched,evo,哎，你们是……？,あれ、君たちは……,
77524,mp3010_01,21162,20525,21155,20507,,,unmatched,evo,哎，你们是……,うん？　どうかした？,
77525,mp3010_01,21167,20531,21162,20525,,,unmatched,evo,嗯？怎么了？,うん？　どうかした？,
77526,mp3010_01,21174,,21167,20531,,,conflict,evo,嗯？怎么了？,そういえば……,
77527,mp3010_01,21179,,21174,20549,,,conflict,evo,说起来……,そういえば……,
77528,mp3010_01,21186,20573,21179,20555,,,unmatched,evo,说起来……,以前にルーアンでお会いしましたよね。,
77529,mp3010_01,21191,20579,21186,20573,,,unmatched,evo,我们好像在卢安见过面啊。,以前にルーアンでお会いしましたよね。,
77530,mp3010_01,21196,20591,21191,20579,,,unmatched,evo,我们好像在卢安见过面啊。,ああ、やっぱりそうか。あのときは世話になったね。,
77531,mp3010_01,21198,20603,21196,20591,,,unmatched,evo,啊，是你们啊。当时真是给你们添麻烦了。,ほら、試作品の導力銃を見つけてくれたじゃないか。,
77532,mp3010_01,21202,20621,21198,20603,,,unmatched,evo,来，要不要看看我做的导力枪的试制品？,あっ、思い出したわ。あのときの学者さんね。,
77533,mp3010_01,21207,20627,21202,20621,,,unmatched,evo,啊，我想起来了，您是那位学者啊。,あっ、思い出したわ。あのときの学者さんね。,
77534,mp3010_01,21216,20651,21207,20627,,,unmatched,evo,啊，我想起来了，您是那位学者啊。,そーいえばカルノーさん、言ってましたね。,
77535,mp3010_01,21221,20657,21216,20651,,,unmatched,evo,对了，加鲁诺先生，您好像说过。,そーいえばカルノーさん、言ってましたね。,
77536,mp3010_01,21228,20675,21221,20657,,,unmatched,evo,对了，加鲁诺先生，您好像说过。,ルーアンに行く途中でサンプルを落としちゃったって。,
77537,mp3010_01,21233,20681,21228,20675,,,unmatched,evo,在去卢安的途中，把导力枪的试制品丢失了。,ルーアンに行く途中でサンプルを落としちゃったって。,
77538,mp3010_01,21238,20693,21233,20681,,,unmatched,evo,在去卢安的途中，把导力枪的试制品丢失了。,いや、あれは絶体絶命のピンチだったよ。,
77539,mp3010_01,21240,20705,21238,20693,,,unmatched,evo,哎呀，当时真是束手无策了。,ほんと、助かったさ。,
77540,mp3010_01,21247,20723,21240,20705,,,unmatched,evo,多亏你们帮忙。,で、どう？その後、研究の方は。,
77541,mp3010_01,21252,20729,21247,20723,,,unmatched,evo,在那之后，您的研究有什么进展吗？,で、どう？その後、研究の方は。,
77542,mp3010_01,21257,20741,21252,20729,,,unmatched,evo,在那之后，您的研究有什么进展吗？,うん、まあそこそこ順調と言えると思うよ。,
77543,mp3010_01,21259,20813,21257,20741,,,unmatched,evo,嗯，还算比较顺利。,細かい部分の詰めにはまだ時間がかかりそうだけどなんとかなりそうだしね。,
77544,mp3010_01,21261,20825,21259,20813,,,unmatched,evo,细节部分的完善还需要一些时间，但大体已经成形了。,このまま上手くいけば思ったより早く店頭に並びそうだよ。,
77545,mp3010_01,21263,20837,21261,20825,,,unmatched,evo,照这个势头研发，会比我预想中更早出现在商店的货架上。,発売されたときにはどうか可愛がってあげてくれよな。,
77546,mp3010_01,21271,20801,21263,20837,,,unmatched,evo,发售之后还请多多支持。,導力銃の研究はそこそこ順調と言えると思うよ。,
77547,mp3010_01,21273,20813,21271,20801,,,unmatched,evo,导力枪的研究还算比较顺利。,細かい部分の詰めにはまだ時間がかかりそうだけどなんとかなりそうだしね。,
77548,mp3010_01,21275,20825,21273,20813,,,unmatched,evo,细节部分的完善还需要一些时间，但大体已经成形了。,このまま上手くいけば思ったより早く店頭に並びそうだよ。,
77549,mp3010_01,21277,20837,21275,20825,,,unmatched,evo,照这个势头研发，会比我预想中更早出现在商店的货架上。,発売されたときにはどうか可愛がってあげてくれよな。,
77550,mp3010_01,21289,20861,21277,20837,,,unmatched,evo,发售之后还请多多支持。,ふう～……ルイーゼ君が試作品を組み直してくれて助かったよ。,
77551,mp3010_01,21291,20873,21289,20861,,,unmatched,evo,呼……露依赛把试制品重新做了出来，真是帮了大忙。,サンプルがないんじゃ研究が進まないからな。,
77552,mp3010_01,21299,20897,21291,20873,,,unmatched,evo,如果没有样品，研究就没法进行了。,さあ、愚痴ってる場合じゃないぞ。,
77553,mp3010_01,21301,20909,21299,20897,,,unmatched,evo,好了，现在可不是抱怨的时候。,早いところ改良案をまとめておかなきゃな。,
77554,mp3010_01,21438,21331,21301,20909,,,unmatched,evo,要赶快把改良方案确定下来才行。,うーん、この銃身の設計はもうちょっと詰めて欲しいな。,
77555,mp3010_01,21440,21343,21438,21331,,,unmatched,evo,嗯，这个枪身的设计希望可以短一些。,これだとせっかくの高い導力圧を活かし切れないと思うよ。,
77556,mp3010_01,21442,21355,21440,21343,,,unmatched,evo,不然的话，我想就不能充分发挥苦心设计的导力高压的性能了。,まあ、確かに工学的にはそうですけど……,
77557,mp3010_01,21444,21367,21442,21355,,,unmatched,evo,嗯，确实，从工学的角度上来说是这样……,これ以上やると、ものすごくトップヘビーになっちゃいますよ？,
77558,mp3010_01,21446,21379,21444,21367,,,unmatched,evo,可是如果再短的话， 会变得头重脚轻吧？,取り回しを考えたらこっちの仕様の方が……,
77559,mp3010_01,21448,21391,21446,21379,,,unmatched,evo,考虑到握持方法的话，这种设计似乎……,そういう考え方もあるだろうけど僕の方針はそうじゃないんだ。,
77560,mp3010_01,21450,21403,21448,21391,,,unmatched,evo,虽然我也考虑了这方面的因素，不过这不符合我的方针。,とにかくベストの性能を引き出せるようにシビアに設計して欲しいんだよ。,
77561,mp3010_01,21452,21415,21450,21403,,,unmatched,evo,总之我希望可以严格按照发挥最佳性能的方针进行设计。,は、はあ。そうっすか……,
77562,mp3010_01,21556,21479,21452,21415,,,unmatched,evo,啊，是吗。是这样啊……,で、でも……,
77563,mp3010_01,21558,21491,21556,21479,,,unmatched,evo,不、不过……,もうちょっと、扱いやすさとかも考えた方がいいんじゃないですか？,
77564,mp3010_01,21560,21503,21558,21491,,,unmatched,evo,还是稍微考虑一下操作的简易性比较好吧？,しかし、そうすると性能面が犠牲になっちゃうよね。,
77565,mp3010_01,21562,21515,21560,21503,,,unmatched,evo,但是，那样的话，性能方面必然有所牺牲。,僕はルイーゼ君にももっと技術者としての限界に挑戦して欲しいんだ。,
77566,mp3010_01,21564,21527,21562,21515,,,unmatched,evo,我希望露依赛你也能够做一个敢于挑战极限的技术人员。,（これで最後なんだから　きっちりやってもらわないと……）,
77567,mp3010_01,21566,21539,21564,21527,,,unmatched,evo,（这是最后一次机会了，　不好好做的话……）,はあ、そ、そうっすか……,
77568,mp3010_01,22553,21592,21566,21539,,,unmatched,evo,啊，是、是吗……,一時はどうなるかと思ったがオーバルエンジンの開発計画もどうにか前に進み始めたよ。,
77569,mp3010_01,22555,21604,22553,21592,,,unmatched,evo,虽然经历了一些波折，但导力引擎的开发计划总算有进展了。,途中から入ったルイーゼ君が思った以上によくやってくれてね。,
77570,mp3010_01,22557,21616,22555,21604,,,unmatched,evo,中途加入的露依赛做得比预想还要好。,優秀な助手を失ったカルノー君には申し訳ないが、大いに助けてもらっているよ。,
77571,mp3010_01,22565,21640,22557,21616,,,unmatched,evo,虽然这让加鲁诺失去了一个优秀助手，总感觉有点对不起他，但确实对我们帮助很大。,しかし、カルノー君も実績ある研究者なんだ。,
77572,mp3010_01,22567,21652,22565,21640,,,unmatched,evo,不过，加鲁诺也是有实际成就的研究员。,彼なら問題なく導力銃の研究を続けていけるだろう。,
77573,mp3010_01,22579,21676,22567,21652,,,unmatched,evo,凭他的能力，一定能继续进行导力枪的研究。,ふう、初めての打ち合わせが上手くいってほっとしたよ。,
77574,mp3010_01,22581,21688,22579,21676,,,unmatched,evo,呼～第一次的商讨很顺利，真是让我松了一口气啊。,とりあえずは上手く回りだしたという感触だね。,
77575,mp3010_01,22597,21724,22581,21688,,,unmatched,evo,总之，感觉对新的工作越来越顺手了。,まだコンセプト段階だが大変に興味深い視点だと思うよ。,
77576,mp3010_01,22599,21736,22597,21724,,,unmatched,evo,虽然还处在概念阶段，不过这个方法真的很有前途。,整備性の観点から内部構造を見直すというのはこれまでになかった発想だからね。,
77577,mp3010_01,22611,21760,22599,21736,,,unmatched,evo,用整备性的观点对内部构造重新观察分析，是至今为止从没有过的想法。,新型オーバルエンジンの開発に思い切って若手のルイーゼ君を参加させることにしたんだよ。,
77578,mp3010_01,22613,21772,22611,21760,,,unmatched,evo,新型导力引擎的开发大胆邀请了新手露依赛共同参加开发工作。,彼女には大きな挑戦だろうが、それは私たちにとっても同じさ。,
77579,mp3010_01,22615,21784,22613,21772,,,unmatched,evo,对于她是一个相当大的考验，而对于我们来说也是一样。,新しい世代の発想を研究に取り込めるといいんだが……,
77580,mp3010_01,22617,21796,22615,21784,,,unmatched,evo,如果年轻一代的想法能够有利于研究就好了……,正直、不安でいっぱいだよ。まったく、胃が痛むよな。,
77581,mp3010_01,22628,21826,22617,21796,,,unmatched,evo,不过说实话我还是很担心。真是的，胃又开始疼了。,あんな事件があったばかりなのに呼び出してすまないね。,
77582,mp3010_01,22630,21838,22628,21826,,,unmatched,evo,不好意思啊。刚出了那样的事，就让你过去。,とにかく早急に連絡したいことがあったんだ。,
77583,mp3010_01,22632,21850,22630,21838,,,unmatched,evo,总之，有些事情需要尽快跟你说明。,単刀直入に言うが……《アルセイユ》用新型エンジンの共同研究者になってもらいたいんだ。,
77584,mp3010_01,22640,21874,22632,21850,,,unmatched,evo,开门见山地说吧……想让你成为《埃尔赛尤号》新型引擎开发工作的研究员。,第１候補が辞退した上での人選だが……,
77585,mp3010_01,22642,21886,22640,21874,,,unmatched,evo,因为第一候补人谢绝了这个工作……,それもチャンスの内だ。活かさない手はないよ。,
77586,mp3010_01,22689,,22642,21886,37653,ch0020181057,normalized,evo,对你来说是个好机会。请好好考虑一下吧。,（さっきも話を聞いたけど  アントワーヌも反応しなかったよ。）,さっきも話を聞いたけどアントワーヌも反応しなかったよ。
77587,mp3010_01,22694,,22689,22060,35178,ch0020181092,normalized,evo,（刚才也问过了，　但安东尼也没什么反应。）,（さっきも話を聞いたけど  アントワーヌも反応しなかったよ。）,（さっきも話を聞いたけどアントワーヌも反応しなかったよ。）
77588,mp3010_01,22701,,22694,22066,37654,ch0020181067,normalized,evo,（刚才也问过了，　但安东尼也没什么反应。）,（それより  ２階の工房長さんの部屋を  早く調べに行こう。）,それより２階の工房長さんの部屋を早く調べに行こう。
77589,mp3010_01,22706,,22701,22036,37654,ch0020181067,normalized,evo,（还是快点去　二楼工房长的房间　调查吧。）,（それより  ２階の工房長さんの部屋を  早く調べに行こう。）,それより２階の工房長さんの部屋を早く調べに行こう。
77590,mp3010_01,22717,,22706,22042,35178,ch0020181092,normalized,evo,（还是快点去　二楼工房长的房间　调查吧。）,（さっきも話を聞いたけど  アントワーヌも反応しなかったよ。）,（さっきも話を聞いたけどアントワーヌも反応しなかったよ。）
77591,mp3010_01,22722,,22717,22060,37653,ch0020181057,normalized,evo,（刚才也问过了，　但安东尼也没什么反应。）,（さっきも話を聞いたけど  アントワーヌも反応しなかったよ。）,さっきも話を聞いたけどアントワーヌも反応しなかったよ。
77592,mp3010_01,22729,,22722,22066,37650,ch0020181058,normalized,evo,（刚才也问过了，　但安东尼也没什么反应。）,（このまま工房の中を  もう少し調べてみよう。）,このまま工房の中をもう少し調べてみよう。
77593,mp3010_01,22734,,22729,22084,35198,ch0020181085,normalized,evo,（我们再去工房内的  其他地方调查一下吧。）,（このまま工房の中を  もう少し調べてみよう。）,（このまま工房の中をもう少し調べてみよう。）
77594,mp3010_01,22741,,22734,22090,35199,ch0020181086,normalized,evo,（我们再去工房内的  其他地方调查一下吧。）,（ミリアム先生の言う通り  どこかにヒントがあるかも。）,（ミリアム先生の言う通りどこかにヒントがあるかも。）
77595,mp3010_01,22746,,22741,22108,37713,ch0020181059,normalized,evo,（也许会像米莉亚姆医生所说，  在某个地方发现线索呢。）,（ミリアム先生の言う通り  どこかにヒントがあるかも。）,ミリアム先生の言う通りどこかにヒントがあるかも。
77596,mp3010_01,22753,,22746,22114,35200,ch0010181087,exact,evo,（也许会像米莉亚姆医生所说，  在某个地方发现线索呢。）,（うー、そうするしかないかぁ。）,（うー、そうするしかないかぁ。）
77597,mp3010_01,22758,,22753,22132,35200,ch0010181087,exact,evo,（唔……也只能这样了。）,（うー、そうするしかないかぁ。）,（うー、そうするしかないかぁ。）
77598,mp3010_01,22796,22186,22758,22138,,,unmatched,evo,（唔……也只能这样了。）,すみません、お忙しいところ。,
77599,mp3010_01,22798,22198,22796,22186,,,unmatched,evo,对不起，我正忙着呢。,実は、《アルセイユ》用の新型オーバルエンジンの開発プロジェクトなんですが……,
77600,mp3010_01,22809,22228,22798,22198,,,unmatched,evo,其实是关于《埃尔赛尤号》新型导力引擎的开发工程……,昨晩あんなことがあって忙しい所だとは思うが……ちょっといいかね、カルノー君。,
77601,mp3010_01,22811,22240,22809,22228,,,unmatched,evo,虽然我知道昨晚发生了那样的事，你现在应该非常忙……不过请借用我一点时间可以吗，加鲁诺。,ルイーゼ君のことを聞きたいんだ。彼女の志望は飛行船だったよね？,
77602,mp3010_01,22813,22252,22811,22240,,,unmatched,evo,我听说了露依赛的事，她的志愿是做飞行船方面的研究吧。,今回、できれば彼女に《アルセイユ》用の新型エンジンの開発に参加してもらいたいんだ。,
77603,mp3010_01,22815,22264,22813,22252,,,unmatched,evo,可以的话，能不能让她参加这次的《埃尔赛尤号》新型引擎开发？,……どうだろう？彼女を監督してきた君の意見は。,
77604,mp3010_01,22823,22288,22815,22264,,,unmatched,evo,……你作为她的主管，意见如何？,ルイーゼ君もそろそろひとり立ちの時期だと思うんだ。,
77605,mp3010_01,22825,22300,22823,22288,,,unmatched,evo,我想露依赛她也差不多该独立了。,もし君の意見が私と同じならすぐに工房長にお願いするつもりだよ。,
77606,mp3010_01,22839,22330,22825,22300,,,unmatched,evo,如果你的意见和我一样的话，我可以马上向工房长提出申请。,《アルセイユ》用の新型エンジンを開発することのできる研究者……か。,
77607,mp3010_01,22841,22342,22839,22330,,,unmatched,evo,能够担任开发《埃尔赛尤号》的新型引擎研究员……吗。,心臓部が設計済みとはいえ誰にでも務まる仕事ではないよ。,
77608,mp3010_01,22843,22354,22841,22342,,,unmatched,evo,心脏部分的设计不是谁都能轻易胜任的工作。,探すのは簡単ではないが、《アルセイユ》を仮のエンジンで飛ばしておくわけにもいかないぞ。,
77609,mp3010_01,22845,22414,22843,22354,,,unmatched,evo,虽然这样的人不容易找，不过也不能随便就让《埃尔赛尤号》用替代引擎去飞行啊。,ふう、ここは思い切って発想の転換が必要かも知れないな。,
77610,mp3010_01,22853,22390,22845,22414,,,unmatched,evo,呼～在这点上说不定需要大胆地转换思考的方向才行。,《アルセイユ》は新型エンジンを前提に設計された機体だからね。,
77611,mp3010_01,22855,22402,22853,22390,,,unmatched,evo,《埃尔赛尤号》是以新型引擎为前提设计出来的机体。,借り物のエンジンでは本来の性能を発揮できないんだ。,
77612,mp3010_01,22857,22414,22855,22402,,,unmatched,evo,如果借用旧的引擎，就不能发挥出原本的性能了。,ふう、ここは思い切って発想の転換が必要かも知れないな。,
77613,mp3010_01,22861,22438,22857,22414,,,unmatched,evo,呼～在这点上说不定需要大胆地转换思考的方向才行。,なあ、アントワーヌ。お前だったら誰を選ぶ？,
77614,mp3010_01,22875,22468,22861,22438,,,unmatched,evo,喂，安东尼。如果是你，会选择谁呢？,ふう、《アルセイユ》用の新型オーバルエンジンの開発がちょっと困ったことになったよ。,
77615,mp3010_01,22877,22480,22875,22468,,,unmatched,evo,呼，《埃尔赛尤号》使用的新型导力引擎在开发过程中遇上了点问题。,ルーアンのクライゼンに共同研究を持ちかけていたんだが最終的に辞退されてしまってね……,
77616,mp3010_01,22879,22492,22877,22480,,,unmatched,evo,卢安的库莱泽本来是要和我们一起研究的，最后竟然辞掉了这个工作……,このままではプロジェクトが進行できない状態になってしまったよ。,
77617,mp3010_01,22887,22516,22879,22492,,,unmatched,evo,这样下去整个工程就要陷入停滞状态了。,クライゼンはまだ幼い弟さんの養育のためにルーアンに残る決心をしたんだ。,
77618,mp3010_01,22889,22528,22887,22516,,,unmatched,evo,库莱泽他为了养育年幼的弟弟，已经决心留在卢安了。,本心ではあいつも研究所に来たかったはずさ。彼のことは責められないよ。,
77619,mp3010_01,22990,22919,22889,22528,,,unmatched,evo,他本人其实应该也很想在研究所工作的。我们是不会怪他的。,翼列の翼断面や、さらなるオーブメント機構の改良を行っても、推進効率の向上は難しいのが現状です。,
77620,mp3010_01,22992,22931,22990,22919,,,unmatched,evo,我们面临的现状是，就算将翼层断面和导力系统进行改良，推进效率也很难提高。,ですから、視点を変えて扱いやすさという観点から考え直してみるのはどうでしょう。,
77621,mp3010_01,22994,22943,22992,22931,,,unmatched,evo,所以，不妨转变一下视点，从操作简便性的方面重新考虑一下吧。,フェアリングの形状に合わせ外部からのアクセスが簡単になる様に各機構の配置自体を見直すんです。,
77622,mp3010_01,22996,22955,22994,22943,,,unmatched,evo,重新评估机体各部件的配置，按照减阻装置的形状， 将连接外部的通路简化。,なるほど、《アルセイユ》のナセルに最適な形式を採用して整備性を追求してみるわけか。,
77623,mp3010_01,22998,22967,22996,22955,,,unmatched,evo,原来如此，是采用最适合《埃尔赛尤号》的发动机短舱形式，追求完备性吗？,着眼点は面白いよ。限界性能よりも稼働率というのは運用側に共通する意見だろうしね。,
77624,mp3010_01,23220,23080,22998,22967,,,unmatched,evo,着眼点很有意思啊。比起极限性能，运转效率的重要性在应用方面是得到大家一致认同的吧。,えっ！？ほ、ほんとうですか？,
77625,mp3010_01,23222,23092,23220,23080,,,unmatched,evo,啊！？真、真的吗？,新型オーバルエンジンの共同研究者が辞退したんですか？,
77626,mp3010_01,23224,23104,23222,23092,,,unmatched,evo,新型导力引擎的研究员不干了？,ああ、１度は引き受けてくれたんだが……,
77627,mp3010_01,23226,23116,23224,23104,,,unmatched,evo,唉，以前明明答应下来的……,どうも事情があるらしくてね。先日、断りの連絡があったんだよ。,
77628,mp3010_01,23228,23128,23226,23116,,,unmatched,evo,是不是出了什么事啊。前几天，接到了他谢绝的消息。,そうですか……しかし、困りましたね。,
77629,mp3010_01,23230,23140,23228,23128,,,unmatched,evo,是这样啊……真是头疼啊。,この開発計画は元々《アルセイユ》のためのものです。,
77630,mp3010_01,23232,23152,23230,23140,,,unmatched,evo,本来这个开发计划是为《埃尔赛尤号》设计的。,もし計画がスタートしなければ、《アルセイユ》の本格運用も目処が立たなくなってしまいますよ。,
77631,mp3010_01,23234,23164,23232,23152,,,unmatched,evo,如果计划开始不了，《埃尔赛尤号》正式投入使用这一目标显然也就难以实现了。,ああ、それは良く分かってるさ。,
77632,mp3010_01,23236,23176,23234,23164,,,unmatched,evo,唉唉，这个我明白啊。,あの《アルセイユ》もオーバルエンジンだけは旧型からの焼き直しだからね。,
77633,mp3010_01,23238,23188,23236,23176,,,unmatched,evo,《埃尔赛尤号》现在的导力引擎也只是旧型号的翻版而已。,とにかく、今は急いで代役の人選を進めないとな。,
77634,mp3010_01,23240,23200,23238,23188,,,unmatched,evo,总之，眼下必须赶快选出代替的人。,新しいアイディアを取り込むチャンスだと思って、前向きに対応しているところだよ。,
77635,mp3010_01,23287,23249,23240,23273,,,unmatched,evo,就将这看作是吸收更多创意的机会，用积极的心态去应对吧。,とにかく、早く研究をスタートさせないと……,
77636,mp3010_01,23289,23261,23287,23249,,,unmatched,evo,总之，必须赶快开始研究……,済んだことは仕方ないよ。,
77637,mp3010_01,23291,23273,23289,23261,,,unmatched,evo,已经发生了的事也没有办法了。,新しいアイディアを取り込むチャンスだと思って前向きに対応していこう。,
77638,mp3010_01,25029,,23291,23273,35537,ch0550100323,exact,evo,就将这看作是吸收更多创意的机会，用积极的心态去应对吧。,それにしても軍の動きの早さには驚いたよ。,それにしても軍の動きの早さには驚いたよ。
77639,mp3010_01,25031,,25029,23329,35538,ch0550100324,exact,evo,说起来军队的反应也太过迅速了。,それだけ彼らも必死ということか。,それだけ彼らも必死ということか。
77640,mp3010_01,25043,,25031,23341,35547,ch0550100166,blockwise,evo,可以看出来他们也十分焦急吧。,おや、エステル君、ヨシュア君。まだ出発していなかったのかね？,おや、エステル君、ヨシュア君。まだ出発していなかったのかね？
77641,mp3010_01,25045,,25043,23365,35548,ch0550100167,blockwise,evo,咦，艾丝蒂尔、约书亚，你们还没出发吗？,こちらのことは心配無用だよ。査察が入っても、どうにかうまくやり過ごしてみせるさ。,こちらのことは心配無用だよ。査察が入っても、どうにかうまくやり過ごしてみせるさ。
77642,mp3010_01,25047,,25045,23377,35549,ch0550100168,blockwise,evo,你们不用担心这里的事。就算军队来检查，我也会设法应付他们的。,気を付けて王都まで行くんだよ。,気を付けて王都まで行くんだよ。
77643,mp3010_01,25055,,25047,23389,35544,ch0550100169,blockwise,evo,总之去王都的路上要小心哦。,ふむ、とりあえず《カペル》は隠しておくとして……,ふむ、とりあえず《カペル》は隠しておくとして……
77644,mp3010_01,25057,,25055,23413,35545,ch0550100170,blockwise,evo,呼，总之，《卡佩尔》已经隐藏好了……,あと問題なのは《ライプニッツ号》ぐらいか。,あと問題なのは《ライプニッツ号》ぐらいか。
77645,mp3010_01,25059,,25057,23425,35546,ch0550100171,blockwise,evo,之后的问题就是《莱普尼兹号》了。,これはグスタフ君と相談したほうがよさそうだな。,これはグスタフ君と相談したほうがよさそうだな。
77646,mp3010_01,25075,,25059,23437,35552,ch0550091541,blockwise,evo,这事还是和格斯塔夫商量一下比较好。,やあ、おはよう。,やあ、おはよう。
77647,mp3010_01,25077,,25075,24595,35553,ch0550091542,blockwise,evo,哟，早上好。,何か手掛かりは見つかったかね。,何か手掛かりは見つかったかね。
77648,mp3010_01,25079,,25077,23485,35554,ch0010091543,blockwise,evo,找到什么线索没有？,ううん、これから情報を確認しにギルドへ行くところよ。,ううん、これから情報を確認しにギルドへ行くところよ。
77649,mp3010_01,25081,,25079,23497,35555,ch0550091544,blockwise,evo,嗯，现在要去协会确认一下情报。,おや、そういえばティータ君は一緒じゃないのか。,おや、そういえばティータ君は一緒じゃないのか。
77650,mp3010_01,25083,,25081,23509,35556,ch0020091545,blockwise,evo,咦，缇妲没和你们在一起啊。,アガットさんの看病に医務室の方に行きました。,アガットさんの看病に医務室の方に行きました。
77651,mp3010_01,25085,,25083,23521,35557,ch0020091546,blockwise,evo,缇妲去医务室照看阿加特兄了。,ティータもよほど心配しているみたいで……,ティータもよほど心配しているみたいで……
77652,mp3010_01,25087,,25085,23533,35558,ch0550091547,blockwise,evo,她似乎相当担心阿加特兄……,……そうか。,……そうか。
77653,mp3010_01,25089,,25087,23545,35559,ch0550091548,blockwise,evo,……这样啊。,ティータ君のためにもどうかラッセル博士のことを頼むよ。,ティータ君のためにもどうかラッセル博士のことを頼むよ。
77654,mp3010_01,25091,,25089,23629,35560,ch0010091549,blockwise,evo,就算是为了缇妲，你们也要救出拉赛尔博士啊。,うん、がんばるわ。,うん、がんばるわ。
77655,mp3010_01,25093,,25091,23569,35561,ch0020091550,blockwise,evo,嗯，我会加油的。,全力を尽くします。,全力を尽くします。
77656,mp3010_01,25095,,25093,23581,35562,ch0020091551,blockwise,evo,一定全力以赴。,では、僕らはこれで。,では、僕らはこれで。
77657,mp3010_01,25097,,25095,23773,35563,ch0550091552,blockwise,evo,那么，我们先告辞了。,うむ、良い知らせを待っているよ。,うむ、良い知らせを待っているよ。
77658,mp3010_01,25105,,25097,23605,35564,ch0550091565,blockwise,evo,嗯，等你们的好消息。,ティータ君のためにもどうかラッセル博士のことを頼むよ。,有力な手掛かりか……
77659,mp3010_01,25107,,25105,23629,35565,ch0550091566,blockwise,evo,就算是为了缇妲，你们也要救出拉赛尔博士啊。,良い知らせを待っているからね。,期待しているよ。どうか博士のことをお願いするよ。
77660,mp3010_01,25119,,25107,23641,35566,ch0550091555,blockwise,evo,那我就等着你们的好消息。,やあ、みなさん。何か手掛かりは見つかったかね。,やあ、みなさん。何か手掛かりは見つかったかね。
77661,mp3010_01,25121,,25119,23665,35567,ch0010091556,blockwise,evo,哟，各位。找到什么线索没有？,う～ん、確かに情報はあるんだけど……,う〜ん、確かに情報はあるんだけど……
77662,mp3010_01,25123,,25121,23677,35568,ch0020091557,blockwise,evo,嗯，虽然得到了一些情报……,すみません、工房長さん。,すみません、工房長さん。
77663,mp3010_01,25125,,25123,23689,35569,ch0020091558,blockwise,evo,抱歉，工房长先生。,まだ捜査中なので詳しいことはお話しできません。,まだ捜査中なので詳しいことはお話しできません。
77664,mp3010_01,25127,,25125,23701,35570,ch0020091559,blockwise,evo,现在还在搜查当中，详细的情况暂时不便透露。,ただ……犯人につながる有力な手掛かりを得たのは確かです。,ただ……犯人につながる有力な手掛かりを得たのは確かです。
77665,mp3010_01,25129,,25127,23713,35571,ch0550091560,blockwise,evo,不过……确实已经得到与犯人有关的有力线索。,おお、そうなのか！,おお、そうなのか！
77666,mp3010_01,25131,,25129,23725,35572,ch0550091561,blockwise,evo,哦哦，是吗！,なら捜査にも大きな進展が期待できそうだね。,なら捜査にも大きな進展が期待できそうだね。
77667,mp3010_01,25133,,25131,23737,35573,ch0550091562,blockwise,evo,看来调查也取得了相当大的进展啊。,良い知らせを待っているよ。,良い知らせを待っているよ。
77668,mp3010_01,25135,,25133,23749,35574,ch0010091563,blockwise,evo,我等着你们的好消息。,うん、全力でがんばるわ。,うん、全力でがんばるわ。
77669,mp3010_01,25137,,25135,23761,35575,ch0020091564,blockwise,evo,嗯，我们一定会努力的。,では、僕らはこれで。,では、僕らはこれで。
77670,mp3010_01,25145,,25137,23773,35576,ch0550091585,blockwise,evo,那么，我们先告辞了。,有力な手掛かりか……,無駄話をしている場合ではないだろう。
77671,mp3010_01,25147,,25145,23797,35577,ch0550091586,blockwise,evo,有力的线索吗……,期待しているよ。どうか博士のことをお願いするよ。,さあ、早く行くんだ。
77672,mp3010_01,25163,,25147,23809,35578,ch0550091574,blockwise,evo,我很期待哦。博士就拜托你们了。,負傷した遊撃士が医務室に運びこまれたそうだね。,負傷したブレイサーが医務室に運びこまれたそうだね。
77673,mp3010_01,25165,,25163,23845,35579,ch0550091575,blockwise,evo,听说有受伤的游击士被送进医务室了。,どうやら無駄話をしている場合ではないようだ。,どうやら無駄話をしている場合ではないようだ。
77674,mp3010_01,25167,,25165,23857,35580,ch0550091576,blockwise,evo,现在似乎不是闲聊的时候吧。,さあ、早く行きなさい。,さあ、早く行きなさい。
77675,mp3010_01,25175,,25167,23869,35581,ch0550091577,blockwise,evo,你们赶快去吧。,おお、君たちか。,おお、君たちか。
77676,mp3010_01,25177,,25175,23983,35582,ch0550091578,blockwise,evo,哦哦，是你们啊。,なんでも負傷した遊撃士が運びこまれたとか。,なんでも負傷したブレイサーが運びこまれたとか。
77677,mp3010_01,25179,,25177,23995,35583,ch0020091579,blockwise,evo,听说有受伤的游击士被送来了。,ええ、未知の毒物にやられていまして……,ええ、未知の毒物にやられていまして……
77678,mp3010_01,25181,,25179,24007,35584,ch0020091580,blockwise,evo,嗯，他是中了某种未知的毒……,今、ビクセン教区長に治療法を聞いてきたところです。,今、ビクセン教区長に治療法を聞いてきたところです。
77679,mp3010_01,25183,,25181,23923,35585,ch0020091581,blockwise,evo,我们刚刚向皮克赛恩教区长请教了治疗方法。,これからすぐに鍾乳洞へ向かい薬の材料を取りに行ってきます。,これからすぐに鍾乳洞へ向かい薬の材料を取りに行ってきます。
77680,mp3010_01,25185,,25183,23935,35586,ch0550091582,blockwise,evo,现在马上就去钟乳石洞采集做药的材料。,うむ、なら無駄話をしている場合ではないね。,うむ、なら無駄話をしている場合ではないね。
77681,mp3010_01,25187,,25185,24031,35587,ch0550091583,blockwise,evo,嗯，既然如此，现在可不是闲聊的时候啊。,さあ、早く行くんだ。,さあ、早く行くんだ。
77682,mp3010_01,25189,,25187,24085,35588,ch0020091584,blockwise,evo,你们赶快去吧。,はい、失礼します。,はい、失礼します。
77683,mp3010_01,25195,,25189,23971,35589,ch0550091567,blockwise,evo,是的，我们这就去。,おお、君たちか。,おお、君たちか。
77684,mp3010_01,25197,,25195,23983,35590,ch0550091568,blockwise,evo,哦哦，是你们啊。,なんでも負傷した遊撃士が運びこまれたとか。,なんでも負傷したブレイサーが運びこまれたとか。
77685,mp3010_01,25199,,25197,23995,35591,ch0020091569,blockwise,evo,听说有受伤的游击士被送来了。,ええ、未知の毒物にやられていまして……,ええ、未知の毒物にやられていまして……
77686,mp3010_01,25201,,25199,24007,35592,ch0020091570,blockwise,evo,嗯，他是中了某种未知的毒……,ビクセン教区長のところへ治療法を伺いに行く途中なんです。,ビクセン教区長のところへ治療法を伺いに行く途中なんです。
77687,mp3010_01,25203,,25201,24019,35593,ch0550091571,blockwise,evo,我们正准备去找皮克塞恩教区长询问治疗方法。,うむ、なら無駄話をしている場合ではないね。,うむ、なら無駄話をしている場合ではないね。
77688,mp3010_01,25205,,25203,24031,35594,ch0550091572,blockwise,evo,嗯，既然如此，现在可不是闲聊的时候啊。,さあ、早く行くんだ。,さあ、早く行くんだ。
77689,mp3010_01,25207,,25205,24085,35595,ch0020091573,blockwise,evo,你们赶快去吧。,はい、失礼します。,はい、失礼します。
77690,mp3010_01,25217,,25207,24055,35576,ch0550091585,exact,evo,好，我们这就去。,無駄話をしている場合ではないだろう。,無駄話をしている場合ではないだろう。
77691,mp3010_01,25219,,25217,24073,35594,ch0550091572,exact,evo,现在不是闲聊的时候吧。,さあ、早く行くんだ。,さあ、早く行くんだ。
77692,mp3010_01,25231,,25219,24085,35596,ch0550091599,exact,evo,你们赶快去吧。,私の判断でラッセル博士のことは伏せておくことにしたよ。,私の判断でラッセル博士のことは伏せておくことにしたよ。
77693,mp3010_01,25233,,25231,24109,35600,ch0550091603,blockwise,evo,根据我的判断，拉赛尔博士被掳走的事还是瞒着大多数人比较好。,君たちもその方が動きやすいだろうと思ってね。,君たちもその方が動きやすいだろうと思ってね。
77694,mp3010_01,25235,,25233,24121,35601,ch0550091604,blockwise,evo,这样子你们行动起来也会比较方便吧。,博士のことをどうかよろしく頼むよ。,博士のことをどうかよろしく頼むよ。
77695,mp3010_01,25246,,25235,24133,35602,ch0550091587,blockwise,evo,博士的事就拜托你们了。,…………………………,…………………………
77696,mp3010_01,25248,,25246,24163,35603,ch0550091588,blockwise,evo,…………………………,……私の判断でラッセル博士のことは伏せておくことにしたよ。,……私の判断でラッセル博士のことは伏せておくことにしたよ。
77697,mp3010_01,25250,,25248,24175,35604,ch0550091589,blockwise,evo,……根据我的判断，拉赛尔博士被掳走的事还是瞒着大多数人比较好。,君たちもその方が動きやすいだろうと思ってね。,君たちもその方が動きやすいだろうと思ってね。
77698,mp3010_01,25252,,25250,24301,35605,ch0020091590,blockwise,evo,这样子你们行动起来也会比较方便吧。,賢明な判断だと思います。,賢明な判断だと思います。
77699,mp3010_01,25254,,25252,24199,35606,ch0010091591,blockwise,evo,我认为这个判断相当正确。,うん、パニックになりそうだもんね。,うん、パニックになりそうだもんね。
77700,mp3010_01,25256,,25254,24211,35607,ch0550091592,blockwise,evo,嗯，要不然肯定会引起恐慌的。,遊撃士諸君。博士のことをよろしく頼むよ。,遊撃士諸君。博士のことをよろしく頼むよ。
77701,mp3010_01,25258,,25256,24223,35608,ch0550091593,blockwise,evo,各位游击士。博士的事就拜托了。,……ティータ君もあまり気を落とさずにな。,……ティータ君もあまり気を落とさずにな。
77702,mp3010_01,25260,,25258,24235,35609,ch0550091594,blockwise,evo,……缇妲，你也不要太过沮丧哦。,大丈夫さ、きっと博士は無事だよ。,大丈夫さ、きっと博士は無事だよ。
77703,mp3010_01,25262,,25260,24247,35610,ch0070091595,blockwise,evo,没事的，博士一定会平安的。,はい…………,はい…………
77704,mp3010_01,25264,,25262,24259,35611,ch0070091596,blockwise,evo,好的…………,…………………………,…………………………
77705,mp3010_01,25271,,25264,24271,35599,ch0550091602,blockwise,evo,…………………………,私の判断でラッセル博士のことは伏せておくことにしたよ。,私の判断でラッセル博士のことは伏せておくことにしたよ。
77706,mp3010_01,25273,,25271,24289,35600,ch0550091603,blockwise,evo,根据我的判断，拉赛尔博士被掳走的事还是瞒着大多数人比较好。,君たちもその方が動きやすいだろうと思ってね。,君たちもその方が動きやすいだろうと思ってね。
77707,mp3010_01,25275,,25273,24301,35601,ch0550091604,blockwise,evo,这样子你们行动起来也会比较方便吧。,博士のことをどうかよろしく頼むよ。,博士のことをどうかよろしく頼むよ。
77708,mp3010_01,25289,,25275,24313,35612,ch0550091597,blockwise,evo,博士的事就拜托你们了。,君たち、ティータ君をよろしく頼むよ。,君たち、ティータ君をよろしく頼むよ。
77709,mp3010_01,25291,,25289,24343,35613,ch0550091598,blockwise,evo,缇妲就拜托你们两个照顾了。,ティータ君、それじゃあ気をつけていってくるんだよ。,ティータ君、それじゃあ気をつけていってくるんだよ。
77710,mp3010_01,25302,,25291,24355,35614,ch0550181202,blockwise,evo,缇妲，去的时候要当心哦。,はあ、君たちか。さっきはすまなかったね。,はあ、君たちか。さっきはすまなかったね。
77711,mp3010_01,25304,,25302,24385,35615,ch0550181203,blockwise,evo,呼，是你们啊。刚才真是抱歉了。,これからはよく休養して煙草とすっぱり縁が切れるように努力するよ。,これからはよく休養して煙草とすっぱり縁が切れるように努力するよ。
77712,mp3010_01,25306,,25304,24397,35616,ch0550181204,blockwise,evo,我要好好休养一段时间，争取彻底把烟戒掉。,では、エルモ村までティータ君をよろしく頼むよ。,では、エルモまでティータ君をよろしく頼むよ。
77713,mp3010_01,25318,,25306,24409,35617,ch0550181134,blockwise,evo,那么，就拜托你们送缇妲到亚尔摩村了。,な、なにか見つかったかね？,な、なにか見つかったかね？
77714,mp3010_01,25325,,25318,24445,35618,ch0550091605,blockwise,evo,发、发现什么了吗？,おや、どうしたかな。,おや、どうしたかな。
77715,mp3010_01,25327,,25325,24463,35619,ch0550091606,blockwise,evo,咦，怎么了？,エルモ温泉へ行くには町の南口から出るんだよ。,エルモ温泉へ行くには町の南口から出るんだよ。
77716,mp3010_01,25341,,25327,24475,35622,ch0550091607,blockwise,evo,去亚尔摩村的话，要从西南方的门口出城啊。,おお、フーゴ君。,おお、フーゴ君。
77717,mp3010_01,25343,,25341,24505,35623,ch0550091608,blockwise,evo,哦，雨果。,聞いたよ、ルーアンのクライゼン君が辞退したそうだね。,聞いたよ、ルーアンのクライゼン君が辞退したそうだね。
77718,mp3010_01,25345,,25343,24517,35624,ch0550091609,blockwise,evo,我都听说了，卢安的库莱泽谢绝此次工作邀请了。,彼に代わる人材か……そう簡単には見つからんだろう。,彼に代わる人材か……そう簡単には見つからんだろう。
77719,mp3010_01,25353,,25345,24565,35620,ch0550091610,blockwise,evo,代替他的人……不是那么容易可以找到的吧。,聞いたよ、ルーアンのクライゼン君が辞退したそうだね。,聞いたよ、ルーアンのクライゼン君が辞退したそうだね。
77720,mp3010_01,25355,,25353,24553,35621,ch0550091611,blockwise,evo,我听说了，卢安的库莱泽谢绝此次工作邀请了。,彼に代わる人材か……そう簡単には見つからんだろう。,彼に代わる人材か……そう簡単には見つからんだろう。
77721,mp3010_01,25369,,25355,24565,35628,ch0550091612,blockwise,evo,代替他的人……不是那么容易可以找到的吧。,おや、おはよう。,おや、おはよう。
77722,mp3010_01,25371,,25369,24595,35629,ch0010091613,blockwise,evo,哟，早上好。,おはよーっ、工房長さん。,おはよーっ、工房長さん。
77723,mp3010_01,25373,,25371,24607,35630,ch0070091614,blockwise,evo,早上好，工房长伯伯。,おはよーございます。,おはよーございます。
77724,mp3010_01,25375,,25373,24619,35631,ch0550091615,blockwise,evo,早上好～,ふう、まったく昨日の事件にはまいったよ。,ふう、まったく昨日の事件にはまいったよ。
77725,mp3010_01,25377,,25375,24631,35632,ch0550091616,blockwise,evo,唉，真是的，昨天的事让人头疼啊。,今朝も早くから市民の苦情で大忙しさ。,今朝も早くから市民の苦情で大忙しさ。
77726,mp3010_01,25379,,25377,24643,35633,ch0010091617,blockwise,evo,一大清早，市民就来发泄不满，忙得我团团转。,うわぁ、かわいそう。,うわぁ、かわいそう。
77727,mp3010_01,25381,,25379,24655,35634,ch0010091618,blockwise,evo,哇，好可怜哦。,別に工房長さんが悪いわけじゃないのにね。,別に工房長さんが悪いわけじゃないのにね。
77728,mp3010_01,25383,,25381,24667,35635,ch0020091619,blockwise,evo,其实这又不是工房长伯伯的错。,すみません、工房長さん。,すみません、工房長さん。
77729,mp3010_01,25385,,25383,24679,35636,ch0020091620,blockwise,evo,抱歉，工房长伯伯。,こんなトラブルを引き起こしてしまって……,こんなトラブルを引き起こしてしまって……
77730,mp3010_01,25387,,25385,24691,35637,ch0550091621,blockwise,evo,都怪我们，引起了这样的麻烦……,あ、いやいや、君たちがあやまることはないよ。,あ、いやいや、君たちがあやまることはないよ。
77731,mp3010_01,25389,,25387,24703,35638,ch0550091622,blockwise,evo,啊，没有没有，你们不用道歉啊。,こういう事故は実験の過程ではたびたび起こりうることなんだからね。,こういう事故は実験の過程ではたびたび起こりうることなんだからね。
77732,mp3010_01,25391,,25389,24715,35639,ch0550091623,blockwise,evo,这样的事故在实验过程中时而发生也是可以理解的。,……まあ、ラッセル博士の場合はたびたびというよりしょっちゅうだが。,……まあ、ラッセル博士の場合はたびたびというよりしょっちゅうだが。
77733,mp3010_01,25393,,25391,24727,35640,ch0010091624,blockwise,evo,……唉，要是拉赛尔博士的话，简直就是经常性的。,その博士なんだけど、もう来てるの？,その博士なんだけど、もう来てるの？
77734,mp3010_01,25395,,25393,24739,35641,ch0550091625,blockwise,evo,博士已经来了吗？,おお、よほど張り切ってるみたいでね。ずいぶんと朝早くから来ておられるよ。,おお、よほど張り切ってるみたいでね。ずいぶんと朝早くから来ておられるよ。
77735,mp3010_01,25397,,25395,24751,35642,ch0550091626,blockwise,evo,哦哦，似乎相当有干劲啊，这么早就来了。,きっと手伝いが欲しいはずだからすぐに行ってあげるといい。,きっと手伝いが欲しいはずだからすぐに行ってあげるといい。
77736,mp3010_01,25399,,25397,24763,35643,ch0550091627,blockwise,evo,他肯定需要人帮忙，你们现在就去看看吧。,今ならきっと３階の工作室にいらっしゃるはずだよ。,今ならきっと３階の工作室にいらっしゃるはずだよ。
77737,mp3010_01,25401,,25399,24775,35644,ch0020091628,blockwise,evo,他现在肯定在三楼的工作室里面。,３階の工作室ですね。,３階の工作室ですね。
77738,mp3010_01,25403,,25401,24787,35645,ch0020091629,blockwise,evo,三楼的工作室吗。,ではさっそく行ってみます。,ではさっそく行ってみます。
77739,mp3010_01,25405,,25403,24799,35646,ch0010091630,blockwise,evo,我们马上过去。,うん、気になるもんね。,うん、気になるもんね。
77740,mp3010_01,25407,,25405,24811,35647,ch0550091631,blockwise,evo,嗯，我们也很在意。,あ、ティータ君！,あ、ティータ君！
77741,mp3010_01,25409,,25407,24823,35648,ch0070091632,blockwise,evo,啊，缇妲！,はい？　なんでしょーか？,はい？　なんでしょーか？
77742,mp3010_01,25411,,25409,24835,35649,ch0550091633,blockwise,evo,嗯？什么事？,く、くれぐれも博士に無茶だけはしないようよーくお願いしといてくれよ。,く、くれぐれも博士に無茶だけはしないようよーくお願いしといてくれよ。
77743,mp3010_01,25413,,25411,24847,35650,ch0550091634,blockwise,evo,请你一定告诉博士，叫他千万不要乱来。拜托你了。,また昨日みたいなことになったらとうぶん実験ができなくなるからね。,また昨日みたいなことになったらとうぶん実験ができなくなるからね。
77744,mp3010_01,25415,,25413,24859,35651,ch0070091635,blockwise,evo,再发生昨天那样的事，短时间内就无法进行实验了。,あ、はい。分かりました。,あ、はい。分かりました。
77745,mp3010_01,25417,,25415,24871,35652,ch0070091636,blockwise,evo,好的，我明白了。,じゃ、工房長さん。失礼します。,じゃ、工房長さん。失礼します。
77746,mp3010_01,25425,,25417,24883,35625,ch0550091637,blockwise,evo,那么，工房长伯伯，告辞了。,博士は３階の工作室にいらっしゃるはずだ。,博士は３階の工作室にいらっしゃるはずだ。
77747,mp3010_01,25427,,25425,24907,35626,ch0550091638,blockwise,evo,博士应该在三楼的工作室里面。,くれぐれも無茶はしないようよーくお願いしといてくれよ。,くれぐれも無茶はしないようよーくお願いしといてくれよ。
77748,mp3010_01,25429,,25427,24919,35627,ch0550091639,blockwise,evo,拜托了， 千万不要太过蛮干。,また昨日みたいなことになったらとうぶん実験ができなくなるからね。,また昨日みたいなことになったらとうぶん実験ができなくなるからね。
77749,mp3010_01,25441,,25429,24931,35653,ch0550091640,blockwise,evo,再发生昨天那样的事，短时间内就无法进行实验了。,おや、どうしたのかな？,おや、どうしたのかな？
77750,mp3010_01,25443,,25441,24955,35654,ch0550091641,blockwise,evo,哦，怎么了？,博士の工房は街の南西の方向だよ。,博士の工房は街の南西の方向だよ。
77751,mp3010_01,25445,,25443,24967,35655,ch0550091642,blockwise,evo,博士的工房在城市的西南方哦。,それと、何か判ったらぜひ私にも教えてくれたまえ。,それと、何か判ったらぜひ私にも教えてくれたまえ。
77752,mp3010_01,25447,,25445,24979,35656,ch0550091643,blockwise,evo,如果有什么新发现，记得一定要先来告诉我啊。,技術者のはしくれとして、非常に興味をそそられるからね。,技術者のはしくれとして、非常に興味をそそられるからね。
77753,mp3010_01,27042,25477,25447,24991,,,unmatched,evo,对于我们这些技术人员来说，这个可是非常让人感兴趣的哦。,本当にお疲れさま。,
77754,mp3010_01,27044,25489,27042,25477,,,unmatched,evo,真是辛苦你们了。,じゃ、何かあったらまたよろしくお願いするわ。,
77755,mp3010_01,27059,26155,27044,25489,,,unmatched,evo,那么，再有什么事的话，还会拜托你们的哦。,はあ、ようやく工房も落ち着いたみたいね。,
77756,mp3010_01,27061,25681,27059,26155,,,unmatched,evo,呼，工房终于平静下来了。,ここのところ騒ぎばかりで仕事するヒマもなかったけど……,
77757,mp3010_01,27063,25561,27061,26167,,,unmatched,evo,这里老是出现混乱，都没有工作的时间了……,うまく予算を使ってぜんぶ片付けちゃったし。,
77758,mp3010_01,27065,25573,27063,25561,,,unmatched,evo,不过，我把经费使用得很合理，总算全部处理完了。,うふふ…………,
77759,mp3010_01,27073,25717,27065,25573,,,unmatched,evo,呵呵…………,……あら、もうけっこういい時間ね。,
77760,mp3010_01,27075,26215,27073,26203,,,unmatched,evo,……啊，工作已经做得差不多了。,ちょっと早いけど、ブランチに行こうかしら。,
77761,mp3010_01,27077,25621,27075,26215,,,unmatched,evo,虽说有点早，不过现在去吃午饭也好。,お昼時になったらお店が混んじゃうものね。,
77762,mp3010_01,27097,26155,27077,25621,,,unmatched,evo,到了中午，店里面就很拥挤了。,はあ、ようやく工房も落ち着いたみたいね。,
77763,mp3010_01,27099,25681,27097,26155,,,unmatched,evo,呼，工房终于平静下来了。,ここのところ騒ぎばかりで仕事するヒマもなかったけど……,
77764,mp3010_01,27101,25693,27099,26167,,,unmatched,evo,这里老是出现混乱，都没有工作的时间了……,予算を使って少しは片付けられたのが救いね。,
77765,mp3010_01,27109,25717,27101,25693,,,unmatched,evo,不过幸好动用了预算全部处理完了。,……あら、もうけっこういい時間ね。,
77766,mp3010_01,27111,26215,27109,26203,,,unmatched,evo,……啊，工作已经做得差不多了。,ちょっと早いけど、ブランチに行こうかしら。,
77767,mp3010_01,27113,26227,27111,26215,,,unmatched,evo,虽说有点早，不过现在去吃午饭也好。,今日は朝食を抜いてるし、このままじゃ体に毒だわ。,
77768,mp3010_01,27140,,27113,26227,25608,ch0390050988,normalized,evo,今天又没吃早点，这样下去会伤身体的。,あら、あなたたち。,あら、あなたたち……
77769,mp3010_01,27142,25807,27140,25795,,,unmatched,evo,咦，是你们。,依頼なら、もう取り下げちゃったわよ。,
77770,mp3010_01,27146,25825,27142,25807,,,unmatched,evo,虽然对你们有点不好意思， 但是委托已经中止了。,え？　なんで？,
77771,mp3010_01,27151,25831,27146,25825,,,unmatched,evo,嗯？为什么？,え？　なんで？,
77772,mp3010_01,27156,,27151,25831,36284,ch2120181297,exact,evo,嗯？为什么？,ギルドから連絡があったのよ。,ギルドから連絡があったのよ。
77773,mp3010_01,27158,,27156,94603,36173,ch2120181298,context,evo,我从协会那里听说了。,あなたたち、もうすぐ他の支部に転属になるんでしょ？,あなたたち、もうすぐ他の支部に転属になるんでしょ？
77774,mp3010_01,27160,,27158,94615,36174,ch2120181299,context,evo,你们马上就要调到别的分部去了吧？,なら、所属が変わる前に依頼を整理しておかないと。,なら、所属が変わる前に依頼を整理しておかないと。
77775,mp3010_01,27164,,27160,88156,36287,ch0020181300,exact,evo,所以调离之前，必须将委托的事宜整理好。,そうでしたか……,そうでしたか……
77776,mp3010_01,27169,,27164,25885,36287,ch0020181300,exact,evo,是吗……,そうでしたか……,そうでしたか……
77777,mp3010_01,27176,,27169,25891,36288,ch0020181301,exact,evo,是吗……,すみません。中途半端になってしまって……,すみません。中途半端になってしまって……
77778,mp3010_01,27181,,27176,25909,36288,ch0020181301,exact,evo,对不起。委托半途而废……,すみません。中途半端になってしまって……,すみません。中途半端になってしまって……
77779,mp3010_01,27188,,27181,25915,36177,ch0010181302,exact,evo,对不起。委托半途而废……,ほんとごめんね。,ほんとごめんね。
77780,mp3010_01,27193,,27188,25933,36177,ch0010181302,exact,evo,真的很抱歉。,ほんとごめんね。,ほんとごめんね。
77781,mp3010_01,27198,,27193,25939,27076,ch0010171091,exact,evo,真的很抱歉。,ううん、気にしないで。,ううん、気にしないで。
77782,mp3010_01,27200,,27198,25951,36179,ch2120181304,exact,evo,嗯，别在意。,他に大切な仕事があったんだから仕方ないわよ。,他に大切な仕事があったんだから仕方ないわよ。
77783,mp3010_01,27202,25975,27200,88312,,,unmatched,evo,因为你们还有别的重要工作，这也是没办法的事。,残った依頼はツァイス支部に引継いでもらえばいいんだし。,
77784,mp3010_01,27206,25993,27202,25975,,,unmatched,evo,剩下的工作交给蔡斯分部接手就行了。,はい、そうして頂けると助かります。,
77785,mp3010_01,27211,25999,27206,25993,,,unmatched,evo,好吧，这样也算帮了我们大忙啊。,はい、そうして頂けると助かります。,
77786,mp3010_01,27216,,27211,25999,36294,ch2120181290,exact,evo,好吧，这样也算帮了我们大忙啊。,じゃ、これからも元気でね。,じゃ、これからも元気でね。
77787,mp3010_01,27218,26119,27216,26011,,,unmatched,evo,那以后也要继续努力哦。,また依頼を出すことがあったらその時は最後までお願いするわ。,
77788,mp3010_01,27222,,27218,26119,59177,ch0010090673,exact,evo,如果以后还有委托的话，就请你们一定要做到底。,うん、わかったわ。,うん、わかったわ。
77789,mp3010_01,27227,,27222,26041,38137,ch0010070594,exact,evo,嗯，知道了。,うん、わかったわ。,うん、わかったわ。
77790,mp3010_01,27234,,27227,26047,36295,ch0020181291,exact,evo,嗯，知道了。,いろいろとお世話になりました。,いろいろとお世話になりました。
77791,mp3010_01,27239,,27234,26065,36295,ch0020181291,exact,evo,感谢最近一段时间您对我们的诸多照顾。,いろいろとお世話になりました。,いろいろとお世話になりました。
77792,mp3010_01,27250,26095,27239,26071,,,unmatched,evo,感谢最近一段时间您对我们的诸多照顾。,悪いけど、依頼はもう取り下げちゃったわよ。,
77793,mp3010_01,27252,26107,27250,26095,,,unmatched,evo,虽然对你们有点不好意思，但是委托已经中止了。,残った仕事はツァイス支部にやってもらうから安心してちょうだい。,
77794,mp3010_01,27254,26119,27252,26107,,,unmatched,evo,剩下的工作就交给蔡斯分部来做，请放心吧。,また依頼を出すことがあったらその時は最後までお願いするわ。,
77795,mp3010_01,27256,26131,27254,26119,,,unmatched,evo,如果以后还有委托的话，就请你们一定要做到底。,じゃ、元気でね。,
77796,mp3010_01,27268,26155,27256,26131,,,unmatched,evo,那么，你们多保重。,はあ、ようやく工房も落ち着いたみたいね。,
77797,mp3010_01,27270,26167,27268,26155,,,unmatched,evo,呼，工房终于平静下来了。,ここのところ騒ぎばかりでちっとも仕事ができなかったのよ。,
77798,mp3010_01,27272,26179,27270,26167,,,unmatched,evo,这里老是出现混乱，都没有工作的时间了……,さあ、ぼちぼち資料整理でも始めようかしら。,
77799,mp3010_01,27280,26203,27272,26179,,,unmatched,evo,那么，快点开始整理资料吧。,……と思ったけど、もうけっこういい時間ね。,
77800,mp3010_01,27282,26215,27280,26203,,,unmatched,evo,……啊，工作已经做得差不多了。,ちょっと早いけど、ブランチに行こうかしら。,
77801,mp3010_01,27284,26227,27282,26215,,,unmatched,evo,虽说有点早，不过现在去吃午饭也好。,今日は朝食を抜いてるし、このままじゃ体に毒だわ。,
77802,mp3010_01,27296,26251,27284,26227,,,unmatched,evo,今天又没吃早点，这样下去会伤身体的。,ふう、なんだかまた不穏な気配がするのよ。,
77803,mp3010_01,27298,26263,27296,26251,,,unmatched,evo,呼，我怎么又有种不太安稳的感觉。,工房長はどっかに飛んでいったし整備員は走り回ってるし……,
77804,mp3010_01,27300,26275,27298,26263,,,unmatched,evo,工房长不知道去哪里，维修员也是到处乱跑……,まったく、落ち着かないわよ。,
77805,mp3010_01,27321,,27300,26275,35479,ch2120181562,blockwise,evo,真是的，一点都安不下心来。,あら、おはようさん。,あら、おはようさん。
77806,mp3010_01,27323,,27321,26365,35480,ch2120181563,blockwise,evo,啊，早上好。,今日は１日平和だといいわね。,今日は１日平和だといいわね。
77807,mp3010_01,27325,,27323,26377,35481,ch2120181564,blockwise,evo,今天一整天能平平安安就好了。,お願いした本も早く見つかるといいんだけど。,お願いした本も早く見つかるといいんだけど。
77808,mp3010_01,27332,,27325,26347,35479,ch2120181562,exact,evo,想要的书也能快点找到就好了。,あら、おはようさん。,あら、おはようさん。
77809,mp3010_01,27334,,27332,26365,35480,ch2120181563,exact,evo,啊，早上好。,今日は１日平和だといいわね。,今日は１日平和だといいわね。
77810,mp3010_01,27352,26407,27334,26377,,,unmatched,evo,今天一整天能平平安安就好了。,ふーん、あれが演算室のヴィルム君か。,
77811,mp3010_01,27354,26419,27352,26407,,,unmatched,evo,嗯，那是演算室的威尔姆吧。,初めて間近で見るんだけどあんまり大した男には見えないわね。,
77812,mp3010_01,27356,26431,27354,26419,,,unmatched,evo,第一次靠得这么近看，原来也就是个普通的男人。,なんていうか……神経質そうな感じがするわ。,
77813,mp3010_01,27365,26455,27356,26431,,,unmatched,evo,而且……感觉他有点神经质啊。,まったくイゴールさんは黙って本を読めないのかしら。,
77814,mp3010_01,27367,26467,27365,26455,,,unmatched,evo,真是的，伊戈尔就不能安静地看会儿书吗？,こういう場所では静かにするのが常識ってもんでしょ。,
77815,mp3010_01,27376,26491,27367,26467,,,unmatched,evo,在这种场合下保持安静可是常识啊。,あそこにいるイゴールさんはなにかと口うるさい人なの。,
77816,mp3010_01,27378,26503,27376,26491,,,unmatched,evo,那边的伊戈尔还真不是一般的啰嗦。,あの歳まで独身っていうのもなるほど納得って感じがするわね。,
77817,mp3010_01,27399,26551,27378,26503,,,unmatched,evo,我总算知道为什么他那种岁数还是单身了。,じゃ、本が見つかったらここまで持ってきてくださいな。,
77818,mp3010_01,27401,26563,27399,26551,,,unmatched,evo,那么，如果找到了其他的书，记得送到这里哦。,遊撃士さんたち、よろしくお願いしたわよ。,
77819,mp3010_01,27408,26581,27401,26563,,,unmatched,evo,各位游击士，拜托你们了。,あら、誰かと思えば遊撃士さんとティータじゃない。,
77820,mp3010_01,27410,26923,27408,26581,,,unmatched,evo,啊，我还以为是谁呢，这不是各位游击士和缇妲吗。,本を集めてくれて本当に感謝してるわよ。,
77821,mp3010_01,27412,26605,27410,26923,,,unmatched,evo,你们特地为我把书收集回来，真是很感谢。,お陰で私は当分仕事しないで済みそうよ。,
77822,mp3010_01,27424,26629,27412,26605,,,unmatched,evo,多亏你们，看来我暂时不用工作了。,ようこそ、資料室へ。,
77823,mp3010_01,27430,26659,27424,26629,,,unmatched,evo,欢迎来到资料室。,あら、ティータじゃない。,
77824,mp3010_01,27436,26671,27430,26659,,,unmatched,evo,啊，这不是缇妲吗？,あらまあ、そこにいるのはティータね。,
77825,mp3010_01,27443,26689,27436,26671,,,unmatched,evo,哎呀，这不是缇妲吗。,あ、コンスタンツェさん。どーもお久しぶりです。,
77826,mp3010_01,27448,26695,27443,26689,,,unmatched,evo,啊，康丝坦茨阿姨。好久不见了。,あ、コンスタンツェさん。どーもお久しぶりです。,
77827,mp3010_01,27453,26707,27448,26695,,,unmatched,evo,啊，康丝坦茨阿姨。好久不见了。,ほんとに久しぶりね。,
77828,mp3010_01,27455,26719,27453,26707,,,unmatched,evo,真是好久不见了。,たまには本の整理に来てちょうだいよ。,
77829,mp3010_01,27457,26827,27455,26719,,,unmatched,evo,缇妲你偶尔也来帮忙整理一下书嘛。,あたし１人に任せてたらこの資料室は大変なことになっちゃうような予感がするのよ。,
77830,mp3010_01,27461,26749,27457,26827,,,unmatched,evo,光让我一个人干的话，我会有种资料室将发生不得了的事的预感。,あ、あはは……わ、わかりましたー。,
77831,mp3010_01,27466,26755,27461,26749,,,unmatched,evo,啊，啊哈哈……我、我知道了。,あ、あはは……わ、わかりましたー。,
77832,mp3010_01,27471,26767,27466,26755,,,unmatched,evo,啊，啊哈哈……我、我知道了。,もう、ティータってばいい娘さんなんだから㈱,
77833,mp3010_01,27473,26779,27471,26767,,,unmatched,evo,哎呀，缇妲可真是个好孩子㈱,じゃ、よろしくね。,
77834,mp3010_01,27483,26815,27473,26779,,,unmatched,evo,那就拜托了～,ティータもたまには本の整理に来てちょうだいよ。,
77835,mp3010_01,27485,26827,27483,26815,,,unmatched,evo,缇妲，你偶尔也来帮忙整理一下书嘛。,あたし１人に任せてたらこの資料室は大変なことになっちゃうような予感がするのよ。,
77836,mp3010_01,27509,,27485,26827,35530,ch2120181613,exact,evo,光让我一个人干的话，我会有种资料室将发生不得了的事的预感。,見たい資料があったらどうぞ勝手にご覧なさいな。,見たい資料があったらどうぞ勝手にご覧なさいな。
77837,mp3010_01,27511,,27509,26875,35531,ch2120181614,exact,evo,如果有想要看的资料，就请随便看吧。,じゃ、お願いした本が見つかったらここまで持ってきてね。,じゃ、お願いした本が見つかったらここまで持ってきてね。
77838,mp3010_01,27520,26911,27511,26887,,,unmatched,evo,拜托你们了，找到了书的话，就请拿到这里来。,あら、誰かと思えば遊撃士さんたち。,
77839,mp3010_01,27522,26923,27520,26911,,,unmatched,evo,啊，我还以为是谁呢，原来是各位游击士。,本を集めてくれて本当に感謝してるわよ。,
77840,mp3010_01,27524,26935,27522,26923,,,unmatched,evo,你们特地为我把书收集回来，真是很感谢。,見たい本があったらどうぞ勝手にご覧なさい。,
77841,mp3010_01,27533,26959,27524,27007,,,unmatched,evo,如果有想要看的书，就请随便看吧。,あら、見ない顔だけど……ま、そんなことどうでもいいわね。,
77842,mp3010_01,27535,26971,27533,26959,,,unmatched,evo,哎，我好像没见过你们啊……啊，这种事倒也无所谓。,資料室へようこそ。管理人のコンスタンツェよ。,
77843,mp3010_01,27537,27007,27535,26971,,,unmatched,evo,欢迎你们来资料室。我是这里的管理员康丝坦茨。,見たい本があったらどうぞ勝手にご覧くださいな。,
77844,mp3010_01,27545,27007,27537,27007,,,unmatched,evo,如果有想要看的书，就请随便看吧。,見たい本があったらどうぞ勝手にご覧くださいな。,
77845,mp3010_01,27547,27019,27545,27007,,,unmatched,evo,如果有想要看的书，就请随便看吧。,で、読み終わったら元の場所に戻しといてちょうだい。,
77846,mp3010_01,29070,27571,27547,27019,,,unmatched,evo,不过，看完之后，请务必把书放回原处。,今、グスタフ整備長がいらっしゃったんですけど……,
77847,mp3010_01,29072,27583,29070,27571,,,unmatched,evo,格斯塔夫维修长刚才急急忙忙地赶了过来……,ひどくお急ぎのようでしたね。発着場で何かあったのかしら？,
77848,mp3010_01,29081,27607,29072,27583,,,unmatched,evo,他似乎相当匆忙。起降坪那边出什么事了吗？,まあ、みなさん。救出作戦、お疲れさまでした。,
77849,mp3010_01,29083,27619,29081,27607,,,unmatched,evo,各位，营救行动辛苦了。,もっとゆっくりお礼を申し上げたいのですけど……,
77850,mp3010_01,29085,27631,29083,27619,,,unmatched,evo,虽然很想向大家正式道谢……,……これ以上のお話は、控えた方が良いですわね。,
77851,mp3010_01,29087,27643,29085,27631,,,unmatched,evo,……但这种话最好不要提及为好。,では、どうかお気をつけて。,
77852,mp3010_01,29098,27793,29087,27643,,,unmatched,evo,那么，请务必小心。,……みなさん。,
77853,mp3010_01,29100,27805,29098,27793,,,unmatched,evo,……各位。,どうか博士のことよろしくお願いしますわね。,
77854,mp3010_01,29102,27697,29100,27805,,,unmatched,evo,营救博士的事就拜托你们了。,ティータちゃんも無理はしちゃだめよ。,
77855,mp3010_01,29106,27715,29102,27697,,,unmatched,evo,缇妲也不要太过勉强哦。,はい……もう大丈夫ですよー。,
77856,mp3010_01,29111,27721,29106,27715,,,unmatched,evo,知道了……我会小心行事的。,はい……もう大丈夫ですよー。,
77857,mp3010_01,29118,27739,29111,27721,,,unmatched,evo,知道了……我会小心行事的。,無責任な行動はいけないってアガットさんが教えてくれたんです。,
77858,mp3010_01,29123,27745,29118,27739,,,unmatched,evo,阿加特大哥哥已经教育我不能再那样鲁莽地行动了。,無責任な行動はいけないってアガットさんが教えてくれたんです。,
77859,mp3010_01,29130,,29123,27745,25867,ch0060061045,exact,evo,阿加特大哥哥已经教育我不能再那样鲁莽地行动了。,………………………,………………………
77860,mp3010_01,29135,,29130,27763,,,conflict,evo,……………………,………………………,
77861,mp3010_01,29146,27793,29135,27769,,,unmatched,evo,……………………,……みなさん。,
77862,mp3010_01,29148,27805,29146,27793,,,unmatched,evo,……各位。,どうか博士のことよろしくお願いしますわね。,
77863,mp3010_01,29160,,29148,27805,35479,ch2120181562,vector_single (1.00),evo,营救博士的事就拜托你们了。,あら、おはようございます。,あら、おはようさん。
77864,mp3010_01,29162,27841,29160,27829,,,unmatched,evo,啊，早上好。,ティータちゃんなら４階の医務室に行ったはずですわ。,
77865,mp3010_01,29164,27853,29162,27841,,,unmatched,evo,缇妲应该去了四楼的医务室。,よほどアガットさんのことが気にかかるようですわね。,
77866,mp3010_01,29173,27877,29164,27853,,,unmatched,evo,她真是相当担心阿加特先生啊。,さっき運ばれていった方は確か遊撃士でしたわよね。,
77867,mp3010_01,29175,27889,29173,27877,,,unmatched,evo,刚才被抬走的那位好像是游击士吧。,ひどい顔色でしたけど大丈夫なのかしら……,
77868,mp3010_01,29184,27913,29175,27889,,,unmatched,evo,他的脸色很差，不要紧吧……,工房長の判断でラッセル博士のことは一部の人以外には伏せてあります。,
77869,mp3010_01,29186,27925,29184,27913,,,unmatched,evo,根据工房长的判断，拉赛尔博士被掳走的事还是对大多数人保密为好。,博士のこと、どうかよろしくお願いします。,
77870,mp3010_01,29197,27955,29186,27925,,,unmatched,evo,博士的事就拜托你们了。,あ、みなさん……ティータちゃん……,
77871,mp3010_01,29199,27967,29197,27955,,,unmatched,evo,啊，各位……缇妲……,……工房長の判断でラッセル博士のことは一部の人以外には伏せてあるわ。,
77872,mp3010_01,29201,28063,29199,27967,,,unmatched,evo,……根据工房长的判断，拉赛尔博士被掳走的事还是对大多数人保密比较好。,ティータちゃんもどうか気を落とさないでね。,
77873,mp3010_01,29205,,29201,27979,,,conflict,evo,缇妲，你不要这么消沉。,………………………,
77874,mp3010_01,29210,,29205,27997,,,conflict,evo,……………………,………………………,
77875,mp3010_01,29217,28021,29210,28003,,,unmatched,evo,……………………,……はい。,
77876,mp3010_01,29222,28027,29217,28021,,,unmatched,evo,……好的。,……はい。,
77877,mp3010_01,29233,28051,29222,28027,,,unmatched,evo,……好的。,工房長の判断でラッセル博士のことは一部の人以外には伏せてあるわ。,
77878,mp3010_01,29235,28063,29233,28051,,,unmatched,evo,根据工房长的判断，拉赛尔博士被掳走的事还是对大多数人保密比较好。,ティータちゃんもどうか気を落とさないでね。,
77879,mp3010_01,29251,28105,29235,28063,,,unmatched,evo,缇妲，你也不要这么灰心。,あ、ティータちゃん。,
77880,mp3010_01,29253,28117,29251,28105,,,unmatched,evo,啊，缇妲。,エルモの旅館からの件、マードック工房長から伺ったわよ。,
77881,mp3010_01,29255,28129,29253,28117,,,unmatched,evo,亚尔摩旅馆的事，我从玛多克工房长那里打听到了。,ティータちゃんが行くことになったそうね。,
77882,mp3010_01,29259,28147,29255,28129,,,unmatched,evo,缇妲，你要代替外公去吗？,あ、はい。,
77883,mp3010_01,29264,28153,29259,28147,,,unmatched,evo,啊，是的。,あ、はい。,
77884,mp3010_01,29271,28171,29264,28153,,,unmatched,evo,啊，是的。,お手伝いしたことはあるから、わたしでも大丈夫だと思うんです。,
77885,mp3010_01,29276,28177,29271,28171,,,unmatched,evo,我以前去帮过忙，所以应该没问题。,お手伝いしたことはあるから、わたしでも大丈夫だと思うんです。,
77886,mp3010_01,29283,28195,29276,28177,,,unmatched,evo,我以前去帮过忙，所以应该没问题。,僕たちが責任をもって送り迎えをするつもりです。,
77887,mp3010_01,29288,28201,29283,28195,,,unmatched,evo,我们会负责把缇妲护送到亚尔摩村。,僕たちが責任をもって送り迎えをするつもりです。,
77888,mp3010_01,29295,28219,29288,28201,,,unmatched,evo,我们会负责把缇妲护送到亚尔摩村。,ですから、どうぞご心配なく。,
77889,mp3010_01,29300,28225,29295,28219,,,unmatched,evo,请不用担心。,ですから、どうぞご心配なく。,
77890,mp3010_01,29307,28333,29300,28225,,,unmatched,evo,请不用担心。,遊撃士協会には私の方から連絡しておきました。,
77891,mp3010_01,29309,28261,29307,28333,,,unmatched,evo,我已经通知过游击士协会了。,ティータちゃんのことよろしくお願いしますわね。,
77892,mp3010_01,29313,28279,29309,28261,,,unmatched,evo,那么，缇妲就拜托你们照顾了。,うん、まかしといて。,
77893,mp3010_01,29318,28285,29313,28279,,,unmatched,evo,嗯，交给我们吧。,うん、まかしといて。,
77894,mp3010_01,29325,,29318,28285,,,conflict,evo,嗯，交给我们吧。,じゃあ、行ってきます。,
77895,mp3010_01,29330,28309,29325,28303,,,unmatched,evo,我们走了。,じゃあ、行ってきます。,
77896,mp3010_01,29341,28333,29330,28309,,,unmatched,evo,我们走了。,遊撃士協会には私の方から連絡しておきました。,
77897,mp3010_01,29343,28345,29341,28333,,,unmatched,evo,我已经通知过游击士协会了。,ではティータちゃんのこと、エルモまでよろしくお願いしますわ。,
77898,mp3010_01,29361,28393,29343,28345,,,unmatched,evo,那么，就麻烦你们将缇妲护送到亚尔摩村了。,わ、そんなに重そうな荷物を抱えて……,
77899,mp3010_01,29363,28441,29361,28393,,,unmatched,evo,哇，竟然能扛得动那么重的东西……,さすがに遊撃士の方たちは鍛え方が違いますね。,
77900,mp3010_01,29371,28429,29363,28441,,,unmatched,evo,游击士受过的锻炼就是不一样啊。,そんなに重そうな荷物を抱えて……,
77901,mp3010_01,29373,28441,29371,28429,,,unmatched,evo,竟然能够扛得动那么重的东西……,さすがに遊撃士の方たちは鍛え方が違いますね。,
77902,mp3010_01,29389,28477,29373,28441,,,unmatched,evo,游击士受过的锻炼就是不一样啊。,えっと、ガソリンはもらったから次はグスタフ整備長って人のところに行きたいんだけど……,
77903,mp3010_01,29394,28483,29389,28477,,,unmatched,evo,嗯，已经有汽油了。接下来就是去找那个格斯塔夫维修长……,えっと、ガソリンはもらったから次はグスタフ整備長って人のところに行きたいんだけど……,
77904,mp3010_01,29399,28495,29394,28483,,,unmatched,evo,嗯，已经有汽油了。接下来就是去找那个格斯塔夫维修长……,整備長でしたら多分飛行船発着場のほうにいると思います。,
77905,mp3010_01,29401,28639,29399,28495,,,unmatched,evo,我想维修长大概在飞行船起降坪那边吧。,中央工房へは報告がある時くらいしか戻ってきませんから。,
77906,mp3010_01,29412,28537,29401,28639,,,unmatched,evo,除了来中央工房汇报情况，其他的时候他都不怎么回来。,えっと、内燃機関は借りたから次はオーブメント工場へ行きたいんだけど……,
77907,mp3010_01,29417,28543,29412,28537,,,unmatched,evo,嗯，已经将内燃引擎设备借来了。接下来该去导力器工厂了……,えっと、内燃機関は借りたから次はオーブメント工場へ行きたいんだけど……,
77908,mp3010_01,29422,28663,29417,28543,,,unmatched,evo,嗯，已经将内燃引擎设备借来了。接下来该去导力器工厂了……,工場でしたらエレベーターで地下１階に降りたところですわ。,
77909,mp3010_01,29431,28699,29422,28663,,,unmatched,evo,要去工厂的话，请坐升降机到地下一楼。,あら皆さん。何かご用でしょうか？,
77910,mp3010_01,29435,28597,29431,28699,,,unmatched,evo,啊，各位，有什么事吗？,えっと、オーブメント工場とグスタフ整備長って人のところに行きたいんだけど……,
77911,mp3010_01,29440,28603,29435,28597,,,unmatched,evo,唔～我们要去导力器工厂，还要去找格斯塔夫维修长。,えっと、オーブメント工場とグスタフ整備長って人のところに行きたいんだけど……,
77912,mp3010_01,29445,28663,29440,28603,,,unmatched,evo,唔～我们要去导力器工厂，还要去找格斯塔夫维修长。,工場でしたらエレベーターで地下１階に降りたところですわ。,
77913,mp3010_01,29447,28675,29445,28663,,,unmatched,evo,要去工厂的话，请坐升降机到地下一楼。,あと整備長でしたら多分飛行船発着場のほうにいると思います。,
77914,mp3010_01,29449,28639,29447,28675,,,unmatched,evo,至于维修长，大概在飞行船起降坪。,中央工房へは報告がある時くらいしか戻ってきませんから。,
77915,mp3010_01,29457,28663,29449,28639,,,unmatched,evo,除了来中央工房汇报情况，其他的时候他都不怎么回来。,工場でしたらエレベーターで地下１階に降りたところですわ。,
77916,mp3010_01,29459,28675,29457,28663,,,unmatched,evo,要去工厂的话，请坐升降机到地下一楼。,あと整備長でしたら多分飛行船発着場のほうにいると思います。,
77917,mp3010_01,29471,28699,29459,28675,,,unmatched,evo,至于维修长，大概在飞行船起降坪。,あら皆さん。何かご用でしょうか？,
77918,mp3010_01,29475,28717,29471,28699,,,unmatched,evo,啊，各位，有什么事吗？,えっと、演算室ってところに行けばいいのよね。,
77919,mp3010_01,29480,28723,29475,28717,,,unmatched,evo,唔～到演算室去就行了吧。,えっと、演算室ってところに行けばいいのよね。,
77920,mp3010_01,29485,28735,29480,28723,,,unmatched,evo,唔～到演算室去就行了吧。,演算室でしたら５階ですわ。エレベーターをご利用ください。,
77921,mp3010_01,29496,28765,29485,28735,,,unmatched,evo,演算室在五楼。请乘坐升降机。,ティータちゃん、みなさん。昨日は大変なことになったわね。,
77922,mp3010_01,29498,28813,29496,28765,,,unmatched,evo,缇妲，还有各位。昨天真是发生了不得了的事啊。,ラッセル博士は３階の工作室で作業を始めていらっしゃるわよ。,
77923,mp3010_01,29500,28825,29498,28813,,,unmatched,evo,拉赛尔博士已经在三楼的工作室开始作业了。,誰か手伝いに来るのをやきもきしながら待ってると思うわ。,
77924,mp3010_01,29508,28813,29500,28825,,,unmatched,evo,我想他应该正焦急地等人去帮忙吧。,ラッセル博士は３階の工作室で作業を始めていらっしゃるわよ。,
77925,mp3010_01,29510,28825,29508,28813,,,unmatched,evo,拉赛尔博士已经在三楼的工作室开始作业了。,誰か手伝いに来るのをやきもきしながら待ってると思うわ。,
77926,mp3010_01,29526,28867,29510,28825,,,unmatched,evo,我想他应该正焦急地等人去帮忙吧。,あら、ティータちゃん。どこに行くのかしら？,
77927,mp3010_01,29530,28885,29526,28867,,,unmatched,evo,哎呀，是缇妲啊。这是要去哪里啊？,あ、わたしの家に皆さんを案内するとこなんですよー。,
77928,mp3010_01,29535,28891,29530,28885,,,unmatched,evo,啊，我要带他们去我家。,あ、わたしの家に皆さんを案内するとこなんですよー。,
77929,mp3010_01,29542,28909,29535,28891,,,unmatched,evo,啊，我要带他们去我家。,おじいちゃんに相談があるそーなんです。,
77930,mp3010_01,29547,28915,29542,28909,,,unmatched,evo,他们要找外公商量一些事情。,おじいちゃんに相談があるそーなんです。,
77931,mp3010_01,29552,28927,29547,28915,,,unmatched,evo,他们要找外公商量一些事情。,そう、ご苦労さま。ご案内よろしくね。,
77932,mp3010_01,29556,28945,29552,28927,,,unmatched,evo,是这样啊，真是辛苦你了。那就麻烦你给他们带路吧。,はい、行って来ます。,
77933,mp3010_01,29561,28951,29556,28945,,,unmatched,evo,好的，我们走了。,はい、行って来ます。,
77934,mp3010_01,29574,28987,29561,28951,,,unmatched,evo,好的，我们走了。,じゃ、ティータちゃん。お客様のご案内よろしくね。,
77935,mp3010_01,29586,29011,29574,28987,,,unmatched,evo,那么，缇妲。就麻烦你为客人带路了。,工房長の部屋は２階ですわ。左手のエレベーターをご利用ください。,
77936,mp3010_01,29595,29035,29586,29011,,,unmatched,evo,工房长室就在二楼。两位可以搭乘左手边的升降机上去。,ツァイス中央工房へようこそ。,
77937,mp3010_01,29597,29047,29595,29035,,,unmatched,evo,欢迎来到蔡斯中央工房。,何かご用があればこちらで承らせていただきますわ。,
77938,mp3010_01,30142,30095,29597,29047,,,unmatched,evo,如果有什么事，请随时到这里咨询。,ようこそメンテナンス窓口へ。,
77939,mp3010_01,30144,29633,30142,30095,,,unmatched,evo,欢迎来到维修柜台。,ごたごた続きでしたけど、気分一新してがんばりますよ。,
77940,mp3010_01,30153,29657,30144,29633,,,unmatched,evo,虽然总是出一些乱子，但我还是会调整好心情努力工作的。,うーん、どうしたんだろ。,
77941,mp3010_01,30155,29669,30153,29657,,,unmatched,evo,嗯，怎么回事？,なんか工房船のクルーが慌しく行き来してるんですよ。,
77942,mp3010_01,30157,29681,30155,29669,,,unmatched,evo,工房船的船员怎么慌慌张张地走来走去。,どこかで事故でも起こったのかな？,
77943,mp3010_01,30166,29705,30157,29681,,,unmatched,evo,难道是什么地方发生事故了吗？,おはようございます。メンテナンス窓口へようこそ。,
77944,mp3010_01,30168,29717,30166,29705,,,unmatched,evo,早上好。欢迎，这里是维修柜台。,さあ、今日も一日がんばりましょう。,
77945,mp3010_01,30177,29741,30168,29717,,,unmatched,evo,好～今天也要努力工作啊。,あ、どうも。遅くまで大変ですね。,
77946,mp3010_01,30179,29753,30177,29741,,,unmatched,evo,啊，你们好。干到这么晚真是辛苦。,まだ当分やってますからご用があれば何でも言ってくださいね。,
77947,mp3010_01,30181,29765,30179,29753,,,unmatched,evo,现在我还在工作，有什么事的话请尽管说。,ふう、それにしても今日はいろいろあって疲れましたよ。,
77948,mp3010_01,30192,29795,30181,29765,,,unmatched,evo,呼，今天出了很多事，真是累啊。,ふう、ようやく騒動が収まったと思ったら今度はすごいお客が来たんですよ。,
77949,mp3010_01,30194,29807,30192,29795,,,unmatched,evo,呼，骚乱好不容易平息，就又来了一个麻烦的客人。,そこにいるおばさんなんですけど、やって来るなり文句を言い出して……,
77950,mp3010_01,30196,29819,30194,29807,,,unmatched,evo,这位大婶刚一来就开始发牢骚……,開発のカルノーさんに説明に来てもらったんですけど、大丈夫かなあ。,
77951,mp3010_01,30204,29843,30196,29819,,,unmatched,evo,开发部的加鲁诺先生来帮我说明了，应该没有问题了。,カルノーさんはオーバルカメラから導力銃まで手広く開発する力のある人なんです。,
77952,mp3010_01,30206,29855,30204,29843,,,unmatched,evo,从导力相机到导力枪，加鲁诺都能从事开发，各项领域都比较精通。,あのラッセル博士を筆頭に、この中央工房の研究者にはそういう万能タイプが多いんですよ。,
77953,mp3010_01,30208,29867,30206,29855,,,unmatched,evo,以拉赛尔博士为首，中央工房里真的有很多这种全能型的研究者。,きっと研究室同士の垣根が低くて風通しがいいからなんでしょうね。,
77954,mp3010_01,30220,29891,30208,29867,,,unmatched,evo,大概是因为研究者之间 毫无隔阂地彼此学习和交流吧。,そこで唸ってるお客さん、あんまりオーブメントに詳しくないみたいなんですよ。,
77955,mp3010_01,30222,29903,30220,29891,,,unmatched,evo,这位自言自语的客人似乎不太了解导力器。,どうしよう、もっと詳しく説明した方がいいのかな？,
77956,mp3010_01,30224,29915,30222,29903,,,unmatched,evo,怎么办啊？是不是需要给他详细说明一下呢？,うーん、こっちまで唸っちゃうよ。,
77957,mp3010_01,30233,,30224,29915,49035,ch0010130261,exact,evo,嗯，我都想叹气了。,あ、こんにちは。,あ、こんにちは。
77958,mp3010_01,30235,29951,30233,29939,,,unmatched,evo,啊，客人您好。,どうです？クオーツでも見て行きませんか？,
77959,mp3010_01,30237,29963,30235,29951,,,unmatched,evo,怎么样？不看看结晶回路吗？,職員が言うのもなんですけどかなりいい感じの品が揃ってますよ。,
77960,mp3010_01,30246,29987,30237,29963,,,unmatched,evo,我自己这样说可能有点自卖自夸，不过这批货质量真的不错，品种也齐全。,あ、どうも。いやあ、今朝は朝から忙しいです。,
77961,mp3010_01,30248,29999,30246,29987,,,unmatched,evo,啊，你们好。哎呀～今天一大早就开始忙碌起来了。,昨日の事件をオーブメントの故障と勘違いしてる方が結構いましてね……その対応でばたばたしてたんですよ。,
77962,mp3010_01,30250,30011,30248,29999,,,unmatched,evo,很多人把昨天的事故当成是导力器出现故障……光做这些应对工作就已经很忙了。,うーん、ツァイス市民といえどもオーブメント技術に関する知識なんてそんなに高くはないんですよね。,
77963,mp3010_01,30259,30095,30250,30011,,,unmatched,evo,嗯，虽说是蔡斯的市民，但是他们不是很了解导力器的相关技术。,ようこそメンテナンス窓口へ。,
77964,mp3010_01,30261,30047,30259,30095,,,unmatched,evo,欢迎来到维修柜台。,実はこの僕も中央工房の研究員なんですよ。まだ見習いですけどね。,
77965,mp3010_01,30263,30059,30261,30047,,,unmatched,evo,其实我也是中央工房的研究员，不过现在还处于见习阶段。,今はオーブメントの扱いを修行しているってところです。,
77966,mp3010_01,30265,30071,30263,30059,,,unmatched,evo,修理导力器也是我修行的一部分。,いつかは僕も自分の研究室を持てるといいなあ。,
77967,mp3010_01,30274,30095,30265,30071,,,unmatched,evo,我以后要是能有自己的研究室就好了。,ようこそメンテナンス窓口へ。,
77968,mp3010_01,30276,30107,30274,30095,,,unmatched,evo,欢迎来到维修柜台。,『窓口』なんて言ってますがここは中央工房直営のオーブメント工房なんです。,
77969,mp3010_01,30278,30119,30276,30107,,,unmatched,evo,虽说是柜台，但这里可是中央工房直接运营的导力器工房。,一般の工房と変わりませんからどうぞ気軽に利用してくださいね。,
77970,mp3010_01,30739,30308,30278,30119,,,unmatched,evo,这里和一般的工房没什么区别，请放心使用吧。,フェイ先輩なら、呼び出されてどっかに行ったよ。,
77971,mp3010_01,30741,30320,30739,30308,,,unmatched,evo,绯前辈刚才被别人叫走了。,工房船に、緊急の出動要請があったみたいなんだ。,
77972,mp3010_01,30752,30398,30741,30320,,,unmatched,evo,工房船那里好像接到了紧急出动的通知。,気のせいかも知れないけど、近頃よくフェイ先輩と目が合うんだよ。,
77973,mp3010_01,30754,30362,30752,30398,,,unmatched,evo,或许是我的错觉吧，最近常常和绯前辈四目相对啊。,も、もしかして先輩もようやく僕の魅力に気づいたのかな？,
77974,mp3010_01,30756,30374,30754,30362,,,unmatched,evo,难、难道前辈终于发现我的魅力了吗？,……ま、そんなわけはないか。,
77975,mp3010_01,30764,30398,30756,30374,,,unmatched,evo,……唉，怎么可能。,気のせいかも知れないけど、近頃よくフェイ先輩と目が合うんだよ。,
77976,mp3010_01,30766,30410,30764,30398,,,unmatched,evo,或许是我的错觉吧，最近常常和绯前辈四目相对啊。,……どうせ僕が意識過剰なだけなんだろうけど。,
77977,mp3010_01,30778,30434,30766,30410,,,unmatched,evo,……反正只是我自己胡思乱想吧。,はあ、先輩には叱られるしあんな事件は起こるし、もうやる気なんてゼロだよ……,
77978,mp3010_01,30780,30446,30778,30434,,,unmatched,evo,呼，刚被前辈教训过，再加上出了那样的事，简直干劲全无啊……,ふうう～～、早く家に帰りたいよ。,
77979,mp3010_01,30789,30470,30780,30446,,,unmatched,evo,呼～真想早点回家。,げほっ、げほっ……,
77980,mp3010_01,30791,30482,30789,30470,,,unmatched,evo,咳、咳咳……,あー、なんかまだ胸の中がおかしいよ。,
77981,mp3010_01,30808,30518,30791,30482,,,unmatched,evo,啊～还是感觉胸腔里面很不舒服。,うーん、フェイ先輩の元カレって誰なんだろう……,
77982,mp3010_01,30810,30530,30808,30518,,,unmatched,evo,唔……绯前辈的前男友到底是谁啊……,友達にも聞いてみたんだけどいっこうに答えが見えなくてね。,
77983,mp3010_01,30812,30542,30810,30530,,,unmatched,evo,我向朋友们打听过，但没人知道。,ああ、もう！気になって仕事が手につかないよ。,
77984,mp3010_01,30820,30566,30812,30542,,,unmatched,evo,哎呀，真是的！根本不能专心工作。,ほんとは仕事でがんばってアピールしなきゃいけないのに……,
77985,mp3010_01,30822,30578,30820,30566,,,unmatched,evo,我本想努力工作，多表现一下自己……,ああ、もう先輩の元カレが気になって仕事が手につかないよ。,
77986,mp3010_01,30834,30602,30822,30578,,,unmatched,evo,但总在想前辈的前男友，根本不能专心工作。,ういっす、わかりました。,
77987,mp3010_01,30836,30614,30834,30602,,,unmatched,evo,是，我明白了。,じゃあ、自分はコンベアのチェックからやります。,
77988,mp3010_01,30847,30644,30836,30614,,,unmatched,evo,那么，我去检查传输装置了。,噂によるとフェイ先輩、最近彼氏と別れたみたいなんだ。,
77989,mp3010_01,30849,30656,30847,30644,,,unmatched,evo,听说绯前辈最近刚和男友分手。,ふふ、ついに僕にもチャンスが巡って来たってことだな。,
77990,mp3010_01,30851,30668,30849,30656,,,unmatched,evo,哈哈，机会终于来了。,がんばっていいとこ見せないとね。,
77991,mp3010_01,30859,30692,30851,30668,,,unmatched,evo,一定要好好努力，展示一下我的优点。,でも、実は先輩の好みって全然知らないんだよ。,
77992,mp3010_01,30861,30704,30859,30692,,,unmatched,evo,我完全不知道前辈到底喜欢什么样的人。,……別れた彼氏もやっぱり工房の人だったのかな？,
77993,mp3010_01,31835,30894,30861,30704,,,unmatched,evo,……已经分手的男友会不会也在工房里工作呢？,ごめんね、わざわざ配達してくれて。,
77994,mp3010_01,31837,30906,31835,30894,,,unmatched,evo,不好意思，还让你们专程给我送了一趟。,忙しいのにほんとにどうもありがと。,
77995,mp3010_01,31839,30918,31837,30906,,,unmatched,evo,你们这么忙还帮我，真是太感谢了。,じゃ、あたしは仕事にもどるから……,
77996,mp3010_01,31853,30954,31839,30918,,,unmatched,evo,那么，我要继续工作了……,あ……、あんたたちか。,
77997,mp3010_01,31855,30966,31853,30954,,,unmatched,evo,啊……是你们啊。,博士を助けてくれてありがとね。,
77998,mp3010_01,31857,30978,31855,30966,,,unmatched,evo,谢谢你们救出了博士。,まだ安心できないけどとりあえずは良かったよ。,
77999,mp3010_01,31859,30990,31857,30978,,,unmatched,evo,虽然还不能完全放心，但现在的情况已经不错了。,これからも、あたしたち市民の味方であって欲しいな。,
78000,mp3010_01,31867,31014,31859,30990,,,unmatched,evo,希望你们今后继续担当我们这些市民的依靠。,でも、まさか軍の仕業だったとはね……,
78001,mp3010_01,31869,31026,31867,31014,,,unmatched,evo,真没想到，竟然是军方的人干的……,真相を聞いたときはさすがにショックだったよ。,
78002,mp3010_01,31889,31062,31869,31026,,,unmatched,evo,得知真相时，我真是受了不小的打击。,はあ、どうしよ。ほんと困ったなあ……,
78003,mp3010_01,31891,31074,31889,31062,,,unmatched,evo,唉，怎么办呢，真是头疼……,なんか最近、ルーディのことが気になってしょうがないのよね。,
78004,mp3010_01,31893,31086,31891,31074,,,unmatched,evo,我最近好像很在意鲁迪。,べ、別に好きとかじゃなくて放っておけないっていうか……と、とにかくそんな感じなのよ。,
78005,mp3010_01,31895,31098,31893,31086,,,unmatched,evo,倒也算不上喜欢，但就是觉得不能丢下他不管……,ううー、マズいなあ。どんな顔して仕事しろってのよ。,
78006,mp3010_01,31905,31170,31895,31098,,,unmatched,evo,唉，真讨厌，完全没心情工作了。,はあ、どうしよ。ルーディから目が離せないわ。,
78007,mp3010_01,31907,31140,31905,31170,,,unmatched,evo,唉，怎么办啊，我总不能放下鲁迪不管。,せっかくブラムが手紙をくれたっていうのに……,
78008,mp3010_01,31909,31152,31907,31140,,,unmatched,evo,难得布拉姆给我写封信……,もう、ほんとあたしってタイミング悪いわね。,
78009,mp3010_01,31916,31170,31909,31152,,,unmatched,evo,唉，真是太不凑巧了。,はあ、どうしよ。ルーディから目が離せないわ。,
78010,mp3010_01,31918,31182,31916,31170,,,unmatched,evo,唉，怎么办啊，我总不能放下鲁迪不管。,よりにもよってまたあんなダメな奴のことを……,
78011,mp3010_01,31920,31194,31918,31182,,,unmatched,evo,我居然还挂念着那个没用的家伙……,うーん……ま、まさかとは思うけど。,
78012,mp3010_01,31922,31206,31920,31194,,,unmatched,evo,嗯……难道说……,ひょっとして、あたしダメな男が好みなの？,
78013,mp3010_01,31934,31230,31922,31206,,,unmatched,evo,我就喜欢这种没用型的男人吗？,この前ルーディの奴をきつく叱ったんだけど……,
78014,mp3010_01,31936,31242,31934,31230,,,unmatched,evo,我之前还严厉地训斥了鲁迪一顿……,あいつ落ち込んじゃって余計、仕事しなくなったのよ。,
78015,mp3010_01,31938,31254,31936,31242,,,unmatched,evo,那家伙整天闷闷不乐，工作也不干。,はあ、ほんとしょうがないわね。ちょっと根性見せろっていうの。,
78016,mp3010_01,31949,31284,31938,31254,,,unmatched,evo,唉，真是没有办法。是男人就拿出点骨气啊。,仕事をしてたらいきなり煙が押し寄せてきて……,
78017,mp3010_01,31951,31296,31949,31284,,,unmatched,evo,我正在工作的时候，工房突然浓烟滚滚……,慌てて１階へ避難したんだよ。,
78018,mp3010_01,31953,31308,31951,31296,,,unmatched,evo,我慌慌张张就逃到一楼去了。,きっと犯人たちは地下から進入したんだと思うわ。,
78019,mp3010_01,31961,31332,31953,31308,,,unmatched,evo,我想犯人们肯定是从地下进来的。,仕事をしてたらいきなり煙が押し寄せてきてね。慌てて１階へ逃げ込んだんだよ。,
78020,mp3010_01,31963,31344,31961,31332,,,unmatched,evo,我正在工作的时候，工房突然间浓烟滚滚。我慌慌张张就逃向一楼。,ルーディの奴、ドジだから思いっきり煙を吸っちまってさ。,
78021,mp3010_01,31965,31356,31963,31344,,,unmatched,evo,鲁迪那家伙傻呆呆的，吸了一肚子烟。,今、念のために医務室へ行ってるんだよ。,
78022,mp3010_01,31979,31386,31965,31356,,,unmatched,evo,出于谨慎，他刚刚去医务室做检查了。,今は手紙のことは忘れて仕事に集中しないとね。,
78023,mp3010_01,31981,31398,31979,31386,,,unmatched,evo,现在必须把信的事放一边，集中精神工作。,そうじゃないとブラムの奴にしめしが……,
78024,mp3010_01,31983,31410,31981,31398,,,unmatched,evo,不然的话，就没法给布拉姆起示范……,……じゃなかった。ルーディの奴にしめしがつかないよ。,
78025,mp3010_01,31990,31428,31983,31410,,,unmatched,evo,……啊，不对。就没法给鲁迪起示范作用了。,さっきルーディの奴を怒鳴っちゃったんだよ……,
78026,mp3010_01,31992,31440,31990,31428,,,unmatched,evo,我刚刚才骂过鲁迪呢……,あいつぼーっとしてて手が動いてないんだもん。,
78027,mp3010_01,31994,31452,31992,31440,,,unmatched,evo,那家伙一直在发愣，手也不动。,まったく、以前はあんなダメな奴じゃなかったのに。,
78028,mp3010_01,32008,,31994,31452,34781,ch1980071496,vector_search (0.87),evo,真是的，以前他明明不像这么没用的啊。,何に使うか知らないけど取り扱いには注意しなよね。,あ、何に使うか知らないけど取り扱いには注意しなよね。
78029,mp3010_01,32010,,32008,31482,34782,ch1980071497,exact,evo,虽然不知道用它来做什么，但处理起来一定要注意。,ガソリンっていうのはとにかく良く燃えるからさ。,ガソリンっていうのはとにかく良く燃えるからさ。
78030,mp3010_01,32021,31536,32010,31494,,,unmatched,evo,汽油这东西非常容易燃烧。,ふう～……,
78031,mp3010_01,32023,31548,32021,31740,,,unmatched,evo,呼……,さあ、フェイ。仕事に集中するのよ。,
78032,mp3010_01,32025,31560,32023,31548,,,unmatched,evo,好了，绯。要集中精力工作啊。,コンベアは正常だったから次は倉庫のチェックをしなきゃ。,
78033,mp3010_01,32037,31584,32025,31560,,,unmatched,evo,传输方面一切正常，接下来检查一下仓库吧。,まずは昨日の現象の影響がないかコンベアのチェックから始めてもらうわ。,
78034,mp3010_01,32039,31596,32037,31584,,,unmatched,evo,首先要检查装置有没有受昨天的现象影响而出现传输问题。,それが終わったら念のため外の機材の確認をお願い。,
78035,mp3010_01,32050,31626,32039,31596,,,unmatched,evo,为了慎重起见，检查完那个之后麻烦你去确认一下外面的器材。,ふう～～、せつないな～～。,
78036,mp3010_01,32052,31638,32050,31626,,,unmatched,evo,呼～～悲哀啊～～,なんであんな奴のこと好きだったんだろ。,
78037,mp3010_01,32054,31698,32052,31638,,,unmatched,evo,我怎么会喜欢上那样的家伙啊。,カッコいいわけでもないしいっつも眠そうな顔してたし……,
78038,mp3010_01,32056,31662,32054,31698,,,unmatched,evo,长得又不帅，还总是一副睡不醒的样子……,……冷静に考えてみたらほんとにいいとこナシね。,
78039,mp3010_01,32064,31686,32056,31662,,,unmatched,evo,……冷静地想一下，他真是没什么优点。,あたしってばなんであんな奴のこと好きだったんだろ。,
78040,mp3010_01,32066,31698,32064,31686,,,unmatched,evo,我啊，怎么会喜欢上那样的家伙啊。,カッコいいわけでもないしいっつも眠そうな顔してたし……,
78041,mp3010_01,32068,31710,32066,31698,,,unmatched,evo,长得又不帅，还总是一副睡不醒的样子……,う～ん、今となっては謎ね……,
78042,mp3010_01,32082,31740,32068,31710,,,unmatched,evo,嗯，事到如今对我来说都是个谜……,はあ……,
78043,mp3010_01,32084,31752,32082,31740,,,unmatched,evo,呼……,あのバカ、今頃どうしてるかな……,
78044,mp3010_01,32086,,32084,31752,,,conflict,evo,那个傻瓜现在在做什么呢……,……………………,
78045,mp3010_01,32088,31776,32086,31764,,,unmatched,evo,……………………,……うおっと、いけない。仕事中なんだから、集中しないと。,
78046,mp3010_01,32096,31800,32088,31776,,,unmatched,evo,……哎呀，不行不行，我正在工作，必须集中精神。,さあ、仕事よ、仕事。,
78047,mp3010_01,32098,31812,32096,31800,,,unmatched,evo,好了，工作，工作。,あんなバカのことなんかきっとすぐに忘れるわよ……,
78048,mp3010_01,32307,32122,32098,31812,,,unmatched,evo,必须快点忘了那个傻瓜的事……,ふう、今回の行商もそろそろ終わりだね。,
78049,mp3010_01,32309,32134,32307,32122,,,unmatched,evo,呼，这次的生意马上就要搞定了。,売る方もうまくいったし仕入れの方もうまくいった。,
78050,mp3010_01,32311,32146,32309,32134,,,unmatched,evo,销售很顺利，进货也很顺利。,うちのカレルも何か目標を見つけたみたいだしまあ、今回は上々だったね。,
78051,mp3010_01,32320,32170,32311,32146,,,unmatched,evo,我家的卡雷尔似乎也确定了什么目标。嗯，这次旅行非常好啊。,品物のオーバルカメラを受け取りに来たんだけど……,
78052,mp3010_01,32322,32182,32320,32170,,,unmatched,evo,我是来拿在这里订购的导力相机的……,おどろいたことに、息子が手伝ってくれたんだよ。,
78053,mp3010_01,32324,32194,32322,32182,,,unmatched,evo,令人惊喜的是儿子也开始给我帮忙了。,カレルったら、どうしちまったんだろう。,
78054,mp3010_01,32335,32224,32324,32194,,,unmatched,evo,卡雷尔那孩子好像有点变化了啊。,だからねえ、あたしはそんな細かい数字の話を聞いてるんじゃないんだよ。,
78055,mp3010_01,32337,32236,32335,32224,,,unmatched,evo,哎呀，我都说了，我不是询问你那些具体数字方面的情况。,どのカメラが１番、素人に使いやすいのかって聞いてるのさ。,
78056,mp3010_01,32339,32248,32337,32236,,,unmatched,evo,只是问问哪种相机操作简单，最适合新手使用。,あんたカメラを作ってるんだろ？そういうこと考えてないのかい？,
78057,mp3010_01,32347,32272,32339,32248,,,unmatched,evo,相机不是你制造的吗？你就没有考虑过这些事吗？,なんか事件があったみたいで大変なのは分かるんだけどさ。,
78058,mp3010_01,32349,32284,32347,32272,,,unmatched,evo,似乎发生了什么事呢，不过我只知道情况很严重。,もうちょっと分かりやすく説明して欲しいんだよね、あたしは。,
78059,mp3010_01,32573,32391,32349,32284,,,unmatched,evo,能不能简单明了地给我说明一下啊。,オレ、見習いでいいから工房に入ってそしていつか飛行船を作るよ。,
78060,mp3010_01,32575,32902,32573,32391,,,unmatched,evo,就算是当学徒也好，我要进入工房，然后总有一天要造飞行船。,……ま、でも今はお袋の手伝いをしないとな。,
78061,mp3010_01,32577,32415,32575,32403,,,unmatched,evo,……唉，但现在却只能给老妈帮忙。,そろそろ帰るみたいだしまずは荷物まとめからかな。,
78062,mp3010_01,32598,32457,32577,32415,,,unmatched,evo,好像差不多要回去了，先从收拾行李开始吧。,オレ、うちの妹たちがもう少しでかくなったら、この町に出てくるって決めたんだ。,
78063,mp3010_01,32600,32830,32598,32818,,,unmatched,evo,……我决定，等我的几个妹妹再长大点之后，就来这个城市。,見習いでいいから工房に入ってそしていつか飛行船を作るよ。,
78064,mp3010_01,32602,32902,32600,32830,,,unmatched,evo,因为做见习生就可以进入工房，然后将来就可以造飞行船了。,……ま、でも今はお袋の手伝いをしないとな。,
78065,mp3010_01,32604,32493,32602,32902,,,unmatched,evo,……唉，不过现在还是要先给老妈帮忙。,オレの妹、４人もいるしみんなまだちっこいからお袋も大変なんだよ。,
78066,mp3010_01,32616,,32604,32493,19286,ch0400040876,exact,evo,我有四个妹妹，年纪还都很小呢。妈妈也很辛苦啊。,…………………………,…………………………
78067,mp3010_01,32618,32529,32616,32517,,,unmatched,evo,…………………………,……すげえ……………,
78068,mp3010_01,32620,32541,32618,32529,,,unmatched,evo,……了不起……………,オーバルエンジンってここで作ってるんだ……,
78069,mp3010_01,32983,32638,32620,32541,,,unmatched,evo,导力引擎是在这里做的啊……,あ……,
78070,mp3010_01,32985,32650,32983,32638,,,unmatched,evo,啊……,よう、久しぶり。,
78071,mp3010_01,32989,32668,32985,32650,,,unmatched,evo,哟，好久不见了。,……？,
78072,mp3010_01,32994,32674,32989,32668,,,unmatched,evo,……？,……？,
78073,mp3010_01,33001,32692,32994,32674,,,unmatched,evo,……？,ああ、誰かと思えば……ほんとに久しぶりだね。,
78074,mp3010_01,33006,32698,33001,32692,,,unmatched,evo,啊，我还以为是谁呢……真的是好久不见了。,ああ、誰かと思えば……ほんとに久しぶりだね。,
78075,mp3010_01,33013,32716,33006,32698,,,unmatched,evo,啊，我还以为是谁呢……真的是好久不见了。,へっ？　誰？,
78076,mp3010_01,33018,32722,33013,32716,,,unmatched,evo,哎？他是谁啊？,へっ？　誰？,
78077,mp3010_01,33025,32740,33018,32722,,,unmatched,evo,哎？他是谁啊？,ほら、ロレントでクオーツの欠片を探してた子だよ。,
78078,mp3010_01,33030,32746,33025,32740,,,unmatched,evo,忘了吗，就是在洛连特寻找结晶回路碎片的那个孩子啊。,ほら、ロレントでクオーツの欠片を探してた子だよ。,
78079,mp3010_01,33037,32764,33030,32746,,,unmatched,evo,忘了吗，就是在洛连特寻找结晶回路碎片的那个孩子啊。,ずいぶん前だけど依頼を引き受けたじゃない。,
78080,mp3010_01,33042,32770,33037,32764,,,unmatched,evo,我们当时不是接受了他的委托吗。,ずいぶん前だけど依頼を引き受けたじゃない。,
78081,mp3010_01,33049,32788,33042,32770,,,unmatched,evo,我们当时不是接受了他的委托吗。,えらいね、今日はお母さんのお手伝い？,
78082,mp3010_01,33054,32794,33049,32788,,,unmatched,evo,了不起呢，今天给母亲帮忙吗？,えらいね、今日はお母さんのお手伝い？,
78083,mp3010_01,33059,32806,33054,32794,,,unmatched,evo,了不起呢，今天给母亲帮忙吗？,ああ、ちょっとな。そろそろカルバードに帰るんだよ。,
78084,mp3010_01,33061,32818,33059,32806,,,unmatched,evo,啊啊，帮忙做一下吧。差不多要回卡尔瓦德了。,……オレ、妹たちがもう少しでかくなったら、この町に出てくるって決めたんだ。,
78085,mp3010_01,33063,32830,33061,32818,,,unmatched,evo,……我决定，等我的几个妹妹再长大点之后，就来这个城市。,見習いでいいから工房に入ってそしていつか飛行船を作るよ。,
78086,mp3010_01,33067,32848,33063,32830,,,unmatched,evo,因为做见习生就可以进入工房，然后将来就可以造飞行船了。,そっか……,
78087,mp3010_01,33072,32854,33067,32848,,,unmatched,evo,是吗……,そっか……,
78088,mp3010_01,33079,32872,33072,32854,,,unmatched,evo,是吗……,良かったじゃない。将来の目標が見つかって。,
78089,mp3010_01,33084,32878,33079,32872,,,unmatched,evo,这样也挺不错啊。已经找到了将来的目标。,良かったじゃない。将来の目標が見つかって。,
78090,mp3010_01,33089,32890,33084,32878,,,unmatched,evo,这样也挺不错啊。已经找到了将来的目标。,当たり前だろ。オレだって人生考えてんだぜ。,
78091,mp3010_01,33091,32902,33089,32890,,,unmatched,evo,那当然的啦。我也要考虑自己的前途才行呢。,……ま、でも今はお袋の手伝いをしないとな。,
78092,mp3010_01,33093,32914,33091,32902,,,unmatched,evo,……唉，不过现在还是要先给老妈帮忙。,オレの妹、４人もいるしみんなまだちっこいんだ。,
78093,mp3010_01,33097,32932,33093,32914,,,unmatched,evo,我有四个妹妹，年纪还都很小呢。,うん、お手伝いがんばってね。妹さんたちのためにも。,
78094,mp3010_01,33102,32938,33097,32932,,,unmatched,evo,嗯！你要努力帮忙哦。就算是为了你的几个妹妹。,うん、お手伝いがんばってね。妹さんたちのためにも。,
78095,mp3010_01,33107,32950,33102,32938,,,unmatched,evo,嗯！你要努力帮忙哦。就算是为了你的几个妹妹。,ああ、あんがと。,
78096,mp3010_01,33109,32962,33107,32950,,,unmatched,evo,啊，谢谢。,じゃあな、あんたらもがんばれよ。,
78097,mp3010_01,33221,33136,33109,32962,,,unmatched,evo,再见了，你们也加油哦。,どうしよう、弱ったよ。,
78098,mp3010_01,33223,33148,33221,33136,,,unmatched,evo,怎么办啊……真为难。,暖房用のオーブメントが欲しいって言ったら、分厚いリストが出てきたんだ。,
78099,mp3010_01,33225,33160,33223,33148,,,unmatched,evo,我一说想要采暖用的导力器，他就拿出厚厚一摞清单让我看。,こんなに種類があったなんて……どれが何だかさっぱり分からないよ。,
78100,mp3010_01,33233,33184,33225,33160,,,unmatched,evo,竟然有那么多种……到底有什么区别呢，我完全不懂。,暖房用オーブメントにこんなに種類があったなんて……,
78101,mp3010_01,33235,33196,33233,33184,,,unmatched,evo,采暖用的导力器竟然有那么多种……,うーん、弱ったなあ。,
78102,mp3010_01,33790,,33235,33196,37038,ch0070090136,blockwise,evo,嗯，头痛。,あ、エステルお姉ちゃん……,あ、エステルお姉ちゃん……
78103,mp3010_01,33792,,33790,33283,37039,ch0010090137,blockwise,evo,啊，艾丝蒂尔姐姐……,どう？　アガットの様子は。,どう？　アガットの様子は。
78104,mp3010_01,33794,,33792,33295,37040,ch0070090138,blockwise,evo,怎么样？阿加特现在的情况。,うん、よく眠ってるよ。もう大丈夫みたい。,うん、よく眠ってるよ。もう大丈夫みたい。
78105,mp3010_01,33796,,33794,33409,37041,ch0070090139,blockwise,evo,嗯，睡得很熟。好像已经没事了。,お姉ちゃんたちの方は？,お姉ちゃんたちの方は？
78106,mp3010_01,33798,,33796,33319,37042,ch0010090140,blockwise,evo,姐姐你们呢？,今まさにいろいろと調べてる最中よ。,今まさにいろいろと調べてる最中よ。
78107,mp3010_01,33800,,33798,33331,37043,ch0010090141,blockwise,evo,我们还在调查那件事。,捜査はあたしたちに任せて、アガットのことを看てやってて。,捜査はあたしたちに任せて、アガットのことを看てやってて。
78108,mp3010_01,33802,,33800,33343,37044,ch0070090142,blockwise,evo,调查就交给我们，你就好好看着阿加特吧。,うん、わかった。,うん、わかった。
78109,mp3010_01,33804,,33802,33457,37045,ch0070090143,blockwise,evo,嗯，我知道了。,お姉ちゃんたちも気をつけてね。,お姉ちゃんたちも気をつけてね。
78110,mp3010_01,33812,,33804,33367,37046,ch0070090144,blockwise,evo,姐姐你们也要小心哦。,あ、ヨシュアお兄ちゃん……,あ、ヨシュアお兄ちゃん……
78111,mp3010_01,33814,,33812,33385,37047,ch0020090145,blockwise,evo,啊，约书亚哥哥……,アガットさんの様子はどう？,アガットさんの様子はどう？
78112,mp3010_01,33816,,33814,33397,37048,ch0070090146,blockwise,evo,阿加特现在的情况怎么样？,うん、よく眠ってるよ。もう大丈夫みたい。,うん、よく眠ってるよ。もう大丈夫みたい。
78113,mp3010_01,33818,,33816,33409,37049,ch0070090147,blockwise,evo,嗯，睡得很熟。好像已经没事了。,お兄ちゃんたちの方は？,お兄ちゃんたちの方は？
78114,mp3010_01,33820,,33818,33421,37050,ch0020090148,blockwise,evo,哥哥你们呢？,今できる限りの手を尽くして調べてるところだよ。,今できる限りの手を尽くして調べてるところだよ。
78115,mp3010_01,33822,,33820,33433,37051,ch0020090149,blockwise,evo,现在我们正在尽全力调查。,ティータは心配しないでアガットさんを看ててあげて。,ティータは心配しないでアガットさんを看ててあげて。
78116,mp3010_01,33824,,33822,33445,37052,ch0070090150,blockwise,evo,缇妲你就不用担心了，在这里好好照顾阿加特兄吧。,うん、わかった。,うん、わかった。
78117,mp3010_01,33826,,33824,33457,37053,ch0070090151,blockwise,evo,嗯，我知道了。,お兄ちゃんたちも気をつけてね。,お兄ちゃんたちも気をつけてね。
78118,mp3010_01,33839,,33826,33469,37034,ch0070090152,blockwise,evo,哥哥你们也要小心哦。,あ、お兄ちゃん、お姉ちゃん……,あ、お兄ちゃん、お姉ちゃん……
78119,mp3010_01,33841,,33839,33499,37035,ch0070090153,blockwise,evo,啊，哥哥、姐姐……,アガットさんはもう大丈夫みたいだよ。,アガットさんはもう大丈夫みたいだよ。
78120,mp3010_01,33843,,33841,33511,37036,ch0070090154,blockwise,evo,阿加特大哥哥现在好像已经没事了。,でも…………わたし、もう少しアガットさんを看てようと思うの。,でも…………わたし、もう少しアガットさんを看てようと思うの。
78121,mp3010_01,33845,,33843,33523,37037,ch0070090155,blockwise,evo,不过…………我还想在这里照顾阿加特大哥哥。,お姉ちゃんたちも、気をつけてね。,お姉ちゃんたちも、気をつけてね。
78122,mp3010_01,33853,,33845,33571,37032,ch0070090156,exact,evo,姐姐你们要小心哦。,わたし、もう少しアガットさんを看てようと思うの。,わたし、もう少しアガットさんを看てようと思うの。
78123,mp3010_01,33855,,33853,33559,37033,ch0070090157,exact,evo,我还想在这里照顾阿加特大哥哥。,お姉ちゃんたちも、気をつけてね。,お姉ちゃんたちも、気をつけてね。
78124,mp3010_01,33896,,33855,33571,36418,ch0070071299,exact,evo,姐姐你们要小心哦。,ガソリンと内燃機関の保管場所は５階の演算室でわかるはずですよ。,ガソリンと内燃機関の保管場所は５階の演算室でわかるはずですよ。
78125,mp3010_01,33900,,33896,33649,36420,ch0010071301,exact,evo,汽油和内燃引擎设备的存放地点可以在五楼的演算室查询。,５階の演算室ね。,５階の演算室ね。
78126,mp3010_01,33902,,33900,33667,36421,ch0010071302,exact,evo,五楼的演算室啊。,じゃあ、とりあえず行きますか。,じゃあ、とりあえず行きますか。
78127,mp3010_01,33908,,33902,33679,36419,ch0010071300,exact,evo,那就赶快去吧。,うん、保管場所は分かったから早速取りに行ってくるね。,うん、保管場所は分かったから早速取りに行ってくるね。
78128,mp3010_01,33932,,33908,33691,37542,ch0070091644,blockwise,evo,嗯，已经知道存放地点了，我们马上就去取。,うーん、そーですねー。,うーん、そーですねー。
78129,mp3010_01,33934,,33932,33727,37543,ch0070091645,blockwise,evo,嗯…是吗……,モード切替え時の問題ならストレージ側があやしーです。,モード切替え時の問題ならストレージ側があやしーです。
78130,mp3010_01,33936,,33934,33739,37544,ch0070091646,blockwise,evo,既然模式切换会发生问题，那可能是储存器方面出了毛病。,そちらのチェックはもーしてみましたか？,そちらのチェックはもーしてみましたか？
78131,mp3010_01,34031,,33936,33751,37029,ch0050081385,blockwise,evo,那些地方都已经检查过了吗？,………………………………………………………………,………………………………………………………………
78132,mp3010_01,34040,,34031,33960,37030,ch0050081386,blockwise,evo,………………………………………………………………,………………………………………………………………,………………………………………………………………
78133,mp3010_01,34044,,34040,33984,37031,ch0070081387,blockwise,evo,………………………………………………………………,アガットさん………………,アガットさん………………
78134,mp3010_01,34049,,34044,34002,37031,ch0070081387,exact,evo,阿加特大哥哥………………,アガットさん………………,アガットさん………………
78135,mp3010_01,34231,,34049,34008,36413,ch0540071590,blockwise,evo,阿加特大哥哥………………,すまんが、エルモのポンプ修理の件は任せるぞ。,すまんが、エルモのポンプ修理の件は任せるぞ。
78136,mp3010_01,34233,,34231,34106,36414,ch0540071591,blockwise,evo,不好意思，亚尔摩村的水泵修理工作就麻烦你们了。,現地まで行ってくれれば後はティータがどうにかするじゃろ。,現地まで行ってくれれば後はティータがどうにかするじゃろ。
78137,mp3010_01,34235,,34233,34118,36415,ch0540071592,blockwise,evo,只要把缇妲送到那里，后面的工作就可以全部交给她了。,では、よろしく頼むぞ。,では、よろしく頼むぞ。
78138,mp3010_01,34244,,34235,34130,36416,ch0540071593,blockwise,evo,拜托你们了。,うん？　何をやっとるんじゃ。,うん？　何をやっとるんじゃ。
78139,mp3010_01,34246,,34244,34154,36417,ch0540071594,blockwise,evo,嗯？在干什么呢？,早く、内燃機関とガソリンを取ってきてくれ。,早く、内燃機関とガソリンを取ってきてくれ。
78140,mp3010_01,34336,,34246,34166,35339,ch0560100330,blockwise,evo,赶快给我把内燃引擎设备和汽油拿来啊。,確かに、王国軍にしてはえらく対応が早ェですね。,確かに、王国軍にしてはえらく対応が早ェですね。
78141,mp3010_01,34338,,34336,34294,35340,ch0560100331,blockwise,evo,王国军的对应措施采取得也太快了点。,そんだけ連中もあせってるってことでしょう。,そんだけ連中もあせってるってことでしょう。
78142,mp3010_01,34467,,34338,34306,35539,ch0560100318,blockwise,evo,可以看出来他们也十分焦急吧。,《ライプニッツ号》はオーバーホール中ってことで地下に格納してあります。,《ライプニッツ号》はオーバーホール中ってことで地下に格納してあります。
78143,mp3010_01,34469,,34467,34392,35540,ch0560100319,blockwise,evo,《莱普尼兹号》正在定期检修中，目前停放在地下。,ヤバイもんは処理済みですから、まァ、大丈夫でしょう。,ヤバイもんは処理済みですから、まァ、大丈夫でしょう。
78144,mp3010_01,34471,,34469,34404,35541,ch0550100320,blockwise,evo,已经把可能露出马脚的东西都处理干净了，应该没问题了吧。,そうか、なら安心だが……,そうか、なら安心だが……
78145,mp3010_01,34473,,34471,34416,35542,ch0550100321,blockwise,evo,是吗，那我就放心了……,それにしても軍の動きの早さには驚いたよ。,それにしても軍の動きの早さには驚いたよ。
78146,mp3010_01,34475,,34473,34428,35543,ch0550100322,blockwise,evo,说起来军队的反应也太过迅速了。,対応が遅れていたらまんまとしっぽを握られていたかも知れないな。,対応が遅れていたらまんまとしっぽを握られていたかも知れないな。
78147,mp3010_01,34531,,34475,34440,34717,ch0280091647,normalized,evo,如果我们动作再慢一点，说不定就会被他们抓住把柄了。,え～とぉ、普通のが５セットでしょ～。,え〜とぉ、普通のが５セットでしょ〜。
78148,mp3010_01,34533,,34531,34496,34718,ch0280091648,exact,evo,嗯～来五套普通的吧。,あ、そうそうパノラマも買っとかなきゃ。,あ、そうそうパノラマも買っとかなきゃ。
78149,mp3010_01,37077,,34533,34508,35262,ch0010070521,blockwise,evo,啊，对了对了，还要买全景摄影的器材。,あれ、この部屋は……？,あれ、この部屋は……？
78150,mp3010_01,37085,,37077,34783,35263,ch0070070522,blockwise,evo,咦，这个房间是……？,ここはエレベーターです。,ここはエレベーターです。
78151,mp3010_01,37091,,37085,34831,35264,ch0070070523,blockwise,evo,这是升降机。,地下から屋上までひとっとびってカンジです。,地下から屋上までひとっとびってカンジです。
78152,mp3010_01,37104,,37091,34867,35265,ch0010070524,blockwise,evo,一下就能从地下升到楼顶～,んー？,んー？
78153,mp3010_01,37106,,37104,34945,35266,ch0010070525,blockwise,evo,嗯……？,エレベーターって鉱山にもある昇降装置よね。,エレベーターって鉱山にもある昇降装置よね。
78154,mp3010_01,37109,,37106,34957,35267,ch0010070526,blockwise,evo,升降机不是在矿山里用的那种升降装置吗？,どこにも見当たらないけど……,どこにも見当たらないけど……
78155,mp3010_01,37112,,37109,34975,35268,ch0020070527,blockwise,evo,我没看到这里有那种东西啊……,違うよエステル。,違うよエステル。
78156,mp3010_01,37118,,37112,34993,35269,ch0020070528,blockwise,evo,艾丝蒂尔，你误会了。,たぶん、この部屋そのものが上下する造りになってるんだ。,たぶん、この部屋そのものが上下する造りになってるんだ。
78157,mp3010_01,37121,,37118,35029,35270,ch0010070529,blockwise,evo,如果没猜错，这个房间本身就是可以上下移动的导力梯。,あ……,あ……
78158,mp3010_01,37130,,37121,35047,35271,ch0070070530,blockwise,evo,啊……,えへへ、最新式なんですよー。,えへへ、最新式なんですよー。
78159,mp3010_01,37132,,37130,35101,35272,ch0070070531,blockwise,evo,嘿嘿，这是最新式的哦。,最大積載量、１０トリム……,最大積載量、５０トリム……
78160,mp3010_01,37135,,37132,35113,35273,ch0070070532,blockwise,evo,最大载重量，10托里姆……,大型機材の搬入なんかもラクラクこなしちゃうんです♪,大型機材の搬入なんかもラクラクこなしちゃうんです♪
78161,mp3010_01,37138,,37135,35131,35274,ch0010070533,blockwise,evo,就算用它搬运大型器材也完全没问题♪,よ、よく分からないけど……なんか凄そうなカンジかも。,よ、よく分からないけど……なんか凄そうなカンジかも。
78162,mp3010_01,37140,,37138,35149,35275,ch0010070534,blockwise,evo,虽、虽然不大明白……但感觉好像很厉害呢。,それで、どうやったら動くの？,それで、どうやったら動くの？
78163,mp3010_01,37151,,37140,35161,35276,ch0070070535,blockwise,evo,那么，怎么才能让它动起来呢？,あ、そこのパネルで行きたい階を選べばＯＫです。,あ、そこのパネルで行きたい階を選べばＯＫです。
78164,mp3010_01,37154,,37151,35227,35277,ch0070070536,blockwise,evo,哦，只要在那个控制板上选择要去的楼层就可以了。,えと……町に行きたいんですよね？,えと……町に行きたいんですよね？
78165,mp3010_01,37158,,37154,35245,35278,ch0020070537,blockwise,evo,那个……你们是要去城里吧？,うん。１階に案内してくれるかな？,うん。１階に案内してくれるかな？
78166,mp3010_01,37161,,37158,35269,35279,ch0070070538,blockwise,evo,嗯，能带我们去一楼吗？,はいっ。,はいっ。
78167,mp3010_01,37188,,37161,35287,35280,ch0010070539,blockwise,evo,好的。,わわ……,わわ……
78198,mp3010_01,38383,,37448,37009,34956,ch1950070628,blockwise,evo,嗯……没错。,あら、先ほどティータちゃんと一緒にいた……,あら、先ほどティータちゃんと一緒にいた……
78199,mp3010_01,38386,,38383,37679,34957,ch1950070629,blockwise,evo,啊，你们是之前和缇妲在一起的……,ようこそ中央工房へ。どういったご用件でしょうか。,ようこそ中央工房へ。どういったご用件でしょうか。
78200,mp3010_01,38393,,38386,37697,34958,ch0010070630,blockwise,evo,欢迎来到中央工房。请问有什么事吗？,あの、あたしたち遊撃士協会の者なんですけど。,あの、あたしたち遊撃士協会の者なんですけど。
78201,mp3010_01,38396,,38393,37739,34959,ch0020070631,blockwise,evo,啊～您好。我们是游击士协会的人。,こちらの工房長さんに面会をお願いに来ました。,こちらの工房長さんに面会をお願いに来ました。
78202,mp3010_01,38414,,38396,37757,34961,ch1950070632,blockwise,evo,我们想和你们的工房长见面。,まあ、そうでしたの。ちょっとお待ちください……,まあ、そうでしたの。ちょっとお待ちください……
78203,mp3010_01,38441,,38414,37865,34963,ch1950070633,blockwise,evo,哦，是这样啊。请两位稍等一下……,──あ、工房長。ご休憩のところ失礼します。,──あ、工房長。ご休憩のところ失礼します。
78204,mp3010_01,38443,,38441,38027,34964,ch1950070634,blockwise,evo,啊，工房长。不好意思，打扰您休息了。,はい……そうですの。遊撃士協会の方々が……,はい……そうですの。遊撃士協会の方々が……
78205,mp3010_01,38451,,38443,38039,34965,ch1950070635,blockwise,evo,嗯……是的。是游击士协会的人……,………………………………,………………………………
78206,mp3010_01,38454,,38451,38087,34966,ch1950070636,blockwise,evo,………………………………,かしこまりました。それでは……,かしこまりました。それでは……
78207,mp3010_01,38475,,38454,38105,34967,ch1950070637,blockwise,evo,嗯，我知道了。那好……,お待たせしました。,お待たせしました。
78208,mp3010_01,38477,,38475,38231,34968,ch1950070638,blockwise,evo,久等了。,マードック工房長がお会いになられるそうです。,マードック工房長がお会いになられるそうです。
78209,mp3010_01,38480,,38477,38243,34969,ch1950070639,blockwise,evo,玛多克工房长说可以见面。,お手数ですが、２階にある工房長室をお訪ねください。,お手数ですが、２階にある工房長室をお訪ねください。
78210,mp3010_01,38485,,38480,38261,34970,ch0010070640,blockwise,evo,请前往二楼的工房长室。,よかった。すぐに会ってくれるんだ。,よかった。すぐに会ってくれるんだ。
78211,mp3010_01,38490,,38485,38291,34971,ch0020070641,blockwise,evo,太好了。马上就能见面了。,それじゃあ２階に上がろうか。,それじゃあ２階に上がろうか。
78213,mp3010_01,43167,,43159,38857,35745,ch0010070645,exact,evo,呦，我一直在等你们。你们是艾丝蒂尔和约书亚吧。,あ、はい。初めまして、工房長さん。,あ、はい。初めまして、工房長さん。
78214,mp3010_01,43169,,43167,38905,35746,ch0020070646,normalized,evo,啊，您好。初次见面，工房长先生。,お忙しいところを失礼します。,お忙しいところを　　　　失礼します。
78218,mp3010_01,43191,,43182,38995,35750,ch0010070650,blockwise,evo,他的孩子来了，一定要好好欢迎才行。,えっ！？,えっ！？
78219,mp3010_01,43193,,43191,39049,35751,ch0010070651,blockwise,evo,哎！？,工房長さんって父さんの知り合いなの！？,工房長さんって父さんの知り合いなの！？
78224,mp3010_01,43220,,43214,39187,35756,ch0010070656,blockwise,evo,以前每到实在难以应付的时候，我们就会联络洛连特分部，请他过来帮忙解决。,そ、そうだったんだ……,そ、そうだったんだ……
78225,mp3010_01,43223,,43220,39223,35757,ch0020070657,blockwise,evo,是、是这样啊……,はは、道理でいつも出張が多かったわけだね。,はは、道理でいつも出張が多かったわけだね。
78228,mp3010_01,43240,,43234,39307,35760,ch0010070660,blockwise,evo,务必让我一尽地主之谊哦。,えへへ……ありがと、工房長さん。,えへへ……ありがと、工房長さん。
78229,mp3010_01,43242,,43240,39343,35761,ch0020070661,blockwise,evo,嘿嘿……谢谢，工房长先生。,少し話は長くなりますが……,少し話は長くなりますが……
78230,mp3010_01,43250,39403,43242,39355,,,unmatched,evo,这件事说来话长……,工房長に、黒いオーブメントをめぐるこれまでの経緯を説明した。,
78231,mp3010_01,43259,,43250,39403,35763,ch0550070662,blockwise,evo,艾丝蒂尔他们向工房长详细地说明了迄今为止有关黑色导力器的事情。,なるほど……そんなことがあったのか……,なるほど……そんなことがあったのか……
78232,mp3010_01,43263,,43259,39457,35764,ch0550070663,blockwise,evo,原来如此，竟然有这样的事啊……,そのオーブメントを拝見しても構わないかね？,そのオーブメントを拝見しても構わないかね？
78233,mp3010_01,43267,,43263,39481,35765,ch0010070664,blockwise,evo,不介意的话，可以让我看看那个导力器吗？,うん、もちろんよ。,うん、もちろんよ。
78234,mp3010_01,43295,,43267,39505,35767,ch0550070665,blockwise,evo,嗯，当然可以了。,ううむ……確かに得体の知れない代物だ……,ううむ……確かに得体の知れない代物だ……
78235,mp3010_01,43297,,43295,39673,35768,ch0550070666,blockwise,evo,唔……的确是很奇妙的东西……,明らかに最近造られたものだがどこにもキャリバーが刻まれていない……,明らかに最近造られたものだがどこにもキャリバーが刻まれていない……
78236,mp3010_01,43306,,43297,39685,35769,ch0010070667,blockwise,evo,很明显是最近才制造的，不过奇怪的是……没有刻上序列号啊。,キャリバー？？,キャリバー？？
78237,mp3010_01,43311,,43306,39739,35770,ch0020070668,blockwise,evo,序列号？,オーブメントのフレームに刻まれている形式番号ですか？,オーブメントのフレームに刻まれている形式番号ですか？
78238,mp3010_01,43318,,43311,39769,35771,ch0550070669,blockwise,evo,就是刻在导力器外壳上的生产序号吧。,うん、その通りだ。,うん、その通りだ。
78239,mp3010_01,43320,,43318,39811,35772,ch0550070670,blockwise,evo,嗯，说得没错。,オーブメントには、ほぼ例外なくいつどこで造られたのかを表す形式番号が刻まれている。,オーブメントには、ほぼ例外なくいつどこで造られたのかを表す形式番号が刻まれている。
78240,mp3010_01,43323,,43320,39823,35773,ch0550070671,blockwise,evo,不管是什么样的导力器，都无一例外地刻有表示产地及日期的生产序号。,これは、リベールだけでなく他の大陸諸国でも事情は同じでね。,これは、リベールだけでなく他の大陸諸国でも事情は同じでね。
78241,mp3010_01,43326,,43323,39841,35774,ch0550070672,blockwise,evo,这一点不光是利贝尔，在大陆的其他各国也是一样的。,５０年前に、オーブメントが発明された時からの伝統なのだよ。,５０年前に、オーブメントが発明された時からの伝統なのだよ。
78242,mp3010_01,43333,,43326,39859,35775,ch0010070673,blockwise,evo,这是从五十年前刚发明导力器时就保留下来的传统啊。,へ～、そうだったんだ。,へ〜、そうだったんだ。
78243,mp3010_01,43345,,43333,39901,35777,ch0010070674,blockwise,evo,哦～是这样啊。,……あ、ほんとだ。,……あ、ほんとだ。
78244,mp3010_01,43347,,43345,39973,35778,ch0010070675,blockwise,evo,……啊，真的。,確かに番号が刻まれてるわ。,確かに番号が刻まれてるわ。
78245,mp3010_01,43354,,43347,39985,35779,ch0020070676,blockwise,evo,确实刻着号码。,はあ……今まで気付かなかったのかい？,はあ……今まで気付かなかったのかい？
78246,mp3010_01,43360,,43354,40027,35780,ch0010070677,blockwise,evo,唉……难道你以前都没发觉吗？,う、うっさいわね～。,う、うっさいわね〜。
78247,mp3010_01,43370,,43360,40063,35781,ch0010070678,blockwise,evo,要、要你啰嗦～,でも、形式番号が無いのってそんなに不自然なことなんだ？,でも、形式番号（キャリバー）が無いのってそんなに不自然なことなんだ？
78248,mp3010_01,43376,,43370,40123,35782,ch0550070679,blockwise,evo,不过，没有生产序号有那么奇怪吗？,導力技術者にとってナンバリングをすることは常識とも言えることだからねぇ。,導力技術者にとってナンバリングをすることは常識とも言えることだからねぇ。
78249,mp3010_01,43378,,43376,40159,35783,ch0550070680,blockwise,evo,嗯，没错。对导力技术人员来说，在产品上刻上序号是基本的常识。,試作品だとしてもそれは同じ……,試作品だとしてもそれは同じ……
78250,mp3010_01,43380,,43378,40171,35784,ch0550070681,blockwise,evo,就算是试制品也是一样……,となると、なにか後ろ暗い目的で造られた可能性が高いかもしれない。,となると、なにか後ろ暗い目的で造られた可能性が高いかもしれない。
78251,mp3010_01,43391,,43380,40183,35785,ch0010070682,blockwise,evo,照此看来，制作这个东西的背后很有可能藏有什么隐秘的目的。,後ろ暗い目的……,後ろ暗い目的……
78252,mp3010_01,43398,,43391,40249,35786,ch0550070683,blockwise,evo,隐秘的目的……,まあ、はっきりとしたことは内部を調べないと判らないが……,まあ、はっきりとしたことは内部を調べないと判らないが……
78253,mp3010_01,43406,,43398,40291,35787,ch0550070684,blockwise,evo,唔，更详细的情况不调查其内部是弄不清楚的……,…………………………………,…………………………………
78254,mp3010_01,43408,,43406,40339,35788,ch0020070685,blockwise,evo,…………………………………,どうしたんですか？,どうしたんですか？
78255,mp3010_01,43416,,43408,40351,35789,ch0550070686,blockwise,evo,怎么了？,まいったな……調整用のフタが見当たらない。,まいったな……調整用のフタが見当たらない。
78256,mp3010_01,43418,,43416,40399,35790,ch0550070687,blockwise,evo,奇怪了……找不到可以打开的地方。,よく見たら継ぎ目もないし……どうやって組み立てたんだろう？,よく見たら継ぎ目もないし……どうやって組み立てたんだろう？
78257,mp3010_01,43421,,43418,40411,35791,ch0550070688,blockwise,evo,仔细看连接缝都没有……到底是怎么组装起来的呢？,うーん、このままだと中を調べるのすら難しそうだな。,うーん、このままだと中を調べるのすら難しそうだな。
78258,mp3010_01,43429,,43421,40429,35792,ch0010070689,blockwise,evo,唔……这样的话很难调查里面啊。,え～、そんなぁ……,え〜、そんなぁ……
78259,mp3010_01,43433,,43429,40477,35793,ch0010070690,blockwise,evo,哎～怎么会……,あ、だったら外側のフレームを切断すればいいんじゃない？,あ、だったら外側のフレームを切断すればいいんじゃない？
78260,mp3010_01,43439,,43433,40501,35794,ch0550070691,blockwise,evo,啊，要不这样吧。把导力器的外壳切开不就好了？,まあ、確かにそうするのが手っ取り早いかもしれないが……,まあ、確かにそうするのが手っ取り早いかもしれないが……
78261,mp3010_01,43442,,43439,40537,35795,ch0550070692,blockwise,evo,唔……这样的确是最简单方便的做法。,でも、カシウスさんあてに届いたものを勝手に傷つけるのはちょっと気が引けるなあ。,でも、カシウスさんあてに届いたものを勝手に傷つけるのはちょっと気が引けるなあ。
78262,mp3010_01,43454,,43442,40555,35796,ch0010070693,blockwise,evo,但这是指名送给卡西乌斯先生的东西，随便破坏的话还是有点说不过去。,そ、そっか……,そ、そっか……
78263,mp3010_01,43457,,43454,40627,35797,ch0020070694,blockwise,evo,这、这倒也是……,…………………………,…………………………
78264,mp3010_01,43460,,43457,40645,35798,ch0020070695,blockwise,evo,…………………………,例の博士にだったら任せられると思うんだけど……,例の博士にだったら任せられると思うんだけど……
78265,mp3010_01,43467,,43460,40663,35799,ch0010070696,blockwise,evo,如果那位博士在的话，我想我们也许可以拜托他……,あ……同封されていたメモの……,あ……同封されていたメモの……
78266,mp3010_01,43470,,43467,40705,35800,ch0010070697,blockwise,evo,啊……一起寄来的便条……,確かに、その博士だったら任せちゃってもいいかもね。,確かに、その博士だったら任せちゃってもいいかもね。
78267,mp3010_01,43478,,43470,40723,35801,ch0550070698,blockwise,evo,的确，如果那位博士在，说不定会有办法。,？？？,？？？
78268,mp3010_01,43481,,43478,40771,35802,ch0010070699,blockwise,evo,？？？,実は、そのオーブメントと一緒にこんなメモが入ってたんだけど……,実は、そのオーブメントと一緒にこんなメモが入ってたんだけど……
78269,mp3010_01,43488,40831,43481,40789,,,unmatched,evo,其实，和那个导力器一起送来的还有这张便条……,カシウス宛の小包に同封されていたメモを見せた。,
78270,mp3010_01,43503,,43488,40831,35804,ch0550070700,blockwise,evo,艾丝蒂尔把寄给卡西乌斯的包裹里的便条交给工房长。,『Ｒ博士に調査を依頼……』,『Ｒ博士に調査を依頼……』
78271,mp3010_01,43509,,43503,40921,35805,ch0020070701,blockwise,evo,“委托Ｒ博士调查”……,そのＲ博士という方に心当たりはありませんか？,そのＲ博士という方に心当たりはありませんか？
78272,mp3010_01,43517,,43509,40957,35806,ch0550070702,blockwise,evo,关于那个Ｒ博士，您能想到什么人吗？,心当たりがあるもなにも……,心当たりがあるもなにも……
78273,mp3010_01,43519,,43517,41005,35807,ch0550070703,blockwise,evo,这个嘛……,頭文字がＲで、カシウスさんの知り合いといったら『ラッセル博士』に間違いないだろう。,頭文字がＲで、カシウスさんの知り合いといったら『ラッセル博士』に間違いないだろう。
78274,mp3010_01,43526,,43519,41017,35808,ch0020070704,blockwise,evo,首位字母是Ｒ，又是卡西乌斯先生认识的人，那就一定是“拉赛尔博士”了。,やっぱりそうですか……,やっぱりそうですか……
78275,mp3010_01,43529,,43526,41059,35809,ch0010070705,blockwise,evo,果然是他啊……,ラッセル博士？,ラッセル博士？
78276,mp3010_01,43533,,43529,41077,35810,ch0010070706,blockwise,evo,拉赛尔博士？,ていうか……ヨシュアの知り合いなの？,ていうか……ヨシュアの知り合いなの？
78277,mp3010_01,43539,,43533,41101,35811,ch0020070707,blockwise,evo,哎……你也认识？,いや、面識はないけどね。,いや、面識はないけどね。
78278,mp3010_01,43541,,43539,41137,35812,ch0020070708,blockwise,evo,不，我没见过他。,オーブメント技術をリベールにもたらした人物として有名なんだ。,オーブメント技術をリベールにもたらした人物として有名なんだ。
78279,mp3010_01,43549,,43541,41149,35813,ch0550070709,blockwise,evo,但他是将导力技术带到利贝尔王国的名人。,ほう、よく知っているね。,ほう、よく知っているね。
78280,mp3010_01,43560,,43549,41197,35814,ch0550070710,blockwise,evo,哦，你也知道啊。,オーブメントを発明したのはエプスタイン博士という人だが……,オーブメントを発明したのはエプスタイン博士という人だが……
78281,mp3010_01,43562,,43560,41263,35815,ch0550070711,blockwise,evo,导力器的发明者是一位名叫爱普斯泰恩的博士……,ラッセル博士はそのエプスタイン博士の直弟子の１人にあたるんだ。,ラッセル博士はそのエプスタイン博士の直弟子の１人にあたるんだ。
78282,mp3010_01,43564,,43562,41275,35816,ch0550070712,blockwise,evo,而拉赛尔博士就是那位爱普斯泰恩博士的嫡传弟子的其中一个。,４０年前、彼が持ち帰ったオーブメント技術のおかげでリベールは技術先進国となった。,４０年前、彼が持ち帰ったオーブメント技術のおかげでリベールは技術先進国となった。
78283,mp3010_01,43571,,43564,41287,35817,ch0550070713,blockwise,evo,４０年前，多亏他带回了导力器技术，才让利贝尔成为了先进的导力技术王国。,言わば、リベールにおける導力革命の父と言えるだろう。,言わば、リベールにおける導力革命の父と言えるだろう。
78284,mp3010_01,43577,,43571,41329,35818,ch0010070714,blockwise,evo,因此，他可以称得上是利贝尔的“导力革命之父”。,ほええ……そんな凄い人がいるんだ。,ほええ……そんな凄い人がいるんだ。
78285,mp3010_01,43580,,43577,41365,35819,ch0010070715,blockwise,evo,哎哎……是那么厉害的人啊。,父さんってば、つくづく意外な人脈を持ってるわねぇ。,父さんってば、つくづく意外な人脈を持ってるわねぇ。
78286,mp3010_01,43588,,43580,41383,35820,ch0550070716,blockwise,evo,老爸这家伙，竟然有这么了不起的人际关系。,しかし、そのオーブメントを博士に任せるのは少し心配だな。,しかし、そのオーブメントを博士に任せるのは少し心配だな。
78287,mp3010_01,43590,,43588,41431,35821,ch0550070717,blockwise,evo,但是，要把这个导力器交给博士……真是让人有点担心啊。,どんな事になってしまうやら……,どんな事になってしまうやら……
78288,mp3010_01,43597,,43590,41443,35822,ch0010070718,blockwise,evo,不知道会发生什么样的事……,へ？,へ？
78289,mp3010_01,43605,,43597,41485,35823,ch0550070719,blockwise,evo,哎？,なんと言うか……よくも悪くも天才肌の人でね。,なんと言うか……よくも悪くも天才肌の人でね。
78290,mp3010_01,43607,,43605,41533,35824,ch0550070720,blockwise,evo,怎么说呢……他是个在好坏各方面都算得上天才的人。,一度、研究心に火がつくと色々なことを起こしてくれるんだ。,一度、研究心に火がつくと色々なことを起こしてくれるんだ。
78291,mp3010_01,43615,,43607,41545,35825,ch0550070721,blockwise,evo,一旦燃起了研究之心，就会经常引起各种各样的事。,そうだ……初めて導力飛行船を開発した時も……,そうだ……初めて導力飛行船を開発した時も……
78292,mp3010_01,43622,,43615,41593,35826,ch0550070722,blockwise,evo,对了，导力飞行船刚开发出来的时候也是……,…………ふう…………,…………ふう…………
78293,mp3010_01,43629,,43622,41635,35827,ch0010070723,blockwise,evo,…………呼…………,（な、なんか遠い目してる……）,（な、なんか遠い目してる……）
78294,mp3010_01,43632,,43629,41677,35828,ch0020070724,blockwise,evo,（为、为什么在眺望远方……）,（色々とあったみたいだね……）,（色々とあったみたいだね……）
78295,mp3010_01,43639,,43632,41695,35829,ch0550070725,blockwise,evo,（看来以前发生过很多事……）,……コホン、これは失礼。,……コホン、これは失礼。
78296,mp3010_01,43644,,43639,41737,35830,ch0550070726,blockwise,evo,……咳咳，失礼了。,まあ、たしかに博士ならそのオーブメントの正体を必ずや突き止めてくれるだろう。,まあ、たしかに博士ならそのオーブメントの正体を必ずや突き止めてくれるだろう。
78297,mp3010_01,43647,,43644,41767,35831,ch0550070727,blockwise,evo,总之，如果是博士的话，我想他应该能帮你们查清这个黑色导力器的真面目。,紹介するから相談してみるといい。,紹介するから相談してみるといい。
78298,mp3010_01,43654,,43647,41785,35832,ch0010070728,blockwise,evo,我帮你们引见一下，和他商量看看吧。,ありがと、工房長さん！,ありがと、工房長さん！
78299,mp3010_01,43656,,43654,41827,35833,ch0020070729,blockwise,evo,谢谢，工房长先生！,どちらに行けば博士にお会いできますか？,どちらに行けば博士にお会いできますか？
78300,mp3010_01,43658,,43656,41839,35834,ch0550070730,blockwise,evo,那我们到哪里才能见到拉赛尔博士呢？,そうだな……ちょっと待ってくれたまえ。,そうだな……ちょっと待ってくれたまえ。
78301,mp3010_01,43688,,43658,41851,35836,ch0550070731,blockwise,evo,这个啊……你们稍微等一下。,もしもし……おお、ちょうど良かった。,もしもし……おお、ちょうど良かった。
78302,mp3010_01,43690,,43688,42031,35837,ch0550070732,blockwise,evo,喂喂……哦，正好。,実は君のことを捜していてね。,実は君のことを捜していてね。
78303,mp3010_01,43692,,43690,42043,35838,ch0550070733,blockwise,evo,其实我正要找你呢。,すまないがこちらに来てもらえないかな？,すまないがこちらに来てもらえないかな？
78304,mp3010_01,43695,,43692,42055,35839,ch0550070734,blockwise,evo,不好意思，能到我这里来一下吗？,うん、うん、待っているよ。,うん、うん、待っているよ。
78305,mp3010_01,43713,,43695,42073,35840,ch0010070735,blockwise,evo,嗯、嗯，我等着。,ひょっとして、そのラッセル博士を呼んだの？,ひょっとして、そのラッセル博士を呼んだの？
78306,mp3010_01,43717,,43713,42181,35841,ch0550070736,blockwise,evo,难道说，刚才是和那位拉赛尔博士通话吗？,いやいや、とんでもない。,いやいや、とんでもない。
78307,mp3010_01,43719,,43717,42205,35842,ch0550070737,blockwise,evo,不不，当然不是。,実は、ラッセル博士は町に個人工房を持っていてね。,実は、ラッセル博士は町に個人工房を持っていてね。
78308,mp3010_01,43722,,43719,42217,35843,ch0550070738,blockwise,evo,其实，博士在城市里有自己的工房。,最新式の設備が揃っているから普段はそちらで研究をしてるんだ。,最新式の設備が揃っているから普段はそちらで研究をしてるんだ。
78309,mp3010_01,43728,,43722,42235,35844,ch0010070739,blockwise,evo,那里全是最新式的设备，所以他一般都在那里做研究。,へ～。さすが天才博士って感じね。,へ〜。さすが天才博士って感じね。
78310,mp3010_01,43730,,43728,42271,35845,ch0010070740,blockwise,evo,哦～真不愧是位天才博士啊。,……あれ。それじゃあ、いま呼んだのは？,……あれ。それじゃあ、いま呼んだのは？
78311,mp3010_01,43736,,43730,42283,35846,ch0550070741,blockwise,evo,……咦？那么，刚才是和谁通话啊？,うん、そのラッセル博士のお孫さんがここで働いているんだ。,うん、そのラッセル博士のお孫さんがここで働いているんだ。
78312,mp3010_01,43738,,43736,42319,35847,ch0550070742,blockwise,evo,啊，其实拉赛尔博士的外孙女也在中央工房工作哦。,その子に君たちのことを案内してもらおうと思ってね。,その子に君たちのことを案内してもらおうと思ってね。
78313,mp3010_01,43744,,43738,42331,35848,ch0010070743,blockwise,evo,所以嘛，我想拜托那孩子为你们带路。,その“子”？,その“子”？
78331,mp3010_01,44506,,43862,43075,35292,ch0010070761,blockwise,evo,那我们就告辞了。,やー、ティータちゃんが来るとは思わなかったわ。,やー、ティータちゃんが来るとは思わなかったわ。
78332,mp3010_01,44509,,44506,44092,35293,ch0010070762,blockwise,evo,哎呀～真没想到来的会是缇妲。,しかも、有名な博士のお孫さんだったなんてね。,しかも、有名な博士のお孫さんだったなんてね。
78333,mp3010_01,44511,,44509,44110,35294,ch0020070763,blockwise,evo,而且你竟然还是大名鼎鼎的博士的外孙女，真是让我吃了一惊。,どうりでオーブメントの扱いにも慣れているわけだ。,どうりでオーブメントの扱いにも慣れているわけだ。
78334,mp3010_01,44520,,44511,44122,35295,ch0070070764,blockwise,evo,难怪有那么熟练的导力器操作技术。,え、えへへ……そんなことないですよー。,え、えへへ……そんなことないですよー。
78335,mp3010_01,44524,,44520,44176,35296,ch0070070765,blockwise,evo,嘿、嘿嘿…… 其实也没什么啦。,おじいちゃんはともかくわたしはただの見習いですから。,おじいちゃんはともかくわたしはただの見習いですから。
78336,mp3010_01,44526,,44524,44200,35297,ch0070070766,blockwise,evo,虽然外公很厉害，但我现在只是个实习生而已。,あ、そういえば……,あ、そういえば……
78337,mp3010_01,44530,,44526,44212,35298,ch0070070767,blockwise,evo,啊，对了……,おじいちゃんに相談って遊撃士のお仕事と関係が？,おじいちゃんに相談って遊撃士のお仕事と関係が？
78338,mp3010_01,44537,,44530,44236,35299,ch0010070768,blockwise,evo,你们要找外公谈的事情和游击士的工作有关系吗？,うーん……ま、半々ってところかな。,うーん……ま、半々ってところかな。
78339,mp3010_01,44540,,44537,44278,35300,ch0010070769,blockwise,evo,嗯……算是有一半关系吧。,これがまたフクザツ怪奇な事情でね～。,これがまたフクザツ怪奇な事情でね〜。
78340,mp3010_01,44543,,44540,44296,35301,ch0020070770,blockwise,evo,总之，就是一些复杂离奇的事情……,詳しい話は、おじいさんに会った時にさせてもらうよ。,詳しい話は、おじいさんに会った時にさせてもらうよ。
78341,mp3010_01,44553,,44543,44314,35302,ch0070070771,blockwise,evo,详细情况还是等见到你外公之后再说吧。,あ、はい、わかりました。,あ、はい、わかりました。
78342,mp3010_01,44556,,44553,44374,35303,ch0070070772,blockwise,evo,啊，好的，我明白了。,えと、わたしの家は街の南西の方にあるんです。,えと、わたしの家は街の南西の方にあるんです。
78343,mp3010_01,44559,,44556,44392,35304,ch0070070773,blockwise,evo,那个……我家就在城市的西南边。,エスカレーターを降りてまっすぐ歩けば南口があって……,エスカレーターを降りてまっすぐ歩けば南口があって……
78344,mp3010_01,44561,,44559,44410,35305,ch0070070774,blockwise,evo,下了手扶梯之后，一直向前走……,そこで西に曲がれば到着です。,そこで西に曲がれば到着です。
78345,mp3010_01,44564,,44561,44422,35306,ch0010070775,blockwise,evo,到了南口后，再向西拐就到了。,わかったわ。それじゃ、早速行きましょ。,わかったわ。それじゃ、早速行きましょ。
78346,mp3010_01,48169,,44564,44440,36422,ch0540071212,blockwise,evo,明白了，那我们就赶快出发吧。,ええい！　また失敗かっ！,ええい！　また失敗かっ！
78347,mp3010_01,48199,,48169,44889,36423,ch0070071213,blockwise,evo,唉！又失败了！,おじいちゃん。お手伝いに来たよ。,おじいちゃん。お手伝いに来たよ。
78348,mp3010_01,48207,,48199,45069,36424,ch0540071214,blockwise,evo,外公，我们来帮忙了。,おお、ティータ。,おお、ティータ。
78349,mp3010_01,48216,,48207,45117,36425,ch0540071215,blockwise,evo,哦，缇妲。,おや……お前さんたちも来たのか。,おや……お前さんたちも来たのか。
78350,mp3010_01,48226,,48216,45171,36426,ch0010071216,blockwise,evo,哦……你们也来了啊。,えへへ……やっぱり気になっちゃって。,えへへ……やっぱり気になっちゃって。
78351,mp3010_01,48228,,48226,45231,36427,ch0010071217,blockwise,evo,嘿嘿～我们也很在意嘛。,で、いったい何してるの？,で、いったい何してるの？
78352,mp3010_01,48238,,48228,45243,36428,ch0540071218,blockwise,evo,哎，这是在做什么？,見ての通り、工作機械を使って《黒の導力器》のフレームを切断しようとしているんじゃが……,見ての通り、工作機械を使って《黒の導力器》のフレームを切断しようとしているんじゃが……
78353,mp3010_01,48243,,48238,45303,36429,ch0540071219,blockwise,evo,如你们所见，我正在尝试用工作机器把《黑色导力器》的外壳切开……,これがなかなか上手く行かなくてな。,これがなかなか上手く行かなくてな。
78354,mp3010_01,48253,,48243,45333,36430,ch0020071220,blockwise,evo,但是并不顺利。,どういうことですか？,どういうことですか？
78355,mp3010_01,48261,,48253,45393,36431,ch0540071221,blockwise,evo,怎么回事？,百聞は一見に如かずじゃ。,百聞は一見に如かずじゃ。
78356,mp3010_01,48267,,48261,45441,36432,ch0540071222,blockwise,evo,百闻不如一见。,……ポチッとな。,……ポチッとな。
78357,mp3010_01,48294,,48267,55163,36433,ch0010071223,blockwise,evo,……我按。,わっ……なにこれ！？,わっ……なにこれ！？
78358,mp3010_01,48304,,48294,45639,36434,ch0070071224,blockwise,evo,哇……这是什么！？,工作用の丸ノコです。,工作用の丸ノコです。
78359,mp3010_01,48309,,48304,45699,36435,ch0070071225,blockwise,evo,工作用的圆盘锯。,特殊合金製で、大抵のものは切断できちゃうんですけど……,特殊合金製で、大抵のものは切断できちゃうんですけど……
78360,mp3010_01,48312,,48309,45729,36436,ch0010071226,blockwise,evo,由特殊合金制成的，能切断绝大部分材料……,へえ、これなら……,へえ、これなら……
78361,mp3010_01,48359,,48312,45747,36437,ch0010071227,blockwise,evo,哦，只要用这个……,と、止まっちゃった……,と、止まっちゃった……
78362,mp3010_01,48362,,48359,46029,36438,ch0070071228,blockwise,evo,停、停下来了……,やっぱり……,やっぱり……
78363,mp3010_01,48367,,48362,46047,36439,ch0020071229,blockwise,evo,果然……,小規模だけど、昨日と同じ現象ですね。,小規模だけど、昨日と同じ現象ですね。
78364,mp3010_01,48378,,48367,46077,36440,ch0540071230,blockwise,evo,虽然规模较小，但和昨天的现象相同。,どうやら、この黒いヤツは干渉しようとするオーブメントの機能を停止させてしまうらしい。,どうやら、この黒いヤツは干渉しようとするオーブメントの機能を停止させてしまうらしい。
78365,mp3010_01,48382,,48378,46143,36441,ch0540071231,blockwise,evo,看样子，这个黑色的东西能让对其进行干涉的导力器完全失去机能。,単に照明を消すだけには留まらなかったみたいじゃな。,単に照明を消すだけには留まらなかったみたいじゃな。
78366,mp3010_01,48388,,48382,46167,36442,ch0010071232,blockwise,evo,其效果不仅是熄灭照明设备。,そ、そうなんだ……,そ、そうなんだ……
78367,mp3010_01,48391,,48388,46203,36443,ch0070071233,blockwise,evo,是、是这样啊……,でも、おじいちゃん。,でも、おじいちゃん。
78368,mp3010_01,48394,,48391,47175,36444,ch0070071234,blockwise,evo,但是，外公。,夕べみたいにまわりに広がったりしないの？,夕べみたいにまわりに広がったりしないの？
78369,mp3010_01,48402,,48394,46239,36445,ch0540071235,blockwise,evo,为什么没有像昨晚那样，影响到很大范围呢？,うむ、いいことに気付いたな。,うむ、いいことに気付いたな。
78370,mp3010_01,48404,,48402,46287,36446,ch0540071236,blockwise,evo,嗯，着眼点很不错。,どうやら、この停止現象は周囲で稼働中のオーブメントに連鎖して広がっていくものらしい。,どうやら、この停止現象は周囲で稼働中のオーブメントに連鎖して広がっていくものらしい。
78371,mp3010_01,48413,,48404,46299,36447,ch0540071237,blockwise,evo,看样子，这种停止现象会通过在附近运转的导力器而产生连锁反应。,有効範囲は、およそ５アージュ。,有効範囲は、およそ５アージュ。
78372,mp3010_01,48415,,48413,46353,36448,ch0540071238,blockwise,evo,有效范围大约５亚矩。,逆に言ってしまえば、範囲内に稼働中のものがなければそれ以上は広がらんというわけじゃ。,逆に言ってしまえば、範囲内に稼働中のものがなければそれ以上は広がらんというわけじゃ。
78373,mp3010_01,48421,,48415,46365,36449,ch0020071239,blockwise,evo,反过来说，如果范围内没有运转中的导力器，这种现象就无法继续扩大了。,なるほど……そんな法則があったんですか。,なるほど……そんな法則があったんですか。
78374,mp3010_01,48425,,48421,46401,36450,ch0540071240,blockwise,evo,原来如此……还有这样的定律啊。,じゃが、それが判ったところで肝心かなめの機械を止められては中を調べることはできん……,じゃが、それが判ったところで肝心かなめの機械を止められては中を調べることはできん……
78375,mp3010_01,48428,,48425,46425,36451,ch0540071241,blockwise,evo,不过，虽说发现了这一点，但机器不能运转，就还是无法调查其内部……,これは困ったことになったのう。,これは困ったことになったのう。
78376,mp3010_01,48436,,48428,46443,36452,ch0010071242,blockwise,evo,这可麻烦了。,なんとか人間の力で切断することはできないの？,なんとか人間の力で切断することはできないの？
78377,mp3010_01,48441,,48436,46491,36453,ch0010071243,blockwise,evo,不能想办法用人力切开它吗？,気合いと根性で、とかさ。,気合いと根性で、とかさ。
78378,mp3010_01,48449,,48441,46521,36454,ch0020071244,blockwise,evo,比如说，靠气势或毅力什么的。,無茶だよ、エステル。,無茶だよ、エステル。
78379,mp3010_01,48452,,48449,46569,36455,ch0020071245,blockwise,evo,那是不可能的，艾丝蒂尔。,特殊合金製のカッターでも傷付けられなかっただろう？,特殊合金製のカッターでも傷付けられなかっただろう？
78380,mp3010_01,48455,,48452,46587,36456,ch0010071246,blockwise,evo,连特殊合金制的小刀都无法划伤它啊。,あ、そっか……,あ、そっか……
78381,mp3010_01,48466,,48455,46605,36457,ch0010071247,blockwise,evo,啊，也是……,うーん、だったら火を使えば？,うーん、だったら火を使えば？
78382,mp3010_01,48468,,48466,46671,36458,ch0010071248,blockwise,evo,嗯～那么，用火呢？,溶鉱炉に入れて溶かしちゃうとか。,溶鉱炉に入れて溶かしちゃうとか。
78383,mp3010_01,48470,,48468,46683,36459,ch0070071249,blockwise,evo,放进熔铁炉里熔掉怎么样？,そ、そんなことをしたら中もタダじゃ済みませんよぅ。,そ、そんなことをしたら中もタダじゃ済みませんよぅ。
78384,mp3010_01,48473,,48470,46695,36460,ch0010071250,blockwise,evo,如、如果那样做，内部的零件也会坏掉的。,やっぱダメかぁ……,やっぱダメかぁ……
78385,mp3010_01,48480,,48473,46713,36461,ch0540071251,blockwise,evo,果然不行啊……,…………………………,…………………………
78386,mp3010_01,48483,,48480,46755,36462,ch0540071252,blockwise,evo,…………………………,いや、イケるかもしれんぞ。,いや、イケるかもしれんぞ。
78387,mp3010_01,48495,,48483,46773,36463,ch0010071253,blockwise,evo,不，也许行得通。,ええっ！？,ええっ！？
78388,mp3010_01,48497,,48495,46845,36464,ch0020071254,blockwise,evo,哎！？,高温で溶かす方法ですか？,高温で溶かす方法ですか？
78389,mp3010_01,48504,,48497,46857,36465,ch0540071255,blockwise,evo,用高温熔化的方法吗？,いや、そうではない。,いや、そうではない。
78390,mp3010_01,48506,,48504,46899,36466,ch0540071256,blockwise,evo,不，并不是。,ようは導力──オーブメント機構で作動する機械を使うから問題なんじゃ。,ようは導力──オーブメント機構で作動する機械を使うから問題なんじゃ。
78391,mp3010_01,48509,,48506,46911,36467,ch0540071257,blockwise,evo,简要而言，之所以会出现这种问题，完全是因为我们在用导力装置驱动设备。,工作機械を、導力以外で動くようにしてしまえばいい。,工作機械を、導力以外で動くようにしてしまえばいい。
78392,mp3010_01,48518,,48509,46929,36468,ch0010071258,blockwise,evo,只要用导力之外的能量来驱动工作设备就没问题了。,機械を導力以外で動かせるようにする……？,機械を導力以外で動かせるようにする……？
78393,mp3010_01,48520,,48518,46983,36469,ch0020071259,blockwise,evo,用导力之外的能量来驱动……？,そんな方法があるんですか？,そんな方法があるんですか？
78394,mp3010_01,48531,,48520,46995,36470,ch0540071260,blockwise,evo,有这样的方法吗？,『内燃機関』といってな……,『内燃機関』といってな……
78395,mp3010_01,48533,,48531,47061,36471,ch0540071261,blockwise,evo,所谓的“内燃引擎”……,火を燃やしてエネルギーを生成する仕組みがあるのじゃ。,火を燃やしてエネルギーを生成する仕組みがあるのじゃ。
78396,mp3010_01,48535,,48533,47073,36472,ch0540071262,blockwise,evo,就是利用火焰燃烧所产生的能量来驱动的装置。,アイデア自体は昔からあるが導力機関よりも効率が悪くてな。,アイデア自体は昔からあるが導力機関よりも効率が悪くてな。
78397,mp3010_01,48539,,48535,47085,36473,ch0540071263,blockwise,evo,这项发明的历史很悠久，效率比导力引擎低。,ただ、工作機械くらいなら簡単に動かすことができるぞ。,ただ、工作機械くらいなら簡単に動かすことができるぞ。
78398,mp3010_01,48546,,48539,47109,36474,ch0010071264,blockwise,evo,不过，驱动工作设备这种小事还是没问题的。,そんなものがあるんだ……,そんなものがあるんだ……
78399,mp3010_01,48548,,48546,47151,36475,ch0020071265,blockwise,evo,还有那样的东西啊……,なるほど……それで『火』なんですね。,なるほど……それで『火』なんですね。
78400,mp3010_01,48550,,48548,47163,36476,ch0070071266,blockwise,evo,原来如此，就是用“火”啊。,でも、おじいちゃん。,でも、おじいちゃん。
78401,mp3010_01,48554,,48550,47175,36477,ch0070071267,blockwise,evo,但是，外公。,内燃機関のユニットなんてわたし、見たことないけど……,内燃機関のユニットなんてわたし、見たことないけど……
78402,mp3010_01,48563,,48554,47199,36478,ch0540071268,blockwise,evo,我从来没见过内燃引擎组件……,たしか、中央工房のどこかに研究用のものがあったはずじゃ。,たしか、中央工房のどこかに研究用のものがあったはずじゃ。
78403,mp3010_01,48566,,48563,47253,36479,ch0540071269,blockwise,evo,中央工房的某个地方好像还保存着用于研究的设备。,おっと、それから燃料を調達する必要があるな。,おっと、それから燃料を調達する必要があるな。
78404,mp3010_01,48573,,48566,47271,36480,ch0010071270,blockwise,evo,哦，对了，还要有燃料。,燃料って……油のこと？,燃料って……油のこと？
78405,mp3010_01,48576,,48573,47313,36481,ch0540071271,blockwise,evo,燃料……是油吗？,いや、『ガソリン』という燃焼力の高いものが必要じゃ。,いや、『ガソリン』という燃焼力の高いものが必要じゃ。
78406,mp3010_01,48579,,48576,47331,36482,ch0540071272,blockwise,evo,嗯，而且必须要用一种名为“汽油”的强力燃料。,溶剤としても使うからわりと備蓄があったはずじゃ。,溶剤としても使うからわりと備蓄があったはずじゃ。
78407,mp3010_01,48581,,48579,47349,36483,ch0540071273,blockwise,evo,这种东西曾作为溶剂使用过，工房内应该还有存货。,うむ……なんとかイケそうじゃの。,うむ……なんとかイケそうじゃの。
78408,mp3010_01,48585,,48581,47361,36484,ch0540071274,blockwise,evo,唔……似乎行得通。,よし、さっそく工作機械を改造してみるか！,よし、さっそく工作機械を改造してみるか！
78409,mp3010_01,48591,,48585,47385,36485,ch0070071275,blockwise,evo,好，那我这就开始改造工作设备！,あ、わたしも手伝うよ。,あ、わたしも手伝うよ。
78410,mp3010_01,48594,,48591,47421,36486,ch0010071276,blockwise,evo,啊，我也来帮忙。,あたしたちも何か手伝えることないかな？,あたしたちも何か手伝えることないかな？
78411,mp3010_01,48596,,48594,47439,36487,ch0010071277,blockwise,evo,请问，有我们能帮上忙的地方吗？,ティータちゃんみたいに専門的なことは無理だけど……,ティータちゃんみたいに専門的なことは無理だけど……
78412,mp3010_01,48602,,48596,47451,36488,ch0540071278,blockwise,evo,虽然不能像缇妲一样处理专业的工作……,だったら、その内燃機関とガソリンを取ってきてくれんか？,だったら、その内燃機関とガソリンを取ってきてくれんか？
78413,mp3010_01,48604,,48602,47487,36489,ch0540071279,blockwise,evo,那么，你们就帮我把内燃引擎和汽油取来吧。,少々重いが、遊撃士の体力ならばなんとか運べるじゃろう。,少々重いが、遊撃士の体力ならばなんとか運べるじゃろう。
78414,mp3010_01,48611,,48604,47499,36490,ch0010071280,blockwise,evo,可能有点重，但以游击士的能力来说，应该可以搬得动。,オッケー、任せて！,オッケー、任せて！
78415,mp3010_01,48614,,48611,47541,36491,ch0020071281,blockwise,evo,好，交给我们吧！,内燃機関とガソリンですね。,内燃機関とガソリンですね。
78416,mp3010_01,48617,,48614,47559,36492,ch0020071282,blockwise,evo,内燃引擎和汽油，没错吧？,どこに置いてあるんですか？,どこに置いてあるんですか？
78417,mp3010_01,48624,,48617,47577,36493,ch0540071283,blockwise,evo,它们在什么地方呢？,んー？,んー？
78418,mp3010_01,48627,,48624,47619,36494,ch0540071284,blockwise,evo,嗯？,…………………………,…………………………
78419,mp3010_01,48631,,48627,47637,36495,ch0540071285,blockwise,evo,…………………………,……はて…………,……はて…………
78420,mp3010_01,48640,,48631,47661,36496,ch0020071286,blockwise,evo,…………哎呀…………,まさか、どこにあるのか忘れてしまったんじゃ……？,まさか、どこにあるのか忘れてしまったんじゃ……？
78421,mp3010_01,48643,,48640,47715,36497,ch0540071287,blockwise,evo,您该不会是忘了吧……？,うん、忘れた。,うん、忘れた。
78422,mp3010_01,48647,,48643,47733,36498,ch0010071288,blockwise,evo,嗯，忘了。,あっさり言わないでよ～。,あっさり言わないでよ〜。
78423,mp3010_01,48658,,48647,47757,36499,ch0070071289,blockwise,evo,回答得好干脆～,あ、あの、エステルさん。,あ、あの、エステルさん。
78424,mp3010_01,48663,,48658,47823,36500,ch0070071290,blockwise,evo,那、那个，艾丝蒂尔小姐。,たぶん、演算室だったらどこにあるか分かると思います。,たぶん、演算室だったらどこにあるか分かると思います。
78425,mp3010_01,48665,,48663,47853,36501,ch0010071291,blockwise,evo,应该可以在演算室查到存放地点。,演算室？,演算室？
78426,mp3010_01,48667,,48665,47865,36502,ch0070071292,blockwise,evo,演算室？,５階にある部屋で導力演算器があるんです。,５階にある部屋で導力演算器があるんです。
78427,mp3010_01,48670,,48667,47877,36503,ch0070071293,blockwise,evo,五楼有个房间里放着一台导力演算器。,中央工房に関する情報がぜんぶ記録されているから保管場所もわかると思います。,中央工房に関する情報がぜんぶ記録されているから保管場所もわかると思います。
78428,mp3010_01,48679,,48670,47895,36504,ch0020071294,blockwise,evo,有关中央工房的各类信息都记录在那台机器里，其中应该包括各种设备的存放场所。,すごいな。そんな場所があるんだ……,すごいな。そんな場所があるんだ……
78429,mp3010_01,48686,,48679,47949,36505,ch0540071295,blockwise,evo,好厉害，竟然还有那种地方……,てなわけで、よろしく頼むぞ。,てなわけで、よろしく頼むぞ。
78430,mp3010_01,48691,,48686,47991,36506,ch0010071296,blockwise,evo,就是这样，拜托你们了。,まったくもう……,まったくもう……
78431,mp3010_01,48699,,48691,48021,36507,ch0010071297,blockwise,evo,真是的……,まあいいや、とりあえずその演算室って所に行きますか。,まあいいや、とりあえずその演算室って所に行きますか。
78432,mp3010_01,48703,,48699,48069,36508,ch0020071298,blockwise,evo,算了，总之，先去演算室吧。,うん、５階だったね。,うん、５階だったね。
78433,mp3010_01,50687,,48703,48093,37545,ch0010071303,normalized,evo,嗯，在五楼。,うわ～、何か凄そうな部屋ねぇ。,うわ〜、何か凄そうな部屋ねぇ。
78434,mp3010_01,50690,,50687,49003,37546,ch0020071304,blockwise,evo,呜哇～这个房间好像很厉害啊。,どうやらここが演算室で間違いなさそうだね。,どうやらここが演算室で間違いなさそうだね。
78435,mp3010_01,50708,,50690,49021,37547,ch1960071305,blockwise,evo,看来这里应该就是演算室了。,おや、君たちは……,おや、君たちは……
78436,mp3010_01,50722,,50708,49129,37548,ch1960071306,blockwise,evo,啊，你们…………,見かけない顔だけど演算室に何か用かい？,見かけない顔だけど演算室に何か用かい？
78437,mp3010_01,50727,,50722,49213,37549,ch1960071307,blockwise,evo,没见过你们啊，到演算室来有什么事吗？,私は、ここの技術主任のトランスという者だ。,私は、ここの技術主任のトランスという者だ。
78438,mp3010_01,50735,,50727,49243,37550,ch0020071308,blockwise,evo,我是这里的技术主任特莱斯。,初めまして、遊撃士協会の者です。,初めまして、遊撃士協会の者です。
78439,mp3010_01,50739,,50735,49291,37551,ch0010071309,blockwise,evo,初次见面，我们是游击士协会的人。,実は、ラッセル博士の頼みで調べものに来たんだけど……,実は、ラッセル博士の頼みで調べものに来たんだけど……
78440,mp3010_01,50742,,50739,49315,37552,ch1960071310,blockwise,evo,其实我们是受拉赛尔博士委托来调查东西的……,ラ、ラッセル博士の！？,ラ、ラッセル博士の！？
78441,mp3010_01,50746,,50742,49333,37553,ch1960071311,blockwise,evo,拉、拉赛尔博士！？,ま、ま、またっ、面倒ごとじゃないだろうねっ？,ま、ま、またっ、面倒ごとじゃないだろうねっ？
78442,mp3010_01,50751,,50746,49357,37554,ch0010071312,blockwise,evo,不、不、不会又是什么麻烦事吧？,ま、またって……ほんと博士、信用ないのねぇ。,ま、またって……ほんと博士、信用ないのねぇ。
78443,mp3010_01,50763,,50751,49387,37555,ch1960071313,blockwise,evo,又、又是……博士真的一点信用都没有啊。,いや、その……博士が天才なのは認めるよ。,いや、その……博士が天才なのは認めるよ。
78444,mp3010_01,50768,,50763,49459,37556,ch1960071314,blockwise,evo,不不、这个嘛……我当然知道博士是个天才。,この演算器《カペル》だって博士が開発したものだしね。,この演算器《カペル》だって博士が開発したものだしね。
78445,mp3010_01,50782,,50768,49489,37557,ch1960071315,blockwise,evo,这台导力演算器《卡佩尔》也是博士开发的东西。,でもね、あの人が絡むといつもトラブルが絶えなくてさ。,でもね、あの人が絡むといつもトラブルが絶えなくてさ。
78446,mp3010_01,50784,,50782,49573,37558,ch1960071316,blockwise,evo,但是，只要和他扯上关系，就总是麻烦不断。,ティータ君は、一生懸命で本当にいい子なんだけどねぇ。,ティータ君は、一生懸命で本当にいい子なんだけどねぇ。
78447,mp3010_01,50787,,50784,49585,37559,ch0010071317,blockwise,evo,不过，缇妲是一个勤奋的好孩子……,あはは……　気持ちはわかるけどね。,あはは……　気持ちはわかるけどね。
78448,mp3010_01,50796,,50787,49603,37560,ch0010071318,blockwise,evo,哈哈……　我能理解您的心情。,でも、今回はそんなに手間を取らせないと思うわよ。,でも、今回はそんなに手間を取らせないと思うわよ。
78449,mp3010_01,50799,,50796,49657,37561,ch0020071319,blockwise,evo,不过，这次应该不会给您添麻烦。,中央工房で保管している備品の場所を探したいんです。,中央工房で保管している備品の場所を探したいんです。
78450,mp3010_01,50809,,50799,49675,37562,ch1960071320,blockwise,evo,我们只是想查查中央工房存放备用品的地方。,ホッ、そういう話か……,ホッ、そういう話か……
78451,mp3010_01,50813,,50809,49735,37563,ch1960071321,blockwise,evo,哦，是这样啊……,その程度だったらすぐに調べられると思うよ。,その程度だったらすぐに調べられると思うよ。
78452,mp3010_01,50817,,50813,49759,37564,ch1960071322,blockwise,evo,这种小事……很容易就能查到。,それじゃあ、せっかくだから検索の仕方を教えておこうか。,それじゃあ、せっかくだから検索の仕方を教えておこうか。
78453,mp3010_01,50843,,50817,49783,37565,ch1960071323,blockwise,evo,机会难得，我就教你们搜索方法吧。,この円筒の装置が導力演算器《カペル》だ。,この円筒の装置が導力演算器《カペル》だ。
78454,mp3010_01,50846,,50843,49939,37566,ch1960071324,blockwise,evo,这个圆筒形的装置就是导力演算器《卡佩尔》。,今では、導力演算器は飛行船の航行制御なんかにも使われるようになったけど……,今では、導力演算器は飛行船の航行制御なんかにも使われるようになったけど……
78455,mp3010_01,50849,,50846,49957,37567,ch1960071325,blockwise,evo,在如今这个时代，飞行船的航空管理控制中会用到各种各样的导力演算器……,このカペルは、現時点で世界最高の情報処理速度と高度な汎用性を備えている。,このカペルは、現時点で世界最高の情報処理速度と高度な汎用性を備えている。
78456,mp3010_01,50851,,50849,49975,37568,ch1960071326,blockwise,evo,但这个卡佩尔具备了当今世界上最快的信息处理速度和高度通用性。,構造物の強度計算から情報検索まで何でもござれさ。,構造物の強度計算から情報検索まで何でもござれさ。
78457,mp3010_01,50865,,50851,49987,37569,ch1960071327,blockwise,evo,从构造物质的强度计算到信息的搜索，没有什么能难倒它。,で、情報検索のやり方だけど……,で、情報検索のやり方だけど……
78458,mp3010_01,50870,,50865,50071,37570,ch1960071328,blockwise,evo,那么，信息搜索的方法是……,まず、この正面のパネルで情報検索モードに切り換える。,まず、この正面のパネルで情報検索モードに切り換える。
78459,mp3010_01,50879,,50870,50101,37571,ch1960071329,blockwise,evo,首先使用正面的这个控制板，转换到信息搜索模式。,すると、導力信号が配線を通って記憶オーブメントにアクセスする。,すると、導力信号が配線を通って記憶オーブメントにアクセスする。
78460,mp3010_01,50881,,50879,50155,37572,ch1960071330,blockwise,evo,这样一来，导力信号会通过配线访问记忆导力器。,記憶オーブメントには光情報を管理するクオーツが大量に仕込まれているからね。,記憶オーブメントには光情報を管理するクオーツが大量に仕込まれているからね。
78461,mp3010_01,50883,,50881,50167,37573,ch1960071331,blockwise,evo,存储导力器里装载着大量的数据管理型结晶回路。,知りたい情報があったら簡単に引き出せるって寸法さ。,知りたい情報があったら簡単に引き出せるって寸法さ。
78462,mp3010_01,50900,,50883,50179,37574,ch1960071332,blockwise,evo,如果想查询某些信息，很容易就能调取出来。,──と、ここまではいいかい？,──と、ここまではいいかい？
78463,mp3010_01,50918,,50900,50281,37575,ch0010071333,blockwise,evo,──刚才说的这些都明白了吧？,うん、もうバッチリよ！,うん、もうバッチリよ！
78464,mp3010_01,50921,,50918,50383,37576,ch0020071334,blockwise,evo,嗯，完全明白了！,すごいな、エステル。,すごいな、エステル。
78465,mp3010_01,50924,,50921,50401,37577,ch0020071335,blockwise,evo,好厉害啊，艾丝蒂尔。,ここまで最新の技術だと僕にはちょっと判らないよ。,ここまで最新の技術だと僕にはちょっと判らないよ。
78466,mp3010_01,50931,,50924,50419,37578,ch0010071336,blockwise,evo,连我都不太明白这种最新型的技术。,ウソです、ごめんなさい。,ウソです、ごめんなさい。
78467,mp3010_01,50935,,50931,50461,37579,ch0010071337,blockwise,evo,骗你的啦，真不好意思。,ていうか、なに言ってるのかサッパリ意味不明なんですけど。,ていうか、なに言ってるのかサッパリ意味不明なんですけど。
78468,mp3010_01,50945,,50935,50485,37580,ch0010071338,blockwise,evo,说实话，其实我一句都没听懂。,ここまで、というよりも……,ここまで、というよりも……
78469,mp3010_01,50948,,50945,50521,37581,ch0010071339,blockwise,evo,刚才说的话吗……,最初から最後までさっぱり意味不明なんですけど。,最初から最後までさっぱり意味不明なんですけど。
78470,mp3010_01,50959,,50948,50539,37582,ch1960071340,blockwise,evo,说实话，从头到尾，我一句都没听懂。,まあ、詳しい仕組みはいいか。,まあ、詳しい仕組みはいいか。
78471,mp3010_01,50961,,50959,50587,37583,ch1960071341,blockwise,evo,算了，详细原理不说也罢。,モードを切り換えておくから実際にパネルに触ってごらん。,モードを切り換えておくから実際にパネルに触ってごらん。
78472,mp3010_01,50964,,50961,50599,37584,ch1960071342,blockwise,evo,模式已经转换好了，接下来就实际操作一下控制板吧。,すぐにやり方がわかるはずさ。,すぐにやり方がわかるはずさ。
78473,mp3010_01,51754,,50964,50617,37610,ch1960071343,blockwise,evo,你们很快就会知道怎么用了。,どうやら探し物は見つかったようだね。,どうやら探し物は見つかったようだね。
78474,mp3010_01,51756,,51754,51279,37611,ch0010071344,blockwise,evo,看起来，你们找到要找的东西了。,うわ～っ。魔法の箱みたいねぇ。,うわ〜っ。魔法の箱みたいねぇ。
78475,mp3010_01,51759,,51756,51291,37612,ch0020071345,blockwise,evo,哇～好像魔法箱一样。,導力演算器……想像以上に凄い技術ですね。,導力演算器……想像以上に凄い技術ですね。
78476,mp3010_01,51764,,51759,51309,37613,ch1960071346,blockwise,evo,导力演算器……真是超出想象的惊人技术啊。,基本概念を提示したのはラッセル博士の先生であるエプスタイン博士らしいけどね。,基本概念を提示したのはラッセル博士の先生であるエプスタイン博士らしいけどね。
78477,mp3010_01,51766,,51764,51339,37614,ch1960071347,blockwise,evo,提出其基本概念的人是拉赛尔博士的师傅，也就是爱普斯泰恩博士。,ただ、それをここまで形にしたラッセル博士もまた天才だよ。,ただ、それをここまで形にしたラッセル博士もまた天才だよ。
78478,mp3010_01,51770,,51766,51351,37615,ch1960071348,blockwise,evo,不过，能把它发展到这个阶段，拉赛尔博士也确实是天才啊。,はぁ、あれでもう少し、落ち着きがあればいいんだけど……,はぁ、あれでもう少し、落ち着きがあればいいんだけど……
78479,mp3010_01,51779,,51770,51375,37616,ch0020071349,blockwise,evo,唉，他要是能沉稳点就更好了……,はは……女神は二物を与えずですね。,はは……女神（エイドス）は二物を与えずですね。
78480,mp3010_01,51782,,51779,51429,37617,ch0010071350,blockwise,evo,哈哈……人无完人嘛。,ところで内燃機関を管理してるグスタフ整備長って人だけど……,ところで内燃機関を管理してるグスタフ整備長って人だけど……
78481,mp3010_01,51787,,51782,51447,37618,ch0010071351,blockwise,evo,对了，说到管理内燃引擎的格斯塔夫维修长……,その人ってどこにいるの？,その人ってどこにいるの？
78482,mp3010_01,51789,,51787,51477,37619,ch1960071352,blockwise,evo,他在哪里啊？,整備長は、飛行場の責任者だからそっちに行けば会えると思うよ。,整備長は、飛行場の責任者だからそっちに行けば会えると思うよ。
78483,mp3010_01,51798,,51789,51489,37620,ch1960071353,blockwise,evo,维修长是飞行场的负责人，你们去那里，应该就能找到他了。,それと、ガソリンの方だけどオーブメント生産工場は中央工房の地下区画にあるんだ。,それと、ガソリンの方だけどオーブメント生産工場は中央工房の地下区画にあるんだ。
78484,mp3010_01,51800,,51798,51543,37621,ch1960071354,blockwise,evo,至于汽油，就要到中央工房地下区域的导力器生产工厂去找找了。,そこにいるスタッフに頼んだら手に入るんじゃないかな。,そこにいるスタッフに頼んだら手に入るんじゃないかな。
78485,mp3010_01,51809,,51800,51555,37622,ch0020071355,blockwise,evo,你们问问那里的工作人员，应该就能要到了。,内燃機関のユニットは飛行場にいるグスタフ整備長……,内燃機関のユニットは飛行場にいるグスタフ整備長……
78486,mp3010_01,51813,,51809,51609,37623,ch0020071356,blockwise,evo,找飞行场的格斯塔夫维修长要内燃引擎组件……,ガソリンは、地下にあるオーブメント生産工場ですね。,ガソリンは、地下にあるオーブメント生産工場ですね。
78487,mp3010_01,51816,,51813,51633,37624,ch0010071357,blockwise,evo,找地下导力器生产工厂的工作人员要汽油。,サンキュー、助かったわ。,サンキュー、助かったわ。
78488,mp3010_01,51823,,51816,51651,37625,ch1960071358,blockwise,evo,谢谢您！真是帮大忙了呢。,いやいや。何かあったらまたどうぞ。,いやいや。何かあったらまたどうぞ。
78489,mp3010_01,53452,,51823,51693,34751,ch0010071468,normalized,evo,哪里哪里，有事就过来。,あの～、ちょっといい？,あの〜、ちょっといい？
78490,mp3010_01,53459,,53452,52056,34752,ch0020071469,exact,evo,那个～能打扰一下吗？,すみません。ちょっといいですか？,すみません。ちょっといいですか？
78491,mp3010_01,53467,,53459,52074,34753,ch1980071470,exact,evo,不好意思，能打扰一下吗？,なに、どしたの？,なに、どしたの？
78492,mp3010_01,53473,52140,53467,52104,,,unmatched,evo,怎么，有什么事吗？,ラッセル博士からガソリンを貰ってくるよう頼まれたことを説明した。,
78493,mp3010_01,53484,,53473,52140,34755,ch1980071471,normalized,evo,向对方说明了自己替拉赛尔博士来取汽油的情况。,へ～、ガソリンか。,へ〜、ガソリンか。
78494,mp3010_01,53488,,53484,52206,34756,ch1980071472,blockwise,evo,哦～汽油啊。,たしか保管庫の奥にいくつかタンクがあったな……,たしか保管庫の奥にいくつかタンクがあったな……
78495,mp3010_01,53496,,53488,52230,34757,ch1980071473,blockwise,evo,保管库里好像还有几桶……,ちょっと問い合わせてみるよ。,ちょっと問い合わせてみるよ。
78496,mp3010_01,53513,,53496,52278,34759,ch1980071474,blockwise,evo,稍等一下，我问问。,こちらフェイ。ちょっと頼みがあるんだけど。,こちらフェイ。ちょっと頼みがあるんだけど。
78497,mp3010_01,53515,,53513,52380,34760,ch1980071475,blockwise,evo,我是绯，有件事想问你。,カルバード産のガソリン、たしか備蓄あったはずだよね？,カルバード産のガソリン、たしか備蓄あったはずだよね？
78498,mp3010_01,53519,,53515,52392,34761,ch1980071476,blockwise,evo,卡尔瓦德产的汽油应该还有库存吧？,うん、うん……タンクに入れて送ってくれる？,うん、うん……タンクに入れて送ってくれる？
78499,mp3010_01,53521,,53519,52416,34762,ch1980071477,blockwise,evo,嗯、嗯……能给我送来一桶吗？,持ち運びができるくらいのヤツ。,持ち運びができるくらいのヤツ。
78500,mp3010_01,53525,,53521,52428,34763,ch1980071478,blockwise,evo,容量……能提得动就可以了。,サンクス、頼んだよ。,サンクス、頼んだよ。
78501,mp3010_01,53535,,53525,52452,34764,ch1980071479,blockwise,evo,谢啦，麻烦你了。,ちょっと待ってて。すぐに送ってくれるってさ。,ちょっと待ってて。すぐに送ってくれるってさ。
78502,mp3010_01,53537,,53535,52512,34765,ch0020071480,blockwise,evo,稍等一下，马上就传送过来了。,送ってくれる……？,送ってくれる……？
78503,mp3010_01,53571,,53537,52524,34766,ch0010071481,blockwise,evo,传送过来……？,わわっ……,わわっ……
78504,mp3010_01,53578,,53571,52728,34767,ch1980071482,blockwise,evo,哇……,来た来た。,来た来た。
78505,mp3010_01,53613,,53578,52770,34768,ch0010071483,blockwise,evo,来了来了。,ひょっとしてこれがガソリンなの？,ひょっとしてこれがガソリンなの？
78506,mp3010_01,53617,,53613,52980,34769,ch0020071484,blockwise,evo,难道这就是汽油吗？,送ってくれるというのはこういうことだったんですか。,送ってくれるというのはこういうことだったんですか。
78507,mp3010_01,53633,,53617,53004,34770,ch1980071485,blockwise,evo,“传送过来”……原来是这个意思啊。,フフ、大したもんだろ？,フフ、大したもんだろ？
78508,mp3010_01,53636,,53633,53100,34771,ch1980071486,blockwise,evo,呵呵，了不起吧？,このコンベアシステムはただ製品を運ぶだけじゃない。,このコンベアシステムはただ製品を運ぶだけじゃない。
78509,mp3010_01,53639,,53636,53118,34772,ch1980071487,blockwise,evo,这个传送系统不仅能运送产品。,広大な地下工場を相互に結ぶ機能があるんだよ。,広大な地下工場を相互に結ぶ機能があるんだよ。
78510,mp3010_01,53646,,53639,53136,34773,ch0010071488,blockwise,evo,还有连通这个大型地下工厂的功能。,へえ、便利なもんねぇ。,へえ、便利なもんねぇ。
78511,mp3010_01,53651,,53646,53178,34774,ch1980071489,blockwise,evo,哎，很方便啊。,これもラッセル博士の発案でね。,これもラッセル博士の発案でね。
78512,mp3010_01,53653,,53651,53208,34775,ch1980071490,blockwise,evo,这也是拉赛尔博士设计的。,元々は、製品を運ぶだけの機能しかなかったんだけど……,元々は、製品を運ぶだけの機能しかなかったんだけど……
78513,mp3010_01,53656,,53653,53220,34776,ch1980071491,blockwise,evo,这个传送装置原本只有运送产品的功能……,あのじーさまが改造してからかなり使えるシステムになった。,あのじーさまが改造してからかなり使えるシステムになった。
78514,mp3010_01,53659,,53656,53238,34777,ch1980071492,blockwise,evo,经过老爷子的改造之后，才变成如此实用的系统。,まー、インフラ整えるまで死ぬほど苦労させられたけどね。,まー、インフラ整えるまで死ぬほど苦労させられたけどね。
78515,mp3010_01,53666,,53659,53256,34778,ch0010071493,blockwise,evo,但在基础设备建成之前，真是把人累得都快晕过去了。,あはは。やっぱりそうオチるんだ。,あはは。やっぱりそうオチるんだ。
78516,mp3010_01,53671,,53666,53298,34779,ch0020071494,blockwise,evo,哈哈，果然是这样。,それじゃあ、このタンク、持って行かせてもらいます。,それじゃあ、このタンク、持って行かせてもらいます。
78517,mp3010_01,53675,,53671,53328,34780,ch1980071495,blockwise,evo,那么，我们就把这桶汽油带走了。,ほいほい。,ほいほい。
78518,mp3010_01,53678,,53675,53352,34781,ch1980071496,blockwise,evo,好的。,あ、何に使うか知らないけど取り扱いには注意しなよね。,あ、何に使うか知らないけど取り扱いには注意しなよね。
78519,mp3010_01,53681,,53678,53370,34782,ch1980071497,blockwise,evo,啊，虽然不知道你们要用它干什么，但处理时一定要注意哦。,ガソリンっていうのはとにかく良く燃えるからさ。,ガソリンっていうのはとにかく良く燃えるからさ。
78520,mp3010_01,57769,,53681,53388,36509,ch0010071500,normalized,evo,汽油这种东西可是非常易燃的。,ふう、ただいま～。,ふう、ただいま〜。
78521,mp3010_01,57775,,57769,54101,36509,ch0010071500,normalized,evo,呼，我们回来了～,ふう、ただいま～。,ふう、ただいま〜。
78522,mp3010_01,57823,,57775,54101,36510,ch0020071501,blockwise,evo,呼，我们回来了～,頼まれていたものを持って来ました。,頼まれていたものを持って来ました。
78523,mp3010_01,57827,,57823,54323,36511,ch0540071502,blockwise,evo,博士，需要的东西都带来了。,おお、戻ってきたか。,おお、戻ってきたか。
78524,mp3010_01,57829,,57827,54347,36512,ch0070071503,blockwise,evo,哦哦，回来啦。,お疲れさまですー。,お疲れさまですー。
78525,mp3010_01,57850,,57829,54359,36515,ch0010071504,blockwise,evo,辛苦你们了～,は～、さすがにちょっと重かったかも。,は〜、さすがにちょっと重かったかも。
78526,mp3010_01,57856,,57850,54485,36516,ch0540071505,blockwise,evo,呼～的确有点重啊。,うむ、ご苦労じゃったの。,うむ、ご苦労じゃったの。
78527,mp3010_01,57858,,57856,54521,36517,ch0540071506,blockwise,evo,嗯，真是辛苦了。,こちらもちょうど改造が終わったところでな。,こちらもちょうど改造が終わったところでな。
78528,mp3010_01,57860,,57858,54533,36518,ch0540071507,blockwise,evo,我刚好已经改造完毕了。,あとは内燃機関を取りつけてガソリンを入れるだけじゃ。,あとは内燃機関を取りつけてガソリンを入れるだけじゃ。
78529,mp3010_01,57864,,57860,54545,36519,ch0540071508,blockwise,evo,只要装上内燃引擎，再灌入汽油就可以啦。,ティータ。さっそく仕上げに入るぞ。,ティータ。さっそく仕上げに入るぞ。
78530,mp3010_01,57867,,57864,54569,36520,ch0070071509,blockwise,evo,缇妲，我们赶快吧。,はーい。,はーい。
78531,mp3010_01,57897,,57867,54587,36521,ch0540071510,blockwise,evo,嗯。,よし、完成じゃあ！,よし、完成じゃあ！
78532,mp3010_01,57904,,57897,54767,36522,ch0010071511,blockwise,evo,好，完成啦。,うわ～、ずいぶんとゴツイ物がくっついたわね。,うわ〜、ずいぶんとゴツイ物がくっついたわね。
78533,mp3010_01,57909,,57904,54809,36523,ch0010071512,blockwise,evo,哇～看起来好粗重啊。,これが内燃機関のエンジンなの？,これが内燃機関のエンジンなの？
78534,mp3010_01,57917,,57909,54839,36524,ch0070071513,blockwise,evo,这就是内燃引擎吗？,はい、そーです。,はい、そーです。
78535,mp3010_01,57921,,57917,54887,36525,ch0070071514,blockwise,evo,嗯，是的。,この中でガソリンを燃焼させてその力で工作機械を動かすんです。,この中でガソリンを燃焼させてその力で工作機械を動かすんです。
78536,mp3010_01,57928,,57921,54911,36526,ch0020071515,blockwise,evo,这里面燃烧着汽油，产生的热能可以驱动工作设备。,これで導力に頼らずに工作機械を動かせますね。,これで導力に頼らずに工作機械を動かせますね。
78537,mp3010_01,57932,,57928,54953,36527,ch0540071516,blockwise,evo,这样一来，即使不依靠导力，也能让工作设备运转了啊。,うむ、それでは早速スイッチを入れてみるか。,うむ、それでは早速スイッチを入れてみるか。
78538,mp3010_01,57963,,57932,54977,36528,ch0540071517,blockwise,evo,嗯，赶快打开开关吧。,……ポチっとな。,……ポチっとな。
78539,mp3010_01,58000,,57963,55163,36529,ch0010071518,blockwise,evo,……我按。,うわっ、すごい音……,うわっ、すごい音……
78540,mp3010_01,58004,,58000,55385,36530,ch0020071519,blockwise,evo,哇，好大的声音……,導力機関と比べるとかなりの音と振動ですね。,導力機関（オーバルエンジン）と比べるとかなりの音と振動ですね。
78541,mp3010_01,58010,,58004,55409,36531,ch0540071520,blockwise,evo,和导力引擎相比，噪音和振动都要大很多啊。,うむ、それが難点のひとつでな。,うむ、それが難点のひとつでな。
78542,mp3010_01,58017,,58010,55445,36532,ch0540071521,blockwise,evo,嗯，这是它的缺点之一。,だが予想通り《黒の導力器》が発動する恐れはなさそうじゃ。,だが予想通り《黒の導力器》が発動する恐れはなさそうじゃ。
78543,mp3010_01,58019,,58017,55487,36533,ch0540071522,blockwise,evo,但正如我所料，应该不用担心这个黑色导力器会运作了。,では、このまま解体を始めるぞ。,では、このまま解体を始めるぞ。
78544,mp3010_01,58025,,58019,55499,36534,ch0010071523,blockwise,evo,那么，开始解体吧。,ごくっ……,ごくっ……
78545,mp3010_01,58028,,58025,55535,36535,ch0070071524,blockwise,evo,（咽口水）,ドキドキ……,ドキドキ……
78546,mp3010_01,58061,,58028,55553,36536,ch0010071525,blockwise,evo,（紧张）,わわっ……！,わわっ……！
78547,mp3010_01,58065,,58061,55751,36537,ch0020071526,blockwise,evo,哇……！,すごい火花だね……,すごい火花だね……
78548,mp3010_01,58073,,58065,55775,36538,ch0540071527,blockwise,evo,好强烈的火花……,よし、ひとまず止めるぞ。,よし、ひとまず止めるぞ。
78549,mp3010_01,58097,,58073,55823,36539,ch0540071528,blockwise,evo,好，暂停。,どのくらいフレームが削れたのか確認してみよう。,どのくらいフレームが削れたのか確認してみよう。
78550,mp3010_01,58114,,58097,55967,36542,ch0010071529,blockwise,evo,首先要确认一下外壳的受损程度。,た、たったこれだけ？,た、たったこれだけ？
78551,mp3010_01,58123,,58114,56069,36543,ch0070071530,blockwise,evo,只、只有这么一点痕迹？,信じられない……特殊合金製の丸ノコなのに。,信じられない……特殊合金製の丸ノコなのに。
78552,mp3010_01,58127,,58123,56123,36544,ch0020071531,blockwise,evo,真不敢相信……这可是特殊合金制的圆盘锯啊。,とんでもない材質ですね……,とんでもない材質ですね……
78553,mp3010_01,58135,,58127,56147,36545,ch0540071532,blockwise,evo,真是极为坚硬的材质啊……,しかし根気よく続ければ何とか切断できそうじゃな。,しかし根気よく続ければ何とか切断できそうじゃな。
78554,mp3010_01,58141,,58135,56195,36546,ch0540071533,blockwise,evo,不过，只要保持耐心，继续下去，就肯定能完全切开。,まあ、丸ノコを何枚も交換する必要はありそうじゃが。,まあ、丸ノコを何枚も交換する必要はありそうじゃが。
78555,mp3010_01,58144,,58141,56231,36547,ch0010071534,blockwise,evo,不过……中途恐怕要更换好几个圆盘锯。,こうなったらガマンくらべってわけね。,こうなったらガマンくらべってわけね。
78556,mp3010_01,58150,,58144,56249,36548,ch0550071535,blockwise,evo,既然如此，考验的就是耐力了啊。,博士、ちょっといいですか？,博士、ちょっといいですか？
78557,mp3010_01,58181,,58150,56285,36549,ch0550071536,blockwise,evo,博士，您有空吗？,おお……無事、改造は終わりましたか。,おお……無事、改造は終わりましたか。
78558,mp3010_01,58196,,58181,56471,36550,ch0540071537,blockwise,evo,哦哦……已经顺利改造完毕了啊。,あたりまえじゃ。わしを誰だと思っておる。,あたりまえじゃ。わしを誰だと思っておる。
78559,mp3010_01,58198,,58196,56561,36551,ch0540071538,blockwise,evo,那当然，你以为我是谁啊。,で、なんじゃ。なにか面倒でも起こったか？,で、なんじゃ。なにか面倒でも起こったか？
78560,mp3010_01,58205,,58198,56573,36552,ch0550071539,blockwise,evo,怎么了？又有什么麻烦吗？,先ほど、エルモの旅館から博士あてに伝言がありましてね。,先ほど、エルモの旅館から博士あてに伝言がありましてね。
78561,mp3010_01,58208,,58205,56615,36553,ch0550071540,blockwise,evo,亚尔摩旅馆的人刚才发来联络，给您留言了。,温泉を汲み上げる導力ポンプが故障してしまったらしいんですよ。,温泉を汲み上げる導力ポンプが故障してしまったらしいんですよ。
78562,mp3010_01,58210,,58208,56633,36554,ch0550071541,blockwise,evo,好像是那个给温泉抽水的导力泵出了故障。,このままだと営業できないから博士に直しに来てほしいと……,このままだと営業できないから博士に直しに来てほしいと……
78563,mp3010_01,58217,,58210,56645,36555,ch0540071542,blockwise,evo,再这样下去就不能营业了，所以想请您去修理……,か～っ、なんじゃと！？,か〜っ、なんじゃと！？
78564,mp3010_01,58219,,58217,56687,36556,ch0540071543,blockwise,evo,啊～你说什么！？,ええい！この忙しいときに面倒な……,ええい！この忙しいときに面倒な……
78565,mp3010_01,58222,,58219,56699,36557,ch0550071544,blockwise,evo,唉！真麻烦，偏偏在这么忙的时候……,なんだったら、代わりの技師でも送りましょうか？,なんだったら、代わりの技師でも送りましょうか？
78566,mp3010_01,58226,,58222,56717,36558,ch0540071545,blockwise,evo,既然如此……我就派其他技师替您去吧。,いや……４０年以上前のポンコツじゃ。,いや……４０年以上前のポンコツじゃ。
78567,mp3010_01,58228,,58226,56741,36559,ch0540071546,blockwise,evo,不……那是四十多年前的破铜烂铁了。,最近の機械しか知らん、若い連中の手には余るじゃろう。,最近の機械しか知らん、若い連中の手には余るじゃろう。
78568,mp3010_01,58236,,58228,56753,36560,ch0540071547,blockwise,evo,只熟悉新型机械的年轻人肯定不会修理那东西。,ううむ、困ったことになったな。,ううむ、困ったことになったな。
78569,mp3010_01,58246,,58236,56801,36561,ch0070071548,blockwise,evo,唔，真是伤脑筋。,あの、おじいちゃん……,あの、おじいちゃん……
78570,mp3010_01,58250,,58246,56861,36562,ch0070071549,blockwise,evo,那个……外公……,わたしがかわりに修理しに行っちゃダメかなぁ？,わたしがかわりに修理しに行っちゃダメかなぁ？
78571,mp3010_01,58260,,58250,56885,36563,ch0540071550,blockwise,evo,我可不可以替您去修理？,なぬ？,なぬ？
78572,mp3010_01,58263,,58260,56945,36564,ch0550071551,blockwise,evo,什么？,ティータ君？,ティータ君？
78573,mp3010_01,58270,,58263,56963,36565,ch0070071552,blockwise,evo,缇妲？,前に連れていってもらった時、整備のお手伝いをしたよね？,前に連れていってもらった時、整備のお手伝いをしたよね？
78574,mp3010_01,58273,,58270,57005,36566,ch0070071553,blockwise,evo,您以前带我去的时候，我帮忙修理过它啊。,だから、大丈夫だと思うの。,だから、大丈夫だと思うの。
78575,mp3010_01,58282,,58273,57023,36567,ch0540071554,blockwise,evo,所以应该没问题。,ふーむ、確かにお前になら任せてもよさそうじゃが……,ふーむ、確かにお前になら任せてもよさそうじゃが……
78576,mp3010_01,58285,,58282,57077,36568,ch0540071555,blockwise,evo,唔……凭你的能力，确实可以修好……,別の意味で心配じゃのう。,別の意味で心配じゃのう。
78577,mp3010_01,58293,,58285,57095,36569,ch0550071556,blockwise,evo,但我担心别的问题。,そうですね。街道には魔獣も出ますし……,そうですね。街道には魔獣も出ますし……
78578,mp3010_01,58296,,58293,57143,36570,ch0070071557,blockwise,evo,是啊，毕竟野外有魔兽出没……,でもでも、マオおばあちゃんが困っているの放っておけないよぅ……,でもでも、マオおばあちゃんが困っているの放っておけないよぅ……
78579,mp3010_01,58318,,58296,57161,36571,ch0010071558,blockwise,evo,可是……毛婆婆有困难，我们不能不管啊。,……そういう事ならあたしたちに任せてくれない？,……そういう事ならあたしたちに任せてくれない？
78580,mp3010_01,58324,,58318,57293,36572,ch0070071559,blockwise,evo,……既然如此，交给我们不就行了嘛。,えっ……,えっ……
78581,mp3010_01,58326,,58324,57329,36573,ch0020071560,blockwise,evo,咦……,街道での安全の確保は遊撃士の義務ですから。,街道での安全の確保は遊撃士の義務ですから。
78582,mp3010_01,58330,,58326,57341,36574,ch0020071561,blockwise,evo,艾丝蒂尔说的没错，确保大家的出行安全正是游击士的义务。,責任をもって、ティータさんの送り迎えをさせてもらいます。,責任をもって、ティータさんの送り迎えをさせてもらいます。
78583,mp3010_01,58337,,58330,57365,36575,ch0550071562,blockwise,evo,就让我们把缇妲护送到那里吧。,おお、君たちが一緒だったらなんの心配もいらないな。,おお、君たちが一緒だったらなんの心配もいらないな。
78584,mp3010_01,58340,,58337,57407,36576,ch0540071563,blockwise,evo,哦，你们要是一起去，就没什么好担心的了。,ふむ……せっかくだからお願いするか。,ふむ……せっかくだからお願いするか。
78585,mp3010_01,58351,,58340,57425,36577,ch0070071564,blockwise,evo,唔……既然你们有这份心，那就麻烦你们了。,あのあの……ホントーにいいんですか？,あのあの……ホントーにいいんですか？
78586,mp3010_01,58354,,58351,57491,36578,ch0010071565,blockwise,evo,那个……这样合适吗？,こ～ら、子供が遠慮しないの。,こ〜ら、子供が遠慮しないの。
78587,mp3010_01,58356,,58354,57509,36579,ch0020071566,blockwise,evo,哎呀～小孩子就不要客气啦。,よかったら一緒に行こうよ。,よかったら一緒に行こうよ。
78588,mp3010_01,58360,,58356,57521,36580,ch0070071567,blockwise,evo,如果不介意，就一起走吧。,あ、ありがとう。エステルさん、ヨシュアさん。,あ、ありがとう。エステルさん、ヨシュアさん。
78589,mp3010_01,58373,,58360,57545,36581,ch0070071568,blockwise,evo,谢、谢谢你们，艾丝蒂尔小姐、约书亚先生。,おじいちゃん、工房長さん。,おじいちゃん、工房長さん。
78590,mp3010_01,58376,,58373,57623,36582,ch0070071569,blockwise,evo,外公、工房长。,それじゃあ行ってきます。,それじゃあ行ってきます。
78591,mp3010_01,58378,,58376,57641,36583,ch0540071570,blockwise,evo,我们走了。,おお、よろしく頼むぞ。,おお、よろしく頼むぞ。
78592,mp3010_01,58381,,58378,57653,36584,ch0550071571,blockwise,evo,哦，拜托你了。,気をつけて行ってくるんだよ。,気をつけて行ってくるんだよ。
78633,mp3010_01,62154,61540,62150,61516,,,unmatched,evo,嗯，是这样的……,ラッセル博士の姿が見当たらないことを説明した。,
78689,mp3010_01,68314,66375,68308,66339,,,unmatched,evo,等到真相大白之后，一定要还给我哦～,ドロシーはカノーネ大尉に写真用の感光クオーツを渡した。,
78720,mp3010_01,70332,,68594,68055,37244,ch2000081353,blockwise,evo,…………………………,とりあえず、応急処置は施しておいたわ。,とりあえず、応急処置は施しておいたわ。
78721,mp3010_01,70334,,70332,69052,37245,ch2000081354,blockwise,evo,总之要先帮他做一下应急的治疗才行。,ただ……かなり特殊な神経毒みたい。,ただ……かなり特殊な神経毒みたい。
78722,mp3010_01,70337,,70334,69064,37246,ch2000081355,blockwise,evo,不过……这好像是相当特殊的神经毒药。,普通の解毒剤が効かないのよ。,普通の解毒剤が効かないのよ。
78723,mp3010_01,70345,,70337,69082,37247,ch0070081356,blockwise,evo,一般的解毒剂是没有效果的。,あ、あの、アガットさん、どうなっちゃうんですか……？,あ、あの、アガットさん、どうなっちゃうんですか……？
78724,mp3010_01,70347,,70345,69130,37248,ch2000081357,blockwise,evo,那、那个……阿加特大哥哥会怎么样呢……？,相当タフみたいだから何とか持ちこたえてるけど……,相当タフみたいだから何とか持ちこたえてるけど……
78725,mp3010_01,70350,,70347,69142,37249,ch2000081358,blockwise,evo,像他这么健壮的人，应该还能撑得住……,このまま昏睡状態が続けば命の危険もありえるかもしれない。,このまま昏睡状態が続けば命の危険もありえるかもしれない。
78726,mp3010_01,70357,,70350,69160,37250,ch0070081359,blockwise,evo,不过，要是一直持续这种昏睡状态，还是会有生命危险的。,…………ッ！,…………ッ！
78727,mp3010_01,70361,,70357,69202,37251,ch0010081360,blockwise,evo,…………！,そ、そんな……,そ、そんな……
78728,mp3010_01,70393,,70361,69226,37252,ch0010081361,blockwise,evo,怎、怎么会……,あ、ヨシュア……,あ、ヨシュア……
78729,mp3010_01,70409,,70393,69418,37253,ch0020081362,blockwise,evo,啊，约书亚……,遅くなってごめん。キリカさんに報告してきたよ。,遅くなってごめん。キリカさんに報告してきたよ。
78730,mp3010_01,70411,,70409,69514,37254,ch0020081363,blockwise,evo,抱歉来迟了。我已经向雾香小姐报告过了。,軍にも通報してもらったから何かあれば情報が入ると思う。,軍にも通報してもらったから何かあれば情報が入ると思う。
78731,mp3010_01,70414,,70411,69526,37255,ch0010081364,blockwise,evo,军队方面也拜托她通报过了，我想过几天应该能得到一些情报。,そっか……ご苦労さま。,そっか……ご苦労さま。
78732,mp3010_01,70420,,70414,69544,37256,ch0010081365,blockwise,evo,是吗……辛苦你了。,あれ、ジンさんはどうしたの？,あれ、ジンさんはどうしたの？
78733,mp3010_01,70423,,70420,69580,37257,ch0020081366,blockwise,evo,对了，阵先生呢？,うん、キリカさんと知り合いだったみたいでね。,うん、キリカさんと知り合いだったみたいでね。
78734,mp3010_01,70425,,70423,69598,37258,ch0020081367,blockwise,evo,啊……他和雾香姐好像是旧识。,積もる話があるみたいだった。,積もる話があるみたいだった。
78735,mp3010_01,70428,,70425,69610,37259,ch0010081368,blockwise,evo,我想他们之间有很多话要聊吧。,なるほど……２人とも東方出身だもんね。,なるほど……２人とも東方出身だもんね。
78736,mp3010_01,70434,,70428,69628,37260,ch0020081369,blockwise,evo,原来是这样啊……说起来他们两个都是东方出身的。,それで……アガットさんの容態は？,それで……アガットさんの容態は？
78737,mp3010_01,70437,,70434,69664,37261,ch0010081370,blockwise,evo,那么……阿加特兄的情况怎么样了？,そ、それが……,そ、それが……
78738,mp3010_01,70442,,70437,69682,37262,ch0070081371,blockwise,evo,那、那个……,………………………,………………………
78739,mp3010_01,70447,,70442,69712,37263,ch0020081372,blockwise,evo,………………………,そうか……危険な状態みたいだね。,そうか……危険な状態みたいだね。
78740,mp3010_01,70468,,70447,69742,37264,ch2000081373,blockwise,evo,是吗……看来还是有生命危险对吧。,残念だけど、私の知識では毒物の具体的な成分が判らないと解毒のしようがないわ。,残念だけど、私の知識では毒物の具体的な成分が判らないと解毒のしようがないわ。
78741,mp3010_01,70472,,70468,69868,37265,ch2000081374,blockwise,evo,很遗憾，以我的知识……只要不知道这种毒物的具体成分，就没办法为这位先生解毒。,でも……ビクセン教区長ならあるいは……,でも……ビクセン教区長ならあるいは……
78742,mp3010_01,70478,,70472,69892,37266,ch0070081375,blockwise,evo,不过……或许皮克塞恩教区长……,あ……！,あ……！
78743,mp3010_01,70483,,70478,69928,37267,ch0010081376,blockwise,evo,啊……！,ビクセン教区長？,ビクセン教区長？
78744,mp3010_01,70492,,70483,69958,37268,ch0070081377,blockwise,evo,皮克塞恩教区长？,あ、あのね。ツァイス教区の神父さんなの。,あ、あのね。ツァイス教区の神父さんなの。
78745,mp3010_01,70496,,70492,70012,37269,ch2000081378,blockwise,evo,那、那个……他是蔡斯教区的神父呢。,七耀教会には、千年に及ぶ伝統医療の蓄積があるからね。,七耀教会には、千年に及ぶ伝統医療の蓄積があるからね。
78746,mp3010_01,70498,,70496,70036,37270,ch2000081379,blockwise,evo,七耀教会积累了近千年的传统医疗知识。,特に薬学に関しては色々と学ぶところも多いのよ。,特に薬学に関しては色々と学ぶところも多いのよ。
78747,mp3010_01,70501,,70498,70048,37271,ch2000081380,blockwise,evo,特别是在药学方面，他们有各种各样的独到秘方。,ひょっとしたら未知の毒物の対症療法もご存じかもしれない。,ひょっとしたら未知の毒物の対症療法もご存じかもしれない。
78748,mp3010_01,70504,,70501,70066,37272,ch0010081381,blockwise,evo,或许教会那里会有关于未知毒物的对应疗法。,なるほど、ロレントの教区長さんもお薬の処方とかしてたもんね。,なるほど、ロレントの教区長さんもお薬の処方とかしてたもんね。
78749,mp3010_01,70512,,70504,70084,37273,ch0020081382,blockwise,evo,原来是这样啊。以前在洛连特的教区长那里也开过药方。,頼んでみる価値はありそうだね。,頼んでみる価値はありそうだね。
78750,mp3010_01,70522,,70512,70132,37274,ch0020081383,blockwise,evo,看来有必要去拜访一下了。,もう遅いけど……教会に行って相談してみようか。,もう遅いけど……教会に行って相談してみようか。
78751,mp3010_01,70529,,70522,70192,37275,ch0070081384,blockwise,evo,虽然已经很晚了……我们还是尽快去一趟教会吧。,う、うん……！,う、うん……！
78752,mp3010_01,72447,,70529,70234,37276,ch0010081577,blockwise,evo,嗯、嗯……！,先生、お待たせ！,先生、お待たせ！
78753,mp3010_01,72457,,72447,70955,37277,ch2000081578,blockwise,evo,医生，让您久等了！,どうだった！？,どうだった！？
78754,mp3010_01,72461,,72457,71015,37278,ch0070081579,blockwise,evo,怎么样了？,教区長さんからお薬をもらってきました！,教区長さんからお薬をもらってきました！
78755,mp3010_01,72473,,72461,71039,37279,ch2000081580,blockwise,evo,终于拿到了！教区长已经把药给我们了！,本当！？さすがはビクセン教区長ね。,本当！？さすがはビクセン教区長ね。
78756,mp3010_01,72490,,72473,71111,37281,ch2000081581,blockwise,evo,真的！？不愧是皮克塞恩教区长啊。,なるほど……免疫力を活性化させる薬か。,なるほど……免疫力を活性化させる薬か。
78757,mp3010_01,72493,,72490,71213,37282,ch2000081582,blockwise,evo,原来如此……是活化免疫力的药啊。,試してみる価値はありそうね。,試してみる価値はありそうね。
78759,mp3010_01,72533,71471,72529,71447,,,unmatched,evo,那么……就给他喝喝看吧。,ミリアム先生はスポイトを使ってアガットの口から薬を飲ませた。,
78779,mp3010_01,72679,72347,72672,72305,,,unmatched,evo,但不要紧，痛苦过后就会痊愈了。,こうしてアガットは危険な状態から脱した。,
78780,mp3010_01,72681,72359,72679,72347,,,unmatched,evo,就这样，阿加特总算脱离了危险期。,夜も遅かったため、エステルたちは交替で休みながらアガットの看病をする事にした。,
78798,mp3010_01,74602,74064,74589,73986,,,unmatched,evo,阿、阿加特大哥哥！？,ティータは慌ててアガットの様子を確かめた。,
78799,mp3010_01,74604,74076,74602,74064,,,unmatched,evo,缇妲慌张地查看阿加特的情况。,先ほどよりも呼吸が安定して穏やかな寝息を立てている。,
78804,mp3010_01,75214,,74645,74322,35049,ch0010070501,blockwise,evo,……会是……谁呢……？,わ、なに、ここ……,わ、なに、ここ……
78805,mp3010_01,75247,,75214,74838,35050,ch0020070502,blockwise,evo,哇～这、这里……,すごいな……かなり自動化された工場だね。,すごいな……かなり自動化された工場だね。
78806,mp3010_01,75259,,75247,75036,35051,ch0070070503,blockwise,evo,好厉害……是全自动化的工厂啊。,えへへ……ツァイスの地下に広がるオーブメント工場の入口です。,えへへ……ツァイスの地下に広がるオーブメント工場の入口です。
78807,mp3010_01,75263,,75259,75108,35052,ch0070070504,blockwise,evo,嘿嘿……这里是蔡斯市地下的导力器工厂的入口。,照明から飛行船の部品まで全部ここで造られているんです。,照明から飛行船の部品まで全部ここで造られているんです。
78808,mp3010_01,75266,,75263,75132,35053,ch0010070505,normalized,evo,小到照明灯，大到飞行船的部件，各种导力制品都是在这里制造的。,は～……なんか圧倒されちゃうわね。,は〜……なんか圧倒されちゃうわね。
78809,mp3010_01,76380,,75266,75150,35103,ch0010080742,blockwise,evo,呼……总觉得有种压迫感。,あれ……？自動ドアが開かないわ。,あれ……？自動ドアが開かないわ。
78810,mp3010_01,76382,,76380,75685,35104,ch0020080743,blockwise,evo,咦……？自动门打不开。,導力が通じていない……？,導力が通じていない……？
78811,mp3010_01,76395,,76382,75697,35105,ch0020080744,blockwise,evo,导力断了吗……？,おかしいな……自動ドアが開かない。,おかしいな……自動ドアが開かない。
78812,mp3010_01,76398,,76395,75745,35106,ch0010080745,blockwise,evo,奇怪……自动门没有反应。,え、導力が止まってるの？,え、導力が止まってるの？
78813,mp3010_01,76406,75781,76398,75919,,,unmatched,evo,咦，导力停止了吗？,ティータはボタンを押した。,
78814,mp3010_01,76416,,76406,75781,35108,ch0070080746,exact,evo,缇妲按下按钮。,あ、あれれ……自動ドアが開かないよう。,あ、あれれ……自動ドアが開かないよう。
78815,mp3010_01,76419,,76416,75841,35106,ch0010080745,exact,evo,咦……自动门怎么打不开？,え、導力が止まってるの？,え、導力が止まってるの？
78816,mp3010_01,76430,,76419,75919,35108,ch0070080746,vector_search (0.99),evo,咦，导力停止了吗？,ちっ……自動ドアが開かねぇな。,あ、あれれ……自動ドアが開かないよう。
78817,mp3010_01,76433,,76430,75901,35109,ch0010080747,blockwise,evo,切……自动门打不开啊。,え、導力が止まってるの？,え、導力が止まってるの？
78818,mp3010_01,76467,,76433,75919,35110,ch0070080748,blockwise,evo,咦，导力停止了吗？,ううん……ちゃんと生きてるみたい。,ううん……ちゃんと生きてるみたい。
78819,mp3010_01,76469,,76467,76057,35111,ch0070080749,blockwise,evo,不……导力很正常。,誰かがエレベーターを使っている最中なのかも……,誰かがエレベーターを使っている最中なのかも……
78820,mp3010_01,76485,,76469,76069,35112,ch0010080750,blockwise,evo,也许有人正在使用升降机……,誰かがって……もしかしてラッセル博士？,誰かがって……もしかしてラッセル博士？
78821,mp3010_01,76487,,76485,76141,35113,ch0020080751,blockwise,evo,有人在使用……难道是拉赛尔博士？,いや、それにしてはすぐに降りてこないのは変だ。,いや、それにしてはすぐに降りてこないのは変だ。
78822,mp3010_01,76498,,76487,76153,35114,ch0020080752,blockwise,evo,不，导力梯没有马上降下来，这一点很奇怪。,いずれにせよ、上に行くには非常階段を使うしかなさそうだ。,いずれにせよ、上に行くには非常階段を使うしかなさそうだ。
78823,mp3010_01,76502,,76498,76195,35115,ch0070080753,blockwise,evo,既然如此，我们只能走紧急逃生梯上去了。,うん……そうだね。,うん……そうだね。
78824,mp3010_01,76949,,76502,76219,35084,ch0010080928,blockwise,evo,嗯……是啊。,見て、エレベーターが！,見て、エレベーターが！
78825,mp3010_01,76959,,76949,76730,35085,ch0070080929,blockwise,evo,看，升降机！,やっぱり１階に降りてきてたんだ……,やっぱり１階に降りてきてたんだ……
78826,mp3010_01,76962,,76959,76790,35086,ch0020080930,blockwise,evo,他们果然是在一楼停下的……,ということは玄関から脱出したのか……,ということは玄関から脱出したのか……
78827,mp3010_01,76969,,76962,76808,35087,ch0020080931,blockwise,evo,也就是说，犯人是从正门逃走的吗……,人が大勢いるのにどういうつもりなんだろう？,人が大勢いるのにどういうつもりなんだろう？
78828,mp3010_01,76974,,76969,76850,35088,ch0050080932,blockwise,evo,门外有那么多人，他们究竟是怎么想的？,どうでもいい、急ぐぞ！,どうでもいい、急ぐぞ！
78829,mp3010_01,81520,,76974,76880,36744,ch0010080870,blockwise,evo,别说那么多了，赶快！,あ……ヨシュア、これって！？,あ……ヨシュア、これって！？
78830,mp3010_01,81524,,81520,79698,36745,ch0020080871,blockwise,evo,啊……约书亚，这是……！？,さっき言った発煙筒だ。ちょっと貸してみて。,さっき言った発煙筒だ。ちょっと貸してみて。
78831,mp3010_01,81532,,81524,79800,36746,ch0010080872,blockwise,evo,是刚才所说的发烟筒。给我看看。,あ……ヨシュア、それって！,あ……ヨシュア、それって！
78832,mp3010_01,81534,,81532,79740,36747,ch0020080873,blockwise,evo,啊……约书亚，那是……！？,うん。さっき言った発煙筒だ。,うん。さっき言った発煙筒だ。
78833,mp3010_01,81543,,81534,79752,36748,ch0070080874,blockwise,evo,嗯。是刚才所说的发烟筒。,あ……お兄ちゃん、これ！？,あ……お兄ちゃん、これ！？
78834,mp3010_01,81547,,81543,79776,36749,ch0020080875,blockwise,evo,啊……哥哥，这是……！？,さっき言った発煙筒だ。ちょっと貸してみて。,さっき言った発煙筒だ。ちょっと貸してみて。
78835,mp3010_01,81554,,81547,79800,36750,ch0050080876,blockwise,evo,是刚才所说的发烟筒。给我看看。,こいつは……発煙筒ってやつか。,こいつは……発煙筒ってやつか。
78836,mp3010_01,81558,,81554,79818,36751,ch0020080877,blockwise,evo,这个……就是发烟筒吗？,アガットさん。ちょっと貸してください。,アガットさん。ちょっと貸してください。
78837,mp3010_01,81566,79872,81558,79842,,,unmatched,evo,阿加特兄，请给我看看。,ヨシュアは発煙筒を素早く解体した。,
78838,mp3010_01,81903,,81566,81282,36753,ch0010080878,blockwise,evo,约书亚动作迅速地拆解了发烟筒。,わ……モヤが無くなったわ！,わ……モヤが無くなったわ！
78839,mp3010_01,81906,,81903,80898,36754,ch0070080879,blockwise,evo,哇……烟雾消失了！,すごい……ヨシュアお兄ちゃん。,すごい……ヨシュアお兄ちゃん。
78840,mp3010_01,81910,,81906,80916,36755,ch0020080880,blockwise,evo,约书亚哥哥好厉害……,これと同じ発煙筒が他にもあると思う。,これと同じ発煙筒が他にもあると思う。
78841,mp3010_01,81912,,81910,80970,36756,ch0020080881,blockwise,evo,其他地方应该还有这种发烟筒。,見つけしだい解体しよう。,見つけしだい解体しよう。
78842,mp3010_01,81917,,81912,80982,36757,ch0010080882,blockwise,evo,只要找到，就把它们拆解吧。,オッケー！,オッケー！
78843,mp3010_01,81923,,81917,80886,36758,ch0010080883,blockwise,evo,好！,わ……モヤが無くなったわ！,わ……モヤが無くなったわ！
78844,mp3010_01,81926,,81923,80898,36759,ch0070080884,blockwise,evo,哇……烟雾消失了！,すごい……ヨシュアお兄ちゃん。,すごい……ヨシュアお兄ちゃん。
78845,mp3010_01,81931,,81926,80916,36760,ch0050080885,blockwise,evo,约书亚哥哥好厉害……,へえ……妙な特技を持ってやがるな。,へえ……妙な特技を持ってやがるな。
78846,mp3010_01,81935,,81931,80946,36761,ch0020080886,blockwise,evo,嘿……你还会这方面的技术啊。,これと同じ発煙筒が他にもあると思います。,これと同じ発煙筒が他にもあると思います。
78847,mp3010_01,81937,,81935,80970,36762,ch0020080887,blockwise,evo,其他地方应该还有这种发烟筒。,見つけしだい解体しましょう。,見つけしだい解体しましょう。
78848,mp3010_01,82018,81282,81937,80982,,,unmatched,evo,只要找到，就把它们拆解吧。,ヨシュアは発煙筒を手早く解体した。,
78849,mp3010_01,82034,,82018,81282,36764,ch0050080888,blockwise,evo,约书亚动作迅速地拆解了发烟筒。,へえ……妙な特技を持ってやがるな。,へえ……妙な特技を持ってやがるな。
78850,mp3010_01,82039,,82034,81366,36765,ch0020080889,blockwise,evo,嘿……你还会这方面的技术啊。,これと同じ発煙筒が他にもあると思います。,これと同じ発煙筒が他にもあると思います。
78851,mp3010_01,82041,,82039,81396,36766,ch0020080890,blockwise,evo,其他地方应该还有这种发烟筒。,見つけたら解体しましょう。,見つけたら解体しましょう。
78852,mp3010_01,82620,,82041,81408,37585,ch0070080913,blockwise,evo,只要找到，就把它们拆解吧。,ああっ！？《カペル》のユニットが……！,ああっ！？《カペル》のユニットが……！
78853,mp3010_01,82628,,82620,82358,37586,ch0050080914,blockwise,evo,啊！？《卡佩尔》的中枢组件被……！,《カペル》？なんだ、そいつは。,《カペル》？なんだ、そいつは。
78854,mp3010_01,82632,,82628,82406,37587,ch0020080915,blockwise,evo,《卡佩尔》？那是什么东西啊？,ラッセル博士が開発した演算オーブメントの名前です。,ラッセル博士が開発した演算オーブメントの名前です。
78855,mp3010_01,82635,,82632,82430,37588,ch0020080916,blockwise,evo,是拉赛尔博士开发的导力演算器。,どうやら中枢部分が抜き取られてるみたいだ……,どうやら中枢部分が抜き取られてるみたいだ……
78856,mp3010_01,82643,,82635,82448,37589,ch0010080917,blockwise,evo,看样子，中枢部件被人拆走了……,あいつらが持ち去ったってこと？,あいつらが持ち去ったってこと？
78857,mp3010_01,82650,,82643,82496,37590,ch0020080918,blockwise,evo,就是那些家伙拿走的吧？,その可能性が高そうだね。,その可能性が高そうだね。
78858,mp3010_01,84341,,82650,82538,36054,ch0010181239,normalized,evo,很有可能。,え～と、ちょっといい？,え〜と、ちょっといい？
78859,mp3010_01,84343,,84341,83018,36055,ch0010181240,blockwise,evo,请问～可以打扰一下吗？,あたしたち、掲示板を見て来たんだけど。,あたしたち、掲示板を見て来たんだけど。
78860,mp3010_01,84354,,84343,83030,36056,ch2120181248,blockwise,evo,我们是看了公告栏而来的。,あら……,あら……
78861,mp3010_01,84356,,84354,83090,36057,ch2120181249,blockwise,evo,啊……,ずいぶん遅かったわね。もう来ないかと思ってたわ。,ずいぶん遅かったわね。もう来ないかと思ってたわ。
78862,mp3010_01,84358,,84356,83102,36061,ch0010181247,blockwise,evo,来得好晚啊，我还以为你们不来了呢。,ごめんね、ちょっと立て込んでて。,ごめんね、ちょっと立て込んでて。
78863,mp3010_01,84366,,84358,83114,36059,ch2120181245,blockwise,evo,对不起，之前有些事情。,あら……やっと来てくれたのね。,あら……やっと来てくれたのね。
78864,mp3010_01,84368,,84366,83132,36060,ch2120181246,blockwise,evo,啊……你们终于来了。,まあ、遊撃士協会はどこも人手不足だからしょうがないわよね。,まあ、遊撃士協会はどこも人手不足だからしょうがないわよね。
78865,mp3010_01,84371,,84368,83144,36061,ch0010181247,blockwise,evo,唉，游击士协会一直人手不足，这也是没办法的事。,ごめんね、ちょっと立て込んでて。,ごめんね、ちょっと立て込んでて。
78866,mp3010_01,84377,,84371,83162,36062,ch2120181241,blockwise,evo,对不起，之前有些事情。,あら……ずいぶんと早いわね。,あら……ずいぶんと早いわね。
78867,mp3010_01,84379,,84377,83174,36063,ch2120181242,blockwise,evo,啊……来得好快呀。,さっき依頼を出したばかりなのに。,さっき依頼を出したばかりなのに。
78868,mp3010_01,84382,,84379,83186,36064,ch0010150561,blockwise,evo,我刚提出委托没多久。,えへへっ♪,えへへっ♪
78869,mp3010_01,84384,,84382,83204,36065,ch0010181244,blockwise,evo,嘿嘿♪,転属してきたばかりだしやる気を見せないとね。,転属してきたばかりだしやる気を見せないとね。
78870,mp3010_01,84394,,84384,83216,36066,ch2120181251,blockwise,evo,我们刚调到这里，所以必须要努力表现。,早速だけどお仕事の話をしちゃっていい？,早速だけどお仕事の話をしちゃっていい？
78871,mp3010_01,84410,,84394,83258,36067,ch2120181256,blockwise,evo,那我现在就把工作内容告诉你们，可以吗？,あら、あなたたち。来てくれたのね。,あら、あなたたち。来てくれたのね。
78872,mp3010_01,84412,,84410,83330,36068,ch2120181257,blockwise,evo,哦，你们来了啊。,じゃ、早速だけどお仕事の話をしちゃっていい？,じゃ、早速だけどお仕事の話をしちゃっていい？
78873,mp3010_01,84433,,84412,83342,36069,ch0010181252,blockwise,evo,那我现在就把工作内容告诉你们，可以吗？,あ、ごめんね。今すぐはちょっと無理なんだ。,あ、ごめんね。今すぐはちょっと無理なんだ。
78874,mp3010_01,84435,,84433,83420,36070,ch2120181253,blockwise,evo,啊，对不起，现在还不行。,あら、そうなの。,あら、そうなの。
78875,mp3010_01,84437,,84435,83432,36071,ch2120181254,blockwise,evo,啊，这样啊。,それじゃ、用が済んだらまた来てちょうだいね。,それじゃ、用が済んだらまた来てちょうだいね。
78876,mp3010_01,84440,,84437,83444,36072,ch0010170025,blockwise,evo,那你们把事情办完之后再来找我吧。,うん、分かったわ。,うん、分かったわ。
78877,mp3010_01,84468,,84440,83462,36073,ch0010150317,blockwise,evo,嗯，知道了。,うん、いいわよ。,うん、いいわよ。
78878,mp3010_01,84472,,84468,83540,36074,ch0020181259,blockwise,evo,嗯，好的。,臨時司書の募集…………ということでしたよね。,臨時司書の募集…………ということでしたよね。
78879,mp3010_01,84494,,84472,83564,36075,ch2120181260,blockwise,evo,是募集临时图书馆员吧？,ええ、そうなの。,ええ、そうなの。
78880,mp3010_01,84500,,84494,83624,36076,ch2120181261,blockwise,evo,嗯，是的。,ちょっと手に負えない厄介な仕事もあってね。,ちょっと手に負えない厄介な仕事もあってね。
78881,mp3010_01,84502,,84500,83660,36077,ch0010181262,blockwise,evo,有一些让人束手无策的麻烦工作。,手に負えない仕事？,手に負えない仕事？
78882,mp3010_01,84507,,84502,83672,36078,ch2120181263,blockwise,evo,束手无策？,ま、その話は後でするわ。,ま、その話は後でするわ。
78883,mp3010_01,84510,,84507,83702,36079,ch2120181264,blockwise,evo,啊，这个之后再说。,それより先に片付けて欲しい仕事があるの。,それより先に片付けて欲しい仕事があるの。
78884,mp3010_01,84513,,84510,83720,36080,ch2120181265,blockwise,evo,在此之前，还有件工作想让你们解决。,まずは、そっちからお願いするわ。,まずは、そっちからお願いするわ。
78885,mp3010_01,84534,,84513,83738,36081,ch0020181266,blockwise,evo,你们先去处理这件工作吧。,どんなお仕事ですか？,どんなお仕事ですか？
78886,mp3010_01,84538,,84534,83792,36082,ch2120181267,blockwise,evo,是什么工作呢？,資料室は工房中の研究室に本を貸し出してるんだけど……,資料室は工房中の研究室に本を貸し出してるんだけど……
78887,mp3010_01,84540,,84538,83816,36083,ch2120181268,blockwise,evo,工房研究室的人经常来这里借书……,時折、期限を過ぎても返却されないことがあるの。,時折、期限を過ぎても返却されないことがあるの。
78888,mp3010_01,84544,,84540,83828,36084,ch2120181269,blockwise,evo,有时会出现逾期不还书的情况。,まず最初に、そういう本の回収をお願いしたいのよ。,まず最初に、そういう本の回収をお願いしたいのよ。
78889,mp3010_01,84546,,84544,83852,36085,ch0010181270,blockwise,evo,你们先去把那些书找回来吧。,なんだ、簡単じゃない。で、どこに行けばいいの？,なんだ、簡単じゃない。で、どこに行けばいいの？
78890,mp3010_01,84561,,84546,83864,36086,ch2120181271,blockwise,evo,这样啊，很简单嘛。那么，去哪里找呢？,ええと、貸し出し先は……,ええと、貸し出し先は……
78891,mp3010_01,84565,,84561,83954,36087,ch2120181272,blockwise,evo,嗯，借书人在……,３Ｆの設計室に４Ｆの実験室と医務室よ。,３Ｆの設計室に４Ｆの実験室と医務室よ。
78892,mp3010_01,84583,,84565,83978,36088,ch0010181273,blockwise,evo,三楼的设计室，还有四楼的实验室和医务室。,３Ｆの設計室に４Ｆの実験室と医務室……と。,３Ｆの設計室に４Ｆの実験室と医務室……と。
78893,mp3010_01,84586,,84583,84062,36089,ch0010181274,blockwise,evo,三楼的设计室，还有四楼的实验室和医务室……嗯。,………………それで終わり？,………………それで終わり？
78894,mp3010_01,84609,,84586,84080,36090,ch2120181275,blockwise,evo,………………就这些吗？,ええ、そうよ。,ええ、そうよ。
78895,mp3010_01,84612,,84609,84146,36091,ch2120181276,blockwise,evo,嗯，是的。,手早く片付けて来てくださいな。,手早く片付けて来てくださいな。
78896,mp3010_01,84615,,84612,84164,36092,ch0010181277,blockwise,evo,请你们尽快把书找回来。,うん、分かったわ。,うん、分かったわ。
78897,mp3010_01,84618,,84615,84182,36093,ch0020181278,blockwise,evo,嗯，知道了。,では、早速取り掛かります。,では、早速取り掛かります。
78898,mp3010_01,88578,,84618,84200,36094,ch2120181310,blockwise,evo,我们会尽快完成的。,どう？仕事は進んでる？,どう？仕事は進んでる？
78899,mp3010_01,88580,,88578,85408,36095,ch0010181311,normalized,evo,怎么样？工作有进展吗？,へっへ～♪持って来たわよ。,へっへ〜♪持って来たわよ。
78900,mp3010_01,88645,,88580,85420,36157,ch2120181282,exact,evo,嘿嘿～♪拿来了。,うん……確かに……,うん……確かに……
78901,mp3010_01,88647,,88645,85720,36158,ch2120181283,blockwise,evo,嗯……没错……,これで全部の本を回収できたわね。,これで全部の本を回収できたわね。
78902,mp3010_01,88658,,88647,85732,36159,ch2120181284,blockwise,evo,你们已经把所有的书都找回来了。,とりあえず、お疲れ様。,とりあえず、お疲れ様。
78903,mp3010_01,88661,,88658,87790,36104,ch0010181315,blockwise,evo,真是辛苦了。,ふふん、これぐらい楽勝よ。,ふふん、これぐらい楽勝よ。
78904,mp3010_01,88664,,88661,85816,36105,ch0020181316,blockwise,evo,哼哼，这种工作简直轻而易举。,さすがに問題なかったね。,さすがに問題なかったね。
78905,mp3010_01,88668,,88664,85834,36106,ch2120181317,blockwise,evo,的确是小事一桩。,あら、それは頼もしいわね。,あら、それは頼もしいわね。
78906,mp3010_01,88694,,88668,85858,36107,ch2120181318,blockwise,evo,哎呀，果然很靠得住啊。,それなら、早いとこ本命の仕事をお願いしようかしら。,それなら、早いとこ本命の仕事をお願いしようかしら。
78907,mp3010_01,88697,,88694,85942,36108,ch0010181319,blockwise,evo,那么，我这就把正式工作交给你们吧。,あ、そうだったわね。,あ、そうだったわね。
78908,mp3010_01,88699,,88697,85960,36109,ch0010181320,blockwise,evo,啊，这样啊。,手に負えない厄介な仕事があるって言ってたっけ。,手に負えない厄介な仕事があるって言ってたっけ。
78909,mp3010_01,88702,,88699,85972,36110,ch0020181321,blockwise,evo,就是之前说的那个让人束手无策的麻烦工作吧？,一体、どんな仕事ですか？,一体、どんな仕事ですか？
78910,mp3010_01,88725,,88702,85990,36111,ch2120181322,blockwise,evo,究竟是什么工作呢？,基本的には今と同じ、返却期限を過ぎた資料の回収よ。,基本的には今と同じ、返却期限を過ぎた資料の回収よ。
78911,mp3010_01,88727,,88725,86056,36112,ch2120181323,blockwise,evo,基本内容和上次一样，拿回逾期未还的资料。,探してもらう本の名前は『エルベキツツキの生態』。,探してもらう本の名前は『エルベキツツキの生態』。
78912,mp3010_01,88731,,88727,86068,36113,ch0020181324,blockwise,evo,需要找回的书是《艾尔贝啄木鸟的生态》。,メモよろしく。,メモよろしく。
78913,mp3010_01,88734,,88731,86092,36114,ch0010181325,blockwise,evo,先记录下来吧。,あ、はいはい…………『キツツキの生態』……と。,あ、はいはい…………『キツツキの生態』……と。
78914,mp3010_01,88737,,88734,86110,36115,ch0010181326,blockwise,evo,啊，好的好的…………《啄木鸟的生态》……,鳥の本……かな？,鳥の本……かな？
78915,mp3010_01,88763,,88737,86128,36116,ch0070181327,blockwise,evo,是介绍鸟的书吗？,あ、うん。たぶんそーだよ。,あ、うん。たぶんそーだよ。
78916,mp3010_01,88773,,88763,86200,36117,ch0070181328,blockwise,evo,嗯，大概是。,エルベキツツキは大昔にいた鳥の名前だから。,エルベキツツキは大昔にいた鳥の名前だから。
78917,mp3010_01,88780,,88773,86296,36118,ch0070181329,blockwise,evo,艾尔贝啄木鸟是一种生存在很久以前的鸟类。,あ、はい。そーだと思いますよ。,あ、はい。そーだと思いますよ。
78918,mp3010_01,88791,,88780,86254,36119,ch0070181330,blockwise,evo,啊，是的。,エルベキツツキは大昔にいた鳥の名前ですから。,エルベキツツキは大昔にいた鳥の名前ですから。
78919,mp3010_01,88796,,88791,86296,36120,ch0010181331,blockwise,evo,艾尔贝啄木鸟是一种生存在很久以前的鸟类。,ふ～ん、なるほどね。,ふ〜ん、なるほどね。
78920,mp3010_01,88827,,88796,86308,36121,ch0020181332,blockwise,evo,嗯～这样啊。,それで、何か手掛かりは？,それで、何か手掛かりは？
78921,mp3010_01,88831,,88827,86404,36122,ch2120181333,blockwise,evo,那么，有什么线索吗？,ええ、あることはあるわよ。,ええ、あることはあるわよ。
78922,mp3010_01,88866,,88831,86428,36123,ch2120181334,blockwise,evo,嗯，有的。,……これを見てちょうだい。,……これを見てちょうだい。
78923,mp3010_01,88897,,88866,86590,36125,ch0010181336,blockwise,evo,……请看这个。,一応、メモはしたけど……,一応、メモはしたけど……
78924,mp3010_01,88902,,88897,86704,36126,ch0010181337,blockwise,evo,记下来了……,…………なによ、これ？,…………なによ、これ？
78925,mp3010_01,88933,,88902,86734,36127,ch2120181338,blockwise,evo,…………不过，这是什么意思？,その本の帯出カードに書いてあった文章よ。,その本の帯出カードに書いてあった文章よ。
78926,mp3010_01,88935,,88933,86824,36128,ch2120181339,blockwise,evo,这是写在这本书的借书卡上的字。,どうやら、本を隠した場所のヒントになってるらしいの。,どうやら、本を隠した場所のヒントになってるらしいの。
78927,mp3010_01,88956,,88935,86836,36129,ch0010181340,blockwise,evo,似乎是关于藏书地点的提示。,隠した場所のヒント……って。,隠した場所のヒント……って。
78928,mp3010_01,88959,,88956,86890,36130,ch0010181341,blockwise,evo,关于藏书地点的提示……,それって最初から隠すつもりで本を借りたってこと？,それって最初から隠すつもりで本を借りたってこと？
78929,mp3010_01,88961,,88959,86908,36131,ch2120181342,blockwise,evo,也就是说，在借书时就打算把书藏起来吗？,ええ、そうらしいわ。昔の研究者のしわざみたいね。,ええ、そうらしいわ。昔の研究者のしわざみたいね。
78930,mp3010_01,88966,,88961,86920,36132,ch2120181343,blockwise,evo,嗯，应该是。这是以前的研究员干的。,何で本なんか隠そうと思ったのか見当もつかないけど……,何で本なんか隠そうと思ったのか見当もつかないけど……
78931,mp3010_01,88968,,88966,86950,36133,ch2120181344,blockwise,evo,真搞不懂为什么要把书藏起来……,ま、変な人が多いのはここの伝統ってことかしら。,ま、変な人が多いのはここの伝統ってことかしら。
78932,mp3010_01,88974,,88968,86962,36134,ch0070181345,blockwise,evo,不过，这里的怪人一向有很多。,あ、あはは…………,あ、あはは…………
78933,mp3010_01,89005,,88974,86992,36135,ch2120181346,blockwise,evo,哈、哈哈…………,じゃ、後はよろしく。がんばって探してくださいな。,じゃ、後はよろしく。がんばって探してくださいな。
78934,mp3010_01,89008,,89005,87088,36136,ch0010181347,blockwise,evo,那么，这件事就拜托你们了，请加油找吧。,ちょ、ちょっと待って。手掛かりってこれだけ？,ちょ、ちょっと待って。手掛かりってこれだけ？
78935,mp3010_01,89011,,89008,87106,36137,ch2120181348,blockwise,evo,等、等一下，只有这点线索吗？,ええ、これだけよ。,ええ、これだけよ。
78936,mp3010_01,89013,,89011,87124,36138,ch2120181349,blockwise,evo,嗯，只有这点。,だから、遊撃士協会に依頼を出したんじゃない。,だから、遊撃士協会に依頼を出したんじゃない。
78937,mp3010_01,89015,,89013,87136,36139,ch0010181350,blockwise,evo,所以我才会委托游击士协会啊。,う………………,う………………
78938,mp3010_01,89017,,89015,87148,36140,ch0010181351,blockwise,evo,唔………………,そ、それを言われちゃおしまいね。,そ、それを言われちゃおしまいね。
78939,mp3010_01,89040,,89017,87160,36141,ch0020181352,blockwise,evo,我、我觉得已经没什么希望了。,……分かりました。,……分かりました。
78940,mp3010_01,89042,,89040,87226,36142,ch0020181353,blockwise,evo,……我明白了。,難しいお仕事ですが精一杯努力してみます。,難しいお仕事ですが精一杯努力してみます。
78941,mp3010_01,89046,,89042,87238,36143,ch2120181354,blockwise,evo,越是困难的工作，就越要努力完成。,ツァイス地方をくまなく調べれば、きっと見つかるわよ。,ツァイス地方をくまなく調べれば、きっと見つかるわよ。
78942,mp3010_01,89048,,89046,87262,36144,ch2120181355,blockwise,evo,我们只要在整个蔡斯地区仔细调查，就一定能找到。,あたしはここで待ってるから。本が見つかったら持ってきてね。,あたしはここで待ってるから。本が見つかったら持ってきてね。
78943,mp3010_01,89052,,89048,87274,36145,ch0010181356,blockwise,evo,我就在这里等着。找到书之后，就拿回来给我吧。,はあ…………がんばるしかないか。,はあ…………がんばるしかないか。
78944,mp3010_01,89055,,89052,87298,36146,ch2120181357,blockwise,evo,呼…………只有加油干了。,うふふ、期待してるわよ。,うふふ、期待してるわよ。
78945,mp3010_01,89070,,89055,87316,36157,ch2120181282,blockwise,evo,呵呵，我很期待哦。,うん……確かに……,うん……確かに……
78946,mp3010_01,89073,,89070,87358,36148,ch2120181359,blockwise,evo,嗯……没错……,それじゃ、残りの本もよろしくね。,それじゃ、残りの本もよろしくね。
78947,mp3010_01,89093,,89073,87376,36149,ch2120181279,blockwise,evo,那么，剩下的书也拜托你们了。,あら………………,あら………………
78948,mp3010_01,89096,,89093,87430,36150,ch2120181280,blockwise,evo,哎呀……………………,本を返しに来てくれたの？,本を返しに来てくれたの？
78949,mp3010_01,89099,,89096,87448,36151,ch0010181281,blockwise,evo,把书拿回来了吗？,うん、持って来たわよ。,うん、持って来たわよ。
78950,mp3010_01,89160,,89099,87466,36157,ch2120181282,blockwise,evo,嗯，拿来了。,うん……確かに……,うん……確かに……
78951,mp3010_01,89164,,89160,87742,36158,ch2120181283,blockwise,evo,嗯……没错……,これで全部の本を回収できたわね。,これで全部の本を回収できたわね。
78952,mp3010_01,89168,,89164,87766,36159,ch2120181284,blockwise,evo,你们已经把所有的书都找回来了。,とりあえず、お疲れ様。,とりあえず、お疲れ様。
78953,mp3010_01,89175,,89168,87790,36241,ch0020181285,blockwise,evo,真是辛苦了。,すみません。遅くなっちゃって……,すみません。遅くなっちゃって……
78954,mp3010_01,89177,,89175,87832,36289,ch2120181286,blockwise,evo,对不起，这么晚才完成……,他に大切な仕事があったんだから仕方ないわ。,他に大切な仕事があったんだから仕方ないわ。
78955,mp3010_01,89179,,89177,87844,36243,ch2120181287,blockwise,evo,这也没办法，你们还有别的重要工作嘛。,そんな忙しい最中にやってくれたんだから感謝してるわよ。,そんな忙しい最中にやってくれたんだから感謝してるわよ。
78956,mp3010_01,89181,,89179,87856,36163,ch0010181288,blockwise,evo,你们在这么忙的时候还愿意帮我的忙，我已经很感谢了。,うん……ありがと。,うん……ありがと。
78957,mp3010_01,89185,,89181,90313,36293,ch2120181289,blockwise,evo,嗯……谢谢。,こちらこそ、感謝してるわ。,こちらこそ、感謝してるわ。
78958,mp3010_01,89193,,89185,87892,36294,ch2120181290,blockwise,evo,彼此彼此，非常感谢你们。,じゃ、これからも元気でね。,じゃ、これからも元気でね。
78959,mp3010_01,89196,,89193,87940,36295,ch0020181291,blockwise,evo,那以后也要继续努力哦。,いろいろとお世話になりました。,いろいろとお世話になりました。
78960,mp3010_01,89198,,89196,87958,36296,ch0010151344,blockwise,evo,感谢最近一段时间您对我们的诸多照顾。,それじゃあね。,それじゃあね。
78961,mp3010_01,89206,,89198,90409,36168,ch2120181293,blockwise,evo,再见了。,うん、確かに。,うん、確かに。
78962,mp3010_01,89208,,89206,87994,36169,ch2120181294,blockwise,evo,嗯，没错。,残りの本はもうこちらで回収しちゃったから……,残りの本はもうこちらで回収しちゃったから……
78963,mp3010_01,89211,,89208,88006,36170,ch2120181295,blockwise,evo,我已经把剩下的书找回来了……,一応これで、依頼は終了ってことにするわ。,一応これで、依頼は終了ってことにするわ。
78964,mp3010_01,89213,,89211,88024,37090,ch0010181211,blockwise,evo,所以，委托就此结束。,え……どうして？,え……どうして？
78965,mp3010_01,89226,,89213,88036,36284,ch2120181297,blockwise,evo,哎，为什么……？,ギルドから連絡があったのよ。,ギルドから連絡があったのよ。
78966,mp3010_01,89229,,89226,88114,36285,ch2120181298,blockwise,evo,我从协会那里听说了。,あなたたち、もうすぐ他の支部に転属になるんでしょ？,あなたたち、もうすぐ他の支部に転属になるんでしょ？
78967,mp3010_01,89233,,89229,88132,36286,ch2120181299,blockwise,evo,你们马上就要调到别的分部去了吧？,なら、所属が変わる前に依頼を整理しておかないと。,なら、所属が変わる前に依頼を整理しておかないと。
78968,mp3010_01,89239,,89233,88156,36287,ch0020181300,blockwise,evo,所以调离之前，必须将委托的事宜整理好。,そうでしたか……,そうでしたか……
78969,mp3010_01,89242,,89239,88192,36288,ch0020181301,blockwise,evo,是吗……,すみません。中途半端になってしまって……,すみません。中途半端になってしまって……
78970,mp3010_01,89244,,89242,88210,36177,ch0010181302,blockwise,evo,对不起。委托半途而废……,ほんとごめんね。,ほんとごめんね。
78971,mp3010_01,89254,,89244,88222,36178,ch2120181303,blockwise,evo,真的很抱歉。,あら、気にしないでいいわ。,あら、気にしないでいいわ。
78972,mp3010_01,89259,,89254,88282,36179,ch2120181304,blockwise,evo,啊，不用在意。,他に大切な仕事があったんだから仕方ないわよ。,他に大切な仕事があったんだから仕方ないわよ。
78973,mp3010_01,89262,,89259,88312,36244,ch0010181305,blockwise,evo,因为你们还有别的重要工作，这也是没办法的事。,うん……ありがと。,うん……ありがと。
78974,mp3010_01,89270,,89262,90313,36181,ch2120181306,blockwise,evo,嗯……谢谢。,じゃ、ありがとうね。,じゃ、ありがとうね。
78975,mp3010_01,89273,,89270,88378,36246,ch2120181307,blockwise,evo,感谢你们的帮忙。,元気で行ってらっしゃいな。,元気で行ってらっしゃいな。
78976,mp3010_01,89276,,89273,88396,36295,ch0020181291,blockwise,evo,要保重哦。,いろいろとお世話になりました。,いろいろとお世話になりました。
78977,mp3010_01,89278,,89276,88414,37682,ch0010181055,normalized,evo,多谢您在这段时间的关照。,それじゃあね。,それじゃあね〜。
78978,mp3010_01,92289,,89278,90409,36234,ch2120181405,blockwise,evo,再见了。,あら……本を持ってきてくれたの？,あら……本を持ってきてくれたの？
78979,mp3010_01,92292,,92289,89965,36235,ch0010181406,blockwise,evo,啊……你们把书拿来了吗？,うん、そうよ。,うん、そうよ。
78980,mp3010_01,92295,,92292,94189,36276,ch0020181363,blockwise,evo,嗯，是的。,確認をお願いします。,確認をお願いします。
78981,mp3010_01,92324,,92295,94201,36279,ch2120181364,blockwise,evo,请您确认一下。,…………あら、驚いた。,…………あら、驚いた。
78982,mp3010_01,92328,,92324,94399,36280,ch2120181365,blockwise,evo,……啊，真让我吃惊。,確かにこの本よ。良く見つけてくれたわね。,確かにこの本よ。良く見つけてくれたわね。
78983,mp3010_01,92338,,92328,90199,36241,ch0020181285,blockwise,evo,就是这本书。你们还真找到了。,すみません。遅くなっちゃって……,すみません。遅くなっちゃって……
78984,mp3010_01,92342,,92338,90259,36289,ch2120181286,blockwise,evo,对不起，这么晚才送来……,他に大切な仕事があったんだから仕方ないわ。,他に大切な仕事があったんだから仕方ないわ。
78985,mp3010_01,92345,,92342,90283,36243,ch2120181287,blockwise,evo,这也没办法，你们还有别的重要工作嘛。,そんな忙しい最中にやってくれたんだから感謝してるわよ。,そんな忙しい最中にやってくれたんだから感謝してるわよ。
78986,mp3010_01,92347,,92345,90301,36244,ch0010181305,blockwise,evo,你们在这么忙的时候还愿意帮我的忙，我已经很感谢了。,うん……ありがと。,うん……ありがと。
78987,mp3010_01,92355,,92347,90313,36245,ch2120181414,blockwise,evo,嗯……谢谢。,じゃ、またね。,じゃ、またね。
78988,mp3010_01,92358,,92355,90361,36246,ch2120181307,blockwise,evo,再见了。,元気で行ってらっしゃいな。,元気で行ってらっしゃいな。
78989,mp3010_01,92361,,92358,90379,36295,ch0020181291,blockwise,evo,要保重哦。,いろいろとお世話になりました。,いろいろとお世話になりました。
78990,mp3010_01,92363,,92361,90397,36248,ch0010181309,blockwise,evo,多谢您在这段时间的关照。,それじゃあね。,それじゃあね。
78991,mp3010_01,92369,,92363,90409,36186,ch2120181360,blockwise,evo,再见了。,あら……何か進展はあった？,あら……何か進展はあった？
78992,mp3010_01,92371,,92369,90421,36187,ch0010181361,blockwise,evo,啊……有什么进展吗？,うん、バッチリ！,うん、バッチリ！
78993,mp3010_01,92373,,92371,90433,36188,ch0010181362,blockwise,evo,嗯，很顺利。,本を持ってきたわよ。,本を持ってきたわよ。
78994,mp3010_01,92376,,92373,90445,36276,ch0020181363,blockwise,evo,书已经带回来了。,確認をお願いします。,確認をお願いします。
78995,mp3010_01,92417,,92376,90463,36279,ch2120181364,blockwise,evo,请您确认一下。,…………あら、驚いた。,…………あら、驚いた。
78996,mp3010_01,92420,,92417,94399,36280,ch2120181365,blockwise,evo,……啊，真让我吃惊。,確かにこの本よ。良く見つけてくれたわね。,確かにこの本よ。良く見つけてくれたわね。
78997,mp3010_01,92422,,92420,90655,36194,ch0010181366,blockwise,evo,就是这本书。你们还真找到了。,ふふん。ざっとこんなものよ。,ふふん。ざっとこんなものよ。
78998,mp3010_01,92425,,92422,90667,36195,ch2120181367,blockwise,evo,哼哼，小事一桩。,正直な話、ムリだと思ってたんだけど……,正直な話、ムリだと思ってたんだけど……
78999,mp3010_01,92428,,92425,90685,36196,ch2120181368,blockwise,evo,说实话，我本认为再也找不回来了……,見つけちゃうなんて大したものだわ。,見つけちゃうなんて大したものだわ。
79000,mp3010_01,92436,,92428,90703,36197,ch2120181369,blockwise,evo,你们竟然能找到，真是太了不起了。,これなら、残りの仕事も安心して任せられるわね。,これなら、残りの仕事も安心して任せられるわね。
79001,mp3010_01,92467,,92436,90751,36198,ch0010181370,blockwise,evo,既然如此，我就可以把剩下的工作放心交给你们了。,はいっ……………！？,はいっ……………！？
79002,mp3010_01,92469,,92467,90865,36199,ch0010181371,blockwise,evo,啊…………！？,……の、残りの仕事？,……の、残りの仕事？
79003,mp3010_01,92472,,92469,90877,36200,ch0020181372,blockwise,evo,……剩、剩下的工作？,……他にもあるんですか？,……他にもあるんですか？
79004,mp3010_01,92497,,92472,90895,36201,ch2120181373,blockwise,evo,……还有其他的？,例の研究者が隠した本は全部で３冊あるのよ。,例の研究者が隠した本は全部で３冊あるのよ。
79005,mp3010_01,92501,,92497,90973,36202,ch2120181374,blockwise,evo,那个研究员一共藏了三本书。,つまり、残りはあと２冊ってことね。,つまり、残りはあと２冊ってことね。
79006,mp3010_01,92505,,92501,90997,36203,ch2120181375,blockwise,evo,也就是说，还剩下两本哦。,……言ってなかったかしら？,……言ってなかったかしら？
79007,mp3010_01,92508,,92505,91021,36204,ch0010181376,blockwise,evo,……我之前没和你们说过吗？,全っ然、初耳なんですけど。,全っ然、初耳なんですけど。
79008,mp3010_01,92512,,92508,91039,36205,ch2120181377,blockwise,evo,完全没有，这是第一次听说。,あら、おかしいわね…………,あら、おかしいわね…………
79009,mp3010_01,92535,,92512,91063,36206,ch2120181378,blockwise,evo,啊，真奇怪……,ま、でもいいじゃない。どうせ乗りかかった船なのよ？,ま、でもいいじゃない。どうせ乗りかかった船なのよ？
79010,mp3010_01,92537,,92535,91129,36207,ch2120181379,blockwise,evo,算啦，就这样吧。反正你们已经骑虎难下了。,このまま最後までやっちゃいなさいな。,このまま最後までやっちゃいなさいな。
79011,mp3010_01,92540,,92537,91141,36208,ch0010181380,blockwise,evo,就请坚持到最后吧。,まあ、それは別にいいんだけど…………,まあ、それは別にいいんだけど…………
79012,mp3010_01,92543,,92540,91159,36209,ch0010181381,blockwise,evo,嗯，这倒是没问题…………,またあんな意味不明な文字とにらめっこかと思うと……ねえ。,またあんな意味不明な文字とにらめっこかと思うと……ねえ。
79013,mp3010_01,92546,,92543,91177,36210,ch0020181382,blockwise,evo,只希望别再出现那种莫名其妙的文字了……,そう言えば、ルーアンでもそんなことしてたよね。,そう言えば、ルーアンでもそんなことしてたよね。
79014,mp3010_01,92570,,92546,91195,36211,ch2120181383,blockwise,evo,说起来，我们在卢安也遇到过这样的事情。,あら、それなら心配いらないわよ。,あら、それなら心配いらないわよ。
79015,mp3010_01,92577,,92570,91267,36212,ch2120181384,blockwise,evo,哦，你们不用担心。,次の本のヒントには文字なんてないんだから。,次の本のヒントには文字なんてないんだから。
79016,mp3010_01,92579,,92577,91309,36213,ch0010181385,blockwise,evo,下一本书的提示并不是文字。,えっ、そうなの？,えっ、そうなの？
79017,mp3010_01,92612,,92579,91321,36214,ch2120181386,blockwise,evo,啊，真的吗？,論より証拠。これを見てちょうだいな。,論より証拠。これを見てちょうだいな。
79018,mp3010_01,92646,,92612,91447,36216,ch0010181387,blockwise,evo,事实胜于雄辩，请看。,…………………………,…………………………
79019,mp3010_01,92648,,92646,91579,36217,ch0010181388,blockwise,evo,…………………………,……な、なんて言うか。,……な、なんて言うか。
79020,mp3010_01,92650,,92648,91591,36218,ch0020181389,blockwise,evo,……该、该说什么好。,……コメントのしようがないよね。,……コメントのしようがないよね。
79021,mp3010_01,92656,,92650,91603,36219,ch0070181390,blockwise,evo,……已经无言以对了。,……●に×かー。,……●に×かー。
79022,mp3010_01,92658,,92656,91651,36220,ch0070181391,blockwise,evo,……●和×吗……,うーん、×印のところに本があるってことなのかな？,うーん、×印のところに本があるってことなのかな？
79023,mp3010_01,92664,,92658,91663,36221,ch0070181392,blockwise,evo,唔～标有×记号的地方应该就是书的所在地吧？,……●に×ですかー。,……●に×ですかー。
79024,mp3010_01,92666,,92664,91651,36222,ch0070181393,blockwise,evo,……●和×吗……,うーん、×印のところに本があるってことでしょーか？,うーん、×印のところに本があるってことでしょーか？
79025,mp3010_01,92706,,92666,91663,36223,ch2120181394,blockwise,evo,唔～标有×记号的地方应该就是书的所在地吧？,探してもらう本の名前は『ハーツ少年の冒険・下』よ。,探してもらう本の名前は『ハーツ少年の冒険・下』よ。
79026,mp3010_01,92709,,92706,91813,36224,ch0010181395,blockwise,evo,要寻找的这本书是《少年哈茨的冒险·下》哦。,はいはい……『ハーツ少年の冒険・下』ね。,はいはい……『ハーツ少年の冒険・下』ね。
79027,mp3010_01,92712,,92709,91831,36225,ch2120181396,blockwise,evo,好的，《少年哈茨的冒险·下》。,上巻だけは資料室に残ってるから、続きはどこだって利用者がうるさいのよ。,上巻だけは資料室に残ってるから、続きはどこだって利用者がうるさいのよ。
79028,mp3010_01,92715,,92712,91849,36226,ch2120181397,blockwise,evo,上卷还在资料室，不少人吵着要看下卷。,ま、せいぜい気合を入れて探してちょうだい。,ま、せいぜい気合を入れて探してちょうだい。
79029,mp3010_01,92738,,92715,91867,36227,ch0020181398,blockwise,evo,好，你们就鼓足干劲去找吧。,それにしてもまたまた難問だね。,それにしてもまたまた難問だね。
79030,mp3010_01,92741,,92738,91933,36228,ch0010181399,blockwise,evo,话说回来，这次的提示也很难懂啊。,これならまだ文字ばっかの方が簡単だったかも。,これならまだ文字ばっかの方が簡単だったかも。
79031,mp3010_01,92744,,92741,91951,36229,ch0010181400,blockwise,evo,与这种提示相比，文字提示反而简单一些。,……ま、どっちにしてもやるしかないんだけど。,……ま、どっちにしてもやるしかないんだけど。
79032,mp3010_01,92769,,92744,91969,36230,ch2120181401,blockwise,evo,……算了，不管怎么说，我们也只能努力去找了。,それじゃ、後はがんばってくださいな。,それじゃ、後はがんばってくださいな。
79033,mp3010_01,92775,,92769,92047,36231,ch2120181402,blockwise,evo,那么，你们就加油干吧。,例によってあたしはここで待ってるから。,例によってあたしはここで待ってるから。
79034,mp3010_01,92778,,92775,92083,36232,ch0020181403,blockwise,evo,老规矩，我还在这里等你们。,では、行ってきます。,では、行ってきます。
79035,mp3010_01,92782,,92778,92101,36233,ch0010181404,blockwise,evo,那我们这就出发吧。,じゃあ、がんばってきますか。,じゃあ、がんばってきますか。
79036,mp3010_01,95025,,92782,92125,36297,ch2120181418,blockwise,evo,嗯，加油吧。,あら…………,あら…………
79037,mp3010_01,95028,,95025,95731,36250,ch2120181419,blockwise,evo,啊…………,……もしかして本が見つかったの？,……もしかして本が見つかったの？
79038,mp3010_01,95030,,95028,93193,36251,ch0010181420,blockwise,evo,……难道你们已经找到书了？,むふふ、見つけてきたわよ。,むふふ、見つけてきたわよ。
79039,mp3010_01,95032,,95030,93205,36252,ch0020181421,blockwise,evo,呵呵，找到啦。,また確認をお願いします。,また確認をお願いします。
79040,mp3010_01,95064,,95032,93217,36255,ch2120181422,blockwise,evo,请您确认一下。,……うん、確かにこの本よ。,……うん、確かにこの本よ。
79041,mp3010_01,95066,,95064,93409,36256,ch2120181423,blockwise,evo,……嗯，确实是这本书。,さあ、これでいよいよあと１冊ね。,さあ、これでいよいよあと１冊ね。
79042,mp3010_01,95069,,95066,93421,36257,ch0010181424,blockwise,evo,那么，只剩最后一本了。,ふう、もう一息ね。,ふう、もう一息ね。
79043,mp3010_01,95073,,95069,93439,36258,ch0010181425,blockwise,evo,呼，总算快完了。,それで、次はどんな本を探せばいいの？,それで、次はどんな本を探せばいいの？
79044,mp3010_01,95075,,95073,93463,36259,ch2120181426,blockwise,evo,那么，接下来要找什么书？,うふふ、焦らなくともちゃんと教えてあげるわ。,うふふ、焦らなくともちゃんと教えてあげるわ。
79045,mp3010_01,95083,,95075,93475,36260,ch2120181427,blockwise,evo,呵呵，不要着急，我这就告诉你们。,最後に探してもらうのは『３１本の糸杉』って本よ。,最後に探してもらうのは『３１本の糸杉』って本よ。
79046,mp3010_01,95094,,95083,93523,36261,ch2120181428,blockwise,evo,最后要找的书是《３１棵丝柏树》。,……で、これがその帯出カード。毎度おなじみの意味不明な文章が書きつづられているわ。,……で、これがその帯出カード。毎度おなじみの意味不明な文章が書きつづられているわ。
79047,mp3010_01,95154,,95094,93589,36263,ch0010181430,normalized,evo,……这是借书卡，上面也写着含义不明的文字。,これまた変な文章ねえ～。,これまた変な文章ねえ〜。
79048,mp3010_01,95157,,95154,93829,36264,ch0010181431,blockwise,evo,又是莫名其妙的文字啊～,まあ、なんかもうなれっこになっちゃったけど。,まあ、なんかもうなれっこになっちゃったけど。
79049,mp3010_01,95159,,95157,93847,36265,ch0020181432,blockwise,evo,算了，反正已经习惯了。,またナゾナゾかな？,またナゾナゾかな？
79050,mp3010_01,95166,,95159,93859,36266,ch0070181433,blockwise,evo,又是谜语吗？,うん、そーみたいだね。,うん、そーみたいだね。
79051,mp3010_01,95172,,95166,93889,36267,ch0070181434,blockwise,evo,嗯，好像是。,そのよーですねー。,そのよーですねー。
79052,mp3010_01,95211,,95172,93901,36268,ch2120181435,blockwise,evo,好像是。,もうこんなのはお手の物でしょ？,もうこんなのはお手の物でしょ？
79053,mp3010_01,95213,,95211,94045,36269,ch2120181436,blockwise,evo,你们已经很擅长解答这种谜题了吧？,さて……後の段取りはこれまでと一緒よ。,さて……後の段取りはこれまでと一緒よ。
79054,mp3010_01,95216,,95213,94057,36270,ch2120181437,blockwise,evo,那么……我还在这里等着你们。,完全制覇を目指してがんばってちょうだいな。,完全制覇を目指してがんばってちょうだいな。
79055,mp3010_01,95222,,95216,94075,36271,ch0010181438,blockwise,evo,各位加油吧，争取把这件工作完美解决。,じゃあ、行ってくるね。,じゃあ、行ってくるね。
79056,mp3010_01,95226,,95222,94111,36272,ch0020181439,blockwise,evo,那我们这就出发了。,では失礼します。,では失礼します。
79057,mp3010_01,95235,,95226,94135,36297,ch2120181418,blockwise,evo,告辞了。,あら…………,あら…………
79058,mp3010_01,95237,,95235,95731,36274,ch2120181441,blockwise,evo,啊…………,本を持ってきてくれたの？,本を持ってきてくれたの？
79059,mp3010_01,95239,,95237,94177,36275,ch0010181442,blockwise,evo,你们把书拿来了吗？,うん、そうよ。,うん、そうよ。
79060,mp3010_01,95241,,95239,94189,36276,ch0020181363,blockwise,evo,嗯，是的。,確認をお願いします。,確認をお願いします。
79061,mp3010_01,95274,,95241,94201,36279,ch2120181364,blockwise,evo,请您确认一下。,…………あら、驚いた。,…………あら、驚いた。
79062,mp3010_01,95278,,95274,94399,36280,ch2120181365,blockwise,evo,……啊，真让我吃惊。,確かにこの本よ。良く見つけてくれたわね。,確かにこの本よ。良く見つけてくれたわね。
79063,mp3010_01,95292,,95278,94423,36281,ch2120181446,blockwise,evo,就是这本书。你们还真找到了。,それじゃ、一応これで依頼は終了ってことにするわ。,それじゃ、一応これで依頼は終了ってことにするわ。
79064,mp3010_01,95295,,95292,94507,36282,ch0010181447,blockwise,evo,那么，委托就此结束。,え……どうして？,え……どうして？
79065,mp3010_01,95299,,95295,94525,36283,ch0010181448,blockwise,evo,哎，为什么……？,まだ、本が残ってるでしょ？,まだ、本が残ってるでしょ？
79066,mp3010_01,95308,,95299,94549,36284,ch2120181297,blockwise,evo,不是还有书没找回来吗？,ギルドから連絡があったのよ。,ギルドから連絡があったのよ。
79067,mp3010_01,95310,,95308,94603,36285,ch2120181298,blockwise,evo,我从协会那里听说了。,あなたたち、もうすぐ他の支部に転属になるんでしょ？,あなたたち、もうすぐ他の支部に転属になるんでしょ？
79068,mp3010_01,95313,,95310,94615,36286,ch2120181299,blockwise,evo,你们马上就要调到别的分部去了吧？,なら、所属が変わる前に依頼を整理しておかないと。,なら、所属が変わる前に依頼を整理しておかないと。
79069,mp3010_01,95321,,95313,94633,36287,ch0020181300,blockwise,evo,所以调离之前，必须将委托的事宜整理好。,そうでしたか……,そうでしたか……
79070,mp3010_01,95324,,95321,94681,36288,ch0020181301,blockwise,evo,是吗……,すみません。中途半端になってしまって……,すみません。中途半端になってしまって……
79071,mp3010_01,95327,,95324,94699,36289,ch2120181286,blockwise,evo,对不起。委托半途而废……,他に大切な仕事があったんだから仕方ないわ。,他に大切な仕事があったんだから仕方ないわ。
79072,mp3010_01,95329,,95327,94717,36290,ch2120181455,blockwise,evo,这也没办法，你们还有别的重要工作嘛。,ここまでやってくれただけで十分よ。,ここまでやってくれただけで十分よ。
79073,mp3010_01,95332,,95329,94729,36291,ch2120181456,blockwise,evo,能帮我这么多忙，已经足够了。,残った仕事はツァイス支部の人たちに任せればいいんだし。,残った仕事はツァイス支部の人たちに任せればいいんだし。
79074,mp3010_01,95336,,95332,94747,36292,ch0010181457,blockwise,evo,把剩下的工作交给蔡斯分部的其他人就可以了。,うん……ありがと。,うん……ありがと。
79075,mp3010_01,95340,,95336,94771,36293,ch2120181289,blockwise,evo,嗯……谢谢。,こちらこそ、感謝してるわ。,こちらこそ、感謝してるわ。
79076,mp3010_01,95348,,95340,94795,36294,ch2120181290,blockwise,evo,彼此彼此，非常感谢你们。,じゃ、これからも元気でね。,じゃ、これからも元気でね。
79077,mp3010_01,95350,,95348,94843,36295,ch0020181291,blockwise,evo,那以后也要继续努力哦。,いろいろとお世話になりました。,いろいろとお世話になりました。
79078,mp3010_01,95352,,95350,94855,36296,ch0010151344,blockwise,evo,感谢最近一段时间您对我们的诸多照顾。,それじゃあね。,それじゃあね。
79079,mp3010_01,96880,,95352,94867,36297,ch2120181418,blockwise,evo,再见了。,あら…………,あら…………
79080,mp3010_01,96885,,96880,95731,36298,ch2120181486,blockwise,evo,啊…………,……ひょっとして？,……ひょっとして？
79081,mp3010_01,96888,,96885,95761,36299,ch0010181487,blockwise,evo,难道……？,うん、最後の１冊も見つけてきちゃったわよ。,うん、最後の１冊も見つけてきちゃったわよ。
79082,mp3010_01,96890,,96888,95779,36300,ch0020181488,blockwise,evo,嗯，找到最后一本书了。,念のため、確認をお願いします。,念のため、確認をお願いします。
79083,mp3010_01,96925,,96890,95791,36303,ch2120181489,blockwise,evo,慎重起见，请您确认一下。,……ええ、間違いないわ。,……ええ、間違いないわ。
79084,mp3010_01,96931,,96925,96001,36304,ch2120181490,blockwise,evo,……嗯，没错。,すごいわ、本当に３冊とも見つけるなんて。,すごいわ、本当に３冊とも見つけるなんて。
79085,mp3010_01,96937,,96931,96037,36305,ch0010181491,blockwise,evo,好厉害，竟然真的把三本书都找到了。,えへへっ、がんばったからね。,えへへっ、がんばったからね。
79086,mp3010_01,96939,,96937,96073,36306,ch0010181492,blockwise,evo,嘿嘿，因为我们很努力啊。,あ、そうそう……他にも見つけたものがあるのよ。,あ、そうそう……他にも見つけたものがあるのよ。
79087,mp3010_01,96942,,96939,96085,36307,ch0020181493,blockwise,evo,哦，对了……我们还找到了别的东西。,本と同じ場所にあったものなんですが……,本と同じ場所にあったものなんですが……
79088,mp3010_01,96950,96151,96942,96103,,,unmatched,evo,是和书放在一起的……,犯人の書き残したメモとクオーツを見つけたことを話した。,
79089,mp3010_01,96966,,96950,96151,36309,ch2120181494,blockwise,evo,向对方说明了犯人留下的字条和结晶回路。,ふ～ん、一応それらしい動機はあったってことか。,ふ〜ん、一応それらしい動機はあったってことか。
79090,mp3010_01,96970,,96966,96247,36310,ch2120181495,blockwise,evo,嗯～的确是很符合身份的动机。,ま、理屈はどうあれ面倒なことをしてくれたもんね。,ま、理屈はどうあれ面倒なことをしてくれたもんね。
79091,mp3010_01,96976,,96970,96271,36311,ch2120181496,blockwise,evo,理由暂且不论，实在是给别人添了很大的麻烦啊。,そのクオーツはあなたたちにあげるわ。,そのクオーツはあなたたちにあげるわ。
79092,mp3010_01,96978,,96976,96307,36312,ch2120181497,blockwise,evo,那枚结晶回路就送给你们吧。,いろいろと手間をかけさせちゃったからね。,いろいろと手間をかけさせちゃったからね。
79093,mp3010_01,96981,,96978,96319,38699,ch0010150603,blockwise,evo,毕竟给你们添了这么多麻烦。,うん、ありがと。,うん、ありがと。
79094,mp3010_01,96988,,96981,96337,36314,ch0020181499,blockwise,evo,嗯，谢谢。,じゃあ、これで仕事は完了ですか？,じゃあ、これで仕事は完了ですか？
79095,mp3010_01,97004,,96988,96379,36315,ch2120181500,blockwise,evo,那么，工作已经全部完成了吧？,ええ、そうよ。依頼はすべて完了ね。,ええ、そうよ。依頼はすべて完了ね。
79096,mp3010_01,97024,,97004,96451,36316,ch0010181501,blockwise,evo,嗯，是的，委托就此结束。,ふう、良かった～。,ふう、良かった〜。
79097,mp3010_01,97028,,97024,96523,36317,ch0010181502,blockwise,evo,呼，太好了～,実はまだあるの、って来るのかと思っちゃったわ。,実はまだあるの、って来るのかと思っちゃったわ。
79098,mp3010_01,97033,,97028,96547,36318,ch0070181503,blockwise,evo,其实我们都做好还有新任务的心理准备了。,えへへ、本当に……,えへへ、本当に……
79099,mp3010_01,97049,,97033,96571,36319,ch2120181504,blockwise,evo,嘿嘿，确实……,がんばってくれたしさすがにもうないわね。,がんばってくれたしさすがにもうないわね。
79100,mp3010_01,97053,,97049,96625,36320,ch2120181505,blockwise,evo,你们这么努力，已经把工作全部完成啦。,ふふ、あなたたちには本当に感謝してるのよ。,ふふ、あなたたちには本当に感謝してるのよ。
79101,mp3010_01,97056,,97053,96649,36321,ch2120181506,blockwise,evo,呵呵，真是非常感谢。,おかげで当分あたしは仕事しなくていいし…………,おかげで当分あたしは仕事しなくていいし…………
79102,mp3010_01,97058,,97056,96667,36322,ch0010150156,blockwise,evo,托你们的福，我暂时不用工作了……,はい？,はい？
79103,mp3010_01,97061,,97058,96679,36323,ch2120181508,blockwise,evo,啊？,……ううん、なんでもないわ。,……ううん、なんでもないわ。
79104,mp3010_01,97064,,97061,96697,36324,ch2120181509,blockwise,evo,……没、没什么。,それじゃ、お疲れさま。何かあったらまたよろしくね。,それじゃ、お疲れさま。何かあったらまたよろしくね。
79105,mp3010_01,97067,,97064,96715,36325,ch0010181510,blockwise,evo,那么，辛苦你们了。如果再有事情，还要麻烦你们哦。,うん、よろしくね。,うん、よろしくね。
79106,mp3010_01,97069,,97067,96733,36326,ch0020181511,blockwise,evo,嗯，没问题。,では、いろいろとお世話になりました。,では、いろいろとお世話になりました。
79107,mp3010_01,99648,,97069,96745,36767,ch2040180001,blockwise,evo,多谢您在这段时间的关照。,ん？　どうしたの？,ん？　どうしたの？
79108,mp3010_01,99651,,99648,97394,36768,ch2040180002,blockwise,evo,嗯？什么事？,レイ先輩なら昼ごはんを食べに出て行ったよ。,レイ先輩なら昼ごはんを食べに出て行ったよ。
79109,mp3010_01,99654,,99651,97412,36769,ch0010180003,blockwise,evo,是来找雷伊前辈的吗？他出去吃午饭了。,ううん、そうじゃないの。,ううん、そうじゃないの。
79110,mp3010_01,99656,,99654,97430,36770,ch0010180004,blockwise,evo,唔，不是的。,あたしたち掲示板を見て来たんだけど。,あたしたち掲示板を見て来たんだけど。
79111,mp3010_01,99659,,99656,97442,36771,ch2040180005,blockwise,evo,我们是看了公告栏而来的。,あ、そうだったのかい。,あ、そうだったのかい。
79112,mp3010_01,99668,,99659,97460,36772,ch2040180006,blockwise,evo,啊，原来是这样啊。,いや～、ありがとう。来てくれてうれしいよ。,いや〜、ありがとう。来てくれてうれしいよ。
79113,mp3010_01,99670,,99668,97514,36773,ch2040180007,blockwise,evo,呀～太感谢了，很高兴你们能来。,僕はティエリ。この中央工房の研究員さ。,僕はティエリ。この中央工房の研究員さ。
79114,mp3010_01,99678,,99670,97526,36774,ch2040180008,blockwise,evo,我叫蒂亚利，是中央工房的研究员。,ふう、どうにか試作品ができたな。後はテスターが来るのを待つだけだぞ。,ふう、どうにか試作品ができたな。後はテスターが来るのを待つだけだぞ。
79115,mp3010_01,99680,,99678,97550,36775,ch2040180009,blockwise,evo,呼～试制品已经做好了，之后就是等测试人员过来了。,一応、それまでにインソールを調整しとくか……,一応、それまでにインソールを調整しとくか……
79116,mp3010_01,99683,,99680,97562,36776,ch0010180010,blockwise,evo,在那之前，我还是再调整一下鞋的内垫吧……,あの～、ちょっといい？,あの〜、ちょっといい？
79117,mp3010_01,99685,,99683,97580,36777,ch0010180011,blockwise,evo,您好～现在有空吗？,掲示板を見て来たんだけど……,掲示板を見て来たんだけど……
79118,mp3010_01,99697,,99685,97592,36778,ch2040180012,blockwise,evo,我们是看了公告栏而来的……,お、やっと来てくれたか。いや～、待ちくたびれたよ。,お、やっと来てくれたか。いや〜、待ちくたびれたよ。
79119,mp3010_01,99699,,99697,97664,36779,ch2040180013,blockwise,evo,哦，终于来了。哎呀～真是等急我了。,僕はティエリ。中央工房の研究員さ。,僕はティエリ。中央工房の研究員さ。
79120,mp3010_01,99711,,99699,97676,36780,ch0010180014,blockwise,evo,我叫蒂亚利，是中央工房的研究员。,準遊撃士のエステルよ。,準遊撃士のエステルよ。
79121,mp3010_01,99714,,99711,105270,36781,ch0020180015,blockwise,evo,我是准游击士艾丝蒂尔。,ヨシュアです。よろしくお願いします。,ヨシュアです。よろしくお願いします。
79122,mp3010_01,99723,,99714,97748,36782,ch2040180016,blockwise,evo,我是约书亚。请多指教。,ああ、こちらこそ。,ああ、こちらこそ。
79123,mp3010_01,99733,,99723,97778,36783,ch2040180017,blockwise,evo,啊，彼此彼此。,それで、すぐに仕事をお願いしたいんだけど……予定の方は大丈夫かい？,それで、すぐに仕事をお願いしたいんだけど……予定の方は大丈夫かい？
79124,mp3010_01,99739,,99733,97838,36784,ch2040180024,blockwise,evo,那么，我想尽快把任务委托给你们……现在有空吗？,やあ、君たちか。,やあ、君たちか。
79125,mp3010_01,99741,,99739,97850,36785,ch2040180025,blockwise,evo,哦，是你们啊。,どう？予定は空いたかい？,どう？予定は空いたかい？
79126,mp3010_01,99779,,99741,97862,36786,ch0010180018,blockwise,evo,怎么样？有空了吗？,うう～、ごめんね。,うう〜、ごめんね。
79127,mp3010_01,99781,,99779,97970,36787,ch0010180019,blockwise,evo,唔～抱歉。,今すぐは無理なんだ……,今すぐは無理なんだ……
79128,mp3010_01,99784,,99781,97982,36788,ch2040180020,blockwise,evo,暂时没空……,ふう、遊撃士はみんな忙しいからねぇ……,ふう、遊撃士はみんな忙しいからねぇ……
79129,mp3010_01,99786,,99784,98000,36789,ch2040180021,blockwise,evo,呼，游击士可真忙啊……,じゃ、予定が空いたらすぐに来てくれよな。,じゃ、予定が空いたらすぐに来てくれよな。
79130,mp3010_01,99789,,99786,98012,36790,ch0010180022,blockwise,evo,那就等你们有空时再过来吧。,うん、ちょっと待っててね。,うん、ちょっと待っててね。
79131,mp3010_01,99791,,99789,98030,36791,ch0020180023,blockwise,evo,嗯，请稍等一会。,またよろしくお願いします。,またよろしくお願いします。
79132,mp3010_01,99809,,99791,98042,36792,ch0010180026,blockwise,evo,下次再来拜访。,うん、問題ないわよ。,うん、問題ないわよ。
79133,mp3010_01,99812,,99809,98108,36793,ch0020180027,blockwise,evo,嗯，没问题。,ご依頼の件は新型スニーカーのテストということでしたよね。,ご依頼の件は新型スニーカーのテストということでしたよね。
79134,mp3010_01,99814,,99812,98126,36794,ch0020180028,blockwise,evo,您的委托是测试新型的运动鞋吧？,できれば、もう少し詳しく説明して頂けますか。,できれば、もう少し詳しく説明して頂けますか。
79135,mp3010_01,99817,,99814,98138,36795,ch2040180029,blockwise,evo,如果可以，能否详细说明一下？,ああ、もちろん。,ああ、もちろん。
79136,mp3010_01,99821,,99817,98156,36796,ch2040180030,blockwise,evo,嗯，当然。,でも、まずその前にこれを渡しておくよ。,でも、まずその前にこれを渡しておくよ。
79137,mp3010_01,99851,,99821,98180,36798,ch0010180031,blockwise,evo,在此之前，先把这个交给你们。,これが新型のスニーカー？,これが新型のスニーカー？
79138,mp3010_01,99855,,99851,98360,36799,ch2040180032,blockwise,evo,这就是新型运动鞋吗？,ああ、ストレガー社と共同研究中の新製品でね……,ああ、ストレガー社と共同研究中の新製品でね……
79139,mp3010_01,99857,,99855,98384,36800,ch2040180033,blockwise,evo,嗯，是我们和斯托雷加公司共同研制的新产品……,今回はテストのためにその試作品の靴を履いて各地を回って欲しいんだよ。,今回はテストのためにその試作品の靴を履いて各地を回って欲しいんだよ。
79140,mp3010_01,99859,,99857,98396,36801,ch2040180034,blockwise,evo,这次的测试内容就是穿着这双试制品，到各个场所走一圈。,このテストが済めばあと少しで製品化されるはずさ。,このテストが済めばあと少しで製品化されるはずさ。
79141,mp3010_01,99868,,99859,98408,36802,ch0010180035,blockwise,evo,完成这次测试之后，新型运动鞋很快就能投入生产了。,ふ～ん、なるほどねえ……,ふ〜ん、なるほどねえ……
79142,mp3010_01,99872,,99868,98462,36803,ch0010180036,blockwise,evo,嗯～原来是这样啊……,…………って！？ちょ、ちょい待った！,…………って！？ちょ、ちょい待った！
79143,mp3010_01,99882,,99872,98486,36804,ch0010180037,blockwise,evo,…………咦！？等、等一下！,い、いま、ストレガー社って言わなかった？,い、いま、ストレガー社って言わなかった？
79144,mp3010_01,99885,,99882,98522,36805,ch2040180038,blockwise,evo,您、您刚才说的是斯托雷加公司？,へっ…………？,へっ…………？
79145,mp3010_01,99887,,99885,98540,36806,ch2040180039,blockwise,evo,哎…………？,あ、ああ、言ったけど。,あ、ああ、言ったけど。
79146,mp3010_01,99895,,99887,98552,36807,ch0010180040,blockwise,evo,是、是啊，没错。,も、もしかしてこの新型のスニーカーって……,も、もしかしてこの新型のスニーカーって……
79147,mp3010_01,99899,,99895,98600,36808,ch2040180041,blockwise,evo,啊，难道这双新型运动鞋就是……,うん、ストレガー社の新製品だよ。,うん、ストレガー社の新製品だよ。
79148,mp3010_01,99901,,99899,98624,36809,ch2040180042,blockwise,evo,嗯，是斯托雷加公司的新产品。,それをテストしてもらうっていま言ったばかりじゃないか。,それをテストしてもらうっていま言ったばかりじゃないか。
79149,mp3010_01,99903,,99901,98636,36810,ch0010180043,blockwise,evo,希望你们帮忙测试这双鞋，不是刚刚说过吗。,………………っ！！,………………っ！！
79150,mp3010_01,99918,,99903,98648,36811,ch0010180044,blockwise,evo,………………啊！！,ああ、女神よ……,ああ、女神（エイドス）よ……
79151,mp3010_01,99920,,99918,98738,36812,ch0010180045,blockwise,evo,啊，女神啊……,こんな素晴らしいお仕事を回して下さったことを感謝します。,こんな素晴らしいお仕事を回して下さったことを感謝します。
79152,mp3010_01,99928,,99920,98750,36813,ch2040180046,blockwise,evo,感谢您赐予我如此美妙的任务。,ね、ねえ、君……彼女、大丈夫なの？,ね、ねえ、君……彼女、大丈夫なの？
79153,mp3010_01,99930,,99928,98798,36814,ch2040180047,blockwise,evo,喂……她没事吧？,なんかいきなりお祈りとか始めたんだけど……,なんかいきなりお祈りとか始めたんだけど……
79154,mp3010_01,99942,,99930,98810,36815,ch0020180048,blockwise,evo,怎么突然开始祷告……,…………すみません。,…………すみません。
79155,mp3010_01,99944,,99942,98858,36816,ch0020180049,blockwise,evo,…………不好意思。,エステルはスニーカー集めが趣味で……,エステルはスニーカー集めが趣味で……
79156,mp3010_01,99946,,99944,98870,36817,ch0020180050,blockwise,evo,艾丝蒂尔有收集运动鞋的爱好……,しかもよりによってストレガーの大ファンなんです。,しかもよりによってストレガーの大ファンなんです。
79157,mp3010_01,99951,,99946,98882,36818,ch0070180051,blockwise,evo,而且还是斯托雷加公司的忠实支持者。,へー、そーだったんですかー。,へー、そーだったんですかー。
79158,mp3010_01,99963,,99951,98906,36819,ch2040180052,blockwise,evo,哎，是这样啊。,おお、じゃあこれがスニーカーマニアって奴だね。,おお、じゃあこれがスニーカーマニアって奴だね。
79159,mp3010_01,99965,,99963,98960,36820,ch2040180053,blockwise,evo,哦哦，这就是所谓的运动鞋狂热收藏者吧？,初めて見るけど興味深い反応を示すね～。,初めて見るけど興味深い反応を示すね〜。
79160,mp3010_01,99971,,99965,98972,36821,ch0020180054,blockwise,evo,我还是第一次见到，这种反应还真有趣啊～,……エステル、お願いだからそろそろ正気に戻ってよ。,……エステル、お願いだからそろそろ正気に戻ってよ。
79161,mp3010_01,99973,,99971,99008,36822,ch0020180055,blockwise,evo,……艾丝蒂尔，拜托，你冷静一点。,うれしいのは分かるけど仕事を受けてから喜ぼうよ。,うれしいのは分かるけど仕事を受けてから喜ぼうよ。
79162,mp3010_01,99987,,99973,99020,36823,ch0010180056,blockwise,evo,我知道你很开心，但也要先把任务接下来啊。,コ、コホン…………確かにその通りね。,コ、コホン…………確かにその通りね。
79163,mp3010_01,99996,,99987,99080,36824,ch2040180057,blockwise,evo,咳、咳咳…………说得对。,うーん、なんか気合が空回りしそうでこわいな。,うーん、なんか気合が空回りしそうでこわいな。
79164,mp3010_01,99998,,99996,99134,36825,ch2040180058,blockwise,evo,唔，你的热情有点可怕。,あくまでテストなんだからね？自然体でお願いするよ。,あくまでテストなんだからね？自然体でお願いするよ。
79165,mp3010_01,100015,,99998,99146,36826,ch0010180059,blockwise,evo,只是测试而已，保持平常状态就行。,おすっ！　了解です！,おすっ！　了解です！
79166,mp3010_01,100019,,100015,99224,36827,ch0020180060,blockwise,evo,嗯！明白！,……だそうです。,……だそうです。
79167,mp3010_01,100021,,100019,99248,36828,ch2040180061,blockwise,evo,……就是这样。,ま、まあいいや。とにかくお願いしてみるよ。,ま、まあいいや。とにかくお願いしてみるよ。
79168,mp3010_01,100032,,100021,99260,36829,ch0020180062,blockwise,evo,总、总之，就拜托你们了。,では、仕事内容を確認しますが…………,では、仕事内容を確認しますが…………
79169,mp3010_01,100036,,100032,99326,36830,ch0020180063,blockwise,evo,那么，确认一下任务内容……,今もらった靴を履いて各地を回ればいいんですね？,今もらった靴を履いて各地を回ればいいんですね？
79170,mp3010_01,100045,,100036,99350,36831,ch2040180064,blockwise,evo,穿上您刚刚给我们的鞋子，到各地走走就行了吧？,うん、そういうことさ。,うん、そういうことさ。
79171,mp3010_01,100047,,100045,99380,36832,ch2040180065,blockwise,evo,嗯，就是如此。,エルモ温泉にヴォルフ砦、セントハイム門なんかに一通り行ってみて欲しい。,エルモ温泉にヴォルフ砦、セントハイム門なんかに一通り行ってみて欲しい。
79172,mp3010_01,100050,,100047,99392,36833,ch2040180066,blockwise,evo,亚尔摩温泉、沃尔费堡垒，还有圣海姆门……这三个地方都要走一趟。,で、もう十分にテストできたと思ったら僕のところに来てくれ。,で、もう十分にテストできたと思ったら僕のところに来てくれ。
79173,mp3010_01,100052,,100050,99410,36834,ch2040180067,blockwise,evo,如果觉得测试已经足够了，你们就回来找我。,僕はソールやインソール……つまり靴底や中敷の担当だからその様子を確かめたいんだ。,僕はソールやインソール……つまり靴底や中敷の担当だからその様子を確かめたいんだ。
79174,mp3010_01,100054,,100052,99422,36835,ch0010180068,blockwise,evo,我负责鞋底和内垫的检测工作，要确认两部分的情况。,じゃあ、機会を見て報告に来ればいいってことか。,じゃあ、機会を見て報告に来ればいいってことか。
79175,mp3010_01,100062,,100054,99434,36836,ch2040180069,blockwise,evo,嗯，满足条件之后，我们就回来报告。,よし、それじゃ何はともあれ頼んだよ。,よし、それじゃ何はともあれ頼んだよ。
79176,mp3010_01,100064,,100062,99482,36837,ch2040180070,blockwise,evo,好，那就拜托你们了。,履き潰すつもりでテストしてくれよな。,履き潰すつもりでテストしてくれよな。
79177,mp3010_01,100067,,100064,99494,36838,ch0010180071,blockwise,evo,请抱着踏破鞋底的决心努力测试吧。,えへへ、任しといて！,えへへ、任しといて！
79178,mp3010_01,100070,,100067,99512,36839,ch0020180072,blockwise,evo,嘿嘿，交给我吧！,では失礼します。,では失礼します。
79179,mp3010_01,103714,,100070,99530,36959,ch0010180073,blockwise,evo,那我们这就告辞了。,こんにちわ、ティエリさん。,こんにちわ、ティエリさん。
79180,mp3010_01,103716,,103714,100749,36960,ch0010180074,blockwise,evo,你好，蒂亚利先生。,かなり歩き回ってきたわよ。,かなり歩き回ってきたわよ。
79181,mp3010_01,103718,,103716,100761,36961,ch2040180075,blockwise,evo,我已经走过很多地方了。,おっ、ご苦労さま。,おっ、ご苦労さま。
79182,mp3010_01,103720,,103718,100773,36962,ch2040180076,blockwise,evo,哦，辛苦了。,よし、じゃあちょっと靴を調べさせてもらうよ。,よし、じゃあちょっと靴を調べさせてもらうよ。
79183,mp3010_01,103727,,103720,100785,36916,ch0010180144,blockwise,evo,好，那就让我检查一下这双鞋吧。,ティエリさん、報告に来たわよ。,ティエリさん、報告に来たわよ。
79184,mp3010_01,103729,,103727,100803,36917,ch0010180145,blockwise,evo,蒂亚利先生，我们来报告了。,ちょっと急いでるから手早くやっちゃって。,ちょっと急いでるから手早くやっちゃって。
79185,mp3010_01,103731,,103729,100815,36918,ch2040180146,blockwise,evo,我们有点赶时间，所以快点办完吧。,おっ、そうかい。,おっ、そうかい。
79186,mp3010_01,103733,,103731,100827,36919,ch2040180147,blockwise,evo,哦，是吗。,なら、ささっと靴を調べさせてもらうよ。,なら、ささっと靴を調べさせてもらうよ。
79187,mp3010_01,103751,,103733,100839,36963,ch2040180077,blockwise,evo,那我就赶紧检查一下鞋子吧。,…………………………,…………………………
79188,mp3010_01,103754,,103751,100929,36964,ch2040180078,blockwise,evo,…………………………,……おお、すごいな。ずいぶん靴底が減ってるね。,……おお、すごいな。ずいぶん靴底が減ってるね。
79189,mp3010_01,103757,,103754,100947,36997,ch2040180079,blockwise,evo,……哦哦，真不错。鞋底磨损得很厉害啊。,減り方を見る限り僕の選んだ素材にも間違いはなかったみたいだ。,減り方を見る限り僕の選んだ素材にも間違いはなかったみたいだ。
79190,mp3010_01,103780,,103757,100965,36966,ch2040180080,blockwise,evo,从磨损情况来看，我选择的材料是相当合适的。,うん、テストは大成功だよ。,うん、テストは大成功だよ。
79191,mp3010_01,103787,,103780,101055,36999,ch0010180081,blockwise,evo,嗯，测试非常成功。,ふう～、良かった～。,ふう〜、良かった〜。
79192,mp3010_01,103789,,103787,101085,37000,ch0010180082,blockwise,evo,呼～太好了～,もっと歩け、って言われたらどうしようかと思ってたわよ。,もっと歩け、って言われたらどうしようかと思ってたわよ。
79193,mp3010_01,103797,,103789,101097,37001,ch0070180083,blockwise,evo,我刚才还在想，如果您叫我们继续测试该怎么办。,えへへ、良かったね。,えへへ、良かったね。
79194,mp3010_01,103803,,103797,101133,37002,ch0070180084,blockwise,evo,嘿，太好了。,えへへ、良かったですね。,えへへ、良かったですね。
79195,mp3010_01,103816,,103803,101145,37003,ch2040180085,blockwise,evo,嘿嘿，太好了。,何か問題はなかった？,何か問題はなかった？
79196,mp3010_01,103818,,103816,101205,37004,ch2040180086,blockwise,evo,有没有什么问题？,急に滑りやすくなったとかちょっと硬すぎるとか……,急に滑りやすくなったとかちょっと硬すぎるとか……
79197,mp3010_01,103828,,103818,101217,37005,ch0010180087,blockwise,evo,比如说，是否觉得容易滑倒，或是感觉太硬了……,うん、大丈夫だったわよ。,うん、大丈夫だったわよ。
79198,mp3010_01,103830,,103828,101253,37006,ch0010180088,blockwise,evo,不，没问题。,足にフィットしててすごく履き心地もよかったし。,足にフィットしててすごく履き心地もよかったし。
79199,mp3010_01,103832,,103830,101265,37007,ch0010180089,blockwise,evo,感觉很合脚，走起来也很舒服。,さすがはストレガーよね。,さすがはストレガーよね。
79200,mp3010_01,103839,,103832,101277,36976,ch2040180090,blockwise,evo,不愧是斯托雷加啊。,あ、そっか。君はストレガーの大ファンなんだよね。,あ、そっか。君はストレガーの大ファンなんだよね。
79201,mp3010_01,103841,,103839,101319,36977,ch2040180091,blockwise,evo,啊，对了。你是斯托雷加的忠实支持者吧？,……なら、これもプレゼントしちゃうかな。,……なら、これもプレゼントしちゃうかな。
79202,mp3010_01,103843,,103841,101331,36978,ch2040180092,blockwise,evo,……那么，就把这双鞋送给你吧。,期待以上にがんばってくれたからまあ、ボーナスみたいなものだよ。,期待以上にがんばってくれたからまあ、ボーナスみたいなものだよ。
79203,mp3010_01,103874,,103843,101343,36980,ch0010180093,blockwise,evo,你的测试成果超出我的预期，这就算作额外奖励。,こ、これって……！,こ、これって……！
79204,mp3010_01,103877,,103874,102153,36981,ch2040180094,blockwise,evo,这、这是……！,メーカーが参考のために送ってくれた新製品だよ。,メーカーが参考のために送ってくれた新製品だよ。
79205,mp3010_01,103879,,103877,102171,36982,ch2040180095,blockwise,evo,是厂家送来的新产品，供我们研究者参考使用。,まだ未発表らしいけどまもなく店頭にも並ぶはずさ。,まだ未発表らしいけどまもなく店頭にも並ぶはずさ。
79206,mp3010_01,103882,,103879,101535,36983,ch0020180096,blockwise,evo,这种型号还没公开，不久后就会上市了。,いいんですか？そんなものを頂いてしまって。,いいんですか？そんなものを頂いてしまって。
79207,mp3010_01,103892,,103882,101553,36984,ch2040180097,blockwise,evo,这样好吗？把未公开的产品给我们……,うん、開発は一段落したしもう僕には必要ないからね。,うん、開発は一段落したしもう僕には必要ないからね。
79208,mp3010_01,103895,,103892,101613,36985,ch2040180098,blockwise,evo,唔，反正开发工作已经告一段落了，我留着也没用。,価値の分かる人が持ってた方がこの靴だってうれしいと思うし。,価値の分かる人が持ってた方がこの靴だってうれしいと思うし。
79209,mp3010_01,103903,,103895,101631,36986,ch0010180099,blockwise,evo,把这双鞋送给懂得其价值的人，它肯定会很高兴。,うわぁ、ありがと～！,うわぁ、ありがと〜！
79210,mp3010_01,103912,,103903,101655,36987,ch0010180100,blockwise,evo,哇，谢谢～！,開発のお手伝いができた上に新製品までもらえちゃうなんて……,開発のお手伝いができた上に新製品までもらえちゃうなんて……
79211,mp3010_01,103916,,103912,101709,36988,ch0010180101,blockwise,evo,既可以协助开发，又可以得到新产品……,ほんっと、いい仕事だったわ～。,ほんっと、いい仕事だったわ〜。
79212,mp3010_01,103924,,103916,101733,36989,ch2040180102,blockwise,evo,真是一件美妙的任务啊～,ははっ、お互いにね。,ははっ、お互いにね。
79213,mp3010_01,103926,,103924,101781,36990,ch2040180103,blockwise,evo,哈哈，彼此彼此。,がんばってくれたお陰で僕の研究成果も証明されたんだしな。,がんばってくれたお陰で僕の研究成果も証明されたんだしな。
79214,mp3010_01,103929,,103926,101793,37010,ch0010180104,blockwise,evo,多亏你们的努力，我的研究成果才能得到充分的证明。,お仕事がんばってね。新製品、楽しみにしてるんだから。,お仕事がんばってね。新製品、楽しみにしてるんだから。
79215,mp3010_01,103932,,103929,102687,36992,ch2040180105,blockwise,evo,您要加油哦，我很期待新产品。,うん、ストレガー社にちゃんと伝えておくよ。,うん、ストレガー社にちゃんと伝えておくよ。
79216,mp3010_01,103940,,103932,101829,37012,ch0020180106,blockwise,evo,唔，我一定会把你这句话转达给斯托雷加公司。,では、お世話になりました。,では、お世話になりました。
79217,mp3010_01,103942,,103940,102753,37013,ch0010180107,blockwise,evo,那么，多谢您的关照。,それじゃあね。,それじゃあね。
79218,mp3010_01,103949,,103942,102915,36943,ch0010180152,normalized,evo,再见了。,ふう、良かった～。,ふう、良かった〜。
79219,mp3010_01,103951,,103949,101907,36944,ch0010180153,blockwise,evo,呼，太好了～,じゃ、これで仕事は完了ってことよね？,じゃ、これで仕事は完了ってことよね？
79220,mp3010_01,103953,,103951,101919,36945,ch2040180154,blockwise,evo,那么，这样工作就算完成了吧？,ああ、どうもお疲れ様。お陰で助かったよ。,ああ、どうもお疲れ様。お陰で助かったよ。
79221,mp3010_01,103961,,103953,101931,36927,ch2040180155,blockwise,evo,啊，辛苦了。多亏了你们帮了大忙。,あ、ちょっと待って。君はストレガーのファンだったよね？,あ、ちょっと待って。君はストレガーのファンだったよね？
79222,mp3010_01,103963,,103961,101979,36928,ch2040180156,blockwise,evo,啊，等一下。你是斯托雷加的粉丝吧？,……なら、これもプレゼントしちゃうよ。,……なら、これもプレゼントしちゃうよ。
79223,mp3010_01,103994,,103963,101991,36930,ch0010180157,blockwise,evo,……那么，这个也送给你吧。,こ、これって……！,こ、これって……！
79224,mp3010_01,103997,,103994,102153,36981,ch2040180094,blockwise,evo,这、这是……！,メーカーが参考のために送ってくれた新製品だよ。,メーカーが参考のために送ってくれた新製品だよ。
79225,mp3010_01,103999,,103997,102171,36932,ch2040180159,blockwise,evo,是厂家送来的新产品，供我们研究者参考使用。,開発も一段落したし僕にはもう必要ないからね。,開発も一段落したし僕にはもう必要ないからね。
79226,mp3010_01,104007,,103999,102183,36986,ch0010180099,blockwise,evo,开发工作已经告一段落，我也不需要了。,うわぁ、ありがと～！,うわぁ、ありがと〜！
79227,mp3010_01,104009,,104007,102231,36934,ch0010180161,blockwise,evo,哇，谢谢～！,新製品も楽しみにしてるわよ。,新製品も楽しみにしてるわよ。
79228,mp3010_01,104012,,104009,102243,36935,ch2040180162,blockwise,evo,新产品我也很期待哦。,ストレガー社にちゃんと伝えておくよ。,ストレガー社にちゃんと伝えておくよ。
79229,mp3010_01,104014,,104012,102261,36948,ch2040180163,blockwise,evo,我会好好转达给斯托雷加公司的。,じゃあ、君たちも気をつけて。,じゃあ、君たちも気をつけて。
79230,mp3010_01,104017,,104014,102273,36937,ch0020180164,blockwise,evo,那么，你们请多保重。,お世話になりました。,お世話になりました。
79231,mp3010_01,104019,,104017,102291,37013,ch0010180107,blockwise,evo,多谢关照了。,それじゃあね。,それじゃあね。
79232,mp3010_01,104031,,104019,102303,36996,ch2040180108,blockwise,evo,再见了。,…………うん。十分に靴底が減ってるね。,…………うん。十分に靴底が減ってるね。
79233,mp3010_01,104034,,104031,102327,36997,ch2040180079,blockwise,evo,…………嗯。鞋底已经磨损得足够了。,減り方を見る限り僕の選んだ素材にも間違いはなかったみたいだ。,減り方を見る限り僕の選んだ素材にも間違いはなかったみたいだ。
79234,mp3010_01,104038,,104034,102345,36998,ch2040180110,blockwise,evo,从磨损情况来看，我选择的材料很合适。,よし、テストは成功だよ。,よし、テストは成功だよ。
79235,mp3010_01,104045,,104038,102369,36999,ch0010180081,blockwise,evo,好，测试成功。,ふう～、良かった～。,ふう〜、良かった〜。
79236,mp3010_01,104047,,104045,102399,37000,ch0010180082,blockwise,evo,呼～太好了～,もっと歩け、って言われたらどうしようかと思ってたわよ。,もっと歩け、って言われたらどうしようかと思ってたわよ。
79237,mp3010_01,104056,,104047,102411,37001,ch0070180083,blockwise,evo,我刚才还在想，如果您叫我们继续测试该怎么办。,えへへ、良かったね。,えへへ、良かったね。
79238,mp3010_01,104062,,104056,102465,37002,ch0070180084,blockwise,evo,嘿嘿，太好了。,えへへ、良かったですね。,えへへ、良かったですね。
79239,mp3010_01,104076,,104062,102465,37003,ch2040180085,blockwise,evo,嘿嘿，太好了。,何か問題はなかった？,何か問題はなかった？
79240,mp3010_01,104079,,104076,102531,37004,ch2040180086,blockwise,evo,有没有什么问题？,急に滑りやすくなったとかちょっと硬すぎるとか……,急に滑りやすくなったとかちょっと硬すぎるとか……
79241,mp3010_01,104089,,104079,102549,37005,ch0010180087,blockwise,evo,比如说，是否觉得容易滑倒，或是感觉太硬了……,うん、大丈夫だったわよ。,うん、大丈夫だったわよ。
79242,mp3010_01,104091,,104089,102585,37006,ch0010180088,blockwise,evo,不，没问题。,足にフィットしててすごく履き心地もよかったし。,足にフィットしててすごく履き心地もよかったし。
79243,mp3010_01,104093,,104091,102597,37007,ch0010180089,blockwise,evo,感觉很合脚，走起来也很舒服。,さすがはストレガーよね。,さすがはストレガーよね。
79244,mp3010_01,104095,,104093,102609,37008,ch2040180120,blockwise,evo,不愧是斯托雷加啊。,これはまだプロトタイプだからね。製品ではさらに良くなると思うよ。,これはまだプロトタイプだからね。製品ではさらに良くなると思うよ。
79245,mp3010_01,104103,,104095,102621,37009,ch2040180121,blockwise,evo,这只是样品，成品肯定会更加优秀。,それじゃ、どうもお疲れ様。いい仕事をしてくれて助かったよ。,それじゃ、どうもお疲れ様。いい仕事をしてくれて助かったよ。
79246,mp3010_01,104106,,104103,102669,37010,ch0010180104,blockwise,evo,真是辛苦你们了。你们做得很好，帮了我大忙啦。,お仕事がんばってね。新製品、楽しみにしてるんだから。,お仕事がんばってね。新製品、楽しみにしてるんだから。
79247,mp3010_01,104109,,104106,102687,37011,ch2040180123,blockwise,evo,您要加油哦，我很期待新产品。,ははっ、ストレガー社に確かに伝えておくよ。,ははっ、ストレガー社に確かに伝えておくよ。
79248,mp3010_01,104117,,104109,102705,37012,ch0020180106,blockwise,evo,哈哈哈，我一定会把你这句话转达给斯托雷加公司。,では、お世話になりました。,では、お世話になりました。
79249,mp3010_01,104119,,104117,102753,37013,ch0010180107,blockwise,evo,那么，多谢您的关照。,それじゃあね。,それじゃあね。
79250,mp3010_01,104126,,104119,102765,36943,ch0010180152,normalized,evo,再见了。,ふう、良かった～。,ふう、良かった〜。
79251,mp3010_01,104128,,104126,102783,36944,ch0010180153,blockwise,evo,呼，太好了～,じゃ、これで仕事は完了ってことよね？,じゃ、これで仕事は完了ってことよね？
79252,mp3010_01,104130,,104128,102795,36945,ch2040180154,blockwise,evo,那么，这样工作就算完成了吧？,ああ、どうもお疲れ様。お陰で助かったよ。,ああ、どうもお疲れ様。お陰で助かったよ。
79253,mp3010_01,104138,,104130,102807,36946,ch0010180172,blockwise,evo,啊，辛苦了。多亏了你们帮了大忙。,新製品、楽しみにしてるわよ。,新製品、楽しみにしてるわよ。
79254,mp3010_01,104141,,104138,102855,36947,ch2040180173,blockwise,evo,新产品我很期待哦。,ストレガー社に確かに伝えておくよ。,ストレガー社に確かに伝えておくよ。
79255,mp3010_01,104143,,104141,102873,36948,ch2040180163,blockwise,evo,我一定会转达给斯托雷加公司的。,じゃあ、君たちも気をつけて。,じゃあ、君たちも気をつけて。
79256,mp3010_01,104146,,104143,102885,36949,ch0020180175,blockwise,evo,那么，你们请多保重。,お世話になりました。,お世話になりました。
79257,mp3010_01,104148,,104146,102903,37013,ch0010180107,blockwise,evo,多谢关照了。,それじゃあね。,それじゃあね。
79258,mp3010_01,104164,,104148,102915,36903,ch2040180126,vector_search (1.00),evo,再见了。,…………う～～ん。,…………う〜〜ん。
79259,mp3010_01,104166,,104164,102951,37016,ch2040180127,exact,evo,…………唔～,悪いけど、まだちょっと歩き方が足りないかなぁ。,悪いけど、まだちょっと歩き方が足りないかなぁ。
79260,mp3010_01,104168,,104166,103377,37017,ch2040180128,exact,evo,很抱歉，走得还不够。,靴底が減ってないんだ。これだとテストにならないよ。,靴底が減ってないんだ。これだとテストにならないよ。
79261,mp3010_01,104179,,104168,103389,37018,ch0010180240,normalized,evo,鞋底没怎么磨损，这样是无法得到测试结果的。,う～、そうなんだ。,う〜、そうなんだ。
79262,mp3010_01,104181,,104179,103185,37019,ch0010180130,blockwise,evo,哎～这样啊。,けっこう歩いたと思ったんだけどな…………,けっこう歩いたと思ったんだけどな…………
79263,mp3010_01,104190,,104181,103023,37020,ch0020180242,blockwise,evo,我还以为已经走得够多了……,仕方ない。また出直して来ようよ。,仕方ない。また出直して来ようよ。
79264,mp3010_01,104193,,104190,103077,37021,ch2040180243,blockwise,evo,没办法，我们继续吧。,ああ、すまないができればそうして欲しいな。,ああ、すまないができればそうして欲しいな。
79265,mp3010_01,104203,,104193,103095,37022,ch0010170077,blockwise,evo,嗯，不好意思，请尽量多去一些地方。,うん、分かったわ。,うん、分かったわ。
79266,mp3010_01,104205,,104203,103131,37023,ch0010180245,blockwise,evo,嗯，我知道了。,じゃ、また今度来るわね。,じゃ、また今度来るわね。
79267,mp3010_01,104208,,104205,103143,37024,ch2040180246,blockwise,evo,我们到时再来。,よろしくお願いするよ。,よろしくお願いするよ。
79268,mp3010_01,104216,,104208,103161,36906,ch0010180129,normalized,evo,拜托了。,え～、そうなんだ。,え〜、そうなんだ。
79269,mp3010_01,104218,,104216,103185,37019,ch0010180130,exact,evo,哎～这样啊。,けっこう歩いたと思ったんだけどな…………,けっこう歩いたと思ったんだけどな…………
79270,mp3010_01,104226,,104218,103197,36908,ch2040180131,normalized,evo,我还以为已经走得够多了呢……,う～ん、でももう時間がないんだよなあ。,う〜ん、でももう時間がないんだよなあ。
79271,mp3010_01,104228,,104226,103245,36909,ch2040180132,blockwise,evo,唔～但已经没有时间了啊。,悪いけど、仕事は失敗ってことになっちゃうね。,悪いけど、仕事は失敗ってことになっちゃうね。
79272,mp3010_01,104232,,104228,103257,36910,ch0010180133,blockwise,evo,很遗憾，任务失败了。,うう……ごめんね。,うう……ごめんね。
79273,mp3010_01,104234,,104232,103281,36911,ch0010180134,blockwise,evo,呜……对不起啊。,せっかくのお仕事だったのに全然、力になれなくって……,せっかくのお仕事だったのに全然、力になれなくって……
79274,mp3010_01,104236,,104234,103293,36912,ch2040180135,blockwise,evo,接受了这么重要的工作，却没能帮上一点忙……,最低限のデータはあるからまあ、大丈夫だと思うよ。,最低限のデータはあるからまあ、大丈夫だと思うよ。
79275,mp3010_01,104245,,104236,103305,36913,ch2040180136,blockwise,evo,我至少还掌握着最基本的数据，总能想办法解决……,じゃ、製品になるのを楽しみにしててくれよな。,じゃ、製品になるのを楽しみにしててくれよな。
79276,mp3010_01,104255,,104245,103359,37016,ch2040180127,exact,evo,你们就尽管期待成品的上市吧。,悪いけど、まだちょっと歩き方が足りないかなぁ。,悪いけど、まだちょっと歩き方が足りないかなぁ。
79277,mp3010_01,104257,,104255,103377,37017,ch2040180128,exact,evo,很抱歉，走得还不够。,靴底が減ってないんだ。これだとテストにならないよ。,靴底が減ってないんだ。これだとテストにならないよ。
79278,mp3010_01,104271,,104257,103389,36954,ch0010180179,normalized,evo,鞋底没怎么磨损，这样是无法得到测试结果的。,う～ん、そうなんだ。,う〜ん、そうなんだ。
79279,mp3010_01,104273,,104271,103449,36955,ch0010180180,exact,evo,嗯～原来如此。,じゃあ、また出直してくるね。,じゃあ、また出直してくるね。
79280,mp3010_01,104276,,104273,103461,36956,ch2040180181,exact,evo,那我们之后再来吧。,ああ、すまないがよろしくお願いするよ。,ああ、すまないがよろしくお願いするよ。
79281,mp3010_01,107410,,104276,103479,37329,ch2000180924,blockwise,evo,嗯，不好意思，那就拜托你们了。,ふう、まったく……,ふう、まったく……
79282,mp3010_01,107413,,107410,104778,37330,ch2000180925,blockwise,evo,呼，真是的……,ゼッタイに逃がしませんからね。,ゼッタイに逃がしませんからね。
79283,mp3010_01,107420,,107413,104796,37331,ch0010180926,blockwise,evo,我绝对不会放过那个家伙。,こんにちは、ミリアム先生。,こんにちは、ミリアム先生。
79284,mp3010_01,107423,,107420,104826,37332,ch0070180927,blockwise,evo,米莉亚姆医生，您好。,こんにちはー。,こんにちはー。
79285,mp3010_01,107432,,107423,104844,37341,ch2000180928,blockwise,evo,您好～,あら、こんにちは。,あら、こんにちは。
79286,mp3010_01,107436,,107432,104898,37342,ch2000180929,blockwise,evo,哦，你好。,まあ、みなさんお揃いね。,まあ、みなさんお揃いね。
79287,mp3010_01,107441,,107436,105180,37335,ch0010180930,blockwise,evo,啊，这么多人啊。,掲示板を見て来たのよ。,掲示板を見て来たのよ。
79288,mp3010_01,107450,,107441,104952,37336,ch0010180931,blockwise,evo,我们是为公告栏上的工作而来的。,あ、そう言えばまだ自己紹介してなかったわね。,あ、そう言えばまだ自己紹介してなかったわね。
79289,mp3010_01,107453,,107450,105006,37344,ch0010180932,blockwise,evo,啊，说起来，还没做自我介绍呢。,あたし、準遊撃士のエステル。,あたし、準遊撃士のエステル。
79290,mp3010_01,107458,,107453,105270,37345,ch0020170616,blockwise,evo,我是准游击士艾丝蒂尔。,同じくヨシュアです。,同じくヨシュアです。
79291,mp3010_01,107463,,107458,105300,37346,ch0020180934,blockwise,evo,我是准游击士约书亚。,何か事件があったそうですね。,何か事件があったそうですね。
79292,mp3010_01,107470,,107463,105330,37340,ch0070180935,blockwise,evo,听说，这里发生了一起事件。,ミリアム先生、こんにちはー。,ミリアム先生、こんにちはー。
79293,mp3010_01,107479,,107470,105102,37341,ch2000180928,blockwise,evo,米莉亚姆医生，您好～,あら、こんにちは。,あら、こんにちは。
79294,mp3010_01,107483,,107479,105156,37342,ch2000180929,blockwise,evo,哦，你好。,まあ、みなさんお揃いね。,まあ、みなさんお揃いね。
79295,mp3010_01,107495,,107483,105180,37343,ch0010180938,blockwise,evo,啊，这么多人啊。,うん、掲示板を見て来たのよ。,うん、掲示板を見て来たのよ。
79296,mp3010_01,107498,,107495,105252,37344,ch0010180932,blockwise,evo,我们是为公告栏上的工作而来的。,あたし、準遊撃士のエステル。,あたし、準遊撃士のエステル。
79297,mp3010_01,107503,,107498,105270,37345,ch0020170616,blockwise,evo,我是准游击士艾丝蒂尔。,同じくヨシュアです。,同じくヨシュアです。
79298,mp3010_01,107508,,107503,105300,37346,ch0020180934,blockwise,evo,我是准游击士约书亚。,何か事件があったそうですね。,何か事件があったそうですね。
79299,mp3010_01,107521,,107508,105330,37347,ch2000180942,blockwise,evo,听说，这里发生了一起事件。,ええ……実はそうなの。,ええ……実はそうなの。
79300,mp3010_01,107523,,107521,105390,37348,ch2000180943,blockwise,evo,嗯……没错。,できれば今すぐ調査を始めて欲しいんだけど……,できれば今すぐ調査を始めて欲しいんだけど……
79301,mp3010_01,107527,,107523,105402,37349,ch2000180944,blockwise,evo,如果可以，我希望你们立刻展开调查……,お願いできるかしら？,お願いできるかしら？
79302,mp3010_01,107534,,107527,105426,37350,ch2000180950,blockwise,evo,可以吗？,あら、皆さん。,あら、皆さん。
79303,mp3010_01,107537,,107534,105444,37351,ch2000180951,blockwise,evo,哎呀，各位。,どう？　もう調査をお願いできるかしら？,どう？　もう調査をお願いできるかしら？
79304,mp3010_01,107559,,107537,105462,37352,ch0010180945,blockwise,evo,如何？现在可以进行调查了吗？,ん～、今すぐはちょっと無理かも。,ん〜、今すぐはちょっと無理かも。
79305,mp3010_01,107562,,107559,105546,37353,ch2000180946,blockwise,evo,嗯～现在还不太方便。,それは困ったわね。本当に急ぎの仕事なのよ。,それは困ったわね。本当に急ぎの仕事なのよ。
79306,mp3010_01,107565,,107562,105564,37354,ch2000180947,blockwise,evo,这可麻烦了，这件事实在是很急。,でも、予定があるなら仕方がないか……,でも、予定があるなら仕方がないか……
79307,mp3010_01,107569,,107565,105582,37355,ch0010180948,blockwise,evo,不过，既然你们没空，也就没办法了……,ごめんね。すぐもどって来るから。,ごめんね。すぐもどって来るから。
79308,mp3010_01,107574,,107569,105606,37356,ch2000180949,blockwise,evo,对不起，我们会尽快回来的。,ええ、お願いするわ。,ええ、お願いするわ。
79309,mp3010_01,107590,,107574,105636,37357,ch0010180952,blockwise,evo,嗯，拜托了。,うん、オッケーだよ。,うん、オッケーだよ。
79310,mp3010_01,107594,,107590,105696,37358,ch0020180953,blockwise,evo,嗯，没问题。,早速ですが、何があったのか説明していただけますか？,早速ですが、何があったのか説明していただけますか？
79311,mp3010_01,107601,,107594,105720,37359,ch2000180954,blockwise,evo,请您立刻说明具体情况吧。,話はとても簡単なのよ。,話はとても簡単なのよ。
79312,mp3010_01,107604,,107601,105762,37360,ch2000180955,blockwise,evo,事情其实很简单。,誰かがこの戸棚から煙草を持ち出したの。,誰かがこの戸棚から煙草を持ち出したの。
79313,mp3010_01,107609,,107604,105780,37361,ch0010180956,blockwise,evo,这个橱柜里的香烟不知被谁拿走了。,ここって医務室よね。どうして煙草なんてあるの？,ここって医務室よね。どうして煙草なんてあるの？
79314,mp3010_01,107612,,107609,105810,37362,ch2000180957,blockwise,evo,这里不是医务室吗，怎么会有香烟呢？,私の指導で、ここ数年工房では禁煙運動をしているの。,私の指導で、ここ数年工房では禁煙運動をしているの。
79315,mp3010_01,107614,,107612,105828,37363,ch2000180958,blockwise,evo,在我的倡导下，工房在最近几年一直都在推行禁烟活动。,その運動で没収された煙草がここにしまってあったってわけ。,その運動で没収された煙草がここにしまってあったってわけ。
79316,mp3010_01,107623,,107614,105840,37364,ch0020180959,blockwise,evo,在活动中没收的香烟都会存放在这里。,それなら、以前に煙草を没収された人物が怪しいですね。,それなら、以前に煙草を没収された人物が怪しいですね。
79317,mp3010_01,107627,,107623,105894,37365,ch0020180960,blockwise,evo,如此说来，最可疑的就是那些曾被没收过香烟的人吧？,持ち出された煙草はもともとその人の物なんだし。,持ち出された煙草はもともとその人の物なんだし。
79318,mp3010_01,107630,,107627,105918,37366,ch0070180961,blockwise,evo,毕竟拿的是原本属于自己的香烟。,あ、確かにそーですよね。,あ、確かにそーですよね。
79319,mp3010_01,107641,,107630,105936,37367,ch2000180962,blockwise,evo,啊，有道理。,ええ、私もそう睨んでるわ。,ええ、私もそう睨んでるわ。
79320,mp3010_01,107646,,107641,106002,37368,ch2000180963,blockwise,evo,嗯，我也是这样想的。,ようやく禁煙運動も定着してきた頃だというのに……,ようやく禁煙運動も定着してきた頃だというのに……
79321,mp3010_01,107649,,107646,106032,37369,ch2000180964,blockwise,evo,禁烟运动刚刚取得一点成效……,こんな不届き者を野放しにしていたら今までの活動が水の泡よ。,こんな不届き者を野放しにしていたら今までの活動が水の泡よ。
79322,mp3010_01,107657,,107649,106050,37370,ch0020180965,blockwise,evo,如果任由那个不守规矩的家伙恣意妄为，至今为止的努力也就化为泡影了。,とりあえず容疑者を元喫煙者に絞るとして…………,とりあえず容疑者を元喫煙者に絞るとして…………
79323,mp3010_01,107660,,107657,106098,37371,ch0020180966,blockwise,evo,总之，先把调查范围缩小到原来吸烟的群体中吧……,心当たりの人物はいますか？,心当たりの人物はいますか？
79324,mp3010_01,107667,,107660,106116,37372,ch2000180967,blockwise,evo,您怀疑哪些人？,まず疑わしいのは演算室のトランス主任ね。,まず疑わしいのは演算室のトランス主任ね。
79325,mp3010_01,107669,,107667,106158,37373,ch2000180968,blockwise,evo,我最怀疑的是演算室的特莱斯主任。,主任はああ見えてヘビースモーカーだったのよ。,主任はああ見えてヘビースモーカーだったのよ。
79326,mp3010_01,107672,,107669,106170,37374,ch2000180969,blockwise,evo,主任一看就是那种典型的老烟鬼。,禁煙してまだ日も浅いし、十分に動機はあると思うわ。,禁煙してまだ日も浅いし、十分に動機はあると思うわ。
79327,mp3010_01,107678,,107672,106188,37375,ch0010180970,blockwise,evo,他刚开始尝试戒烟，所以嫌疑很大。,ふ～ん、見かけによらないわねえ。,ふ〜ん、見かけによらないわねえ。
79328,mp3010_01,107683,,107678,106224,37376,ch0010180971,blockwise,evo,唔，以貌取人可不太好啊。,……っと、メモしておかなきゃ。,……っと、メモしておかなきゃ。
79329,mp3010_01,107693,,107683,106254,37377,ch2000180972,blockwise,evo,……哦，我要先记下来。,あとは設計室のフーゴさんかしら。,あとは設計室のフーゴさんかしら。
79330,mp3010_01,107695,,107693,106314,37378,ch2000180973,blockwise,evo,然后就是设计室的雨果先生。,今はたしか打ち合わせ中で１階のロビーにいるはずよ。,今はたしか打ち合わせ中で１階のロビーにいるはずよ。
79331,mp3010_01,107698,,107695,106326,37379,ch2000180974,blockwise,evo,他现在应该在一楼大厅和别人谈话。,古くから工房にいる人ほど喫煙する傾向があるみたいね。,古くから工房にいる人ほど喫煙する傾向があるみたいね。
79332,mp3010_01,107702,,107698,106344,37380,ch0070180975,blockwise,evo,在这个工房，资历越老的人，烟瘾一般就越大。,へー、なるほどー。,へー、なるほどー。
79333,mp3010_01,107709,,107702,106368,37381,ch0020180976,blockwise,evo,哦～原来如此。,演算室のトランス主任に１階で打ち合わせ中のフーゴさんですね。,演算室のトランス主任に１階で打ち合わせ中のフーゴさんですね。
79334,mp3010_01,107713,,107709,106410,37382,ch0020180977,blockwise,evo,演算室的特莱斯主任，还有在一楼大厅和别人谈话的雨果先生。,他に何か情報はありませんか？,他に何か情報はありませんか？
79335,mp3010_01,107715,,107713,106434,37383,ch0020180978,blockwise,evo,还有别的情报吗？,なければ調査に移りますが……,なければ調査に移りますが……
79336,mp3010_01,107726,,107715,106446,37384,ch2000180979,blockwise,evo,如果没有，我们就开始调查了……,そうね、参考になるか分からないけど…………,そうね、参考になるか分からないけど…………
79337,mp3010_01,107731,,107726,106512,37385,ch2000180980,blockwise,evo,对了，还有一件事，但不知是否有参考价值……,一応、目撃者がいるのよ。,一応、目撃者がいるのよ。
79338,mp3010_01,107740,,107731,106542,37386,ch0010180981,blockwise,evo,当时有一个目击者。,………………っ！？,………………っ！？
79339,mp3010_01,107742,,107740,106596,37387,ch0010180982,blockwise,evo,………………啊！？,そ、それって決定的な手掛かりじゃない。,そ、それって決定的な手掛かりじゃない。
79340,mp3010_01,107748,,107742,106608,37388,ch0020180983,blockwise,evo,这、这不是决定性的证据吗。,それはどなたですか？,それはどなたですか？
79341,mp3010_01,107756,,107748,106644,37389,ch2000180984,blockwise,evo,目击者是谁呢？,すぐ後ろにいるわ。,すぐ後ろにいるわ。
79342,mp3010_01,107783,,107756,106692,37390,ch2000180985,blockwise,evo,就在你们后面哦。,アントワーヌよ。,アントワーヌよ。
79344,mp3010_01,107798,,107790,113953,37392,ch0010180987,blockwise,evo,喵～～喔。,ね、ネコぉ～～？,ね、ネコぉ〜〜？
79345,mp3010_01,107801,,107798,106944,37393,ch2000180988,blockwise,evo,小、小猫～？,ね？　参考になるかどうか分からないって言ったでしょ。,ね？　参考になるかどうか分からないって言ったでしょ。
79346,mp3010_01,107805,,107801,106962,37394,ch0020180989,blockwise,evo,明白了吧？所以我才说，不知是否有参考价值。,……なるほど、納得です。,……なるほど、納得です。
79347,mp3010_01,107817,,107805,106986,37395,ch0070180990,blockwise,evo,……原来如此，我懂了。,で、でも、アントワーヌはすごく頭のいい猫なんです。,で、でも、アントワーヌはすごく頭のいい猫なんです。
79348,mp3010_01,107819,,107817,107058,37396,ch0070180991,blockwise,evo,不、不过，安东尼可是一只很聪明的小猫哦。,もしかしたら本当に犯人さんを覚えているかも……,もしかしたら本当に犯人さんを覚えているかも……
79349,mp3010_01,107837,,107819,107070,37397,ch2000180992,blockwise,evo,也许它真的记得当时看到的人……,そうね、捜査に連れて行けば何かヒントをくれるかも知れないわ。,そうね、捜査に連れて行けば何かヒントをくれるかも知れないわ。
79350,mp3010_01,107839,,107837,107178,37398,ch2000180993,blockwise,evo,嗯，你们不妨带着它一起调查，说不定会发现什么线索。,犬には負けるけど猫の嗅覚も大したものなんだし。,犬には負けるけど猫の嗅覚も大したものなんだし。
79351,mp3010_01,107842,,107839,107190,37399,ch0010180994,blockwise,evo,虽然还比不上狗，但猫的嗅觉也是很灵敏的。,あ、それは期待できるかも。,あ、それは期待できるかも。
79352,mp3010_01,107849,,107842,107208,37400,ch2000180995,blockwise,evo,啊，真期待它的表现。,好物の『新鮮ミルク』を持って来れば、きっと喜んで後を付いて来てくれるわよ。,好物の『新鮮ミルク』を持って来れば、きっと喜んで後を付いて来てくれるわよ。
79353,mp3010_01,107851,,107849,107250,37401,ch2000180996,blockwise,evo,如果给它拿来它最喜欢的“鲜奶”，它一定会很高兴地跟着你们。,手掛かりがなくなったらぜひ試してみて欲しいわ。,手掛かりがなくなったらぜひ試してみて欲しいわ。
79354,mp3010_01,107854,,107851,107262,37402,ch0010180997,blockwise,evo,如果实在找不到线索，那让它试试看好了。,うん、参考にしてみるわ。,うん、参考にしてみるわ。
79355,mp3010_01,107857,,107854,107280,37403,ch0020180998,blockwise,evo,嗯，我们会考虑的。,では、何か分かったらすぐに知らせに来ますから。,では、何か分かったらすぐに知らせに来ますから。
79356,mp3010_01,107860,,107857,107298,37404,ch2000180999,blockwise,evo,那么，如果我们有什么发现，就会立刻来通知您。,期待して待ってるわよ。絶対に犯人を捕まえてね。,期待して待ってるわよ。絶対に犯人を捕まえてね。
79357,mp3010_01,108547,,107860,107316,37405,ch0010181000,normalized,evo,期待你们的表现，一定要抓住犯人哦。,ほら、アントワーヌ。大好きなミルクよ～。,ほら、アントワーヌ。大好きなミルクよ〜。
79358,mp3010_01,108555,,108547,108331,37407,ch0020181002,exact,evo,来，安东尼，这是你最喜欢的鲜奶哦～,アントワーヌ。ほら、ミルクだよ。,アントワーヌ。ほら、ミルクだよ。
79359,mp3010_01,108563,,108555,108349,37409,ch0070181004,exact,evo,安东尼，给你鲜奶。,よしよし、アントワーヌ。ミルクを持ってきたよ。,よしよし、アントワーヌ。ミルクを持ってきたよ。
79361,mp3010_01,111633,,108578,114475,37684,ch1960181006,exact,evo,喵～～噢。,おや、みなさん。,おや、みなさん。
79362,mp3010_01,111636,,111633,111062,37658,ch1960181007,context,evo,哟，各位。,探し物は見つかったかい？,探し物は見つかったかい？
79363,mp3010_01,111639,,111636,111080,37659,ch0010181008,context,evo,你们要找的东西找到了吗？,あ、うん。もう見つかったけど……,あ、うん。もう見つかったけど……
79364,mp3010_01,111641,,111639,111098,37660,ch0010181009,context,evo,啊……嗯，找是找到了……,今はまたちょっと違うものを探してるんだ。,今はまたちょっと違うものを探してるんだ。
79365,mp3010_01,111643,,111641,111110,37661,ch1960181010,context,evo,但是又要去找另一件东西了。,違うもの？,違うもの？
79366,mp3010_01,111651,,111643,111122,37662,ch0020181011,context,evo,另一件东西？,ええ、医務室から持ち出された煙草を探しているんです。,ええ、医務室から持ち出された煙草を探しているんです。
79367,mp3010_01,111654,,111651,111170,37663,ch1960181012,context,evo,嗯，我们正在寻找被人从医务室拿走的烟。,へえ、そんなことやってるのかい。,へえ、そんなことやってるのかい。
79368,mp3010_01,111656,,111654,109094,37664,ch1960181013,context,evo,哦？你们在办这件事啊。,君たちも忙しいのに大変だねえ。,君たちも忙しいのに大変だねえ。
79369,mp3010_01,111659,,111656,111200,37665,ch0020181014,context,evo,还真是够辛苦的啊。,トランス主任は今日、医務室に行かれましたか？,トランス主任は今日、医務室に行かれましたか？
79370,mp3010_01,111666,,111659,111218,37666,ch1960181015,context,evo,特莱斯主任，您今天去过医务室吗？,いや、行ってないよ。今日はずっとここにいたし。,いや、行ってないよ。今日はずっとここにいたし。
79371,mp3010_01,111671,,111666,109166,37667,ch1960181016,context,evo,哦，没去过。我今天一直都在这里。,なんだったら部屋の中も調べてくれていいよ。,なんだったら部屋の中も調べてくれていいよ。
79372,mp3010_01,111680,,111671,111278,37668,ch0010181017,context,evo,如果不相信，你们可以在屋内随意调查。,ううーん、ちっとも怪しいところがないわね。,ううーん、ちっとも怪しいところがないわね。
79373,mp3010_01,111685,,111680,111332,37696,ch0020181018,blockwise,evo,唔～似乎没什么可怀疑的地方。,そうだね、空振りかも。,そうだね、空振りかも。
79374,mp3010_01,111689,,111685,111362,37697,ch1960181019,blockwise,evo,是啊，白来一趟。,どう？　疑いは晴れた？,どう？　疑いは晴れた？
79375,mp3010_01,111704,,111689,109304,37698,ch0010181037,blockwise,evo,怎么？不再怀疑我了？,あ、そうだ。アントワーヌはどう？,あ、そうだ。アントワーヌはどう？
79376,mp3010_01,111707,,111704,109394,37699,ch2030181038,blockwise,evo,啊，对了。安东尼，发现什么了么？,…………………………,…………………………
79378,mp3010_01,111727,,111713,109448,37701,ch0070181040,blockwise,evo,………………喵噢？,反応なし、ですねー。,反応なし、ですねー。
79379,mp3010_01,111731,,111727,110372,37702,ch0010181041,blockwise,evo,没有反应呢～,あらら、それじゃほんとに見込みゼロね。,あらら、それじゃほんとに見込みゼロね。
79380,mp3010_01,111741,,111731,109556,37703,ch0020181020,blockwise,evo,哎呀，这么说，这里没有任何问题了。,すみません、お時間を取らせてしまって。,すみません、お時間を取らせてしまって。
79381,mp3010_01,111745,,111741,109616,37704,ch0020181021,blockwise,evo,非常抱歉，在您百忙之中前来打扰。,できれば、今後も調査にご協力ください。,できれば、今後も調査にご協力ください。
79382,mp3010_01,111748,,111745,109640,37705,ch1960181022,blockwise,evo,如果可以，请您以后继续协助调查。,ああ、もちろん構わないよ。,ああ、もちろん構わないよ。
79383,mp3010_01,111772,,111748,109658,37706,ch0010181068,blockwise,evo,哦，那当然没问题。,うーん、どっちも反応なしか。,うーん、どっちも反応なしか。
79384,mp3010_01,111775,,111772,110726,37707,ch0010181069,blockwise,evo,唔～对两个人都没反应呢。,やっぱりさっきアントワーヌが反応した場所をよく調べてみるしかないわね。,やっぱりさっきアントワーヌが反応した場所をよく調べてみるしかないわね。
79385,mp3010_01,111779,,111775,110744,35194,ch0020181070,context,evo,看来只能再去安东尼刚才有反应的地方仔细调查一下了。,２階の工房長さんの部屋だね。,２階の工房長さんの部屋だね。
79386,mp3010_01,111782,,111779,110768,37709,ch0020181071,context,evo,是二楼的工房长室吧？,すぐに行ってみよう。,すぐに行ってみよう。
79387,mp3010_01,111810,,111782,110786,37710,ch0010181061,exact,evo,那就赶快去吧。,うーん、どっちも反応なしだったわねえ。,うーん、どっちも反応なしだったわねえ。
79388,mp3010_01,111813,,111810,110924,37711,ch0020181062,exact,evo,唔～对两个人都没反应呢。,手掛かりなし、だね。,手掛かりなし、だね。
79389,mp3010_01,111821,,111813,110942,37712,ch0020181063,context,evo,目前也没有其他线索了。,このまま工房の中をもう少し調べてみよう。,このまま工房の中をもう少し調べてみよう。
79390,mp3010_01,111823,,111821,110990,37651,ch0020181059,context,evo,我们再去工房内的其他地方调查一下吧。,ミリアム先生の言う通りどこかにヒントがあるかも。,ミリアム先生の言う通りどこかにヒントがあるかも。
79391,mp3010_01,111828,,111823,111002,37714,ch0010181060,exact,evo,也许会像米莉亚姆医生所说，在某个地方发现线索呢。,うー、そうするしかないかぁ。,うー、そうするしかないかぁ。
79392,mp3010_01,111844,,111828,111032,37674,ch1960181045,blockwise,evo,唔……也只能这样了。,おや、どうかしたかい？,おや、どうかしたかい？
79393,mp3010_01,111847,,111844,110126,37675,ch1960181046,blockwise,evo,哦，怎么样了？,疑いはもう晴れたんだろう？,疑いはもう晴れたんだろう？
79394,mp3010_01,111849,,111847,110144,37676,ch0010181049,blockwise,evo,已经不再怀疑我了吧？,ちょっとごめんね。すぐ済むから。,ちょっとごめんね。すぐ済むから。
79395,mp3010_01,111870,,111849,110156,37699,ch2030181038,blockwise,evo,不好意思，我们很快就会调查完。,…………………………,…………………………
79396,mp3010_01,111876,,111870,112772,37700,ch2030181039,blockwise,evo,…………………………,………………にゃお？,………………にゃお？
79397,mp3010_01,111885,,111876,112808,37701,ch0070181040,blockwise,evo,………………喵噢？,反応なし、ですねー。,反応なし、ですねー。
79398,mp3010_01,111892,,111885,110372,37680,ch0020181053,blockwise,evo,没有反应呢～,すみませんでした。,すみませんでした。
79399,mp3010_01,111894,,111892,110414,37681,ch0020181054,blockwise,evo,抱歉，打扰您了。,ご協力感謝します。,ご協力感謝します。
79400,mp3010_01,111909,,111894,110426,37682,ch0010181055,normalized,evo,感谢您的配合。,それじゃあね～。,それじゃあね〜。
79401,mp3010_01,111918,,111909,110516,37683,ch1960181056,exact,evo,再见啦～,な、なんだったんだい？,な、なんだったんだい？
79402,mp3010_01,111946,,111918,110570,37706,ch0010181068,blockwise,evo,怎、怎么回事啊？,うーん、どっちも反応なしか。,うーん、どっちも反応なしか。
79403,mp3010_01,111949,,111946,110726,37707,ch0010181069,blockwise,evo,唔～对两个人都没反应呢。,やっぱりさっきアントワーヌが反応した場所をよく調べてみるしかないわね。,やっぱりさっきアントワーヌが反応した場所をよく調べてみるしかないわね。
79404,mp3010_01,111953,,111949,110744,37708,ch0020181070,blockwise,evo,看来只能再去安东尼刚才有反应的地方仔细调查一下了。,２階の工房長さんの部屋だね。,２階の工房長さんの部屋だね。
79405,mp3010_01,111956,,111953,110768,37709,ch0020181071,blockwise,evo,是二楼的工房长室吧？,すぐに行ってみよう。,すぐに行ってみよう。
79406,mp3010_01,111985,,111956,110786,37710,ch0010181061,blockwise,evo,那就赶快去吧。,うーん、どっちも反応なしだったわねえ。,うーん、どっちも反応なしだったわねえ。
79407,mp3010_01,111988,,111985,110924,37711,ch0020181062,blockwise,evo,唔～对两个人都没反应呢。,手掛かりなし、だね。,手掛かりなし、だね。
79408,mp3010_01,111996,,111988,110942,37712,ch0020181063,blockwise,evo,目前也没有其他线索了。,このまま工房の中をもう少し調べてみよう。,このまま工房の中をもう少し調べてみよう。
79409,mp3010_01,111998,,111996,110990,37713,ch0020181059,blockwise,evo,我们再去工房内的其他地方调查一下吧。,ミリアム先生の言う通りどこかにヒントがあるかも。,ミリアム先生の言う通りどこかにヒントがあるかも。
79410,mp3010_01,112003,,111998,111002,37714,ch0010181060,blockwise,evo,也许会像米莉亚姆医生所说，在某个地方发现线索呢。,うー、そうするしかないかぁ。,うー、そうするしかないかぁ。
79411,mp3010_01,112017,,112003,111032,37684,ch1960181006,blockwise,evo,唔……也只能这样了。,おや、みなさん。,おや、みなさん。
79412,mp3010_01,112020,,112017,111062,37685,ch1960181007,blockwise,evo,哟，各位。,探し物は見つかったかい？,探し物は見つかったかい？
79413,mp3010_01,112023,,112020,111080,37686,ch0010181008,blockwise,evo,你们要找的东西找到了吗？,あ、うん。もう見つかったけど……,あ、うん。もう見つかったけど……
79414,mp3010_01,112025,,112023,111098,37687,ch0010181009,blockwise,evo,啊……嗯，找是找到了……,今はまたちょっと違うものを探してるんだ。,今はまたちょっと違うものを探してるんだ。
79415,mp3010_01,112027,,112025,111110,37688,ch1960181010,blockwise,evo,但是又要去找另一件东西了。,違うもの？,違うもの？
79416,mp3010_01,112035,,112027,111122,37689,ch0020181011,blockwise,evo,另一件东西？,ええ、医務室から持ち出された煙草を探しているんです。,ええ、医務室から持ち出された煙草を探しているんです。
79417,mp3010_01,112038,,112035,111170,37690,ch1960181012,blockwise,evo,嗯，我们正在寻找被人从医务室拿走的烟。,へえ、そんなことやってるのかい。,へえ、そんなことやってるのかい。
79418,mp3010_01,112040,,112038,111188,37691,ch1960181013,blockwise,evo,哦？你们在办这件事啊。,君たちも忙しいのに大変だねえ。,君たちも忙しいのに大変だねえ。
79419,mp3010_01,112043,,112040,111200,37692,ch0020181014,blockwise,evo,还真是够辛苦的啊。,トランス主任は今日、医務室に行かれましたか？,トランス主任は今日、医務室に行かれましたか？
79420,mp3010_01,112050,,112043,111218,37693,ch1960181015,blockwise,evo,特莱斯主任，您今天去过医务室吗？,いや、行ってないよ。今日はずっとここにいたし。,いや、行ってないよ。今日はずっとここにいたし。
79421,mp3010_01,112053,,112050,111260,37694,ch1960181016,blockwise,evo,哦，没去过。我今天一直都在这里。,なんだったら部屋の中も調べてくれていいよ。,なんだったら部屋の中も調べてくれていいよ。
79422,mp3010_01,112062,,112053,111278,37695,ch0010181017,blockwise,evo,如果不相信，你们可以在屋内随意调查。,ううーん、ちっとも怪しいところがないわね。,ううーん、ちっとも怪しいところがないわね。
79423,mp3010_01,112067,,112062,111332,37696,ch0020181018,blockwise,evo,唔～似乎没什么可怀疑的地方。,そうだね、空振りかも。,そうだね、空振りかも。
79424,mp3010_01,112082,,112067,111362,37697,ch1960181019,blockwise,evo,是啊，白来一趟。,どう？　疑いは晴れた？,どう？　疑いは晴れた？
79425,mp3010_01,112084,,112082,111452,37703,ch0020181020,blockwise,evo,怎么？不再怀疑我了？,すみません、お時間を取らせてしまって。,すみません、お時間を取らせてしまって。
79426,mp3010_01,112087,,112084,111464,37704,ch0020181021,blockwise,evo,非常抱歉，在您百忙之中前来打扰。,できれば、今後も調査にご協力ください。,できれば、今後も調査にご協力ください。
79427,mp3010_01,112090,,112087,111482,37705,ch1960181022,blockwise,evo,如果可以，请您以后继续协助调查。,ああ、もちろん構わないよ。,ああ、もちろん構わないよ。
79428,mp3010_01,112097,,112090,111500,37674,ch1960181045,blockwise,evo,哦，那当然没问题。,おや、どうかしたかい？,おや、どうかしたかい？
79429,mp3010_01,112101,,112097,111518,37675,ch1960181046,blockwise,evo,哦，怎么样了？,疑いはもう晴れたんだろう？,疑いはもう晴れたんだろう？
79430,mp3010_01,113412,,112101,111542,35184,ch2110181072,blockwise,evo,已经不再怀疑我了吧？,なんだね？,なんだね？
79431,mp3010_01,113416,,113412,112502,35185,ch2110181073,blockwise,evo,有什么事吗？,すまないが今、大事な話をしてるんだ。,すまないが今、大事な話をしてるんだ。
79432,mp3010_01,113419,,113416,112526,35186,ch2110181074,blockwise,evo,不好意思，我正在谈重要的事情。,用なら後にしてくれ。,用なら後にしてくれ。
79433,mp3010_01,113433,,113419,112544,35187,ch0010181078,blockwise,evo,如果有事，请稍后再来。,（う～ん、質問できるような  雰囲気じゃないわね～。）,（う〜ん、質問できるような雰囲気じゃないわね〜。）
79434,mp3010_01,113441,,113433,112622,35188,ch0010181079,blockwise,evo,（唔～  看来现在没机会向他提问啊～）,（あ、そうだ。  アントワーヌの反応はどうかな？）,（あ、そうだ。アントワーヌの反応はどうかな？）
79435,mp3010_01,113458,,113441,112670,37699,ch2030181038,blockwise,evo,（啊，对了，  安东尼有什么反应吗？）,…………………………,…………………………
79436,mp3010_01,113464,,113458,112772,37700,ch2030181039,blockwise,evo,…………………………,………………にゃお？,………………にゃお？
79437,mp3010_01,113466,,113464,112808,35191,ch0070181082,blockwise,evo,………………喵噢？,（反応なし、ですねー。）,（反応なし、ですねー。）
79438,mp3010_01,113483,,113466,112820,37706,ch0010181068,normalized,evo,（没有反应呢～）,（うーん、どっちも反応なしか。）,うーん、どっちも反応なしか。
79439,mp3010_01,113492,,113483,112910,37707,ch0010181069,normalized,evo,（唔，两边都没反应啊。）,（やっぱりさっき  アントワーヌが反応した場所を  よく調べてみるしかないわね。）,やっぱりさっきアントワーヌが反応した場所をよく調べてみるしかないわね。
79440,mp3010_01,113496,,113492,112964,37708,ch0020181070,normalized,evo,（果然还是得仔细调查一下  刚才安东尼有反应的  那个地方才行呢。）,（２階の工房長さんの部屋だね。）,２階の工房長さんの部屋だね。
79441,mp3010_01,113500,,113496,112988,37709,ch0020181071,normalized,evo,（是二楼工房长的房间吧。）,（すぐに行ってみよう。）,すぐに行ってみよう。
79442,mp3010_01,113519,,113500,113012,35196,ch0010181083,normalized,evo,（我们马上去看看吧。）,（ええ、じゃあ２人とも  反応なしってこと？）,（ええ、じゃあ２人とも反応なしってこと？）
79443,mp3010_01,113522,,113519,113090,35197,ch0020181084,exact,evo,（嗯，  也就是说，对两个人都没有反应？）,（手掛かりなし、だね。）,（手掛かりなし、だね。）
79444,mp3010_01,113530,,113522,113108,35198,ch0020181085,normalized,evo,（目前也没有其他线索了。）,（このまま工房の中を  もう少し調べてみよう。）,（このまま工房の中をもう少し調べてみよう。）
79445,mp3010_01,113532,,113530,113156,35199,ch0020181086,normalized,evo,（我们再去工房内的  其他地方调查一下吧。）,（ミリアム先生の言う通り  どこかにヒントがあるかも。）,（ミリアム先生の言う通りどこかにヒントがあるかも。）
79446,mp3010_01,113537,,113532,113168,35200,ch0010181087,exact,evo,（也许会像米莉亚姆医生所说，  在某个地方发现线索呢。）,（うー、そうするしかないかぁ。）,（うー、そうするしかないかぁ。）
79447,mp3010_01,113556,,113537,113198,35201,ch0010181075,normalized,evo,（唔……也只能这样了。）,（な、なんか  取り付く島もないんですけど……）,（な、なんか取り付く島もないんですけど……）
79448,mp3010_01,113559,,113556,113264,35202,ch0020181076,exact,evo,（完、完全没有  我们插嘴的余地啊……）,（打ち合わせ中みたいだ。）,（打ち合わせ中みたいだ。）
79449,mp3010_01,113565,,113559,113282,35203,ch0020181077,exact,evo,（他们似乎正在谈正事。）,（質問できる雰囲気じゃないね。）,（質問できる雰囲気じゃないね。）
79451,mp3010_01,114113,,114111,113833,35333,ch0010181099,exact,evo,喵～～喔。,えっ…………！？,えっ…………！？
79453,mp3010_01,114133,,114131,113953,35335,ch0020181101,blockwise,evo,喵～～喔。,……この扉が気になるのかな？,……この扉が気になるのかな？
79454,mp3010_01,114139,,114133,113965,35336,ch0070181102,blockwise,evo,……它对这道门有反应啊。,こ、この部屋って…………,こ、この部屋って…………
79455,mp3010_01,114144,,114139,114001,35337,ch0010181103,blockwise,evo,这、这个房间是…………,とにかく中を調べてみましょ。,とにかく中を調べてみましょ。
79456,mp3010_01,114147,,114144,114031,35338,ch0020181104,blockwise,evo,总之，先进去调查一下。,うん、そうだね。,うん、そうだね。
79457,mp3010_01,115048,,114147,114049,35982,ch0550181117,exact,evo,嗯，说得对。,おや、どうしたかな。,おや、どうしたかな。
79459,mp3010_01,115061,,115059,114475,35984,ch0550181119,exact,evo,喵～～噢。,おお、アントワーヌ。,おお、アントワーヌ。
79460,mp3010_01,115063,,115061,114487,35985,ch0550181120,exact,evo,哦，安东尼。,そんなに鳴き声をあげてどうした？,そんなに鳴き声をあげてどうした？
79462,mp3010_01,115093,,115065,114511,35987,ch0010181122,normalized,evo,喵～噢，喵～～噢。,う～ん、これって……,う〜ん、これって……
79463,mp3010_01,115096,,115093,114679,35988,ch0020181123,vector_search (0.98),evo,唔，这么说……,どう見ても黒だね。,どう見ても黒（クロ）だね。
79464,mp3010_01,115101,,115096,114697,35989,ch0070181124,vector_search (0.94),evo,很有嫌疑啊。,ですね～……,ですね〜……
79465,mp3010_01,115107,,115101,114727,35990,ch0550181125,blockwise,evo,是啊……,？？？,？？？
79466,mp3010_01,115109,,115107,114763,35991,ch0550181126,blockwise,evo,？？？,何の話だね？,何の話だね？
79467,mp3010_01,115117,,115109,114775,35992,ch0010181127,blockwise,evo,你们在说什么？,工房長さん、今日、医務室に行ったでしょ。,工房長さん、今日、医務室に行ったでしょ。
79468,mp3010_01,115124,,115117,114823,35993,ch0550181128,blockwise,evo,工房长先生，您今天去过医务室吗？,えっ…………！？,えっ…………！？
79469,mp3010_01,115126,,115124,114865,35994,ch0550181129,blockwise,evo,啊…………！？,い、いや……行っていないが。,い、いや……行っていないが。
79470,mp3010_01,115134,,115126,114877,35995,ch0020181130,blockwise,evo,没、没有……没有去过。,今、医務室から持ち出された煙草を探しているんです。,今、医務室から持ち出された煙草を探しているんです。
79471,mp3010_01,115136,,115134,114925,35996,ch0020181131,blockwise,evo,我们正在寻找被人从医务室拿走的香烟。,少しこの部屋も調べてよろしいでしょうか？,少しこの部屋も調べてよろしいでしょうか？
79472,mp3010_01,115140,,115136,114937,35997,ch0550181132,blockwise,evo,可以让我们在这个房间调查一下吗？,う、うむ、別に構わないが……,う、うむ、別に構わないが……
79473,mp3010_01,115143,,115140,114961,35998,ch0010181133,blockwise,evo,唔……可以是可以……,じゃあ、遠慮なく調べさせてもらうわね。,じゃあ、遠慮なく調べさせてもらうわね。
79474,mp3010_01,115734,,115143,114979,35617,ch0550181134,blockwise,evo,那我们就不客气啦，仔细调查一下吧。,扉には鍵がかかっている。,な、なにか見つかったかね？
79476,mp3010_01,115758,,115756,115531,35951,ch0010181136,blockwise,evo,喵～喔。,……この奥なの？,……この奥なの？
79478,mp3010_01,115767,,115762,115567,35953,ch0020181138,blockwise,evo,喵～噢。,鍵を探そう。,鍵を探そう。
79479,mp3010_01,115770,,115767,115597,35954,ch0020181139,blockwise,evo,找找钥匙吧。,たぶん部屋のどこかにあるはずだよ。,たぶん部屋のどこかにあるはずだよ。
79480,mp3010_01,115773,,115770,115615,35955,ch0010181140,blockwise,evo,应该就在这个房间里。,うん、了解。,うん、了解。
79481,mp3010_01,116147,116032,115773,115633,,,unmatched,evo,嗯，知道了。,机の上の本を調べた。,
79482,mp3010_01,119052,116445,116147,116032,,,unmatched,evo,调查了桌子上的书。,煙草を見つけた。,
79483,mp3010_01,119093,,119082,116445,35965,ch0010181141,blockwise,evo,香烟找到了。,えへへっ、見つけちった。,えへへっ、見つけちった。
79484,mp3010_01,119104,,119123,116619,35966,ch0020181142,blockwise,evo,哈哈，找到了。,それにしても……,それにしても……
79485,mp3010_01,119110,,119134,116685,35967,ch0070181143,blockwise,evo,话说回来……,まさか、工房長さんだったなんて……,まさか、工房長さんだったなんて……
79486,mp3010_01,119114,,119140,116721,35968,ch0010181144,blockwise,evo,没想到犯人竟然是工房长伯伯……,うん、意外よね～。,うん、意外よね〜。
79487,mp3010_01,119116,,119144,116745,35969,ch0010181145,blockwise,evo,嗯，真意外啊～,ほんと人は見かけに……,ほんと人は見かけに……
79488,mp3010_01,119135,,119146,116757,35970,ch0550181146,blockwise,evo,果真是人不可貌相……,き、君たち！　違うんだ！,き、君たち！　違うんだ！
79489,mp3010_01,119146,,119165,116871,35971,ch0550181147,blockwise,evo,你、你们搞错了！,ご、誤解しないでくれ！,ご、誤解しないでくれ！
79490,mp3010_01,119149,,119176,116937,35972,ch0550181148,blockwise,evo,不、不要误会啊！,い、一服したらすぐに返そうと…………,い、一服したらすぐに返そうと…………
79491,mp3010_01,119161,,119181,116961,35973,ch0020181149,blockwise,evo,抽、抽一根之后，我就会放回去的……,工房長…………,工房長…………
79492,mp3010_01,119164,,119186,116967,35974,ch0020181150,blockwise,evo,马上就会放回去……,釈明ならミリアム先生になさってください。,釈明ならミリアム先生になさってください。
79493,mp3010_01,119193,,119201,117039,37411,ch2000181151,blockwise,evo,工房长…………,……まったく、あきれるしかないわね。,……まったく、あきれるしかないわね。
79494,mp3010_01,119195,,119204,117057,37412,ch2000181152,blockwise,evo,请您去向米莉亚姆医生解释吧。,よりにもよって工房長の仕業だったなんて。,よりにもよって工房長の仕業だったなんて。
79495,mp3010_01,119204,,119233,117231,37413,ch0550181153,blockwise,evo,……真是的，居然是这样。,も、申し訳ない……,も、申し訳ない……
79496,mp3010_01,119207,,119235,117243,37414,ch0550181154,blockwise,evo,偷拿香烟的人居然是工房长，真是万万没想到。,どうしても一服したくなってね。,どうしても一服したくなってね。
79497,mp3010_01,119210,,119244,117297,37415,ch0550181155,blockwise,evo,实、实在对不起……,魔が差したとしか言いようがないよ。,魔が差したとしか言いようがないよ。
79498,mp3010_01,119215,,119249,117321,37416,ch0550181156,blockwise,evo,我实在是忍不住了，很想抽一根。,ミリアム先生……本当にすまなかった。,ミリアム先生……本当にすまなかった。
79499,mp3010_01,119227,,119255,117339,37417,ch2000181157,blockwise,evo,结果却鬼使神差地拿走了整盒。,でも、工房長。,でも、工房長。
79500,mp3010_01,119232,,119260,117369,37418,ch2000181158,blockwise,evo,米莉亚姆医生……真对不起啊。,確かずいぶん昔に禁煙なさったはずですよね。,確かずいぶん昔に禁煙なさったはずですよね。
79501,mp3010_01,119236,,119272,117441,37419,ch0550181159,blockwise,evo,可是，工房长。,あ、ああ、そうだよ。,あ、ああ、そうだよ。
79502,mp3010_01,119241,,119277,117471,37420,ch0550181160,blockwise,evo,我记得您很早以前就已经戒烟了啊。,もうかれこれ十年近くになるな。,もうかれこれ十年近くになるな。
79503,mp3010_01,119243,,119281,117495,37421,ch0010181161,blockwise,evo,哦……嗯，是啊。,え？　そうなんだ。,え？　そうなんだ。
79504,mp3010_01,119248,,119286,117525,37422,ch0010181162,blockwise,evo,都已经戒了将近十年了。,じゃあなんで突然こんなことをしちゃったの？,じゃあなんで突然こんなことをしちゃったの？
79505,mp3010_01,119256,,119288,117537,37423,ch0550181163,blockwise,evo,啊？是这样啊。,ううむ、自分でも良く分からないんだが……,ううむ、自分でも良く分からないんだが……
79506,mp3010_01,119261,,119293,117567,37424,ch0550181164,blockwise,evo,既然都戒掉这么久了，为何又突然想抽烟呢？,導力停止現象のあと、市民からの苦情がすごくてね。,導力停止現象のあと、市民からの苦情がすごくてね。
79507,mp3010_01,119263,,119301,117615,37425,ch0550181165,blockwise,evo,唔唔，连我自己都不是很清楚……,ずっとその応対をしていたらなぜだか無性に煙草が欲しくなってきたんだよ。,ずっとその応対をしていたらなぜだか無性に煙草が欲しくなってきたんだよ。
79508,mp3010_01,119268,,119306,117645,37426,ch0550181166,blockwise,evo,发生导力停止现象之后，很多市民前来投诉。,はあ～～…………,はあ〜〜…………
79509,mp3010_01,119277,,119310,117663,37427,ch0070181167,blockwise,evo,我一直在拼命思考解决办法，不知为何，突然就非常想抽烟。,こ、工房長さん……,こ、工房長さん……
79510,mp3010_01,119286,,119315,117669,37428,ch0070181168,blockwise,evo,我一直在拼命思考解决办法……,ご、ごめんなさい。おじいちゃんのせいで……,ご、ごめんなさい。おじいちゃんのせいで……
79511,mp3010_01,119293,,119323,117699,37429,ch0550181169,blockwise,evo,唉…………,い、いや、ティータ君。君があやまることではないよ。,い、いや、ティータ君。君があやまることではないよ。
79512,mp3010_01,119298,,119332,117753,37430,ch0550181170,blockwise,evo,工、工房长伯伯……,今回の件に博士は関係ない。悪いのはこの私なんだからね。,今回の件に博士は関係ない。悪いのはこの私なんだからね。
79513,mp3010_01,119301,,119341,117807,37431,ch0010181171,blockwise,evo,对、对不起，这都怪外公……,でも、少し休んだ方がいいんじゃない？,でも、少し休んだ方がいいんじゃない？
79514,mp3010_01,119303,,119348,117849,37432,ch0020181172,blockwise,evo,哦，缇妲，你用不着道歉。,喫煙の原因はどうやらストレスみたいだね。,喫煙の原因はどうやらストレスみたいだね。
79515,mp3010_01,119313,,119353,117879,37433,ch2000181173,blockwise,evo,这次的事情和博士无关，完全是我的错。,工房長…………事情はよく分かりました。,工房長…………事情はよく分かりました。
79516,mp3010_01,119315,,119356,117897,37434,ch2000181174,blockwise,evo,工房长，您还是好好休息一下吧。,今回の件は水に流しましょう。,今回の件は水に流しましょう。
79517,mp3010_01,119318,,119358,117909,37435,ch0550181175,blockwise,evo,突然想吸烟，可能是因为压力太大了。,えっ？い、いいのかい？,えっ？い、いいのかい？
79518,mp3010_01,119321,,119368,117969,37436,ch2000181176,blockwise,evo,工房长…………我已经明白了。,その代わり……きちんと休養をとってください。,その代わり……きちんと休養をとってください。
79519,mp3010_01,119323,,119370,117981,37437,ch2000181177,blockwise,evo,这次的事情就当没发生吧。,このままでは体調を崩してしまいますよ。,このままでは体調を崩してしまいますよ。
79520,mp3010_01,119327,,119373,117999,37438,ch0550181178,blockwise,evo,啊？真、真的吗？,はあ、そうだね……,はあ、そうだね……
79521,mp3010_01,119330,,119376,118017,37439,ch0550181179,blockwise,evo,不过……您一定要好好休息一下。,仕事が落ち着いたらゆっくり休養をとると約束するよ。,仕事が落ち着いたらゆっくり休養をとると約束するよ。
79522,mp3010_01,119336,,119378,118029,37440,ch0550181180,blockwise,evo,再这样下去，身体会吃不消的。,では、ミリアム先生……今日は本当に申し訳なかった。,では、ミリアム先生……今日は本当に申し訳なかった。
79523,mp3010_01,119339,,119382,118053,37441,ch2000181181,blockwise,evo,呼，是啊……,ええ、もう済んだことですわ。,ええ、もう済んだことですわ。
79524,mp3010_01,119342,,119385,118071,37442,ch2000181182,blockwise,evo,等工作告一段落之后，我一定会好好休息的。,それよりもお体を大切に。,それよりもお体を大切に。
79525,mp3010_01,119345,,119391,118107,37443,ch0550181183,blockwise,evo,米莉亚姆医生……今天实在是太抱歉了。,ああ、気をつけるよ。,ああ、気をつけるよ。
79526,mp3010_01,119354,,119394,118125,37444,ch0550181184,blockwise,evo,嗯，事情已经过去了。,では、失礼する。,では、失礼する。
79527,mp3010_01,119388,,119397,118143,37445,ch0010181185,blockwise,evo,保重身体才是最重要的。,ふう～、なんだか気の毒ね。,ふう〜、なんだか気の毒ね。
79528,mp3010_01,119390,,119400,118161,37446,ch0010181186,blockwise,evo,嗯，我会注意的。,別に工房長さんがトラブルを起こしてるわけじゃないのに……,別に工房長さんがトラブルを起こしてるわけじゃないのに……
79529,mp3010_01,119398,,119409,118215,37447,ch0020181187,blockwise,evo,那么，我这就告辞了。,でも、工房を代表して責任をとるのが仕事だからね。,でも、工房を代表して責任をとるのが仕事だからね。
79530,mp3010_01,119402,,119443,118419,37448,ch2000181188,blockwise,evo,呼～感觉好可怜啊。,ま、そういうことよ。,ま、そういうことよ。
79531,mp3010_01,119409,,119445,118431,37449,ch2000181189,blockwise,evo,那起事故并不是工房长引起的……,……さて、みなさんにはお礼を言わなくちゃね。,……さて、みなさんにはお礼を言わなくちゃね。
79532,mp3010_01,119413,,119453,118479,37450,ch2000181190,blockwise,evo,不过，身为工房的领导者，承担责任也是他的义务。,見事に事件を解決してくれたんだから。,見事に事件を解決してくれたんだから。
79533,mp3010_01,119431,,119457,118503,37451,ch0010181191,blockwise,evo,嗯，确实如此。,どういたしまして。,どういたしまして。
79534,mp3010_01,119438,,119464,118545,37452,ch0010181192,blockwise,evo,……总之，这次真是谢谢你们了。,まあ、半分くらいはアントワーヌのお手柄だけどね。,まあ、半分くらいはアントワーヌのお手柄だけどね。
79535,mp3010_01,119441,,119468,118569,37453,ch0070181193,blockwise,evo,你们非常出色地解决了这起事件。,えへへ、そーですね。,えへへ、そーですね。
79536,mp3010_01,119443,,119486,118677,37454,ch2000181194,blockwise,evo,不用客气。,ふふ、推薦した甲斐があったみたいね。,ふふ、推薦した甲斐があったみたいね。
79537,mp3010_01,119449,,119493,118719,37455,ch2000181195,blockwise,evo,说起来，安东尼至少要占一半功劳。,またどこかで見かけたら可愛がってあげて。,またどこかで見かけたら可愛がってあげて。
79538,mp3010_01,119453,,119496,118737,37456,ch0010181196,blockwise,evo,嘿嘿～是啊。,うん、もちろん！,うん、もちろん！
79539,mp3010_01,119466,,119498,118749,37457,ch2000181197,blockwise,evo,呵呵，看来它没有辜负我的推荐。,それじゃあ、今日はご苦労様。,それじゃあ、今日はご苦労様。
79540,mp3010_01,119468,,119504,118785,37458,ch2000181198,blockwise,evo,你们以后要是再遇到它就多陪它玩玩吧。,また何かあったらよろしくお願いね。,また何かあったらよろしくお願いね。
79541,mp3010_01,119473,,119508,118809,37459,ch0020181199,blockwise,evo,嗯，一定！,こちらこそ。,こちらこそ。
79542,mp3010_01,119478,,119521,118887,37460,ch0020181200,blockwise,evo,那么，今天真是辛苦你们了。,では、僕たちはこれで。,では、僕たちはこれで。
79543,mp3010_01,119483,,119523,118899,37461,ch0010181201,blockwise,evo,今后要是再有什么事，还要拜托你们多帮忙哦。,じゃあ、またね。,じゃあ、またね。
79544,mp3010_01,119960,,119528,118929,35041,ch0020181105,normalized,evo,彼此彼此。,外に行くの？,外に行くの？
79545,mp3010_01,119962,,119533,118959,35042,ch0020181106,exact,evo,那我们就此告辞了。,それならアントワーヌを帰した方がいいと思うけど。,それならアントワーヌを帰した方がいいと思うけど。
79546,mp3010_01,119971,119832,119538,118989,,,unmatched,evo,再见啦。,そうね、少し中断させてもらおうかな。,
79547,mp3010_01,119973,119844,120015,119827,,,unmatched,evo,要出去吗？,じゃあね、アントワーヌ。,
79548,mp3010_01,119976,119862,120017,119839,,,unmatched,evo,如果准备出去，就让安东尼先回去吧。,ここで一旦、お別れだね。,
79551,mp3010_01,120641,120502,120031,119917,,,unmatched,evo,我们就在这里暂时分别了。,あ、もしかしてあたしたちのことを待っててくれてたの？,
79553,mp3010_01,120645,120526,120694,120545,,,unmatched,evo,喵──噢。,あはは、本当にそーみたいだね。,
79554,mp3010_01,120647,120538,120696,120557,,,unmatched,evo,啊，难道说你是在等我们吗？,それじゃあ、また付いてきてくれるかい？,
79556,mp3010_01,122460,,120700,120581,35999,ch0010180648,blockwise,evo,啊哈哈，看起来真的是这样呢。,ごめん、ちょっといい？,ごめん、ちょっといい？
79557,mp3010_01,122471,,120702,120593,36000,ch0010180649,blockwise,evo,那么，你还愿意跟着我们吗？,プロメテさん…………よね。,プロメテさん…………よね。
79558,mp3010_01,122474,,120704,120605,36001,ch2080180650,blockwise,evo,喵呜～,ええ、確かに私はプロメテですが……,ええ、確かに私はプロメテですが……
79559,mp3010_01,122476,,122515,120953,36002,ch2080180651,blockwise,evo,不好意思，可以打扰一下吗？,何かご用ですかな？,何かご用ですかな？
79560,mp3010_01,122479,,122526,121019,36003,ch0010180652,blockwise,evo,您就是普罗梅笛先生吧？,うん、ちょっとね。,うん、ちょっとね。
79561,mp3010_01,122488,,122529,121037,36004,ch0010180653,blockwise,evo,嗯，我就是普罗梅笛……,実はいま、運搬車用のオーバルエンジンを探してるの。,実はいま、運搬車用のオーバルエンジンを探してるの。
79562,mp3010_01,122490,,122531,121049,36005,ch0010180654,blockwise,evo,有什么事吗？,プロメテさんに聞けばどこにあるか分かるって言われたんだけど……,プロメテさんに聞けばどこにあるか分かるって言われたんだけど……
79563,mp3010_01,122492,,122534,121067,36006,ch2080180655,blockwise,evo,嗯，有点小事。,運搬車用のオーバルエンジンですと？,運搬車用のオーバルエンジンですと？
79564,mp3010_01,122494,,122543,121121,36007,ch2080180656,blockwise,evo,是这样的，我们在找运输车用的导力引擎。,申し訳ないが、私には皆目見当もつきませんよ。,申し訳ないが、私には皆目見当もつきませんよ。
79565,mp3010_01,122498,,122545,121133,36008,ch0010180657,blockwise,evo,有人和我们说，您知道导力引擎放在哪里……,え？　どういうこと？,え？　どういうこと？
79566,mp3010_01,122500,,122547,121145,36009,ch0020180658,blockwise,evo,运输车用的导力引擎吗？,プロメテさんが運搬車を管理していると聞いたんですが。,プロメテさんが運搬車を管理していると聞いたんですが。
79567,mp3010_01,122509,,122549,121157,36010,ch2080180659,blockwise,evo,实在抱歉，我并不知道放在哪里。,ああ、それはずいぶん前の話ですよ。,ああ、それはずいぶん前の話ですよ。
79568,mp3010_01,122511,,122553,121181,36011,ch2080180660,blockwise,evo,咦？怎么会这样？,あの役目は持ち回りでしてね。定期的に交代するんです。,あの役目は持ち回りでしてね。定期的に交代するんです。
79569,mp3010_01,122517,,122555,121193,36012,ch2080180661,blockwise,evo,我们听说您是运输车的管理人员啊。,ちなみに………………,ちなみに………………
79570,mp3010_01,122519,,122564,121247,36013,ch2080180662,blockwise,evo,哦，那是很久以前的事情了。,今の担当者が誰かと聞かれてもやっぱり私には分かりませんよ。,今の担当者が誰かと聞かれてもやっぱり私には分かりませんよ。
79571,mp3010_01,122525,,122566,121259,36014,ch0010180663,blockwise,evo,那个职务是轮流担当的，会定期更换人员。,あう………………先回りされちゃったわね。,あう………………先回りされちゃったわね。
79572,mp3010_01,122534,,122572,121295,36015,ch2080180664,blockwise,evo,而且………………,では、もうよろしいかな？色々と仕事があるものでね。,では、もうよろしいかな？色々と仕事があるものでね。
79573,mp3010_01,122540,,122574,121307,36016,ch0020180665,blockwise,evo,我连现在的负责人是谁都不知道。,すみません、お時間を取らせてしまって。,すみません、お時間を取らせてしまって。
79574,mp3010_01,122543,,122580,121343,36017,ch2080180666,blockwise,evo,呼………………我还没问，您就抢先说了啊。,うむ、では失礼。,うむ、では失礼。
79575,mp3010_01,122570,,122589,121397,36018,ch0010180667,blockwise,evo,没别的事了吧？我还有很多工作要做呢。,う～ん、なんかずいぶん話が違うわね。,う〜ん、なんかずいぶん話が違うわね。
79576,mp3010_01,122573,,122595,121433,36030,ch0070180668,blockwise,evo,不好意思，在您百忙之中前来打扰。,ご、ごめんなさい。,ご、ごめんなさい。
79577,mp3010_01,122575,,122598,121451,36031,ch0070180669,blockwise,evo,嗯，失陪了。,備品の管理とか、けっこーいい加減なんですよ。,備品の管理とか、けっこーいい加減なんですよ。
79578,mp3010_01,122583,,122625,121607,36021,ch0020180670,blockwise,evo,唔……怎么和当时说的不一样啊。,プロメテさんが知らないとなると…………,プロメテさんが知らないとなると…………
79579,mp3010_01,122585,,122628,121625,36022,ch0020180671,blockwise,evo,不、不好意思。,残る手がかりはさっき《カペル》で見た情報だけか。,残る手がかりはさっき《カペル》で見た情報だけか。
79580,mp3010_01,122591,,122630,121637,36023,ch0010180672,blockwise,evo,因为管理设备是一件相当麻烦的工作。,うん、確か地下工場搬入口……？とか書いてあったわよね。,うん、確か地下工場搬入口……？とか書いてあったわよね。
79581,mp3010_01,122595,,122638,121685,36024,ch0070180673,blockwise,evo,既然普罗梅笛先生不知道……,あ、それはカルデア隧道への出口のことですよ。,あ、それはカルデア隧道（すいどう）への出口のことですよ。
79582,mp3010_01,122603,,122640,121697,36025,ch0070180674,blockwise,evo,剩下的线索就只有刚才在《卡佩尔》上查到的那条信息了。,いろいろと外の敷地にも備品とかを置いているんです。,いろいろと外の敷地にも備品とかを置いているんです。
79583,mp3010_01,122612,,122646,121733,36026,ch0020180675,blockwise,evo,嗯，记得是地下工厂的搬运口吧……？,よし、じゃあ地下に行ってみようか。,よし、じゃあ地下に行ってみようか。
79584,mp3010_01,122615,,122650,121757,36027,ch0010180676,blockwise,evo,啊，就是卡鲁迪亚隧道的出口处。,うん、そうしましょ。,うん、そうしましょ。
79585,mp3010_01,122622,,122658,121805,36028,ch0010180677,blockwise,evo,那里存放着各种备用部件。,うーん、困ったわねえ。,うーん、困ったわねえ。
79586,mp3010_01,122624,,122667,121859,36029,ch0010180678,blockwise,evo,好，那我们就去地下看看吧。,なんか話と違うんですけど。,なんか話と違うんですけど。
79587,mp3010_01,122632,,122670,121877,36030,ch0070180668,blockwise,evo,嗯，好的。,ご、ごめんなさい。,ご、ごめんなさい。
79588,mp3010_01,122634,,122677,121895,36031,ch0070180669,blockwise,evo,唔……这下麻烦了。,備品の管理とか、けっこーいい加減なんですよ。,備品の管理とか、けっこーいい加減なんですよ。
79589,mp3010_01,122638,,122679,121907,36032,ch0020180681,blockwise,evo,怎么和当时说的不一样啊。,まあ、仕方ないよ。,まあ、仕方ないよ。
79590,mp3010_01,122643,,122687,121955,36033,ch0020180682,blockwise,evo,不、不好意思。,それより、何か別の方法で運搬車のことを調べないとね。,それより、何か別の方法で運搬車のことを調べないとね。
79591,mp3010_01,122645,,122689,121967,36034,ch0020180683,blockwise,evo,因为管理设备是一件相当麻烦的工作。,早くも手掛かりがなくなっちゃったわけだし。,早くも手掛かりがなくなっちゃったわけだし。
79592,mp3010_01,122653,,122693,121991,36035,ch0010180684,blockwise,evo,算啦，这也没办法。,別の方法……ねえ……,別の方法……ねえ……
79593,mp3010_01,122655,,122698,122021,36036,ch0010180685,blockwise,evo,我们只能通过其他方法调查运输车了。,…………………………,…………………………
79594,mp3010_01,122660,,122700,122033,36037,ch0010180686,blockwise,evo,应该还会有其他的线索。,……あ、そう言えば。,……あ、そう言えば。
79595,mp3010_01,122670,,122708,122081,36038,ch0020180687,blockwise,evo,其他方法啊……,どうかした？,どうかした？
79596,mp3010_01,122673,,122710,122093,36039,ch0010180688,blockwise,evo,…………………………,ねえ、ちょっと前になんとかオーブメントを使っていろいろ調べたじゃない？,ねえ、ちょっと前になんとかオーブメントを使っていろいろ調べたじゃない？
79597,mp3010_01,122676,,122715,122123,36040,ch0070180689,blockwise,evo,啊，说起来……,演算オーブメントの《カペル》のことですね。,演算オーブメントの《カペル》のことですね。
79598,mp3010_01,122679,,122725,122183,36041,ch0010180690,blockwise,evo,什么？,そうそう、それよ。,そうそう、それよ。
79599,mp3010_01,122686,,122728,122201,36042,ch0010180691,blockwise,evo,你想想，我们不久前不是用一个导力什么器查到了不少信息吗？,あのとき、運搬車のことも見たような気がするんだけど……,あのとき、運搬車のことも見たような気がするんだけど……
79600,mp3010_01,122695,,122731,122219,36043,ch0020180692,blockwise,evo,是指导力演算器《卡佩尔》吧？,そうか…………,そうか…………
79601,mp3010_01,122697,,122734,122237,36044,ch0020180693,blockwise,evo,对对，就是它。,確かに《カペル》になら運搬車の記録もあるはずだね。,確かに《カペル》になら運搬車の記録もあるはずだね。
79602,mp3010_01,122705,122308,122741,122273,,,unmatched,evo,我记得在当时看到过有关运输车的信息……,あの機械を使えば何か分かるんじゃない？,
79603,mp3010_01,122714,122362,122750,122327,,,unmatched,evo,对啊…………,確かに可能性は高そうだ。,
79604,mp3010_01,122719,,122752,122339,36045,ch0020180694,exact,evo,《卡佩尔》里应该会有运输车的相关记录。,さっそく調べに行ってみよう。演算室は５Ｆだったよね。,さっそく調べに行ってみよう。演算室は５Ｆだったよね。
79605,mp3010_01,122722,,122760,122363,36046,ch0010180695,vector_search (0.94),evo,用那台机器的话应该能发现什么吧？,おう！,おう！
79606,mp3010_01,124909,,122769,122417,35204,ch0010180441,blockwise,evo,确实可能性很高。,フェイさん、ちょっといい？,フェイさん、ちょっといい？
79607,mp3010_01,124916,,122774,122429,35205,ch1980180442,blockwise,evo,我们赶快去查查吧，演算室在五楼哦。,うん？　どしたの？,うん？　どしたの？
79608,mp3010_01,124918,,122777,122447,35206,ch0010180443,blockwise,evo,好！,ある人からお届け物があるのよ。,ある人からお届け物があるのよ。
79609,mp3010_01,124929,,124964,123045,35207,ch0010180444,blockwise,evo,绯小姐，可以打扰一下吗？,はい、これをどうぞ。,はい、これをどうぞ。
79610,mp3010_01,124954,,124971,123087,35209,ch1980180445,blockwise,evo,嗯？什么事？,この手紙…………,この手紙…………
79611,mp3010_01,124957,,124973,123099,35210,ch1980180446,context,evo,这是某人托我们交给你的东西。,………………もしかしてヴォルフ砦のブラムから？,………………もしかしてヴォルフ砦のブラムから？
79612,mp3010_01,124959,,124984,123165,35211,ch0010160314,normalized,evo,请收下。,うん、そうよ。,うん、そうよ。
79613,mp3010_01,124966,,125009,123315,35212,ch0010180448,normalized,evo,这封信……,（よし！  ここでプレゼントを渡さなきゃ。）,（よし！ここでプレゼントを渡さなきゃ。）
79614,mp3010_01,124978,,125012,123333,35213,ch0010180482,normalized,evo,…………莫非是沃尔费堡垒的布拉姆写的？,（……と、思ったけど  買ってくるの忘れちゃった。）,（……と、思ったけど買ってくるの忘れちゃった。）
79615,mp3010_01,124999,,125014,123345,35239,ch0010180449,exact,evo,嗯，是的。,あと、これはプレゼントだって。,あと、これはプレゼントだって。
79616,mp3010_01,125015,,125021,123387,35216,ch1980180450,context,evo,（好！  接下来，就要把礼物交给她了。）,……プレゼント？作業用の手袋が？,……プレゼント？作業用の手袋が？
79617,mp3010_01,125017,,125033,123441,35217,ch1980180451,context,evo,（……啊，虽然一直想着，  但最后还是忘买了。）,ま、まあ、もらっておくけど……,ま、まあ、もらっておくけど……
79618,mp3010_01,125022,,125054,124281,35218,ch1980180452,context,evo,另外，这是他送你的礼物。,ふう、やっぱりあいつの考えてることあたしには分からないな……,ふう、やっぱりあいつの考えてることあたしには分からないな……
79619,mp3010_01,125035,,125070,123615,35219,ch1980180453,context,evo,……礼物？就是这双工作手套吗？,……………………………,……………………………
79620,mp3010_01,125037,,125072,123627,35255,ch0010180454,exact,evo,好、好吧……我收下了……,（う゛…………………）,（う゛…………………）
79621,mp3010_01,125039,,125077,123657,35234,ch0010180455,normalized,evo,呼……真是无法理解他的思维方式……,（こ、このプレゼントは  ちょっと失敗だったかも………),（こ、このプレゼントはちょっと失敗だったかも………）
79622,mp3010_01,125048,,125090,124767,35257,ch1980180456,exact,evo,……………………………,……あっと、ご、ごめん。,……あっと、ご、ごめん。
79623,mp3010_01,125050,,125092,124779,35223,ch1980180457,context,evo,（唔…………………）,わざわざ届けてくれてありがとね。,わざわざ届けてくれてありがとね。
79624,mp3010_01,125052,,125094,123759,35224,ch1980180458,context,evo,（这、这个礼物  可能有点失败了………）,じゃ…………あたし仕事にもどるから。,じゃ…………あたし仕事にもどるから。
79625,mp3010_01,125055,,125103,124845,35225,ch0010180459,context,evo,……哦，不、不好意思。,う、うん、じゃあね。,う、うん、じゃあね。
79626,mp3010_01,125068,,125105,124203,35226,ch0010180449,context,evo,多谢你们特地给我送来。,あと、これはプレゼントだって。,あと、これはプレゼントだって。
79627,mp3010_01,125085,,125107,124869,35228,ch1980180461,blockwise,evo,那……我要继续工作了。,あ、ありがとう。うれしいけど…………,あ、ありがとう。うれしいけど…………
79628,mp3010_01,125087,,125110,124887,35229,ch1980180462,blockwise,evo,嗯……再见。,あたし、最近ちょっと甘い物ひかえてるのよね。,あたし、最近ちょっと甘い物ひかえてるのよね。
79629,mp3010_01,125089,,125123,124281,35230,ch1980180463,blockwise,evo,另外，这是他送你的礼物。,それなのにこんなもの送ってくるなんて……,それなのにこんなもの送ってくるなんて……
79630,mp3010_01,125094,,125140,124005,35231,ch1980180464,blockwise,evo,谢、谢谢。我很高兴…………,ふう、気のきかないとこは全然変わってないみたいね。,ふう、気のきかないとこは全然変わってないみたいね。
79631,mp3010_01,125103,,125142,124017,35254,ch1980180453,blockwise,evo,不过，我最近正在控制吃甜食的数量。,……………………………,……………………………
79632,mp3010_01,125105,,125144,124029,35255,ch0010180454,blockwise,evo,他明明知道，却还是送这种礼物给我……,（う゛…………………）,（う゛…………………）
79633,mp3010_01,125107,,125149,124059,35234,ch0010180455,blockwise,evo,呼，他还是和以前一样，一点都不机灵。,（こ、このプレゼントは  ちょっと失敗だったかも………),（こ、このプレゼントはちょっと失敗だったかも………）
79634,mp3010_01,125116,,125158,124767,35257,ch1980180456,blockwise,evo,……………………………,……あっと、ご、ごめん。,……あっと、ご、ごめん。
79635,mp3010_01,125118,,125160,124779,35258,ch1980180457,blockwise,evo,（唔…………………）,わざわざ届けてくれてありがとね。,わざわざ届けてくれてありがとね。
79636,mp3010_01,125120,,125162,124137,35259,ch1980180458,blockwise,evo,（这、这个礼物  可能选错了………）,じゃ…………あたし仕事にもどるから。,じゃ…………あたし仕事にもどるから。
79637,mp3010_01,125123,,125171,124845,35260,ch0010180459,blockwise,evo,……哦，不、不好意思。,う、うん、じゃあね。,う、うん、じゃあね。
79638,mp3010_01,125136,,125173,124203,35239,ch0010180449,blockwise,evo,多谢你们特地给我送来。,あと、これはプレゼントだって。,あと、これはプレゼントだって。
79639,mp3010_01,125155,,125175,124869,35241,ch1980180473,blockwise,evo,那……我要继续工作了。,わあ、カワイイわね……,わあ、カワイイわね……
79640,mp3010_01,125157,,125178,124887,35242,ch1980180474,blockwise,evo,嗯……再见。,そっかぁ、あいつもまだ少しは……,そっかぁ、あいつもまだ少しは……
79641,mp3010_01,125159,,125191,124281,35243,ch1980180475,blockwise,evo,另外，这是他送你的礼物。,…………あたしのこと想っててくれたのかな。,…………あたしのこと想っててくれたのかな。
79642,mp3010_01,125165,,125210,124395,35244,ch1980180476,blockwise,evo,哇，好可爱啊……,でもどうせならもう少し早く……………,でもどうせならもう少し早く……………
79643,mp3010_01,125172,,125212,124407,35254,ch1980180453,blockwise,evo,嗯……看来他还是……,……………………………,……………………………
79644,mp3010_01,125179,,125214,124419,35257,ch1980180456,blockwise,evo,……比较把我放在心上的。,……あっと、ご、ごめん。,……あっと、ご、ごめん。
79645,mp3010_01,125181,,125220,124455,35258,ch1980180457,blockwise,evo,不过，既然有这份心意，何不早点……,わざわざ届けてくれてありがとね。,わざわざ届けてくれてありがとね。
79646,mp3010_01,125183,,125227,124767,35259,ch1980180458,blockwise,evo,……………………………,じゃ…………あたし仕事にもどるから。,じゃ…………あたし仕事にもどるから。
79647,mp3010_01,125186,,125234,124539,35249,ch0010160346,blockwise,evo,……哦，不、不好意思。,うん、じゃあね。,うん、じゃあね。
79648,mp3010_01,125196,,125236,124857,35250,ch0010180483,blockwise,evo,多谢你们特地给我送过来。,（……う～、良いのが  見当たらないわね。）,（……う〜、良いのが見当たらないわね。）
79649,mp3010_01,125210,,125238,124563,35251,ch1980180484,blockwise,evo,那……我要继续工作了。,ふ～ん、そっか……,ふ〜ん、そっか……
79650,mp3010_01,125213,,125241,124581,35252,ch1980180485,blockwise,evo,嗯……再见。,あいつも自分なりにいろいろ考えてたんだな。,あいつも自分なりにいろいろ考えてたんだな。
79651,mp3010_01,125217,,125251,124611,35253,ch1980180486,blockwise,evo,（……唔～  但是没有找到合适的礼物。）,でも、いまさら手紙なんかくれてもね……,でも、いまさら手紙なんかくれてもね……
79652,mp3010_01,125225,,125265,124677,35254,ch1980180453,blockwise,evo,呼～这样啊……,……………………………,……………………………
79653,mp3010_01,125227,,125268,124695,35255,ch0010180454,blockwise,evo,看来他已经认真反思过了。,（う゛…………………）,（う゛…………………）
79654,mp3010_01,125229,,125272,124719,35256,ch0010180489,blockwise,evo,不过，事到如今，即使再写这种信给我……,（やっぱりプレゼントを  渡した方が良かったかも………),（やっぱりプレゼントを渡した方が良かったかも………）
79655,mp3010_01,125238,,125280,124767,35257,ch1980180456,blockwise,evo,……………………………,……あっと、ご、ごめん。,……あっと、ご、ごめん。
79656,mp3010_01,125240,,125282,124779,35258,ch1980180457,blockwise,evo,（唔…………………）,わざわざ届けてくれてありがとね。,わざわざ届けてくれてありがとね。
79657,mp3010_01,125242,,125284,124791,35259,ch1980180458,blockwise,evo,（果然还是应该  送个礼物的………）,じゃ…………あたし仕事にもどるから。,じゃ…………あたし仕事にもどるから。
79658,mp3010_01,125245,,125293,124845,35260,ch0010180459,blockwise,evo,……哦，不、不好意思。,う、うん、じゃあね。,う、うん、じゃあね。
79659,mp3010_01,127526,126017,125295,124857,,,unmatched,evo,多谢你们特地给我送过来。,おやティータ君、何やら困った顔をしているね？,
79660,mp3010_01,127529,126035,125297,124869,,,unmatched,evo,那……我要继续工作了。,は、はい、ちょっとレイさんに聞きたいことがあって……！,
79661,mp3010_01,127544,126125,125300,124887,,,unmatched,evo,嗯……再见。,ティータはレイにぬいぐるみを見せて状況を説明した。,
79662,mp3010_01,127549,126155,127581,126072,,,unmatched,evo,哦，缇妲，你好像遇到什么困难了？,ほほう、抱き心地が悪い。そしてしっくりこないと来たか。,
79663,mp3010_01,127551,126167,127584,126090,,,unmatched,evo,是、是的，我有点事想请教雷伊哥哥……！,そうなると……一つ確かめてみる必要がありそうだな。,
79664,mp3010_01,127560,126221,127599,126180,,,unmatched,evo,缇妲拿出布偶给雷伊看，并说明了情况。,ティータ君、そのぬいぐるみをこの机の上に置いてくれるかな？,
79665,mp3010_01,127563,,127604,126210,,,conflict,evo,哦哦，抱起来不舒服。而且感觉不太对劲是吧。,わかりましたっ！,
79666,mp3010_01,127609,126515,127606,126222,,,unmatched,evo,这样的话……看来有必要确认一下了。,レイはぬいぐるみの頭を指でチョンと押してみた。,
79667,mp3010_01,127633,126659,127615,126276,,,unmatched,evo,缇妲，能把那个布偶放在这张桌子上吗？,ああっ、倒れちゃった……！？,
79668,mp3010_01,127635,126671,127618,126294,,,unmatched,evo,好的！,ちょっと触っただけなのに……,
79669,mp3010_01,127639,126695,127664,126570,,,unmatched,evo,雷伊用手指轻轻地戳了一下布偶的头。,そうか、重心のバランスが崩れているんですね？,
79670,mp3010_01,127654,126785,127688,126714,,,unmatched,evo,啊啊，倒下了……！？,うん、そしてその原因は──このスピーカーを内蔵したウサ耳だろう。,
79671,mp3010_01,127659,126815,127690,126726,,,unmatched,evo,只是轻轻碰了一下而已……,ティータ君のセンスは大いに認めるが、構造的な耐荷重を超えてしまったようだね。,
79672,mp3010_01,127668,126869,127694,126750,,,unmatched,evo,原来如此，看来是重心不稳呢？,そ、そっかあ……！,
79673,mp3010_01,127670,126881,127709,126840,,,unmatched,evo,嗯，而造成这个问题的原因──应该是这个内置了扬声器的兔耳朵。,そーなると、抱き心地が悪くなったのも本体側のオーブメントの重みのせいかも！,
79674,mp3010_01,127673,126899,127714,126870,,,unmatched,evo,我非常认可缇妲的创意，但看来已经超出结构的承重极限了。,ああ、綿が沈み込んで薄い所ができてしまったのだろう。,
79675,mp3010_01,127684,126965,127723,126924,,,unmatched,evo,原、原来如此……！,う～ん、全部ちゃんと理由があったのね。,
79676,mp3010_01,127688,126989,127725,126936,,,unmatched,evo,这么说来，抱起来不舒服可能也是躯干部份的导力器重量导致！,でも困ったね。綿を入れ直す事はできるだろうけどまた寄ってしまうだろうし。,
79677,mp3010_01,127700,127061,127728,126954,,,unmatched,evo,对，棉花被压下去导致有些地方变薄了。,王道的な解決法は、中にしっかりしたフレームを入れてしまう事だが──,
79678,mp3010_01,127704,127085,127739,127020,,,unmatched,evo,嗯～原来都是有原因的啊。,で、でもでも、ぬいぐるみの抱き心地はやっぱりふんわりじゃないとっ！,
79679,mp3010_01,127714,127145,127743,127044,,,unmatched,evo,不过这就麻烦了。棉花虽然可以重新填充，但还是会在布偶里移动的。,君ならそう言うと思ったよ。,
79680,mp3010_01,127716,127157,127755,127116,,,unmatched,evo,最常规的解决方法是在里面加入坚固的框架──,だったら、しなやかながら強靭な充填素材を使うしかないな。,
79681,mp3010_01,127728,127229,127759,127140,,,unmatched,evo,但、但是，布偶的抱起来的手感还是要软绵绵的才行！,つまり“綿よりしっかりした材料”って事ね？,
79682,mp3010_01,127731,127247,127769,127200,,,unmatched,evo,我就知道你会这么说。,ああ、この辺りなら……トラット平原道にいるヒツジンの毛などが使えるかもしれないな。,
79683,mp3010_01,127733,127259,127771,127212,,,unmatched,evo,那就只能使用既柔韧又坚固的填充材料了。,特にこのぬいぐるみと同じピンク色の“亜種”は、特別上質なウールらしい。,
79684,mp3010_01,127746,127337,127783,127284,,,unmatched,evo,也就是说“比棉花更结实的材料”对吧？,ホントーですか！？,
79685,mp3010_01,127748,127349,127786,127302,,,unmatched,evo,对，在这附近的话……托兰特平原道的猿羊毛或许可以使用。,それなら確かにこの子にピッタリかもです……！,
79686,mp3010_01,127758,127409,127788,127314,,,unmatched,evo,特别是和这个布偶一样是粉红色的“亚种”，据说毛的质量特别好。,探してみる価値はありそうだね。,
79687,mp3010_01,127761,127427,127801,127392,,,unmatched,evo,真的吗！？,うん、そうと決まったらレッツゴー！,
79688,mp3010_01,127764,127445,127803,127404,,,unmatched,evo,那样的话确实很适合这孩子呢……！,ふっ、僕も完成を楽しみにしているよ。,
79689,mp3010_01,129088,132997,127813,127464,,,unmatched,evo,看来值得去找找看。,扉には鍵がかかっている。,
79690,mp3010_01,130533,129166,127816,127482,,,unmatched,evo,嗯，既然决定了就出发吧！,導力演算器の中枢が抜き取られてしまっている。,
79691,mp3010_01,131179,130384,127819,127500,,,unmatched,evo,呵，我也很期待看到完成品哦。,えへへ、運搬車の記録が見つかってよかったですね。,
79692,mp3010_01,131181,130396,129143,133052,,,unmatched,evo,门锁着。,うん、どうやら目的の物は地下の搬入口にあるみたいだ。,
79693,mp3010_01,131183,130408,130588,129221,,,unmatched,evo,导力演算器“卡佩尔”的中枢部件被拿走了。,よーし、さっそく向かいましょ！,
79694,mp3010_01,131372,131351,131234,130439,,,unmatched,evo,嘿嘿，找到运输车的记录真是太好了。,ボタンを押しても反応しない。エレベーターは使えないようだ。,
79695,mp3010_01,132671,132632,131236,130451,,,unmatched,evo,嗯，看来要找的东西在地下的搬运口。,本棚に『ハーツ少年の冒険・上』がある。,
79696,mp3010_01,132716,132689,131238,130463,,,unmatched,evo,好～赶紧过去吧！,本棚に『ハーツ少年の冒険・下』がある。,
79697,mp3010_01,132759,132732,131427,131406,,,unmatched,evo,按了按钮，没有任何反应。升降机好像不能用了。,本棚に『結晶光学論集』がある。,
79698,mp3010_01,132802,132775,132726,132687,,,unmatched,evo,书架上放着《少年哈茨的冒险·上》。,本棚に『３１本の糸杉』がある。,
79699,mp3010_01,132845,132818,132771,132744,,,unmatched,evo,书架上放着《少年哈茨的冒险·下》。,本棚に『エルベキツツキの生態』がある。,
79700,mp3010_01,132888,132861,132814,132787,,,unmatched,evo,书架上放着《结晶光学论文集》。,本棚に『猫語日常会話入門』がある。,
79701,mp3010_01,132931,132904,132857,132830,,,unmatched,evo,书架上放着《３１棵丝柏树》。,本棚に『明日の料理』がある。,
79702,mp3010_01,132980,,132900,132873,35047,ch0070070508,exact,evo,书架上放着《艾尔贝啄木鸟的生态》。,あ、その扉の向こうには非常用の階段しかないんです。,あ、その扉の向こうには非常用の階段しかないんです。
79703,mp3010_01,132982,,132943,132916,35046,ch0070070507,exact,evo,书架上放着《猫语日常会话入门》。,１階に上がるんだったら左の扉から廊下に戻ってまっすぐ行った方が早いです。,１階に上がるんだったら左の扉から廊下に戻ってまっすぐ行った方が早いです。
79704,mp3010_01,133018,132997,132986,132959,,,unmatched,evo,书架上放着《料理的明天》。,扉には鍵がかかっている。,
79705,mp3010_01,133066,133033,133035,133002,,,unmatched,evo,啊，这扇门的对面是用于紧急逃生的楼梯。,ペン立てを調べた。,
79706,mp3010_01,133068,133145,133037,133014,,,unmatched,evo,如果要去一楼，还是从左边的门回到走廊，然后一直往前走比较快。,特に何も見つからなかった。,
79707,mp3010_01,133116,133083,133073,133052,,,unmatched,evo,门锁着。,書類を調べた。,
79708,mp3010_01,133118,133145,133121,133088,,,unmatched,evo,调查了笔筒。,特に何も見つからなかった。,
79709,mp3010_01,133166,133133,133123,133200,,,unmatched,evo,没有任何发现。,本棚を調べた。,
79710,mp3010_01,133168,133145,133171,133138,,,unmatched,evo,调查了文件。,特に何も見つからなかった。,
