RemakeVoiceID,RemakeScenaScriptFilename,RemakeScenaScriptLineno,RemakeScenaScriptAddStructLineno,RemakeScenaScriptTranslationLineno,RemakeScenaScriptTranslationAddStructLineno,OldScriptId,OldVoiceFilename,MatchType,RemakeVoiceCategory,RemakeVoiceTranslation,RemakeVoiceText,OldVoiceText
84200,mp4000,14468,,3481,2653,54251,ch0630121322,blockwise,evo,抱歉抱歉，刚才谈了一点有关老爸的事。,あら……,あら……
84201,mp4000,14470,,3533,2965,54252,ch0630121323,blockwise,evo,让你们久等了，可以开船了。,ヨシュア殿がどうやってここまで来たのか不思議でしたが……,ヨシュア殿がどうやってここまで来たのか不思議でしたが……
84202,mp4000,14472,,3539,3001,54253,ch0630121324,blockwise,evo,好……你们抓紧了！,なるほど、得心がいきました。,なるほど、得心がいきました。
84203,mp4000,14474,,14468,14285,54254,ch0630121325,blockwise,evo,啊……,ふふ、特務兵たちが目を欺かれるのも無理はありませんね。,ふふ、特務兵たちが目を欺かれるのも無理はありませんね。
84204,mp4000,14476,,14470,14297,54255,ch0630121326,blockwise,evo,约书亚能来到这里，原本还让我感到很不可思议。,……エステルさん、ヨシュア殿、今日は久々に楽しい時を過ごせました。,……エステルさん、ヨシュア殿、今日は久々に楽しい時を過ごせました。
84205,mp4000,14478,,14472,14309,54256,ch0630121327,blockwise,evo,现在一看，总算是彻底明白了。,よろしかったら、またわたくしのお茶に付き合ってくださいね。,よろしかったら、またわたくしのお茶に付き合ってくださいね。
84206,mp4000,14480,,14474,14321,54257,ch0630121328,blockwise,evo,呵呵，难怪可以骗过那些特务兵。,今度はクローディアやカシウス殿も一緒にみんなでお話しましょう。,今度はクローディアやカシウス殿も一緒にみんなでお話しましょう。
84207,mp4000,14493,,14476,14333,54249,ch0630121329,exact,evo,……艾丝蒂尔、约书亚，我很久没有像今天这么开心了。,エステルさん、ヨシュア殿、今日は久々に楽しい時を過ごせました。,エステルさん、ヨシュア殿、今日は久々に楽しい時を過ごせました。
84208,mp4000,14495,,14478,14345,54256,ch0630121327,exact,evo,如果你们愿意，以后还要再来陪我一起喝茶哦。,よろしかったら、またわたくしのお茶に付き合ってくださいね。,よろしかったら、またわたくしのお茶に付き合ってくださいね。
84209,mp4000,14890,14519,14480,14357,,,unmatched,evo,下次把克萝蒂雅和卡西乌斯先生也叫来，我们一起聊天吧。,いらっしゃいませー！,
84210,mp4000,14892,14531,14493,14411,,,unmatched,evo,艾丝蒂尔、约书亚，我很久没有像今天这么开心了。,さあ、どうぞどうぞ！,
84211,mp4000,14901,14555,14495,14423,,,unmatched,evo,如果你们愿意，以后还要再来陪我一起喝茶哦。,今までいた兵士の代わりに黒い兵士たちが来たのよ。,
84212,mp4000,14903,14567,14890,14519,,,unmatched,evo,欢迎光临～！,何かあったのかしら……,
84213,mp4000,14912,14591,14892,14531,,,unmatched,evo,请慢慢挑选！,武術大会が終わって街も一段落って感じね。,
84214,mp4000,14914,14603,14901,14555,,,unmatched,evo,与之前在这里的士兵不同，新来的是一些黑衣士兵。,女王様の生誕祭が近づけばまた賑やかになるだろうけど……,
84215,mp4000,14916,14615,14903,14567,,,unmatched,evo,发生什么事了吗……,今年はどうなるのかなぁ。,
84216,mp4000,14925,14639,14912,14591,,,unmatched,evo,武术大会结束以后，街上也安静下来了。,うーん、決勝戦くらい見たかったなぁ。,
84217,mp4000,14927,14651,14914,14603,,,unmatched,evo,随着女王陛下的诞生庆典临近，街上应该又会热闹起来的吧……,でも、１人暮らしするためにも頑張って働かなきゃ。,
84218,mp4000,14936,14675,14916,14615,,,unmatched,evo,今年的情况究竟会如何呢？,えっと、こちらのいちごクレープなんてお勧めですよー。,
84219,mp4000,14945,14699,14925,14639,,,unmatched,evo,唔～至少要去看决赛。,この期間のバイトって時給が高めなのよ。,
84220,mp4000,14947,14711,14927,14651,,,unmatched,evo,但为了能独立生活，就必须得努力工作。,そのかわり武術大会を見ることはできないのよね。,
84221,mp4000,14956,14735,14936,14675,,,unmatched,evo,欢迎光临，我这里的草莓可丽饼非常好吃哦，向你们强烈推荐。,いらっしゃいませ！おいしいですよ。,
84222,mp4000,14965,14759,14945,14699,,,unmatched,evo,在这个时期打工，会得到比平时高的工钱。,あーあ、もうちょっと時給上げてくれないかなぁ。,
84223,mp4000,14974,14783,14947,14711,,,unmatched,evo,但代价就是不能去看武术大会了。,そこのお姉さんとお兄さん！,
84224,mp4000,14976,14795,14956,14735,,,unmatched,evo,欢迎光临！很好吃哦。,おいしいクレープはどう？,
84225,mp4000,14985,14819,14965,14759,,,unmatched,evo,哎，就不能涨点工资吗？,私、１人暮らしを始めたくてここでバイトしているのよ。,
84226,mp4000,14987,14831,14974,14783,,,unmatched,evo,那边的哥哥姐姐！,西街区に１軒空き家があるんだけどあそこを狙ってるんだ。,
84227,mp4000,14996,14855,14976,14795,,,unmatched,evo,来一些美味的可丽饼如何？,いらっしゃいませ～！,
84228,mp4000,14998,14867,14985,14819,,,unmatched,evo,我为了独立生活，所以就在这里打工。,どうですか、おいしいですよ！,
84229,mp4000,15429,15022,14987,14831,,,unmatched,evo,西街区有一间正在出售的空房子，我准备把那里买下来。,東街区のアイス屋が大繁盛しているらしいね。,
84230,mp4000,15431,15034,14996,14855,,,unmatched,evo,欢迎～！,偵察に行ってみたらスゴイ行列で買えなかったんだ。,
84231,mp4000,15433,15046,14998,14867,,,unmatched,evo,来尝尝吧，很好吃哦！,よーし、負けてられないぞ！,
84232,mp4000,15442,15070,15429,15022,,,unmatched,evo,东街区的冰激凌小店很受欢迎。,あの黒い兵士たちも王国軍なのか？,
84233,mp4000,15444,15082,15431,15034,,,unmatched,evo,我虽然去侦察过，可排的队太长了，没能买到。,何だか威圧的だしちょっとコワいよなぁ……,
84234,mp4000,15453,15106,15433,15046,,,unmatched,evo,好～我绝对不能输！,生誕祭まではグランセルで屋台をやるつもりなんだ。,
84235,mp4000,15455,15118,15442,15070,,,unmatched,evo,那些黑衣士兵们也是属于王国军的吗？,でも、女王様の病気が治らなきゃ生誕祭も中止だろうなぁ。,
84236,mp4000,15464,15142,15444,15082,,,unmatched,evo,他们很有威慑力，我都有些害怕了……,ふう、今日も１日中いい天気だったな。,
84237,mp4000,15466,15154,15453,15106,,,unmatched,evo,在诞生庆典之前，我打算一直在格兰赛尔摆摊子。,ボース地方のほうも晴れてるのかな。,
84238,mp4000,15475,15178,15455,15118,,,unmatched,evo,不过，女王陛下的病无法痊愈的话，诞生庆典恐怕就要中止了吧。,昨日の夕方あたりから街なかに兵士が増えたねぇ。,
84239,mp4000,15477,15190,15464,15142,,,unmatched,evo,呼，今天天气也很好嘛。,悪いことやってなくても何だか緊張しちまうぜ。,
84240,mp4000,15486,15394,15466,15154,,,unmatched,evo,柏斯地区也应该很晴朗吧。,はい、いらっしゃい！,
84241,mp4000,15488,15226,15475,15178,,,unmatched,evo,昨天从傍晚开始，大街上的士兵就增多了。,おいしいアイス、お１ついかがですか？,
84242,mp4000,15497,15250,15477,15190,,,unmatched,evo,即使不干坏事，看到这种场面也有点紧张呢。,大会は初日からすごく盛り上がったみたいだな。,
84243,mp4000,15499,15262,15486,15394,,,unmatched,evo,您好，欢迎光临！,アリーナの歓声がここまで聞こえてきたよ。,
84244,mp4000,15508,15286,15488,15226,,,unmatched,evo,好吃的冰激凌，要来尝一个吗？,いらっしゃーい！,
84245,mp4000,15510,15298,15497,15250,,,unmatched,evo,大赛从第一天开始就非常热闹了。,大会の応援に疲れた時に甘いものはいかがですかー！,
84246,mp4000,15519,15322,15499,15262,,,unmatched,evo,竞技场里传来的欢呼声连这里都能听见。,ボースも大きな街だと思うけど……,
84247,mp4000,15521,15334,15508,15286,,,unmatched,evo,欢迎光临～！,さすがに王都は人の数もハンパじゃないよなぁ。,
84248,mp4000,15530,15358,15510,15298,,,unmatched,evo,在为大会加油而疲惫的时候，难道不想要来点甜的东西吗！,俺は普段ボースで屋台をやってるんだけど今回は出張で王都に来たんだ。,
84249,mp4000,15532,15370,15519,15322,,,unmatched,evo,我原以为柏斯就很大了……,商売を成功させるためにも色々なところをまわってみたくてね。,
84250,mp4000,15541,15394,15521,15334,,,unmatched,evo,不愧是王都啊，竟然有这么多人。,はい、いらっしゃい！,
84251,mp4000,15543,15406,15530,15358,,,unmatched,evo,我平时在柏斯做生意，这次是来王都出差的。,おひとつ、いかがですか？,
84252,mp4000,16090,15573,15532,15370,,,unmatched,evo,我为了做好买卖而到各个地方去寻找机遇。,ふう、飛行船が止まって商品が届かなかったんだ。,
84253,mp4000,16092,15585,15541,15394,,,unmatched,evo,您好，欢迎光临！,あせったけど何とか間に合ったよ。,
84254,mp4000,16094,15633,15543,15406,,,unmatched,evo,来一个冰激凌怎么样？,今回のトラブルは俺が原因じゃないよな。,
84255,mp4000,16102,15621,16090,15573,,,unmatched,evo,呼，飞行船停运了，商品也就送不过来。,飛行船が止まって商品が届かなかったんだ。,
84256,mp4000,16104,15633,16092,15585,,,unmatched,evo,虽然着急了一段时间，还好最后赶上了。,今回のトラブルは俺が原因じゃないよな。,
84257,mp4000,16116,15657,16094,15633,,,unmatched,evo,这次的麻烦事就不能怪在我头上了。,何だか兵士が多いね……,
84258,mp4000,16118,15669,16102,15621,,,unmatched,evo,飞行船停运了，商品也就送不过来。,ハッ！ま、またトラブルかな？,
84259,mp4000,16127,15693,16104,15633,,,unmatched,evo,这次的麻烦事就不能怪在我头上了。,ああ～っ！タイヤがパンクしてるよ。,
84260,mp4000,16138,15723,16116,15657,,,unmatched,evo,怎么那么多士兵啊……,今日は何もトラブルがなかったよ。,
84261,mp4000,16140,15735,16118,15669,,,unmatched,evo,啊！又、又有什么麻烦了吗？,それはそれで拍子抜けなんだよな。,
84262,mp4000,16142,15783,16127,15693,,,unmatched,evo,啊～！轮胎爆胎啦。,俺の人生はトラブルとともにあるんだなって思ったよ。,
84263,mp4000,16150,15771,16138,15723,,,unmatched,evo,今天没有出现什么麻烦。,トラブルがないとそれはそれで拍子抜けなんだ。,
84264,mp4000,16152,15783,16140,15735,,,unmatched,evo,但这反而让我有些失望。,俺の人生はトラブルとともにあるんだなって思ったよ。,
84265,mp4000,16164,15807,16142,15783,,,unmatched,evo,我的人生似乎与麻烦形影不离。,ふう、今日はトラブルが起きないといいなぁ。,
84266,mp4000,16175,15837,16150,15771,,,unmatched,evo,没有麻烦，反而让我有些失望啊。,商品ケースを修理してくれる店が今日はどこも忙しくてね。,
84267,mp4000,16177,15885,16152,15783,,,unmatched,evo,我的人生似乎与麻烦形影不离。,商品が取り出せないから本日の売り上げはゼロだよ。,
84268,mp4000,16179,16029,16164,15807,,,unmatched,evo,呼，希望今天没有麻烦。,とほほん、俺っていつもトラブルばっかり。,
84269,mp4000,16187,15885,16175,15837,,,unmatched,evo,能修理货箱的店铺今天很忙碌，没时间过来。,商品が取り出せないから本日の売り上げはゼロだよ。,
84270,mp4000,16189,16029,16177,15885,,,unmatched,evo,货物拿不出来，今日的销售额为零。,とほほん、俺っていつもトラブルばっかり。,
84271,mp4000,16201,15921,16179,16029,,,unmatched,evo,呜呜，我怎么总是这么倒霉啊。,こ、今度はケースが壊れて開かなくなっちゃったよ。,
84272,mp4000,16203,16029,16187,15885,,,unmatched,evo,货物拿不出来，今日的销售额为零。,とほほん、俺っていつもトラブルばっかり。,
84273,mp4000,16212,15957,16189,16029,,,unmatched,evo,呜呜，我怎么总是这么倒霉啊。,お客さんが一番来るのは試合の前後だよ。,
84274,mp4000,16214,15969,16201,15921,,,unmatched,evo,这、这回箱子坏了，彻底打不开了。,試合が始まっちゃえばヒマなんだよね。,
84275,mp4000,16223,15993,16203,16029,,,unmatched,evo,呜呜，我怎么总是这么倒霉啊。,ふう、なんとかレジの修理が間に合ったよ。,
84276,mp4000,16232,16017,16212,15957,,,unmatched,evo,比赛的前后是顾客最多的时候。,せっかく武術大会で客がたくさん集まるってのに……,
84277,mp4000,16234,16029,16214,15969,,,unmatched,evo,比赛开始时就可以松一口气了。,とほほん、俺っていつもトラブルばっかり。,
84278,mp4000,16243,16053,16223,15993,,,unmatched,evo,呼，总算是把现金出纳机修好了。,うーん、まずいなぁ……,
84279,mp4000,16245,16065,16232,16017,,,unmatched,evo,好不容易等到武术大会，正是客人多的时候……,レジが壊れちまってね。どうしたもんだか……,
84280,mp4000,16628,16269,16234,16029,,,unmatched,evo,呜呜，我怎么总是这么倒霉啊。,はー、クローディア姫って優しそうできれーな人だよなぁ。,
84281,mp4000,16630,16281,16243,16053,,,unmatched,evo,唔～糟糕了……,俺、ドキドキしちゃったよ。,
84282,mp4000,16639,16305,16245,16065,,,unmatched,evo,现金出纳机坏掉了。怎么办好呢……,何だか兵士だらけで遊びづらいよ。,
84283,mp4000,16648,16329,16628,16269,,,unmatched,evo,哇～克萝蒂雅公主既温柔又漂亮。,武術大会も終わっちまったし今日は何して遊ぼうかな。,
84284,mp4000,16657,16353,16630,16281,,,unmatched,evo,我心动加速了。,俺は赤いヘルメットのヤツが勝つと思ったんだけどな。,
84285,mp4000,16672,16383,16639,16305,,,unmatched,evo,大街上到处都是士兵，根本没法游玩了。,赤いヤツと空賊の試合は何だか迫力があったな。,
84286,mp4000,16674,16395,16648,16329,,,unmatched,evo,武术大会结束了，今天玩什么好呢？,やっぱ今年の優勝も王国軍のやつらなのかなぁ。,
84287,mp4000,16683,16419,16657,16353,,,unmatched,evo,我还以为戴红头盔的那个人会赢呢。,おいおい、トイのやつ今日は遅刻かよ。,
84288,mp4000,16694,16449,16672,16383,,,unmatched,evo,红头盔的那家伙和空贼的比赛很有魄力啊。,あの赤いヤツもすごそうだったな。,
84289,mp4000,16696,16497,16674,16395,,,unmatched,evo,今年的冠军恐怕还是会被王国军的成员夺得。,だんだん、どのチームも強そうに見えてきたぜ。,
84290,mp4000,16698,16509,16683,16419,,,unmatched,evo,喂喂，托伊那家伙今天迟到了啊。,ジンとかいう人もあの３人の助っ人次第だな。,
84291,mp4000,16706,16497,16694,16449,,,unmatched,evo,那个戴红头盔的人相当强啊。,だんだん、どのチームも強そうに見えてきたぜ。,
84292,mp4000,16708,16509,16696,16497,,,unmatched,evo,感觉每个队伍都很厉害。,ジンとかいう人もあの３人の助っ人次第だな。,
84293,mp4000,16720,16533,16698,16509,,,unmatched,evo,那个叫做阵的选手也找了三个帮手。,何であいつはいつもこうなんだ？,
84294,mp4000,16722,16545,16706,16497,,,unmatched,evo,感觉每个队伍都很厉害。,オレは早くアリーナに行っていい席で見たいんだよ。,
84295,mp4000,16731,16569,16708,16509,,,unmatched,evo,那个叫做阵的选手也找了三个帮手。,あの共和国のヤツは強いぜ。,
84296,mp4000,16733,16581,16720,16533,,,unmatched,evo,唉……为什么他总是这样呢？,１人でも勝ち抜くって！,
84297,mp4000,16742,16605,16722,16545,,,unmatched,evo,我想早点去竞技场占个好座位。,まったく、トイのやつは……,
84298,mp4000,17071,16766,16731,16569,,,unmatched,evo,那个共和国的人好强。,ディックは美人に弱いんですよ。,
84299,mp4000,17073,16778,16733,16581,,,unmatched,evo,竟然靠自己一个人胜出了！,僕の統計では彼が美人を見ると９５％の確率で一目ぼれします。,
84300,mp4000,17082,16802,16742,16605,,,unmatched,evo,真是的，托伊那家伙……,妙ですね……,
84301,mp4000,17084,16814,17071,16766,,,unmatched,evo,迪克对美女毫无抵抗力。,兵士がそわそわしていると思いませんか？,
84302,mp4000,17093,16838,17073,16778,,,unmatched,evo,据我统计，他只要一看到美女，有９５％的几率会一见钟情。,今年の生誕祭は予定どおり行うんですかね。,
84303,mp4000,17102,16862,17082,16802,,,unmatched,evo,奇怪啊……,すごい試合でしたね。,
84304,mp4000,17104,16874,17084,16814,,,unmatched,evo,你们不觉得那些士兵有些慌乱吗？,文字通り、まさに激闘でした。,
84305,mp4000,17119,16904,17093,16838,,,unmatched,evo,今年的诞生庆典能照原计划举办吗？,僕としては遊撃士同士の試合が面白かったですね。,
84306,mp4000,17121,16916,17102,16862,,,unmatched,evo,好精彩的比赛。,普段は見ることができませんから。,
84307,mp4000,17130,16940,17104,16874,,,unmatched,evo,堪称激战。,そういえばトイ君は確か方向音痴でしたね……,
84308,mp4000,17139,16964,17119,16904,,,unmatched,evo,我对游击士之间的比赛很有兴趣。,トイ君の意見は根拠がないのに核心をついている時があります……,
84309,mp4000,17141,16976,17121,16916,,,unmatched,evo,因为平时看不到。,でも、今回はどうでしょうね。,
84310,mp4000,17150,17000,17130,16940,,,unmatched,evo,说起来，托伊确实是个路痴……,トイ君は目をはなすとすぐにいなくなるんですよ。,
84311,mp4000,17159,17024,17139,16964,,,unmatched,evo,托伊发表的意见有时没有根据，但却能够抓住问题的核心……,問題は１人でどこまで勝てるかですね……,
84312,mp4000,17168,17048,17141,16976,,,unmatched,evo,不过，这次会怎样呢。,早くしないといい席が取れなくなってしまいます。,
84313,mp4000,17515,17192,17150,17000,,,unmatched,evo,托伊他趁我不留神的时候一下就跑得不见了。,やっぱりお祭りは楽しいね。,
84314,mp4000,17524,17216,17159,17024,,,unmatched,evo,问题是只靠一个人究竟能走多远……,悪いやつらが来たのかな？,
84315,mp4000,17533,17240,17168,17048,,,unmatched,evo,如果不快点的话就找不到座位了。,うーん、おなかへったなー。,
84316,mp4000,17542,17264,17515,17192,,,unmatched,evo,庆典真的很好玩啊。,そう言えば、あの赤い人だけハアハアしていなかったよ。,
84317,mp4000,17557,17294,17524,17216,,,unmatched,evo,坏蛋来了吗？,僕は明日はブレイサーの人たちが勝つと思うよ。,
84318,mp4000,17559,17306,17533,17240,,,unmatched,evo,呜呜～肚子好饿啊～,何となくだけどね。,
84319,mp4000,17570,17336,17542,17264,,,unmatched,evo,说起来，只有那个红头盔的人没有气喘吁吁。,あれー？,
84320,mp4000,17572,17348,17557,17294,,,unmatched,evo,我觉得那些游击士明天能赢。,ここってグランセル城だよね？,
84321,mp4000,17574,17360,17559,17306,,,unmatched,evo,只是直觉而已啦。,………………あれー？,
84322,mp4000,17576,17372,17570,17336,,,unmatched,evo,咦～？,ボクってどこで待ち合わせしてたっけ？,
84323,mp4000,17584,17396,17572,17348,,,unmatched,evo,这里就是格兰赛尔城吗？,いいなー、お城に入ってみたいなぁ。,
84324,mp4000,17596,17420,17574,17360,,,unmatched,evo,………………咦～？,１人でも強いんだから４人そろっちゃえば１番つよいんじゃないの？,
84325,mp4000,17605,17444,17576,17372,,,unmatched,evo,我们约好在哪里见面呢？,うわー、おいしそう！,
84326,mp4000,17614,17468,17584,17396,,,unmatched,evo,哎呀～好想进城去看看呢。,すごくカッコよかったんだ！,
84327,mp4000,17623,17492,17596,17420,,,unmatched,evo,一个人就那么强，四个人在一起不就是最强了嘛。,あれー、どこにチケットしまったんだろ……,
84328,mp4000,18240,17647,17605,17444,,,unmatched,evo,哇～好像很好吃呀！,リシャール大佐は逮捕されちゃったんだってね。,
84329,mp4000,18242,17659,17614,17468,,,unmatched,evo,实在是太棒了！,そんなに悪い人には見えなかったんだけどなぁ。,
84330,mp4000,18251,17683,17623,17492,,,unmatched,evo,哎呀～门票掉到哪里了……,あの兵士たちは不気味だよ。,
84331,mp4000,18253,17695,18240,17647,,,unmatched,evo,理查德上校已经被逮捕了。,何だか胸騒ぎがするなぁ……,
84332,mp4000,18262,17719,18242,17659,,,unmatched,evo,他竟然是个坏人，我怎么看不出来呢。,この通りの街路樹は確かクローディア姫がお生まれになった時に植樹されたんだ。,
84333,mp4000,18264,17731,18251,17683,,,unmatched,evo,那些士兵好可怕。,月日が経つのは早いよね。,
84334,mp4000,18273,17755,18253,17695,,,unmatched,evo,感觉不是很太平啊……,大会の優勝者はお城で晩餐会かぁ……,
84335,mp4000,18275,17767,18262,17719,,,unmatched,evo,这条大街旁边的树是克萝蒂雅公主诞生的时候种植的。,主催者があの公爵ってのが気に入らないけど魅力的なイベントではあるよね。,
84336,mp4000,18284,17791,18264,17731,,,unmatched,evo,真是光阴似箭啊。,今日は決勝戦だけに早めに出かける人が多いみたいだね。,
84337,mp4000,18295,17869,18273,17755,,,unmatched,evo,大会的优胜者能参加城堡的晚宴啊……,最近、黒いアーマーを身に着けた兵士を見かけるんだ。,
84338,mp4000,18297,17833,18275,17767,,,unmatched,evo,虽然我对那个主办者公爵没好印象，但肯定是个很华丽的宴会吧。,ちょうど、女王様が病気で倒れた頃からかなぁ。,
84339,mp4000,18299,17881,18284,17791,,,unmatched,evo,因为今天是决赛的日子，所以有很多人很早就出门了。,あれが噂の王国軍のテロ特殊対策班なのかな？,
84340,mp4000,18307,17869,18295,17869,,,unmatched,evo,最近，常常能看见身穿黑色军服的士兵。,最近、黒いアーマーを身に着けた兵士を見かけるんだ。,
84341,mp4000,18309,17881,18297,17833,,,unmatched,evo,正好就是从女王病倒的时候开始呢。,あれが噂の王国軍のテロ特殊対策班なのかな？,
84342,mp4000,18321,17905,18299,17881,,,unmatched,evo,那就是传闻中王国军的反恐特别部队吗？,武術大会が好きな人はずいぶん朝早くから出かけているみたいだよ。,
84343,mp4000,18323,17917,18307,17869,,,unmatched,evo,最近，常常能看见身穿黑色军服的士兵。,中にはいい席を取るために徹夜で並ぶ人もいるみたいだね。,
84344,mp4000,18332,17941,18309,17881,,,unmatched,evo,那就是传闻中王国军的反恐特别部队吗？,グランセル市民の間でリシャール大佐の人気はうなぎ上りだよ。,
84345,mp4000,18334,17953,18321,17905,,,unmatched,evo,呵呵，喜欢武术大会的人一大早就会到会场去。,まあ、男から見ても格好いいし、すごい人だからな。,
84346,mp4000,18345,18031,18323,17917,,,unmatched,evo,为了占到好位置，好像还有人彻夜排队呢。,このグランセルは地下水路が整備されているんだ。,
84347,mp4000,18347,17995,18332,17941,,,unmatched,evo,在格兰赛尔的市民中，理查德上校的人气可以说是直线上升。,道のあちらこちらに排水口があるだろ？,
84348,mp4000,18349,18043,18334,17953,,,unmatched,evo,也是，在男人眼里他也很帅，非常了不起。,便利になったもんだなぁ。,
84349,mp4000,18357,18031,18345,18031,,,unmatched,evo,这个格兰赛尔的地下水道经过了一番整修。,このグランセルは地下水路が整備されているんだ。,
84350,mp4000,18359,18043,18347,17995,,,unmatched,evo,看，大街上到处都是排水口。,便利になったもんだなぁ。,
84351,mp4000,18371,18067,18349,18043,,,unmatched,evo,这样还真是方便多了。,この噴水の彫像はシロハヤブサだよ。,
84352,mp4000,18373,18079,18357,18031,,,unmatched,evo,这个格兰赛尔的地下水道经过了一番整修。,リベールの国鳥だから国旗にも描かれているし、王家の紋章にも使われているんだ。,
84353,mp4000,18384,18109,18359,18043,,,unmatched,evo,这样还真是方便多了。,やあ、グランセルは初めてかい？,
84354,mp4000,18386,18193,18371,18067,,,unmatched,evo,这个喷水的雕像是只白隼哦。,この街は主に４つの区域にわかれているんだ。,
84355,mp4000,18388,18133,18373,18079,,,unmatched,evo,因为是利贝尔的国鸟，所以国旗上有它的图案，王家徽章也用了它的形象。,ここ南街区にはギルドや色々な店が軒をつらねている。,
84356,mp4000,18390,18145,18384,18109,,,unmatched,evo,哟，你们是第一次来格兰赛尔吗？,北街区には王国最大のホテル。さらに北へ歩けばグランセル城だ。,
84357,mp4000,18392,18157,18386,18121,,,unmatched,evo,这个城市一共分为四个主要区哦。,西街区は大聖堂やあのリベール通信社があることで知られている。,
84358,mp4000,18394,18169,18388,18133,,,unmatched,evo,这里是南街区，有游击士协会和各种商店。,そして東街区には各国の大使館や競技場、百貨店が立ち並んでいるんだ。,
84359,mp4000,18402,18193,18390,18145,,,unmatched,evo,北街区有王国最大的酒店，继续往北走就是格兰赛尔城了。,この街は主に４つの区域にわかれているんだ。,
84360,mp4000,18404,18205,18392,18157,,,unmatched,evo,西街区则有大教堂和利贝尔通信社。,ここ南街区にはギルドやお店、北街区には王国最大のホテル、さらに北に行けば王城があるよ。,
84361,mp4000,18406,18217,18394,18169,,,unmatched,evo,然后是东街区，有着各国大使馆和竞技场，还有大型的百货店。,西街区には大聖堂や出版社、東街区には大使館や競技場、百貨店があるんだ。,
84362,mp4000,19043,18484,18402,18193,,,unmatched,evo,这个城市一共分为四个主要区域。,あのリシャール大佐がクーデターの首謀者だなんて絶対信じないわ。,
84363,mp4000,19045,18496,18404,18205,,,unmatched,evo,这个南街区有游击士协会和商店，北街区有王国最大的酒店，再往北走就是格兰赛尔城了。,例えそうだとしてもきっと山より高く海より深い事情があったのよ。,
84364,mp4000,19047,18460,18406,18217,,,unmatched,evo,西街区有大教堂和出版社，东街区则有各国大使馆、竞技场和百货店。,うん、きっとそうよ！,
84365,mp4000,19055,18484,19043,18484,,,unmatched,evo,那位理查德上校是政变主谋的说法，我怎么也无法相信。,あのリシャール大佐がクーデターの首謀者だなんて絶対信じないわ。,
84366,mp4000,19057,18496,19045,18496,,,unmatched,evo,就算是真的，肯定也是因为有比山高比海深的原因。,例えそうだとしてもきっと山より高く海より深い事情があったのよ。,
84367,mp4000,19069,18520,19047,18460,,,unmatched,evo,嗯，肯定是这样！,兵士がこれだけ増えてるのに何の説明もないから心配だわ。,
84368,mp4000,19071,18532,19055,18484,,,unmatched,evo,那位理查德上校是政变主谋的说法，我怎么也无法相信。,出かけようと思ったけど今日は家に帰ろうかな……,
84369,mp4000,19080,18556,19057,18496,,,unmatched,evo,就算是真的，肯定也是因为有比山高比海深的原因。,武術大会っていつもは女王生誕祭の前座として行われるの。,
84370,mp4000,19082,18568,19069,18520,,,unmatched,evo,士兵的数量增加了不少，却也不发表一下声明，真让人担忧。,でも、女王様はご病気だし生誕祭はどうなっちゃうのかしら。,
84371,mp4000,19091,18592,19071,18532,,,unmatched,evo,本来想外出的，现在看来还是回家为好……,街は武術大会の話で持ちきりね。,
84372,mp4000,19093,18604,19080,18556,,,unmatched,evo,呵呵，武术大会历来都是诞生庆典的开胃菜呢。,今回の優勝者は誰も予想していなかったみたいよ。,
84373,mp4000,19102,18628,19082,18568,,,unmatched,evo,不过，女王陛下生病了，诞生庆典会怎么样呢。,今日は決勝戦ね。,
84374,mp4000,19104,18640,19091,18592,,,unmatched,evo,街上的人都在谈论武术大会呢。,私も後でアリーナに行ってみようかな。,
84375,mp4000,19113,18664,19093,18604,,,unmatched,evo,好像这次优胜者出乎大家的预料哦。,リシャール大佐には狐のような目をした副官がついているのよ。,
84376,mp4000,19115,18676,19102,18628,,,unmatched,evo,今天是决赛哦。,彼女の人を見下したようなあの目って好きになれないわ。,
84377,mp4000,19117,18688,19104,18640,,,unmatched,evo,我也要去竞技场好好看一下。,どうしてあんな人が大佐のそばにいつもいるのかしら。,
84378,mp4000,19128,18766,19113,18664,,,unmatched,evo,理查德上校身后总是跟着一个狐媚的副官。,リシャール大佐も以前武術大会に出たことがあるのよ。,
84379,mp4000,19130,18778,19115,18676,,,unmatched,evo,她那蔑视别人的眼神真让人讨厌。,ナントカっていう剣術の使い手でかなり強かったんだから。,
84380,mp4000,19132,18742,19117,18688,,,unmatched,evo,为什么那样的人会跟在上校身边呢。,何でもすごい剣の先生に習ったことがあるらしいわ。,
84381,mp4000,19140,18766,19128,18766,,,unmatched,evo,理查德上校以前也是从武术大会里脱颖而出的哦。,リシャール大佐も以前武術大会に出たことがあるのよ。,
84382,mp4000,19142,18778,19130,18778,,,unmatched,evo,听说使得一手什么剑术，相当的强悍呢。,ナントカっていう剣術の使い手でかなり強かったんだから。,
84383,mp4000,19156,18856,19132,18742,,,unmatched,evo,据说好像是从一位相当厉害的剑术老师那里学来的。,リシャール大佐って本当に素敵な男性だと思うわ。,
84384,mp4000,19158,18820,19140,18766,,,unmatched,evo,理查德上校以前也是从武术大会里脱颖而出的哦。,かっこいい上に頭も切れるしまさにパーフェクトよねー。,
84385,mp4000,19160,18868,19142,18778,,,unmatched,evo,听说使得一手什么剑术，相当的强悍呢。,ボースの空賊逮捕以来、私、すっかり大佐のとりこなの。,
84386,mp4000,19168,18856,19156,18856,,,unmatched,evo,理查德上校真的是一个很出色的男人。,リシャール大佐って本当に素敵な男性だと思うわ。,
84387,mp4000,19170,18868,19158,18820,,,unmatched,evo,长得又帅，头脑又好，简直是完美的男人啊～,ボースの空賊逮捕以来、私、すっかり大佐のとりこなの。,
84388,mp4000,19184,18946,19160,18868,,,unmatched,evo,自从在柏斯逮捕空贼以来，我已经完全为上校着迷了。,あの公爵が女王様の代理人なんてはっきり言って嫌ね。,
84389,mp4000,19186,18910,19168,18856,,,unmatched,evo,理查德上校真的是一个很出色的男人。,最近言ってることはまともになったと思うけどあの格好はどう見てもヘンよ。,
84390,mp4000,19188,18958,19170,18868,,,unmatched,evo,自从在柏斯逮捕空贼以来，我已经完全为上校着迷了。,女王様には早く元気になってもらわなきゃ！,
84391,mp4000,19196,18946,19184,18946,,,unmatched,evo,我很讨厌那个公爵做女王的代理人。,あの公爵が女王様の代理人なんてはっきり言って嫌ね。,
84392,mp4000,19198,18958,19186,18910,,,unmatched,evo,虽然最近他的一些发言还算说得过去，不过我还是觉得那副打扮很奇怪。,女王様には早く元気になってもらわなきゃ！,
84393,mp4000,19210,18982,19188,18958,,,unmatched,evo,女王陛下，请早日康复吧！,さっき、すごく大きな人が歩いていったけど大会の選手なのかしら。,
84394,mp4000,19219,19006,19196,18946,,,unmatched,evo,我很讨厌那个公爵做女王的代理人。,武術大会が開かれているから東街区は今すごい賑わいよ。,
84395,mp4000,19221,19018,19198,18958,,,unmatched,evo,女王陛下，请早日康复吧！,もうすぐ予選試合が始まるんじゃないのかなぁ。,
84396,mp4000,19804,19299,19210,18982,,,unmatched,evo,刚才有一个非常高大的壮汉走了过去，好像是大会的选手。,あのリシャール大佐がクーデターとはのう……,
84397,mp4000,19806,19311,19219,19006,,,unmatched,evo,因为武术大会要开始了，所以东街区现在热闹的不得了。,以前、城の前で見かけた大佐は真剣に王国のことを想う眼差しをしていたのじゃが……,
84398,mp4000,19808,19275,19221,19018,,,unmatched,evo,预赛很快就要开始了吧。,あれも演技だったのじゃろうか……,
84399,mp4000,19816,19299,19804,19299,,,unmatched,evo,那位理查德上校是政变的发动者啊……,あのリシャール大佐がクーデターとはのう……,
84400,mp4000,19818,19311,19806,19311,,,unmatched,evo,以前我在城外见过他，从他的目光里真的可以看出他是为了王国着想的……,以前、城の前で見かけた大佐は真剣に王国のことを想う眼差しをしていたのじゃが……,
84401,mp4000,19830,19335,19808,19275,,,unmatched,evo,那难道也是演技吗……,親衛隊の者たちも思い直して自分たちで城へ出向いてもらえればのう……,
84402,mp4000,19832,19347,19816,19299,,,unmatched,evo,那位理查德上校是政变的发动者啊……,アリシア女王も悪いようにはしないと思うのじゃが。,
84403,mp4000,19841,19371,19818,19311,,,unmatched,evo,以前我在城外见过他，从他的目光里真的可以看出他是为了王国着想的……,女王様の病気はどうなったんじゃろうか……,
84404,mp4000,19843,19383,19830,19335,,,unmatched,evo,希望亲卫队的那些人改过自新，主动来王都自首……,何の続報もないから心配で夜もおちおち眠れんわい。,
84405,mp4000,19852,19407,19832,19347,,,unmatched,evo,艾莉茜雅女王应该不会亏待他们。,無事に大会が終わったようじゃな。,
84406,mp4000,19854,19419,19841,19371,,,unmatched,evo,女王陛下的病情到底怎么样了啊……,生誕祭のほうはどうなるんじゃろうか……,
84407,mp4000,19863,19443,19843,19383,,,unmatched,evo,目前一点新消息都没有，我担心得夜夜都睡不好。,毎日の散歩こそがわしの健康の秘訣じゃよ。,
84408,mp4000,19865,19455,19852,19407,,,unmatched,evo,武术大会平安地结束了。,今日もいい天気で気分爽快じゃわい。,
84409,mp4000,19874,19479,19854,19419,,,unmatched,evo,诞生庆典又会怎么样呢……,リシャール大佐とやらは確かに優れた人物じゃな。,
84410,mp4000,19876,19491,19863,19443,,,unmatched,evo,每日散步就是我健康的秘诀。,リベール王国を想うあのまなざしは本物じゃ。,
84411,mp4000,19885,19515,19865,19455,,,unmatched,evo,今天天气很好啊，心情舒畅。,武術大会はわしも好きなのじゃが……,
84412,mp4000,19887,19527,19874,19479,,,unmatched,evo,谈到理查德上校啊，他确实是个很优秀的人物。,女王様がご病気と聞くと浮かれて見物に行く気にはなれんのう。,
84413,mp4000,19896,19551,19876,19491,,,unmatched,evo,为利贝尔王国着想的那种眼神绝对不假。,それにしても親衛隊が王国軍に追われるとは前代未聞じゃわい。,
84414,mp4000,19898,19563,19885,19515,,,unmatched,evo,我虽然也很喜欢武术大会……,何か事情があったとしか思えんのだが……,
84415,mp4000,19909,19641,19887,19527,,,unmatched,evo,但听说女王陛下病了，就没有心情去看比赛了。,エルベ離宮は行事がない時は市民に開放されているんじゃ。,
84416,mp4000,19911,19605,19896,19551,,,unmatched,evo,没想到亲卫队被王国军追捕，真是前所未闻。,ここ数年の間で王家が離宮を使う時と言ったら外国のお偉方が来た時くらいじゃ。,
84417,mp4000,19913,19653,19898,19563,,,unmatched,evo,总感觉他们是有什么隐情……,今は王国軍がテロ対策の本部として使っているみたいじゃな。,
84418,mp4000,19921,19641,19909,19641,,,unmatched,evo,艾尔贝离宫没有举行活动的时候是对市民们开放的。,エルベ離宮は行事がない時は市民に開放されているんじゃ。,
84419,mp4000,19923,19653,19911,19605,,,unmatched,evo,在这几年里，要说王家用到离宫的时候，也就只有外国的重要人物来访了。,今は王国軍がテロ対策の本部として使っているみたいじゃな。,
84420,mp4000,19937,19683,19913,19653,,,unmatched,evo,不过现在好像是作为王国军对付恐怖分子的总部来使用了。,天気がいいし、エルベ離宮まで足を伸ばしたいところなんじゃが……,
84421,mp4000,19939,19695,19921,19641,,,unmatched,evo,艾尔贝离宫没有举行活动的时候是对市民们开放的。,最近、王国軍が布告を出して近づくこともできなくなってしまった。,
84422,mp4000,19941,19743,19923,19653,,,unmatched,evo,不过现在好像是作为王国军对付恐怖分子的总部来使用了。,つまらんのう。,
84423,mp4000,19949,19731,19937,19683,,,unmatched,evo,天气不错，我本来打算到艾尔贝离宫去好好散散步的……,離宮まで足を伸ばしたいんじゃが近づくこともできなくなってしまった。,
84424,mp4000,19951,19743,19939,19695,,,unmatched,evo,可是最近王国军贴出了公告，现在那里不让一般人接近了。,つまらんのう。,
84425,mp4000,19963,19767,19941,19743,,,unmatched,evo,真是无聊啊。,この道はグランセルの繁華街じゃよ。,
84426,mp4000,19965,19779,19949,19731,,,unmatched,evo,本来打算去艾尔贝离宫散步的，不过现在那里不让一般人接近了。,この中央通りを毎日散歩するのがわしの日課なんじゃ。,
84427,mp4000,20528,19989,19951,19743,,,unmatched,evo,真是无聊啊。,それにしてもあんなトラブルにあうなんて……,
84428,mp4000,20530,20001,19963,19767,,,unmatched,evo,这条大道是格兰赛尔的繁华大街啊。,でも、私たちの旅のクライマックスはまだこれからよ。,
84429,mp4000,20539,20025,19965,19779,,,unmatched,evo,在这中央大道散步，已经成了我每天必做之事了。,ああ、アルム……いよいよ、この時が来たのね。,
84430,mp4000,20541,20037,20528,19989,,,unmatched,evo,没有想到会遇到这样的麻烦……,この高鳴る胸の鼓動……彼に聞こえてたらどうしよう。,
84431,mp4000,20552,20067,20530,20001,,,unmatched,evo,不过，我们俩这趟旅程的最高潮从现在才开始哦。,ふふふ、彼ったら今日は独り言ばっかり。,
84432,mp4000,20554,20079,20539,20025,,,unmatched,evo,啊啊，阿鲁姆……这一刻终于到来了。,考え事をしてるみたいだけど何も教えてくれないのよ。,
84433,mp4000,20556,20127,20541,20037,,,unmatched,evo,我那强烈的心跳声……被他听到了该怎么办啊。,もう、意地悪なんだから。すねちゃおっかなー。,
84434,mp4000,20564,20115,20552,20067,,,unmatched,evo,呵呵，他呀，今天总是在自言自语。,今日の彼ったら考え事をしてるみたいだけど何も教えてくれないのよ。,
84435,mp4000,20566,20127,20554,20079,,,unmatched,evo,好像在想什么事情，可又不告诉我。,もう、意地悪なんだから。すねちゃおっかなー。,
84436,mp4000,20578,20151,20556,20091,,,unmatched,evo,真是的，太坏了。我可要撒娇了哦～,ふふ、彼ったら情熱的ね。,
84437,mp4000,20593,20181,20564,20115,,,unmatched,evo,他今天好像在想什么事情，可又不告诉我。,グランセル港って夜景がきれいなのよ。,
84438,mp4000,20595,20193,20566,20127,,,unmatched,evo,真是太坏了，要不要对他撒撒娇呢。,ガイドブックでも紹介されていたわ。,
84439,mp4000,20606,20271,20578,20151,,,unmatched,evo,嘻嘻，他好热情啊。,何もかも初めて見るものばかり……,
84440,mp4000,20608,20283,20593,20181,,,unmatched,evo,格兰赛尔港的夜景真美啊。,ロレントではデート先もマンネリ化してたから新鮮だわ。,
84441,mp4000,20610,20247,20595,20193,,,unmatched,evo,观光手册上都介绍了它。,旅行っていいわね。,
84442,mp4000,20618,20271,20606,20271,,,unmatched,evo,这里有很多我以前从没见过的东西……,何もかも初めて見るものばかり……,
84443,mp4000,20620,20283,20608,20283,,,unmatched,evo,总在洛连特约会，已经没有新意了。来到这里之后，感觉好新鲜。,ロレントではデート先もマンネリ化してたから新鮮だわ。,
84444,mp4000,20632,20307,20610,20247,,,unmatched,evo,旅行真有意思啊。,彼ったらずっと私の顔を見つめるの……,
84445,mp4000,20636,20331,20618,20271,,,unmatched,evo,这里有很多我以前从没见过的东西……,いやん、照れちゃう。,
84446,mp4000,20649,20367,20620,20283,,,unmatched,evo,总在洛连特约会，已经没有新意了。来到这里之后，感觉好新鲜。,あの人、随分酔ってたみたいだけど大丈夫だったのかしら。,
84447,mp4000,20653,20391,20632,20307,,,unmatched,evo,他那时一直都在盯着我的脸看……,その点アルム、あなたはいつも紳士的で本当に素敵よ。,
84448,mp4000,20655,20403,20636,20331,,,unmatched,evo,讨厌，真让人家害羞。,ああ、エアリー……❤,
84449,mp4000,20664,20433,20649,20367,,,unmatched,evo,那个人好像喝得烂醉，不知道后来怎么样了。,今日も彼との１日を過ごせるのね……,
84450,mp4000,20668,20457,20653,20391,,,unmatched,evo,阿鲁姆，这点上你总是那么绅士，真的好棒。,グランセルに旅行へ来て本当によかったわ。,
84451,mp4000,20680,20481,20655,20403,,,unmatched,evo,啊，艾娅莉……❤,彼ったら試合を見ている間も手を握ってはなさないのよ。,
84452,mp4000,20689,20505,20664,20433,,,unmatched,evo,今天也是和他一起度过的……,あーん、お城の中を見てみたかったわ。,
84453,mp4000,21318,20713,20668,20457,,,unmatched,evo,来格兰赛尔旅行真是太好了。,城の前で彼女にプロポーズしようとしたんだ。,
84454,mp4000,21320,20725,20680,20481,,,unmatched,evo,他在看比赛的时候也一直紧紧握住我的手。,そしたら、突然城門が開いて親衛隊と遊撃士が突入してきたんだ。,
84455,mp4000,21322,20737,20689,20505,,,unmatched,evo,啊～好想到王城里看看啊。,プロポーズを阻止しに来たのかと思ってびっくりしたよ。,
84456,mp4000,21324,20749,21318,20713,,,unmatched,evo,我本打算在王城前向她求婚。,結局まだ彼女には伝えてないんだよね。,
84457,mp4000,21333,20773,21320,20725,,,unmatched,evo,结果城门突然开了，然后又有一群亲卫队成员和游击士冲了过来。,エアリー、聞いてくれ！,
84458,mp4000,21335,20785,21322,20737,,,unmatched,evo,我还以为他们是来阻止我求婚的，吓了一大跳。,今日は僕たちにとってとても大切な話があるんだ……,
84459,mp4000,21344,20809,21324,20749,,,unmatched,evo,就这样，直到最后也没能向她求婚。,街の色々なところをまわってみたけど……。,
84460,mp4000,21346,20821,21333,20773,,,unmatched,evo,艾娅莉，请听我说！,最高のシチュエーションを演出できそうなのはやっぱり王城の前だよな……,
84461,mp4000,21357,20851,21335,20785,,,unmatched,evo,今天对于我们俩来说，是个特别有意义的日子……,真っ赤な黄昏の中にたたずむ麗しの王都とグランセル城……,
84462,mp4000,21359,20863,21344,20809,,,unmatched,evo,虽说转遍了街上的各个地方……,そして、その光景を映し出す君の瞳……,
84463,mp4000,21361,20875,21346,20821,,,unmatched,evo,但能够最好表达感情的地方果然还是王城前面啊……,ああ、これ以上美しいものがこの世にあるだろうか！？,
84464,mp4000,21363,20887,21357,20851,,,unmatched,evo,在火红的黄昏中屹立着美丽的王都和格兰赛尔城……,いや、ないッ！,
84465,mp4000,21365,20899,21359,20863,,,unmatched,evo,你的双眸中映照出如此美景……,ないったらないッ！,
84466,mp4000,21373,20923,21361,20923,,,unmatched,evo,啊，世上还有比这更美的画面吗？,おお、これ以上美しいものがこの世にあるだろうか。,
84467,mp4000,21391,20953,21363,20887,,,unmatched,evo,不，绝对没有！,港へは行けないようだね。,
84468,mp4000,21393,20965,21365,20899,,,unmatched,evo,没有就是没有！,うーん、残念だなぁ……,
84469,mp4000,21404,21043,21373,20923,,,unmatched,evo,啊，世上还有比这更美的画面吗？,大聖堂をバックに王都の街角にたたずむ君……,
84470,mp4000,21406,21007,21391,20953,,,unmatched,evo,港口那边好像不让去了。,うーん、絵になる。オーバルカメラがほしいよ。,
84471,mp4000,21408,21019,21393,20965,,,unmatched,evo,唔，真遗憾啊……,せめて、この光景を頭の中に焼きつけておこう。,
84472,mp4000,21416,21043,21404,21043,,,unmatched,evo,以大教堂为背景，伫立在王都街角的你……,大聖堂をバックに王都の街角にたたずむ君……,
84473,mp4000,21418,21055,21406,21007,,,unmatched,evo,嗯～简直就像一幅画卷。要是有台导力相机就好了。,うーん、絵になる。,
84474,mp4000,21430,21079,21408,21019,,,unmatched,evo,既然没有相机，就把这一幕深深地烙印在我的脑海中吧。,ふう、試合見ながらもついつい彼女の横顔に見とれちゃったよ。,
84475,mp4000,21432,21091,21416,21043,,,unmatched,evo,以大教堂为背景，伫立在王都街角的你……,一体どこまで魅力的なんだ。彼女の美しさはもはや罪だね。,
84476,mp4000,21445,21127,21418,21055,,,unmatched,evo,嗯～简直就像一幅画卷。,昨夜、僕らに話しかけてきた人は正門から出ていっちゃったよ。,
84477,mp4000,21447,21139,21430,21079,,,unmatched,evo,呼，在看比赛的过程中，我也会情不自禁地转头去凝视她。,その後のことは分からないな。エアリーの事しか見てなかったから。,
84478,mp4000,21449,21151,21432,21091,,,unmatched,evo,她真是太有魅力了，她的美丽简直是罪过啊。,……ぽっ❤,
84479,mp4000,21456,21169,21445,21127,,,unmatched,evo,昨晚跟我们搭话的那个人已经从正门出去了。,よーし、今日もこのキャンディより甘いひと時を彼女と過ごすぞ。,
84480,mp4000,21470,21199,21447,21139,,,unmatched,evo,之后的事我就不知道了。因为我眼里只有艾娅莉。,王城に入れないからまず武術大会を見に行ったんだ。,
84481,mp4000,21472,21247,21449,21151,,,unmatched,evo,……呀❤,アリーナはまるで渦巻くような熱気に包まれていたよ。,
84482,mp4000,21474,21223,21456,21169,,,unmatched,evo,好～今天也要和她一起度过比这个糖果还要甜蜜的时刻。,その熱気に負けないくらい僕たちもあつあつだけどね。,
84483,mp4000,21482,21247,21470,21199,,,unmatched,evo,既然不能进入王城，那就先去看看武术大会吧。,アリーナはまるで渦巻くような熱気に包まれていたよ。,
84484,mp4000,21484,21259,21472,21247,,,unmatched,evo,竞技场正在被沸腾的热气所笼罩。,その熱気に負けないくらい僕たちもアツアツだけどね。,
84485,mp4000,21496,21283,21474,21259,,,unmatched,evo,为了不被这股热气压倒，我们要更加亲热。,おお、何てこったい！,
84486,mp4000,21498,21295,21482,21247,,,unmatched,evo,竞技场正在被沸腾的热气所笼罩。,いとしのマイ・ハニーと王都へ旅行にやってきたのに今は城へ入ることができないんだ。,
84487,mp4000,21701,21522,21484,21259,,,unmatched,evo,为了不被这股热气压倒，我们要更加亲热。,まだ特務部隊の残党がいる可能性もあるからな。,
84488,mp4000,21703,21534,21496,21283,,,unmatched,evo,哦，怎么会这样！,警備はきちんとしなくてはね。,
84489,mp4000,21718,21564,21498,21295,,,unmatched,evo,我和我的甜心一起来王都旅行，但现在却不能进入王城。,特務部隊のやつらは新参者のくせに顔がでかいんだ。,
84490,mp4000,21720,21576,21701,21522,,,unmatched,evo,王都还存在着特务部队残党的可能性很高。,全く腹が立つぜ。,
84491,mp4000,21729,21600,21703,21534,,,unmatched,evo,一定要做好戒备才行。,テロリストめ……どこに隠れてやがる……,
84492,mp4000,21738,21624,21718,21564,,,unmatched,evo,特务部队那些人明明是新来的，还一副了不起的样子。,あーあ、俺も決勝戦を見に行きたいぜ。,
84493,mp4000,21747,21648,21720,21576,,,unmatched,evo,真恼火。,怪しいやつを見かけたらすぐに知らせるんだぞ。,
84494,mp4000,21980,21801,21729,21600,,,unmatched,evo,那些恐怖分子……到底躲在哪儿呢……,リシャール大佐がクーデターを起こしたなんて今も信じられないぜ。,
84495,mp4000,21982,21813,21738,21624,,,unmatched,evo,啊～我也想去看决赛啊。,知らなかったとは言え、親衛隊のやつらには本当に悪いことしちまったな。,
84496,mp4000,21997,21843,21747,21648,,,unmatched,evo,看见可疑的人要马上过来报告。,遊撃士協会でテロリストどもをかくまってないだろうな。,
84497,mp4000,22006,21867,21980,21801,,,unmatched,evo,理查德上校是这起政变的发动者，对此至今我都无法相信。,親衛隊を見かけたらすぐに通報しろよ。,
84498,mp4000,22015,21891,21982,21813,,,unmatched,evo,也许你们不知道，亲卫队那些家伙真的是干了不少坏事的。,何だ、警備の邪魔はするなよ。,
84499,mp4000,22024,21915,21997,21843,,,unmatched,evo,游击士协会应该没有窝藏恐怖分子吧。,お前たちは遊撃士か？,
84500,mp4000,22026,21927,22006,21867,,,unmatched,evo,如果发现亲卫队的人，请立刻通报。,くれぐれも怪しい真似はしないことだ。,
84501,mp4000,22271,22080,22015,21891,,,unmatched,evo,怎么了，不许妨碍我们。,俺たちも王都に残って女王陛下のために戦いたかったよ。,
84502,mp4000,22273,22092,22024,21915,,,unmatched,evo,你们是游击士吗？,偽の命令で王都から撤退しちゃったなんて格好悪いよな。,
84503,mp4000,22288,22122,22026,21927,,,unmatched,evo,可不要做出什么奇怪的举动哦。,生誕祭はどうなっちゃうんだろう……,
84504,mp4000,22290,22134,22271,22080,,,unmatched,evo,我们也想留在王都为女王陛下而战啊。,女王様の病気も心配だよ。,
84505,mp4000,22299,22158,22273,22092,,,unmatched,evo,可是假传的命令把我们从王都撤走了，真是可恶啊。,武術大会が終わってほっとしたよ。,
84506,mp4000,22301,22170,22288,22122,,,unmatched,evo,诞生庆典会怎么样呢……,でも、気を抜かないで見張りをしなきゃね。,
84507,mp4000,22310,22194,22290,22134,,,unmatched,evo,女王陛下的病情很让人担心。,武術大会が無事に終わるといいね。,
84508,mp4000,22319,22218,22299,22158,,,unmatched,evo,武术大会结束以后，我心里的石头也落地了呢。,武術大会だからってあまり浮かれすぎないようにね。,
84509,mp4000,22576,22373,22301,22170,,,unmatched,evo,不过，不能放松，必须要继续保持警惕。,おや、君たちは遊撃士だね。,
84510,mp4000,22578,22385,22310,22194,,,unmatched,evo,希望武术大会能圆满顺利地闭幕。,街の警備は僕たちに任せて今日はお祭りを楽しんでよ。,
84511,mp4000,22580,22397,22319,22218,,,unmatched,evo,武术大会正在进行，千万不能太放松警惕。,クーデターの時は何もできなかったからこれくらいは頑張らなきゃね。,
84512,mp4000,22595,22427,22576,22373,,,unmatched,evo,呀，你们是游击士吧。,今日から飛行船の発着場も完全封鎖らしいよ。,
84513,mp4000,22604,22451,22578,22385,,,unmatched,evo,街道的警备就交给我们了，今天你们就好好享受庆典带来的乐趣吧。,暗くなってくると見張りも緊張するよ。,
84514,mp4000,22606,22463,22580,22397,,,unmatched,evo,政变的时候，我们什么都没做，所以现在要努力。,怪しい人を見たらすぐに教えてね。,
84515,mp4000,22615,22487,22595,22427,,,unmatched,evo,从今天起，飞行船起降坪好像被完全封锁了。,うん、特に異常はないな。,
84516,mp4000,22624,22511,22604,22451,,,unmatched,evo,随着天色变晚，巡逻也更严密了。,今日から街の警備を厳しくすることになったんだ。,
84517,mp4000,22626,22523,22606,22463,,,unmatched,evo,如果发现可疑的人请马上告诉我。,これもみんなの安全を守るためだよ。,
84518,mp4000,22715,22680,22615,22487,,,unmatched,evo,嗯，没有任何异常。,王城のほうは完全に封鎖らしいぞ。,
84519,mp4000,22717,22692,22624,22511,,,unmatched,evo,从今天开始街上加强了警备。,何かあったんだろうか……,
84520,mp4000,22776,22741,22626,22523,,,unmatched,evo,这也是为了保证大家的安全。,何だぁ、キサマらは遊撃士か？,
84521,mp4000,22778,22753,22715,22680,,,unmatched,evo,王城已经完全封锁了。,ケガをしたくなかったらギルドでおとなしくしているんだな。,
84522,mp4000,22825,22802,22717,22692,,,unmatched,evo,发生了什么事吗……,親衛隊め、リシャール大佐にたてつくとは許せんヤツらだ。,
84523,mp4000,22932,22849,22776,22741,,,unmatched,evo,干什么？你们是游击士吗？,クローディア姫のお姿を見たらリベール王国はこの先も安泰という気になりましたわ。,
84524,mp4000,23111,23016,22778,22753,,,unmatched,evo,如果不想受伤，就乖乖回协会吧。,いや、めでたいめでたい！,
84525,mp4000,23113,23028,22825,22802,,,unmatched,evo,亲卫队那群家伙竟敢反抗理查德上校，不可饶恕。,女王陛下万歳、姫殿下万歳！,
84526,mp4000,23232,23197,22932,22849,,,unmatched,evo,当我看到克萝蒂雅公主的身影时，一下就感觉到利贝尔王国的未来一定会和平安稳。,はーっ、さすがに生誕祭となると賑やかやなぁ。,
84527,mp4000,23234,23209,23111,23016,,,unmatched,evo,哎呀，可喜可贺！可喜可贺！,やっぱ生誕祭の時期はここで商売するべきやな。,
84528,mp4000,23281,23258,23113,23028,,,unmatched,evo,女王陛下万岁，公主殿下万岁！,飛行船が止まったせいでグランセルに来るのがずいぶん遅れてしまいましたよ。,
84529,mp4000,23328,23305,23232,23197,,,unmatched,evo,哈～不愧是诞生庆典，好热闹啊。,俺たちは生誕祭のついでに王都見物に来たんだよ。,
84530,mp4000,23387,23352,23234,23209,,,unmatched,evo,诞生庆典时期就应该到这里来做生意。,さて、次はどこに行こうか？,
84531,mp4000,23389,23364,23281,23258,,,unmatched,evo,因为飞行船停航的缘故，我来到格兰赛尔时已经耽误很长时间了。,大聖堂もいいけどアーネンベルクも見たいね。,
84532,mp4000,23436,23413,23328,23305,,,unmatched,evo,我们是借诞生庆典的机会来王都参观游览的。,オフクロを連れて王都に来たんだけど、こんなに街が広いとはな。,
84533,mp4000,23507,23460,23387,23352,,,unmatched,evo,接下来去哪里好呢？,もう疲れちまったよ。,
84534,mp4000,23509,23472,23389,23364,,,unmatched,evo,虽说大教堂也是个好去处，但我又想去看看亚宁堡。,どこか休憩できる場所はないのかねぇ。,
84535,mp4000,23511,23484,23436,23413,,,unmatched,evo,是老妈带我来王都的，这里的街道真宽啊。,お店に入ると高そうだし……,
84536,mp4000,23570,23535,23507,23460,,,unmatched,evo,我已经累得不行了。,クーデターがあったって聞いた時にはびっくりしちゃったよ。,
84537,mp4000,23572,23547,23509,23472,,,unmatched,evo,可是到处都没有可以休息的地方了。,でも、街の様子を見ているととてもそんなこと想像できないな。,
84538,mp4000,23643,23596,23511,23484,,,unmatched,evo,去店里又要花钱……,おなかが空いたわ……,
84539,mp4000,23645,23608,23570,23535,,,unmatched,evo,当听说发生了政变时，我吓了一大跳。,どうせ王都に来たんだから有名な店に入りたいんだけどここはどうなのかしら？,
84540,mp4000,23647,23620,23572,23547,,,unmatched,evo,不过看着街道这么热闹的样子，怎么也无法想象发生过那样的事情。,どの店もおいしそうで目移りしちゃうわ……,
84541,mp4000,23694,23671,23643,23596,,,unmatched,evo,肚子好饿呀……,ここも賑やかだけど東街区にもずいぶん人がいたよ。,
84542,mp4000,23741,23718,23645,23608,,,unmatched,evo,好不容易来了王都一趟，想要到一些有名的店铺去，不知道这家如何？,道が分からないから遊撃士協会で聞いてみようかしら。,
84543,mp4000,23788,23765,23647,23620,,,unmatched,evo,好像每家店都很不错，简直让我眼花缭乱……,うわさに聞くおいしいアイスクリームのお店はどこかしら？,
84544,mp4000,23835,23812,23694,23671,,,unmatched,evo,这里是很热闹，但东街区的人更多。,ここって何のお店なの？,
84545,mp4000,23894,23859,23741,23718,,,unmatched,evo,我找不到路了，要去游击士协会问问。,色々な事件が立て続けに起きたが平和が戻って良かったわい。,
84546,mp4000,23896,23871,23788,23765,,,unmatched,evo,传说中那个好吃的冰激凌店在哪里呢？,女王さまにはこれからも頑張ってもらいたいのう。,
84547,mp4000,23955,23920,23835,23812,,,unmatched,evo,那个商店是卖什么的？,久しぶりに女王様の顔を見られて、あたしゃ満足だよ。,
84548,mp4000,23957,23932,23894,23859,,,unmatched,evo,各种事件相继发生，能够回归和平的日子真好啊。,あんなにいい女王様なのにクーデターを起こすなんてまったく気が知れないね。,
84549,mp4000,24168,,23896,23871,46283,ch0360140879,blockwise,evo,希望女王陛下继续努力。,……ふぅ、晩餐会に出てすぐ帰るはずが思わぬ長期滞在になってしまいましたわね。,……ふぅ、晩餐会に出てすぐ帰るはずが思わぬ長期滞在になってしまいましたわね。
84550,mp4000,24170,,23955,23920,46284,ch0010140880,blockwise,evo,终于看到好久不见的女王陛下，我已经很满足了。,あは、市長さんたちみんなでずっと話し合いしてたんでしょ？,あは、市長さんたちみんなでずっと話し合いしてたんでしょ？
84551,mp4000,24172,,23957,23932,46285,ch0360140881,blockwise,evo,有这么好的一位女王陛下，却还要发动什么政变，不知道那些人是怎么想的。,ええ、コリンズ学園長の提案で臨時王国会議が開かれていたんですの。,ええ、コリンズ学園長の提案で臨時王国会議が開かれていたんですの。
84552,mp4000,24174,,24168,23987,46286,ch0360140882,blockwise,evo,……呵呵，晚宴之后，本以为可以很快回去，没想到要在这里长期逗留了。,クーデターの混乱もありますし、今回の事件が市民たちに及ぼす影響は決して小さくありませんわ。,クーデターの混乱もありますし、今回の事件が市民たちに及ぼす影響は決して小さくありませんわ。
84553,mp4000,24176,,24170,23999,46287,ch0360140883,blockwise,evo,哈，市长，你们聊了很久吧？,これから今まで以上に各地方の連携が必要になりますわね。,これから今まで以上に各地方の連携が必要になりますわね。
84554,mp4000,24178,,24172,24011,46288,ch0010140884,blockwise,evo,嗯，遵照科林兹校长的提议，我们召开了一个临时王国会议。,はーっ、メイベル市長もますます忙しくなっちゃいそうね。,はーっ、メイベル市長もますます忙しくなっちゃいそうね。
84555,mp4000,24180,,24174,24023,46289,ch0360140885,blockwise,evo,政变造成了严重的混乱，这起事件给市民带来的影响绝对不能小视。,ふふ、せめて今日くらいはくつろがせていただきますわ。,ふふ、せめて今日くらいはくつろがせていただきますわ。
84556,mp4000,24182,,24176,24035,46290,ch0360140886,blockwise,evo,因此，各个地区必须要有比以往更加密切的合作。,これから散策がてら大聖堂へ礼拝に行こうと思っていますの。,これから散策がてら大聖堂へ礼拝に行こうと思っていますの。
84557,mp4000,24184,,24178,24047,46291,ch0010140887,blockwise,evo,呼～看来您今后会更加繁忙了。,そう言えば市長って初めて会った時に教会をサボってたわよね。,そう言えば市長って初めて会った時に教会をサボってたわよね。
84558,mp4000,24186,,24180,24059,46292,ch0360140888,blockwise,evo,呵呵，至少今天可以放松一下。,ええ、ですからこういう時にまとめてお祈りしておこうと思いまして。,ええ、ですからこういう時にまとめてお祈りしておこうと思いまして。
84559,mp4000,24188,,24182,24071,46293,ch0360140889,blockwise,evo,我正准备散步到大教堂做个礼拜。,大聖堂ですし今までさぼった分がチャラになりませんかしら……,大聖堂ですし今までさぼった分がチャラになりませんかしら……
84560,mp4000,24196,,24184,24083,46281,ch0360140890,exact,evo,说起来，我们第一次见面时，您还从教会跑掉了。,ふふ、正遊撃士の紋章、２人ともよく似合っていますわ。,ふふ、正遊撃士の紋章、２人ともよく似合っていますわ。
84561,mp4000,24198,,24186,24095,46282,ch0010140891,exact,evo,嗯，所以这次更要认真祈祷了。,う、うん、ありがとう……,う、うん、ありがとう……
84562,mp4000,24257,,24188,24107,46294,ch0370140894,exact,evo,要在这里的大教堂把至今为止欠下的礼拜全部补上……,連日の会議といっても日頃のお嬢様の業務に比べればまだ安心して見ていられます。,連日の会議といっても日頃のお嬢様の業務に比べればまだ安心して見ていられます。
84563,mp4000,24259,,24196,24131,46295,ch0370140895,exact,evo,呵呵，正游击士的徽章和你们二人很相配。,お嬢様を休ませるならボースから離れるのが１番いいかもしれません……,お嬢様を休ませるならボースから離れるのが１番いいかもしれません……
84564,mp4000,24526,24301,24198,24143,,,unmatched,evo,嗯，谢谢……,うわっ、み、見つかっちゃったか。,
84565,mp4000,24528,24313,24257,24222,,,unmatched,evo,虽然连日召开会议，但和小姐平时的工作量相比，还是轻松了许多。,……明日の決勝戦、妻のためにどうしても良い席が取りたくてね。,
84566,mp4000,24530,24325,24259,24234,,,unmatched,evo,要想让小姐休息，还是离开柏斯为好啊。,徹夜でアリーナ前に並ぼうと思ったんだけど兵士に追い返されちゃったのさ。,
84567,mp4000,24532,24337,24526,24301,,,unmatched,evo,哇！被、被发现了！,だから、もう１度アリーナまで行って隠れているつもりだったんだけど……,
84568,mp4000,24534,24349,24528,24313,,,unmatched,evo,……明天就是决赛了，我无论如何也要为妻子占个好座位。,君たち、お願いだよ！！,
84569,mp4000,24536,24361,24530,24325,,,unmatched,evo,原本打算在竞技场门口通宵排队，但那些士兵却赶我走。,これをあげるから兵士たちに僕のことは黙っててくれないか？,
84570,mp4000,24546,24421,24532,24337,,,unmatched,evo,所以我打算偷偷进入竞技场，然后找个地方藏起来……,このとおりだよ。明日何とか最前列の席が取りたいんだ。,
84571,mp4000,24555,24451,24534,24349,,,unmatched,evo,求你们帮我保密！！,後生だから兵士たちに僕のことは黙っててくれないか？,
84572,mp4000,24557,24463,24536,24361,,,unmatched,evo,我把这个送给你们，你们千万不要向那些士兵告密啊。,お願いだよ……,
84573,mp4000,24569,24487,24546,24421,,,unmatched,evo,总之，我明天一定要抢到最前排的座位。,妻のためにいい席取ろうと思って今から並ぶことにしたんだ。,
84574,mp4000,24571,24499,24555,24451,,,unmatched,evo,求求你们了，千万不要向那些士兵告密啊。,はあ、惚れた弱みだと思うしかないよな……,
84575,mp4000,25472,24649,24557,24463,,,unmatched,evo,拜托了……,さすが生誕祭となるとすごい人出ですねぇ。,
84576,mp4000,25474,24661,24569,24487,,,unmatched,evo,为了给妻子拿个观战的好位置，我决定现在就排队。,でも、帝国の帝都は普段からこれ以上に人が多いそうですよ。,
84577,mp4000,25476,24625,24571,24499,,,unmatched,evo,唉，这就是爱的代价吧……,私には想像もつきませんね。,
84578,mp4000,25484,24649,25472,24649,,,unmatched,evo,一到诞生庆典，人就多得不得了。,さすが生誕祭となるとすごい人出ですねぇ。,
84579,mp4000,25486,24661,25474,24661,,,unmatched,evo,不过，据说帝国的帝都就算平常也比王都现在的人还要多。,でも、帝国の帝都は普段からこれ以上に人が多いそうですよ。,
84580,mp4000,25498,24685,25476,24625,,,unmatched,evo,我简直无法想象。,他の王国軍の兵士はみんな撤収したみたいなんです。,
84581,mp4000,25500,24697,25484,24649,,,unmatched,evo,一到诞生庆典，人就多得不得了。,自分には新しい命令が出ていないのでこの場所を守り続けますよ。,
84582,mp4000,25502,24709,25486,24661,,,unmatched,evo,不过，据说帝国的帝都就算平常也比王都现在的人还要多。,それが私の使命ですからね。,
84583,mp4000,25511,24733,25498,24685,,,unmatched,evo,其他的王国军士兵好像都撤离了。,オリビエさんを大使館から外へ逃がさないよう頼まれているんです。,
84584,mp4000,25513,24745,25500,24697,,,unmatched,evo,我因为还没有接到新的命令，所以继续在这里守卫。,当分の間は取り次ぐことも遠慮していただきますよ。,
84585,mp4000,25524,24823,25502,24709,,,unmatched,evo,这是我的使命啊。,ミュラーさんは最近王都に来た帝国の駐在武官なんですよ。,
84586,mp4000,25526,24835,25511,24733,,,unmatched,evo,我负责不让奥利维尔先生从大使馆逃出来。,若いけど帝国軍の中ではずいぶんとえらい人らしいです。,
84587,mp4000,25528,24799,25513,24745,,,unmatched,evo,所以现在也不能让你们进去见他。,あのオリビエさんが今は大使館でおとなしくしているくらいですから。,
84588,mp4000,25536,24823,25524,24823,,,unmatched,evo,穆拉大人是最近才到王都来的帝国驻外武官。,ミュラーさんは最近王都に来た帝国の駐在武官なんですよ。,
84589,mp4000,25538,24835,25526,24835,,,unmatched,evo,虽然很年轻，但在帝国军中好像是个很了不起的人物呢。,若いけど帝国軍の中ではずいぶんとえらい人らしいです。,
84590,mp4000,25554,25027,25528,24799,,,unmatched,evo,那个奥利维尔先生现在好像也老老实实地呆在大使馆里了。,オリビエさん、今日もまたお出かけですか？,
84591,mp4000,25556,24889,25536,24823,,,unmatched,evo,穆拉大人是最近才到王都来的帝国驻外武官。,出歩いてばかりいるとあの方も黙っていませんよ。,
84592,mp4000,25558,24949,25538,24835,,,unmatched,evo,虽然很年轻，但在帝国军中好像是个很了不起的人物呢。,あまり目にあまるようなら報告してくれと言われてますからね。,
84593,mp4000,25568,24937,25554,25027,,,unmatched,evo,奥利维尔先生，您今天又要外出吗？,オリビエさん、出歩いてばかりいるとあの方も黙っていませんよ。,
84594,mp4000,25570,24949,25556,24889,,,unmatched,evo,如果您又跑出去的话，那个人也不会袖手旁观的。,あまり目にあまるようなら報告してくれと言われてますからね。,
84595,mp4000,25582,24973,25558,24949,,,unmatched,evo,而且他和我说过，要是您太过放纵的话就要向他汇报。,帝国大使館の人もオリビエさんみたいな人は閉じ込めておけばいいのになぁ……,
84596,mp4000,25584,24985,25568,24937,,,unmatched,evo,奥利维尔先生，如果您又跑出去的话，那个人也不会袖手旁观的。,どうして毎日外出させちゃうんだろうね。,
84597,mp4000,25597,25027,25570,24949,,,unmatched,evo,而且他和我说过，要是您太过放纵的话就要向他汇报。,オリビエさん、今日もまたお出かけですか？,
84598,mp4000,25599,25039,25582,24973,,,unmatched,evo,帝国大使馆的人如果能将奥利维尔先生关在里面就好了……,また苦情が舞い込むような真似はしないでくださいね。,
84599,mp4000,25601,25099,25584,24985,,,unmatched,evo,为什么还让他每天都外出呢。,他の帝国の人はもっと律儀で真面目なんだから少しは見習ってください。,
84600,mp4000,25611,25087,25597,25027,,,unmatched,evo,奥利维尔先生，您今天又要外出吗？,オリビエさん、また苦情が舞い込むような真似はしないでくださいね。,
84601,mp4000,25613,25099,25599,25039,,,unmatched,evo,请不要再做出让市民怨声载道的行为了。,他の帝国の人はもっと律儀で真面目なんだから少しは見習ってください。,
84602,mp4000,25625,25123,25601,25099,,,unmatched,evo,其他的帝国人都很讲究纪律和礼仪，您也稍微向他们学习一下啊。,武術大会への出場は王国軍人として大変栄誉なこと……,
84603,mp4000,25627,25135,25611,25087,,,unmatched,evo,奥利维尔先生，请不要再做出让市民怨声载道的行为了。,機会さえ与えて頂ければ私も武術大会に出てみたいものです。,
84604,mp4000,25640,25177,25613,25099,,,unmatched,evo,其他的帝国人都很讲究纪律和礼仪，您也稍微向他们学习一下啊。,オリビエさん、大使館へお戻りですか？,
84605,mp4000,25644,25195,25625,25123,,,unmatched,evo,能在武术大会出场是王国军军人的至高荣誉……,フッ、冗談だろう。,
84606,mp4000,25649,25201,25627,25135,,,unmatched,evo,如果能够有机会的话，我也好想参加武术大会。,フッ、冗談だろう。,
84607,mp4000,25656,25219,25640,25177,,,unmatched,evo,奥利维尔先生，您现在要回大使馆吗？,目にまばゆい美しい街並み、心を高揚させる人々の活気と賑わい、舌踊らせる珠玉の料理の数々……,
84608,mp4000,25661,25225,25644,25195,,,unmatched,evo,呵呵，你在开玩笑吧。,目にまばゆい美しい街並み、心を高揚させる人々の活気と賑わい、舌踊らせる珠玉の料理の数々……,
84609,mp4000,25668,25243,25649,25201,,,unmatched,evo,呵呵，你在开玩笑吧。,せっかく麗しの王都がボクを呼んでいるというのに引きこもっていては失礼というもの。,
84610,mp4000,25673,25249,25656,25219,,,unmatched,evo,美丽眩目的街道，热闹的人群，以及无数味美绝伦的料理……,せっかく麗しの王都がボクを呼んでいるというのに引きこもっていては失礼というもの。,
84611,mp4000,25678,25261,25661,25225,,,unmatched,evo,美丽眩目的街道，热闹的人群，以及无数味美绝伦的料理……,……ならば、せめて街でハメを外しすぎないよう心がけて下さい。,
84612,mp4000,25680,25321,25668,25243,,,unmatched,evo,这充满美妙的王都正在呼唤着我，如果我躲在房间里不就太失礼了吗。,あなたの面倒に巻き込まれるのはごめんですよ。,
84613,mp4000,25690,25309,25673,25249,,,unmatched,evo,这充满美妙的王都正在呼唤着我，如果我躲在房间里不就太失礼了吗。,オリビエさん……街でハメを外さないよう心がけて下さい。,
84614,mp4000,25692,25321,25678,25261,,,unmatched,evo,……这样的话，请您不要在街道上过于放纵好吗。,あなたの面倒に巻き込まれるのはごめんですよ。,
84615,mp4000,25706,25399,25680,25321,,,unmatched,evo,没人愿意被你牵扯进麻烦里。,帝国大使館の方々は実直な人たちで質実剛健を良しとします。,
84616,mp4000,25708,25411,25690,25309,,,unmatched,evo,奥利维尔先生……请您不要在街道上过于放纵好吗。,でも、あの人だけはなぁ……,
84617,mp4000,25710,25375,25692,25321,,,unmatched,evo,没人愿意被你牵扯进麻烦里。,あの人が街で騒ぎを起こす度市民たちが私のところへ文句を言いに来るんですよ……,
84618,mp4000,25718,25399,25706,25399,,,unmatched,evo,帝国大使馆的人个个都很率直，而且朴实刚健。,帝国大使館の方々は実直な人たちで質実剛健を良しとします。,
84619,mp4000,25720,25411,25708,25411,,,unmatched,evo,不过，那个人就……,でも、あの人だけはなぁ……,
84620,mp4000,25732,25435,25710,25375,,,unmatched,evo,每次他在大街上引起骚乱，市民们就都跑到我这里，不停地抱怨……,この先はエレボニア帝国大使館です。,
84621,mp4000,25734,25447,25718,25399,,,unmatched,evo,帝国大使馆的人个个都很率直，而且朴实刚健。,用事がない者を通すわけにはいきません。,
84622,mp4000,26429,25758,25720,25411,,,unmatched,evo,不过，那个人就……,いやー、毎年この日はやっぱり賑やかッスね。,
84623,mp4000,26431,25770,25732,25435,,,unmatched,evo,这里就是埃雷波尼亚帝国大使馆了。,これだけたくさんの人がいると悪いやつがいないかしっかり見張らないと。,
84624,mp4000,26440,25794,25734,25447,,,unmatched,evo,如果没有事的话，是不允许进入的。,王国軍の仲間がみんな引き上げて代わりに特務兵のヤツらが来たッスよ。,
84625,mp4000,26442,25806,26429,25758,,,unmatched,evo,哎呀～每年的这个日子都非常热闹。,自分は命令がないので置いてきぼりッス、とほほ。,
84626,mp4000,26451,25830,26431,25770,,,unmatched,evo,游客这么多，不知道其中有没有什么坏人，得更严加警戒才行。,女王生誕祭はどうなるッスかね。,
84627,mp4000,26453,25842,26440,25794,,,unmatched,evo,王国军的同伴们都撤走了，代之而来的是特务兵那群家伙。,共和国の大使がスケジュールを決められなくて困ってたッスよ。,
84628,mp4000,26466,26016,26442,25806,,,unmatched,evo,我因为还没有接到命令，所以留在这里了，唉。,ジンさん、優勝おめでとうッス！,
84629,mp4000,26468,26028,26451,25830,,,unmatched,evo,女王的诞生庆典该怎么办呢。,ずっと応援していたジンさんが優勝したとなるとやっぱオレも鼻が高いッスよ。,
84630,mp4000,26470,25908,26453,25842,,,unmatched,evo,共和国的大使还没能定下行程，正为此事发愁呢。,大使館の人たちもみんな、もう大喜びッス！,
84631,mp4000,26474,25926,26466,26016,,,unmatched,evo,阵先生，恭喜你们获胜！,はは、ありがとうよ。大使にも報告したいとこだが……,
84632,mp4000,26479,25932,26468,26028,,,unmatched,evo,我一直支持的阵先生获胜了，让我也感到很骄傲啊。,はは、ありがとうよ。大使にも報告したいとこだが……,
84633,mp4000,26486,25950,26470,25908,,,unmatched,evo,大使馆的各位也非常开心呀！,今日は大使館に戻らず王城に泊まるからよろしく伝えといてくれないか。,
84634,mp4000,26491,25956,26474,25926,,,unmatched,evo,哈哈，谢谢。我本想回大使馆报告一声呢……,今日は大使館に戻らず王城に泊まるからよろしく伝えといてくれないか。,
84635,mp4000,26496,25968,26479,25932,,,unmatched,evo,哈哈，谢谢。我本想回大使馆报告一声呢……,わかったッス！,
84636,mp4000,26498,25980,26486,25950,,,unmatched,evo,不过今天我不能回大使馆了，要住在王城里，麻烦你帮我传达一下。,気をつけて行ってきてください！,
84637,mp4000,26508,26016,26491,25956,,,unmatched,evo,不过今天我不能回大使馆了，要住在王城里，麻烦你帮我传达一下。,ジンさん、優勝おめでとうッス！,
84638,mp4000,26510,26028,26496,25968,,,unmatched,evo,明白了！,ずっと応援していたジンさんが優勝したとなるとやっぱオレも鼻が高いッスよ。,
84639,mp4000,26522,26052,26498,25980,,,unmatched,evo,请您万事小心呀！,今日はいよいよ決勝戦ッスね。,
84640,mp4000,26524,26064,26508,26016,,,unmatched,evo,阵先生，恭喜你们获胜！,皆さん頑張ってください！オレ信じてるッスから。,
84641,mp4000,26533,26088,26510,26028,,,unmatched,evo,我一直支持的阵先生获胜了，让我也感到很骄傲啊。,自分に仕事がなければジンさんと一緒に試合に出てみたかったッス。,
84642,mp4000,26535,26100,26522,26052,,,unmatched,evo,今天是决赛的日子哦。,君たちには自分の分も頑張ってほしいッス。,
84643,mp4000,26546,26136,26524,26064,,,unmatched,evo,各位请努力迎战！我相信你们一定能获胜的。,ジンさん、準決勝進出おめでとうッス。,
84644,mp4000,26548,26148,26533,26088,,,unmatched,evo,我如果不用工作的话，也想和阵先生一起去参加比赛啊。,自分も応援しているので是非とも頑張ってほしいッス！,
84645,mp4000,26557,26172,26535,26100,,,unmatched,evo,你们一定要连我的份一起加油哦。,ジンさんは分け隔てのない人で大使館の中でも人気者みたいッス。,
84646,mp4000,26559,26184,26546,26136,,,unmatched,evo,阵先生，恭喜您打进半决赛。,強いて欠点を言うなら妙齢の女性に弱いところスかね。,
84647,mp4000,26572,26322,26548,26148,,,unmatched,evo,我也在为您助威，请一定要加油！,ジンさん、今日からいよいよ本戦スね。,
84648,mp4000,26574,26334,26557,26172,,,unmatched,evo,阵先生一向一视同仁，所以在大使馆里面也很受欢迎。,オレ、試合見にいけないけどここで応援してるッスよ。,
84649,mp4000,26578,26256,26559,26184,,,unmatched,evo,如果说他有什么缺点的话，就是拿妙龄女子没办法。,ああ、これだけの助っ人が入ったからには目指すは優勝だ。,
84650,mp4000,26583,26262,26572,26322,,,unmatched,evo,阵先生，今天正赛就要开始了啊。,ああ、これだけの助っ人が入ったからには目指すは優勝だ。,
84651,mp4000,26590,26280,26574,26334,,,unmatched,evo,我虽然不能去看比赛，但也要在这里支持你们。,後悔しないようにせいぜい頑張ってくるぜ。,
84652,mp4000,26595,26286,26578,26256,,,unmatched,evo,啊啊，现在有了这几位协助我的人，目标就是冠军了。,後悔しないようにせいぜい頑張ってくるぜ。,
84653,mp4000,26608,26322,26583,26262,,,unmatched,evo,啊啊，现在有了这几位协助我的人，目标就是冠军了。,ジンさん、今日からいよいよ本戦スね。,
84654,mp4000,26610,26334,26590,26280,,,unmatched,evo,我不想让自己后悔，所以会拼命努力的。,オレ、試合見にいけないけどここで応援してるッスよ。,
84655,mp4000,26622,26358,26595,26286,,,unmatched,evo,我不想让自己后悔，所以会拼命努力的。,ジンさんなら郊外にある《エルベ周遊道》に行ってるみたいッスね。,
84656,mp4000,26624,26370,26608,26322,,,unmatched,evo,阵先生，今天正赛就要开始了啊。,でも《エルベ離宮》には近づかないほうがいいっスよ。,
84657,mp4000,26633,,26610,26334,44102,ch2220101224,exact,evo,我虽然不能去看比赛，但也要在这里支持你们。,おっと、こちらはカルバード共和国大使館ッス。,おっと、こちらはカルバード共和国大使館ッス。
84658,mp4000,26635,26406,26622,26358,,,unmatched,evo,要找阵先生的话，他好像是去郊外的《艾尔贝周游道》了。,悪いけど用事がない人を出入りさせるわけにはいかないッス。,
84659,mp4000,27667,26665,26624,26370,,,unmatched,evo,你们去的时候最好不要靠近《艾尔贝离宫》。,生誕祭かぁ……みんな、楽しそうだね。,
84660,mp4000,27676,26689,26633,26394,,,unmatched,evo,你们好，这里是卡尔瓦德共和国大使馆。,リックスはいつものんびり構えてるけどやりたいこととかないのかな……,
84661,mp4000,27685,26713,26635,26406,,,unmatched,evo,很抱歉，如果不是来办事的话，这里是禁止进入的。,リックスみたいなノンキなやつには僕の気持ちなんて分からないよ。,
84662,mp4000,27687,26725,27667,26665,,,unmatched,evo,诞生庆典啊……大家都很高兴呢。,誰か何とかしてくれないかなぁ……,
84663,mp4000,27700,26761,27676,26689,,,unmatched,evo,利库斯一直是悠然自得的样子，他就没有想做的事情吗……,……ここを通るキレイなお姉さんに思い切って告白したよ。,
84664,mp4000,27702,26773,27685,26713,,,unmatched,evo,像利库斯这种没心没肺的家伙，哪能理解我的心情。,何て言われたと思う？,
84665,mp4000,27704,26785,27687,26725,,,unmatched,evo,谁来可怜可怜我啊……,あなたのようなやらしい目をした人は嫌いって言われたんだ。,
84666,mp4000,27706,26797,27700,26761,,,unmatched,evo,……我向经常经过这里的那个漂亮姑娘告白了。,断るにしてももっと優しい言い方をする人だと思ったのに……,
84667,mp4000,27708,26809,27702,26773,,,unmatched,evo,你猜她说什么？,はあ、これで僕のやる気は打ち砕かれたよ。,
84668,mp4000,27716,26833,27704,26785,,,unmatched,evo,“我讨厌你这种　总用奇怪的眼神盯着别人看的人。”,はあ、これでまたやる気のない僕に逆戻りだよ。,
84669,mp4000,27726,26851,27706,26797,,,unmatched,evo,我本来以为她就算拒绝，也会用更温柔委婉的说法的……,あーあ、今日も何事もなく終わったなぁ。,
84670,mp4000,27728,26863,27708,26809,,,unmatched,evo,唉，这下子我的干劲全没了。,僕の人生って何なんだろ……,
84671,mp4000,27744,26899,27716,26833,,,unmatched,evo,唉，这下又回到毫无干劲的那个我了。,ここをよく通るキレイなお姉さんがいるんだ。,
84672,mp4000,27746,26911,27726,26851,,,unmatched,evo,啊～啊，今天又平平淡淡地度过了。,最近は１日に何回彼女に会えるかだけが楽しみだよ。,
84673,mp4000,27748,26923,27728,26863,,,unmatched,evo,我的人生到底算什么啊……,……よし！,
84674,mp4000,27750,26935,27744,26899,,,unmatched,evo,有个漂亮的姑娘经常会经过这里哦。,今日、これから３回彼女を見かけることが出来たら今度こそやる気を出して頑張るぞ！,
84675,mp4000,27752,26947,27746,26911,,,unmatched,evo,最近一天能见到她好几次，真是幸福啊。,むふふ、彼女がここを通るまで小説でも読んでるふりしていようっと。,
84676,mp4000,27762,26977,27748,26923,,,unmatched,evo,……好！,むふふ、さっそく彼女がここを通って行ったよ。,
84677,mp4000,27764,26989,27750,26935,,,unmatched,evo,如果今天能见到她经过这里三次的话，我一定会充满干劲的。,あと２回……,
84678,mp4000,27766,27001,27752,26947,,,unmatched,evo,嘿嘿，在她来之前，我就先装作一副读书的样子吧。,あと２回彼女を見られたら僕にもきっと生きる希望がわくよ！,
84679,mp4000,27768,27013,27762,26977,,,unmatched,evo,唔唔，她快点从这里经过吧。,でも、もうここを通らなかったらどうしよう……,
84680,mp4000,27770,27025,27764,26989,,,unmatched,evo,还有两次……,通る、通らない、通る、通らない、通る……,
84681,mp4000,27779,27049,27766,27001,,,unmatched,evo,如果再看见她两次，我就能看到活下去的希望了！,あと１回！,
84682,mp4000,27781,27061,27768,27013,,,unmatched,evo,可是，万一她要是不再从这里经过怎么办……,あと１回彼女を見られたら僕はもうやる気満々男だよ！,
84683,mp4000,27783,27073,27770,27025,,,unmatched,evo,经过、不经过、经过、不经过、经过……,そうさ、彼女は僕の女神様さ！,
84684,mp4000,27790,27091,27779,27049,,,unmatched,evo,还有一次！,やったぁぁ──っ！彼女に３回会うことができたよ！,
84685,mp4000,27792,27103,27781,27061,,,unmatched,evo,如果再看见她一次，我就会干劲十足了！,今、世界中のみんなにありがとうを言いたい気分だ。,
84686,mp4000,27794,27115,27783,27073,,,unmatched,evo,没错，她就是我的女神！,ありがとう、ありがとう！僕はここにいるよっ！,
84687,mp4000,27796,27127,27790,27091,,,unmatched,evo,太好啦──！她从这里经过三次了！,ありがとう、君たち！記念にこれをあげるよ！,
84688,mp4000,27806,27229,27792,27103,,,unmatched,evo,现在我真的想感谢世界上的每一个人。,よーし、この勢いにのって彼女に告白しちゃおうっかな。,
84689,mp4000,27820,27229,27794,27115,,,unmatched,evo,谢谢，谢谢！我就在这里哦！,よーし、この勢いにのって彼女に告白しちゃおうっかな。,
84690,mp4000,27834,27259,27796,27127,,,unmatched,evo,谢谢你们！把这个作为纪念吧！,はーっ、せっかくやる気が出て仕事探しを始めたのになぁ……,
84691,mp4000,27836,27307,27806,27229,,,unmatched,evo,好，就趁这个势头试试向她告白吧。,街はお祭り一色でどこも職探しの相談に乗ってくれないんだ。,
84692,mp4000,27838,27319,27820,27229,,,unmatched,evo,好，就趁这个势头试试向她告白吧。,僕に仕事をするなってことなんだろうか……,
84693,mp4000,27846,27307,27834,27259,,,unmatched,evo,唉，我好不容易拿出干劲开始去找工作……,街はお祭り一色でどこも職探しの相談に乗ってくれないんだ。,
84694,mp4000,27848,27319,27836,27307,,,unmatched,evo,现在街上到处都是节日的气氛，根本没有招人的意思啊。,僕に仕事をするなってことなんだろうか……,
84695,mp4000,27862,27349,27838,27319,,,unmatched,evo,难道是叫我别工作了吗……,昨日から今日にかけてだんだんとやる気が出てきたよ。,
84696,mp4000,27864,27361,27846,27307,,,unmatched,evo,现在街上到处都是节日的气氛，根本没有招人的意思啊。,今日はこれから仕事をさがしに行ってくるつもりなんだ。,
84697,mp4000,27872,27385,27848,27319,,,unmatched,evo,难道是叫我别工作了吗……,リックスは何であんなにマイペースでいられるんだろう……,
84698,mp4000,27884,27409,27862,27349,,,unmatched,evo,从昨天开始到今天，我也渐渐地有些干劲了。,今日も何もしないまま一日を終えてしまった……,
84699,mp4000,27886,27421,27864,27361,,,unmatched,evo,我打算这就去找找适合我的工作。,せめて仕事を見つければ何かが変わると思うんだけど……,
84700,mp4000,27897,27451,27872,27385,,,unmatched,evo,利库斯为什么就能那么悠闲自得地生活呢。,せっかく財布が戻ったのに、まさかスッカラカンだなんて……,
84701,mp4000,27899,27463,27884,27409,,,unmatched,evo,今天又无所事事地度过了一天……,僕の人生、いっつもこうなんだよな。,
84702,mp4000,27901,27475,27886,27421,,,unmatched,evo,至少还是得去找找工作吧，要想办法改变现状才行……,……はああああああ～……,
84703,mp4000,27910,27499,27897,27451,,,unmatched,evo,好不容易钱包找回来了，结果里面竟然空空如也……,あの財布がなきゃ、せっかくの生誕祭で屋台巡りすらできないよ。,
84704,mp4000,27912,27511,27899,27463,,,unmatched,evo,我的人生，总是这样。,遊撃士さん、どうかよろしく頼んだよ。,
84705,mp4000,27919,27529,27901,27475,,,unmatched,evo,……唉～～～,はあ、今日もまたぼんやりとしてばかり……,
84706,mp4000,27921,27541,27910,27499,,,unmatched,evo,没有那个钱包，难得的诞生庆典连逛个摊位都做不到。,このままだと僕は何もしないまま人生を終えてしまいそうだよ。,
84707,mp4000,27923,27553,27912,27511,,,unmatched,evo,游击士小姐，拜托你了。,昨日は昨日で、まさか大切なアレを失くすなんて……,
84708,mp4000,27925,27565,27919,27529,,,unmatched,evo,呼，今天又是无所事事……,あ～あ、誰でもいいから助けてくれないかなぁ。,
84709,mp4000,27937,27589,27921,27541,,,unmatched,evo,这样下去我就只有毫无作为地了却一生了。,あーあ、今日も大して何もしないうちに１日が終わっていくよ。,
84710,mp4000,27939,27601,27923,27553,,,unmatched,evo,昨天也是，竟然把那么重要的东西弄丢了……,僕ってばやる気ないなー。,
84711,mp4000,27948,27625,27925,27565,,,unmatched,evo,啊～谁来帮帮我啊。,ふう、彼女でもいれば一緒に武術大会を見に行くんだけどなー。,
84712,mp4000,27950,27637,27937,27589,,,unmatched,evo,啊～啊，今天又在无所事事中度过了一天。,ここをよく通るキレイなお姉さんがいるんだけどあの人っていいよなー。,
84713,mp4000,28598,27975,27939,27601,,,unmatched,evo,我真是一点干劲都没有啊。,やあ、賑やかだね。,
84714,mp4000,28600,27987,27948,27625,,,unmatched,evo,呼，如果我有女朋友的话，就可以一起去观看武术大会了呢。,今日は昼寝もできなさそうだし、ぶらぶらしてみようか。,
84715,mp4000,28609,28011,27950,27637,,,unmatched,evo,有个漂亮的姑娘经常会经过这里，她真的很不错呢～,やりたいことねぇ……,
84716,mp4000,28611,28023,28598,27975,,,unmatched,evo,呀，真热闹。,１度でいいからグランセル城の空中庭園で昼寝してみたいな。,
84717,mp4000,28620,28047,28600,27987,,,unmatched,evo,今天看来是睡不成午觉了，到处溜达溜达吧。,ま、今はアントンも何を言われても聞かないだろう。,
84718,mp4000,28622,28059,28609,28011,,,unmatched,evo,想做的事情吗……,悩むしかない時期もあるさ。,
84719,mp4000,28633,28089,28611,28023,,,unmatched,evo,就算一次也好，好想在格兰赛尔城的空中庭园好好睡一觉啊。,……アントンの奴を見ていると飽きないよ。,
84720,mp4000,28635,28101,28620,28047,,,unmatched,evo,唉，现在对安敦说什么，恐怕他都听不进去吧。,次は何をするんだろうな。,
84721,mp4000,28642,28119,28622,28059,,,unmatched,evo,谁都会有烦恼的时候啊。,……俺は今日ものんびり過ごせて満足だよ。,
84722,mp4000,28658,28155,28633,28089,,,unmatched,evo,……安敦那家伙怎么看都看不厌。,そういえば、今日は武術大会の決勝戦らしいね。,
84723,mp4000,28660,28167,28635,28101,,,unmatched,evo,接下来干点什么呢？,ま、俺はいつも通りここでのんびり過ごすけどね。,
84724,mp4000,28667,28185,28642,28119,,,unmatched,evo,……我今天又悠闲地度过了一天，真是满足呀。,アントンの奴も妙なことを考えつくよなぁ。,
84725,mp4000,28677,28203,28658,28155,,,unmatched,evo,说起来，今天好像是武术大会的决赛。,ある意味、アントンの奴は幸せ者だと思うよ。,
84726,mp4000,28679,28215,28660,28167,,,unmatched,evo,不过，我还是向平常一样在这里悠闲度过今天吧。,何であそこまではしゃげるのか俺には不思議で仕方ないな。,
84727,mp4000,28691,28239,28667,28185,,,unmatched,evo,安敦那家伙就光会想些莫名其妙的东西。,……アントンの悪いクセが始まったな。,
84728,mp4000,28693,28251,28677,28203,,,unmatched,evo,从某种意义上来说，安敦那家伙也挺幸福的啊。,見つけられないのは仕事じゃない。自分自身なんだ。,
84729,mp4000,28702,28275,28679,28215,,,unmatched,evo,为什么非要让自己紧张起来呢？我真是不能理解。,ふぁ～っ。,
84730,mp4000,28704,28287,28691,28239,,,unmatched,evo,……安敦的坏习惯又要开始了。,今日もいい天気だねぇ……,
84731,mp4000,28713,28311,28693,28251,,,unmatched,evo,他不是找不到工作，而是找不到人生的目标。,相棒は今日も何かと悩んでいるよ。,
84732,mp4000,28715,28323,28702,28275,,,unmatched,evo,呼啊～,仕事で与えられる目標がそのまま人生の目標になるとは限らないんだけどな。,
84733,mp4000,28726,28353,28704,28287,,,unmatched,evo,今天的天气也很好啊……,君たちもお疲れだったね。,
84734,mp4000,28728,28365,28713,28311,,,unmatched,evo,我那朋友今天又是一副在为什么而烦恼的样子。,相棒なら気にしなくていいよ。いつもこんな感じだからさ。,
84735,mp4000,28730,28377,28715,28323,,,unmatched,evo,工作上的目标不一定就是人生的目标。,そのうち立ち直ったり、立ち直らなかったりするだろ。,
84736,mp4000,28739,28401,28726,28353,,,unmatched,evo,你们也辛苦了。,街が賑やかなこんな時期にサイフを失くすなんてな。,
84737,mp4000,28741,28413,28728,28365,,,unmatched,evo,你们不用在意我老兄。他一直都是这个样子。,いかにもアントンらしいよ。,
84738,mp4000,28747,28437,28730,28377,,,unmatched,evo,过段时间他会振作起来的，或者……也可能不会。,あの、たぶん友達なのよね？何か知ってたりしない？,
84739,mp4000,28752,28443,28739,28401,,,unmatched,evo,在街上这么热闹的时候把钱包弄丢了。,あの、たぶん友達なのよね？何か知ってたりしない？,
84740,mp4000,28757,28455,28741,28413,,,unmatched,evo,真是太有安敦的风格了。,さあ、昨日も飲みには付き合ってないしな。,
84741,mp4000,28761,28473,28747,28437,,,unmatched,evo,那个，你们应该是朋友吧？你知道些什么吗？,（依頼の話にも加わらなかったし  不思議な関係だなぁ……）,
84742,mp4000,28766,28479,28752,28443,,,unmatched,evo,那个，你们应该是朋友吧？你知道些什么吗？,（依頼の話にも加わらなかったし  不思議な関係だなぁ……）,
84743,mp4000,28780,28503,28757,28455,,,unmatched,evo,不知道，昨天我也没陪他去喝酒。,アントンは何を焦っているんだろうな。,
84744,mp4000,28782,28515,28761,28473,,,unmatched,evo,（委托的事情他也没参与，  真是奇怪的关系啊……）,思っていることがあるなら行動すればいいのに。,
84745,mp4000,28794,28539,28766,28479,,,unmatched,evo,（委托的事情他也没参与，  真是奇怪的关系啊……）,さーて、混む前にメシでも食いに行くか。,
84746,mp4000,28803,28563,28780,28503,,,unmatched,evo,安敦他啊，有什么好顾虑的呢。,武術大会には興味がないなぁ。,
84747,mp4000,28805,28575,28782,28515,,,unmatched,evo,如果有了想法的话，放手去做不就行了吗。,ま、どんなイベントやってても俺はいつも通りに生活するだけさ。,
84748,mp4000,29434,28829,28794,28539,,,unmatched,evo,好吧，在人多起来之前先去吃饭吧。,女王様を幽閉した上にクローディア姫も誘拐したなんて……,
84749,mp4000,29436,28841,28803,28563,,,unmatched,evo,我对武术大会没什么兴趣。,いくら実績があってももうリシャール大佐をほめることはできないわね。,
84750,mp4000,29445,28865,28805,28575,,,unmatched,evo,算了，不管是什么样的活动，我还是会和平常一样生活的。,買い物に出てきたんだけど……何だか街の雰囲気がいつもと違うわ。,
84751,mp4000,29447,28877,29434,28829,,,unmatched,evo,竟然把女王陛下幽禁起来，还把克萝蒂雅公主拐走了……,警備の兵士も変わってるし人はいるけど妙に静かな気がするの。,
84752,mp4000,29456,28901,29436,28841,,,unmatched,evo,在这些事实面前，已经无法再称赞理查德上校之前的功绩了。,お城にはあいかわらず入れないみたいね。,
84753,mp4000,29458,28913,29445,28865,,,unmatched,evo,我出来买东西……感觉街上的气氛和平时不一样。,遠くから来た観光客の人は残念でしょうに……,
84754,mp4000,29467,28937,29447,28877,,,unmatched,evo,警备的士兵们都换了，而且虽然街上有人，但是感觉异常安静。,あら、ひょっとして優勝チームの人たち？,
84755,mp4000,29469,28949,29456,28901,,,unmatched,evo,现在似乎还是不能进王城参观。,おめでとう！いい試合だったわよ。,
84756,mp4000,29471,28961,29458,28913,,,unmatched,evo,远道而来的游客想必感到很遗憾吧……,特務部隊よりあなたたちが優勝するほうが華やかよね。,
84757,mp4000,29486,29003,29467,28937,,,unmatched,evo,哎呀，你们不就是获得优胜的选手吗？,昨日から兵士が街中にいるわね。,
84758,mp4000,29488,29015,29469,28949,,,unmatched,evo,恭喜！是场很棒的比赛呢。,親衛隊の人たちは見つかったのかしら？,
84759,mp4000,29497,29039,29471,28961,,,unmatched,evo,比起特务部队，你们取得优胜更好啊。,百貨店の前にいた男の人にジロジロ見られたわ。,
84760,mp4000,29499,,29486,29003,20973,ch0010170296,vector_single (0.99),evo,从昨天开始就有士兵在大街上晃。,気味が悪いわね……,き、気味が悪いわね……
84761,mp4000,29510,29081,29488,29015,,,unmatched,evo,难道他们已经找到了亲卫队的人吗？,また、さっきの男と目が合っちゃったのよ。,
84762,mp4000,29512,29093,29497,29039,,,unmatched,evo,在百货店前有个男人一直在盯着我看。,ちょっと怖いわね……彼のいる場所を通るのやめようかな。,
84763,mp4000,29524,29129,29499,29051,,,unmatched,evo,感觉有点恶心呢……,あそこにいる人、さっきから私のことジロジロ見るのよ。,
84764,mp4000,29526,29141,29510,29081,,,unmatched,evo,刚才又不小心看到了那个男人的目光。,怖いから通りたくないわ……,
84765,mp4000,29530,29165,29512,29093,,,unmatched,evo,感觉有点可怕……我想还是不要从那边经过了。,あら、あなたたち遊撃士なの？,
84766,mp4000,29532,29177,29524,29129,,,unmatched,evo,那边的那个人，从刚才开始就一直在盯着我看。,よかった、遊撃士さんがこの辺りにいるなら平気よね。,
84767,mp4000,29540,29231,29526,29141,,,unmatched,evo,好可怕，不想从这里经过了……,人のことジロジロといやらしい目で見て……,
84768,mp4000,29542,29243,29530,29165,,,unmatched,evo,啊，你们是游击士吗？,何のつもりなのかしら、本当に失礼しちゃうわね。,
84769,mp4000,29552,29231,29532,29177,,,unmatched,evo,太好了，有游击士在身边就感觉安全多了。,人のことジロジロといやらしい目で見て……,
84770,mp4000,29554,29243,29540,29231,,,unmatched,evo,那个人总用奇怪的眼神盯着我看……,何のつもりなのかしら、本当に失礼しちゃうわね。,
84771,mp4000,29566,29267,29542,29243,,,unmatched,evo,我不知道他想干什么，不过真是太没礼貌了。,親衛隊が城を追われるなんてねぇ……,
84772,mp4000,29568,29279,29552,29231,,,unmatched,evo,那个人总用奇怪的眼神盯着我看……,デュナン公爵が親衛隊の人気に嫉妬して命令したんじゃないかしら。,
84773,mp4000,29577,29303,29554,29243,,,unmatched,evo,我不知道他想干什么，不过真是太没礼貌了。,うーん……今日もさわやかな朝ね。,
84774,mp4000,29579,29315,29566,29267,,,unmatched,evo,亲卫队竟然被赶出王城了……,とてもいい気持ちだわ。,
84775,mp4000,29588,29339,29568,29279,,,unmatched,evo,是因为杜南公爵嫉妒亲卫队而下达了这个命令吧。,試合の結果はどうなったのかしら……,
84776,mp4000,29597,29363,29577,29303,,,unmatched,evo,啊……今天也是个清爽的早晨。,大会もいよいよ本番ね。,
84777,mp4000,29606,29387,29579,29315,,,unmatched,evo,心情真是不错啊。,うーん、街がやっぱりにぎやかになってきたわね。,
84778,mp4000,29615,29411,29588,29339,,,unmatched,evo,比赛的结果怎么样了呢……,この東街区にあるアイスクリーム屋さんはスゴク美味しいのよ。,
84779,mp4000,29962,29639,29597,29363,,,unmatched,evo,大会终于进入正式环节了。,女王様のお顔が見られて本当によかったわ。,
84780,mp4000,29971,29663,29606,29387,,,unmatched,evo,唔～街上果然变得热闹起来了。,いつもの兵士さんたちがいなくなってるの。,
84781,mp4000,29973,29675,29615,29411,,,unmatched,evo,东街区这个冰激凌店卖的冰激凌简直太好吃了。,お城のほうで何かあったのかしら……,
84782,mp4000,29982,29699,29962,29639,,,unmatched,evo,能够看到女王陛下的尊容，真是太好了。,女王様抜きの生誕祭でデュナン公爵だけ見てもねぇ……,
84783,mp4000,29984,29711,29971,29663,,,unmatched,evo,平常的那些士兵们都已经不见了。,当日までに何とかご病気が治るといいのだけど……,
84784,mp4000,29993,29735,29973,29675,,,unmatched,evo,王城那里发生什么事了吗……,決勝戦はスゴイ迫力だったわ。私も興奮しちゃったわよ。,
84785,mp4000,29995,29747,29982,29699,,,unmatched,evo,女王陛下如果不能参加诞生庆典，就只能看见杜南公爵那家伙了……,さて、帰ってごはんを作らなくちゃね。,
84786,mp4000,30004,29771,29984,29711,,,unmatched,evo,在庆典开始之前病情一定要好转起来啊……,昨日、大聖堂で見かけたことのないシスターがいたわ。,
84787,mp4000,30006,29783,29993,29735,,,unmatched,evo,决赛好有魄力呀，连我也很兴奋呢。,新しい方かしら……,
84788,mp4000,30015,29807,29995,29747,,,unmatched,evo,那么，是时候回家做晚饭了。,さてと、エーデル百貨店で買い物して帰ろうかしら……,
84789,mp4000,30024,29831,30004,29771,,,unmatched,evo,昨天，我在大教堂见到一位以前从没见过的修女。,午後からまた試合があるから今のうちに用事を済ませちゃいましょう。,
84790,mp4000,30033,29855,30006,29783,,,unmatched,evo,她好像是新来的呢……,はーっ、武術大会の試合を見るとスカッとするわ。,
84791,mp4000,30042,29879,30015,29807,,,unmatched,evo,对了，在艾德尔百货店买了东西再回去吧……,今日の試合も待ち遠しいわ。,
84792,mp4000,30044,29891,30024,29831,,,unmatched,evo,因为下午还有比赛，趁现在把事情全部办完吧。,早く始まらないかしらね。,
84793,mp4000,30053,29915,30033,29855,,,unmatched,evo,呼～武术大会的比赛我看了，真精彩啊。,ふふ、予選でも見ごたえの十分ある試合がたくさんあったわね。,
84794,mp4000,30062,29939,30042,29879,,,unmatched,evo,今天的比赛我等不及了呢。,武術大会といったら市民みんなが毎年楽しみにしている行事だよ。,
84795,mp4000,30525,30140,30044,29891,,,unmatched,evo,快点开始吧。,私は信じていましたよ。親衛隊が陛下を裏切るわけないと。,
84796,mp4000,30527,30104,30053,29915,,,unmatched,evo,呵呵，虽说是预赛，但值得一看的比赛也有不少呢。,それにしてもリシャール大佐がクーデターとは……,
84797,mp4000,30529,30116,30062,29939,,,unmatched,evo,这个武术大会啊，是王都市民每年的一项重要娱乐活动哦。,人とは分からないものですなぁ。,
84798,mp4000,30537,30140,30525,30140,,,unmatched,evo,我一直坚信亲卫队是不会背叛陛下的。,私は信じていましたよ。親衛隊が陛下を裏切るわけないと。,
84799,mp4000,30549,30164,30527,30104,,,unmatched,evo,说起来，发动政变的居然是理查德上校……,王都守備隊が何やらあわただしく引き上げてしまいました。,
84800,mp4000,30551,30176,30529,30116,,,unmatched,evo,人心着实无法理解啊。,……不吉な予感がしますな。,
84801,mp4000,30560,30200,30537,30140,,,unmatched,evo,我一直坚信亲卫队是不会背叛陛下的。,生誕祭まであと数日と言うのに城からは何の布告もありません。,
84802,mp4000,30562,30212,30549,30164,,,unmatched,evo,王都守卫队怎么都匆匆忙忙撤离了。,よっぽど親衛隊の捜索に忙しいのでしょうか……,
84803,mp4000,30571,30236,30551,30176,,,unmatched,evo,……有种不祥的预感。,リシャール大佐とユリア中尉が協力しあえば、王国も安泰だと思ってたんですが……,
84804,mp4000,30573,30248,30560,30200,,,unmatched,evo,距离诞生庆典只有几天了，但是王城内却没有发布任何公告。,まさか、このような形になるとは……,
84805,mp4000,30582,,30562,30212,50353,ch4190111161,vector_search (0.88),evo,大概都忙着搜捕亲卫队去了吧……,あの特務部隊とかいう連中はリシャール大佐の部下とはいえ、どうも好きになれませんなあ。,あの特務部隊の連中はいまいち好きになれなくてね。
84806,mp4000,30584,30284,30571,30236,,,unmatched,evo,理查德上校和尤莉亚中尉要是能携手合作，我想利贝尔一定会国泰民安的……,ああいう組織がリベールの王国軍にもできるとは……,
84807,mp4000,30593,30308,30573,30248,,,unmatched,evo,没想到却变成了这个样子……,そういえばユリア中尉は熱心に七耀教会へ通っていましたな。,
84808,mp4000,30595,30320,30582,30272,,,unmatched,evo,虽说那些特务部队的人是理查德上校的部下，不过却不招人喜欢啊。,ミサの時に何度か姿を見たことがあります。,
84809,mp4000,30604,30344,30584,30284,,,unmatched,evo,没想到王国军里竟然会有这样的一个组织。,以前はこのあたりでユリア中尉が市内を見まわる姿をよく目にしたものです。,
84810,mp4000,30606,30356,30593,30308,,,unmatched,evo,说起来尤莉亚中尉相当热衷于去教会呢。,わしの腰痛まで気づかってくれる心優しい方でした。,
84811,mp4000,30615,30380,30595,30320,,,unmatched,evo,做弥撒的时候看见过她好多次。,《アルセイユ》は空港で軍が取り押さえているようですな。,
84812,mp4000,30617,30392,30604,30344,,,unmatched,evo,以前在这一带常常可以看见尤莉亚中尉巡查市区的身影。,それにも関わらず親衛隊がツァイスに現れたり、王都を襲ったりできるものでしょうか……,
84813,mp4000,30626,30416,30606,30356,,,unmatched,evo,她是一位相当体贴的人呢。还曾经关心过我的腰疼。,親衛隊は市民には大変な人気でしてな。,
84814,mp4000,30628,30428,30615,30380,,,unmatched,evo,《埃尔赛尤号》在空港被军队扣押住了。,毎年、武術大会にも出場して生誕祭を盛り上げていたのですが……,
84815,mp4000,30637,30452,30617,30392,,,unmatched,evo,既然如此，亲卫队还能够在蔡斯出现，并且进攻王都吗……,それにしても、あの親衛隊が女王様の生誕祭を妨害とは信じられませんな。,
84816,mp4000,30639,30464,30626,30416,,,unmatched,evo,在市民心中，亲卫队的人气是非常高的。,たとえ叛意ありとしてもあの正々堂々とした彼らがそんな姑息な手段を取るでしょうか。,
84817,mp4000,30648,,30628,30428,,,conflict,evo,而且每年都会在武术大会中出场，让诞生庆典的气氛高涨起来……,やあ、こんにちは。,
84818,mp4000,30650,30500,30637,30452,,,unmatched,evo,不管怎样，对于亲卫队会来阻碍女王诞生庆典的说法，我还是不敢相信。,武術大会の観戦ですかな？,
84819,mp4000,31275,30680,30639,30464,,,unmatched,evo,就算他们有反叛的意图，也会堂堂正正地进行战斗，而不是采用这种低劣的手段。,はい、チョコレートミントのダブルですね！,
84820,mp4000,31277,,30648,30488,33420,ch0020071450,normalized,evo,啊，你们好。,ありがとうございます！,ありがとうございます。
84821,mp4000,31285,30716,30650,30500,,,unmatched,evo,是去观看武术大会的吗？,さ、さすがに今日はいつもより忙しいですね。,
84822,mp4000,31297,30740,31275,30680,,,unmatched,evo,请拿好，这是双球的薄荷巧克力冰激凌哦！,何だか兵士さんたちが忙しそうですね。,
84823,mp4000,31299,30752,31277,30692,,,unmatched,evo,谢谢惠顾！,何かあったのかしら……,
84824,mp4000,31308,30776,31285,30716,,,unmatched,evo,今、今天的确要比以往任何时候都要忙啊。,そういえば、親衛隊の人たちってどうなっちゃったのかしら……,
84825,mp4000,31310,30788,31297,30740,,,unmatched,evo,士兵们好像都很忙的样子。,何か続報を知りませんか？,
84826,mp4000,31321,30818,31299,30752,,,unmatched,evo,发生什么事了吗……,いらっしゃいませー！本日限定のアイスセットはいかがですかー？,
84827,mp4000,31323,30830,31308,30776,,,unmatched,evo,说起来，亲卫队的那些人怎么样了呢……,チョコレート、ストロベリー、ミント、レモンのセットです。,
84828,mp4000,31325,30878,31310,30788,,,unmatched,evo,你知道什么后续消息吗？,それぞれ、優勝チームのジン選手、エステル選手、ヨシュア選手、オリビエ選手をイメージしていまーす。,
84829,mp4000,31333,30866,31321,30818,,,unmatched,evo,欢迎光临～！本日特售的冰激凌客人要来一份吗～？,本日の限定品はチョコレート、ストロベリー、ミント、レモンのセットです。,
84830,mp4000,31335,30878,31323,30830,,,unmatched,evo,巧克力味、草莓味、薄荷味、柠檬味都有哦。,それぞれ、優勝チームのジン選手、エステル選手、ヨシュア選手、オリビエ選手をイメージしていまーす。,
84831,mp4000,31347,30902,31325,30878,,,unmatched,evo,分别代表着优胜组的阵选手、艾丝蒂尔选手、约书亚选手和奥利维尔选手的形象哦。,さー、いらっしゃいませー！,
84832,mp4000,31349,30914,31333,30866,,,unmatched,evo,本日特售的冰激凌有巧克力味、草莓味、薄荷味、柠檬味这几种哦。,今日は大会が終わった後に本日限定のアイスセットを売り出す予定です。,
84833,mp4000,31351,30926,31335,30878,,,unmatched,evo,分别代表着优胜组的阵选手、艾丝蒂尔选手、约书亚选手和奥利维尔选手的形象哦。,楽しみにしてて下さいね。,
84834,mp4000,31360,,31347,31238,49613,ch0080111471,vector_single (0.99),evo,欢迎光临！,明日はいよいよ決勝戦ですね。,明日はいよいよ決勝戦だな。
84835,mp4000,31362,30962,31349,30914,,,unmatched,evo,今天大会结束后会推出今日限定的冰激淋套餐。,実は明日限定のアイスセットを企画しているんですよ。,
84836,mp4000,31373,31238,31351,30926,,,unmatched,evo,一定要过来尝尝哦。,いらっしゃいませ！,
84837,mp4000,31375,31040,31360,30950,,,unmatched,evo,明天终于到决赛了。,武術大会から生誕祭の期間は特別割引価格でご奉仕します。,
84838,mp4000,31377,31052,31362,30962,,,unmatched,evo,其实我正在策划明天限定的冰激淋套餐呢。,ぜひ、ご利用ください！,
84839,mp4000,31385,31040,31373,31238,,,unmatched,evo,欢迎光临！,武術大会から生誕祭の期間は特別割引価格でご奉仕します。,
84840,mp4000,31387,31052,31375,31040,,,unmatched,evo,从武术大会到诞生庆典这段时间，将用特别优惠的价格回报大家。,ぜひ、ご利用ください！,
84841,mp4000,31401,31238,31377,31052,,,unmatched,evo,请抓住机会哦！,いらっしゃいませ！,
84842,mp4000,31403,31130,31385,31040,,,unmatched,evo,从武术大会到诞生庆典这段时间，将用特别优惠的价格回报大家。,うちのアイスは種類は多くありませんけど一品ずつこだわって作ってます。,
84843,mp4000,31405,31142,31387,31052,,,unmatched,evo,请抓住机会哦！,ぜひ食べていってくださいね。,
84844,mp4000,31413,31130,31401,31238,,,unmatched,evo,欢迎光临！,うちのアイスは種類は多くありませんけど一品ずつこだわって作ってます。,
84845,mp4000,31415,31142,31403,31130,,,unmatched,evo,本店的冰激凌虽然种类不多，但每种都是经过精心制作的。,ぜひ食べていってくださいね。,
84846,mp4000,31427,31166,31405,31142,,,unmatched,evo,一定要品尝一下哦。,うちは王室御用達なんて騒がれてますけど、あくまでもウワサですよ。,
84847,mp4000,31429,31178,31413,31130,,,unmatched,evo,本店的冰激凌虽然种类不多，但每种都是经过精心制作的。,ふふ、クローディア様が本当にお忍びで街へ来ているなら一度くらい食べて頂いてるかもしれませんけど。,
84848,mp4000,31438,31202,31415,31142,,,unmatched,evo,一定要品尝一下哦。,大会の応援、お疲れ様です！,
84849,mp4000,31440,31214,31427,31166,,,unmatched,evo,大家都说我的店子是王室御用的，其实只是传言而已啦。,冷たいアイスで疲れた喉をうるおしていきませんか？,
84850,mp4000,31449,31238,31429,31178,,,unmatched,evo,呵呵，克萝蒂雅公主如果偷溜出城到街上来玩，说不定真的会光临我这里一次呢。,いらっしゃいませ！,
84851,mp4000,31451,31250,31438,31202,,,unmatched,evo,在大会上助威呐喊辛苦了吧！,冷たくて美味しいアイスクリームはいかがですか？,
84852,mp4000,32076,31481,31440,31214,,,unmatched,evo,用凉爽的冰激凌来滋润一下干燥的喉咙怎么样？,次の《セシリア号》に乗務員として乗らないといけないんです。,
84853,mp4000,32078,31493,31449,31238,,,unmatched,evo,欢迎光临！,でも、お休みのおかげで子供とたくさん遊べたし素敵な友達もできました。,
84854,mp4000,32080,31505,31451,31250,,,unmatched,evo,来点凉爽美味的冰激凌如何？,これまでは仕事が忙しいのを言い訳にしていましたけどもっと頑張らなきゃ。,
84855,mp4000,32088,31529,32076,31481,,,unmatched,evo,下次我要作为《赛希莉亚号》的乘务员出航。,お休みのおかげで子供とたくさん遊べたし素敵な友達もできました。,
84856,mp4000,32090,31541,32078,31493,,,unmatched,evo,不过托这次庆典的福，和孩子一起好好的玩耍了一番，也交到了很好的朋友。,これまでは仕事が忙しいのを言い訳にしてきましたけどもっと頑張らなきゃ。,
84857,mp4000,32102,31565,32080,31541,,,unmatched,evo,以前总找借口说自己忙，以后我得多花点时间在孩子上。,ええ、今日から出勤するはずだったんですが発着場が封鎖されてしまって……,
84858,mp4000,32104,31577,32088,31529,,,unmatched,evo,托这次庆典的福，和孩子一起好好的玩耍了一番，也交到了很好的朋友。,逃げているテロリストを取り締まるためみたいですけど何だか色々と物騒ですね。,
84859,mp4000,32113,31601,32090,31541,,,unmatched,evo,以前总找借口说自己忙，以后我得多花点时间在孩子上。,カーラさんのお子さんを見ていると女の子もいいなって思っちゃいますね。,
84860,mp4000,32124,31631,32102,31565,,,unmatched,evo,唉，今天开始本来可以去上班的，但起降坪却又被封锁了……,互いの子供たちが仲良くなると親の方ともついついお話しちゃうんですよね。,
84861,mp4000,32126,31679,32104,31577,,,unmatched,evo,虽说是为了逮捕在逃中的恐怖分子，但总觉得不太平啊。,こちらの奥さんは旦那さんと宿屋をやっているそうです。,
84862,mp4000,32128,31691,32113,31601,,,unmatched,evo,见到卡拉的孩子，就会觉得有个女儿也不错呢。,聞いていると色々と大変そうですね……,
84863,mp4000,32136,31679,32124,31631,,,unmatched,evo,我们儿女关系很好，家长谈起话来也会很投缘呢。,こちらの奥さんは旦那さんと宿屋をやっているそうです。,
84864,mp4000,32138,31691,32126,31679,,,unmatched,evo,这位夫人和她丈夫一起经营一家旅馆。,聞いていると色々と大変そうですね……,
84865,mp4000,32150,31715,32128,31691,,,unmatched,evo,听起来就觉得很辛苦……,ここのアイスクリームはグランセル市内でもすごく評判がいいんです。,
84866,mp4000,32152,31727,32136,31679,,,unmatched,evo,这位夫人和她丈夫一起经营一家旅馆。,何でもクローディア姫がお忍びで買いに来て以来王室御用達ってウワサですよ。,
84867,mp4000,32161,31751,32138,31691,,,unmatched,evo,听起来就觉得很辛苦……,家に帰るまでちょっとこの公園で休憩しているんです。,
84868,mp4000,32163,31763,32150,31715,,,unmatched,evo,这个冰激凌店卖的冰激凌真的很不错哦，在王都也受到一致的好评。,久しぶりに子供の相手したら疲れてしまって。,
84869,mp4000,32172,31787,32152,31727,,,unmatched,evo,据说克萝蒂雅公主也微服来这里光顾过，所以这里还被称为王室御用的店铺。,子供はずいぶんと武術大会を気に入ったみたいです。,
84870,mp4000,32174,31799,32161,31751,,,unmatched,evo,回家之前在这个公园里面稍微休息一下吧。,やっぱり男の子ね。,
84871,mp4000,32185,31877,32163,31763,,,unmatched,evo,好久没带小孩一起出来玩了，好累啊。,武術大会に私たちをさらった空賊たちが出ているなんて……,
84872,mp4000,32187,31841,32172,31787,,,unmatched,evo,我家孩子似乎相当喜欢武术大会呢。,デュナン公爵様は一体何を考えているのかしら。,
84873,mp4000,32189,31889,32174,31799,,,unmatched,evo,毕竟是男孩子啊。,余興としては面白いかもしれませんが、私はやっぱり複雑です。,
84874,mp4000,32197,31877,32185,31877,,,unmatched,evo,在武术大会上，绑架了我们的空贼竟然也出场了……,武術大会に私たちをさらった空賊たちが出ているなんて……,
84875,mp4000,32199,31889,32187,31841,,,unmatched,evo,杜南公爵到底在想什么呢。,余興としては面白いかもしれませんが、私はやっぱり複雑です。,
84876,mp4000,32211,31913,32189,31889,,,unmatched,evo,作为余兴节目，也许会觉得很有趣，但对我们来说心情真是复杂啊。,子供があまりにせがむので今日は大会を見に行くつもりです。,
84877,mp4000,32213,31925,32197,31877,,,unmatched,evo,在武术大会上，绑架了我们的空贼竟然也出场了……,うーん、これって甘やかしていることになっちゃうんでしょうか……,
84878,mp4000,32224,32003,32199,31889,,,unmatched,evo,作为余兴节目，也许会觉得很有趣，但对我们来说心情真是复杂啊。,武術大会の時期は各地から観戦に来る人が多いので飛行客船も大変混み合うんです。,
84879,mp4000,32226,31967,32211,31913,,,unmatched,evo,孩子总是催我，所以今天打算带他去看武术大会。,こんな時期に休ませてもらってちょっと気が引けますね。,
84880,mp4000,32228,32015,32213,31925,,,unmatched,evo,唔～这样下去会不会变得过于溺爱孩子了？,公社のほうは大丈夫かしら……,
84881,mp4000,32236,32003,32224,32003,,,unmatched,evo,武术大会期间从各地前来观战的人很多，定期船也应该是非常拥挤。,武術大会の時期は各地から観戦に来る人が多いので飛行客船も大変混み合うんです。,
84882,mp4000,32238,32015,32226,31967,,,unmatched,evo,在这种时期休假，感觉有些过意不去呢。,公社のほうは大丈夫かしら……,
84883,mp4000,32250,32039,32228,32015,,,unmatched,evo,公社那边真的没问题吗……,ボースの空賊事件でずっと砦に監禁されていたので公社が休みをくれたんです。,
84884,mp4000,32252,32051,32236,32003,,,unmatched,evo,武术大会期间从各地前来观战的人很多，定期船也应该是非常拥挤。,久々に子供の相手ができて嬉しいわ。,
84885,mp4000,32611,32276,32238,32015,,,unmatched,evo,公社那边真的没问题吗……,やっぱりここのアイスはおいしいな。,
84886,mp4000,32613,32288,32250,32039,,,unmatched,evo,因为我在柏斯的空贼事件里一直被囚禁在空贼基地，所以公司现在让我休假。,ボクはチョコミントが好きなんだー。,
84887,mp4000,32622,32312,32252,32051,,,unmatched,evo,这样就能够长时间和孩子在一起了，真是开心。,ママたち、いつまで話してるんだろうな。,
84888,mp4000,32631,32336,32611,32276,,,unmatched,evo,果然还是这里的冰激凌好吃呀。,いいなー、ボクルシアちゃんの家に行ってみたいよ。,
84889,mp4000,32640,32360,32613,32288,,,unmatched,evo,我很喜欢吃薄荷巧克力味的～,えっへん、ボクはお城に入ったことあるよ。,
84890,mp4000,32649,32384,32622,32312,,,unmatched,evo,妈妈她们总是在那里说个不停。,うー、アイスいいなー。,
84891,mp4000,32651,32396,32631,32336,,,unmatched,evo,好棒啊，我好想去卢希娅的家里玩哦。,あそこのアイスはすっごくおいしいんだよ。,
84892,mp4000,32660,32420,32640,32360,,,unmatched,evo,嘿嘿，我也进过王城的哦。,ママはすぐ疲れちゃうんだ。,
84893,mp4000,32662,32432,32649,32384,,,unmatched,evo,唔～冰激凌真不错。,だらしないよなぁ。,
84894,mp4000,32671,32456,32651,32396,,,unmatched,evo,那家店的冰激凌非常好吃哦。,今日も試合見にいきたいなー。,
84895,mp4000,32680,32480,32660,32420,,,unmatched,evo,妈妈很快就累了。,大会、すっごい迫力だったよ！,
84896,mp4000,32682,32492,32662,32432,,,unmatched,evo,好没劲啊。,ボクなんてびっくりして飛びあがっちゃったんだー。,
84897,mp4000,32691,32516,32671,32456,,,unmatched,evo,今天也想去看比赛呢～,えへへ、今日は大会を見にいくんだ。,
84898,mp4000,32693,32528,32680,32480,,,unmatched,evo,武术大会，实在太有气魄了！,うらやましいでしょ？,
84899,mp4000,32702,32552,32682,32492,,,unmatched,evo,我简直都激动得要飞上天了～,ママはいつも飛行船にのってるんだよ。,
84900,mp4000,32704,32564,32691,32516,,,unmatched,evo,嘿嘿，今天我要去看武术大会了。,ボクも大人になったら飛行船のおしごとがしたいな。,
84901,mp4000,32713,32588,32693,32528,,,unmatched,evo,你们是不是很羡慕啊？,わーい、今日はママがあそんでくれるの。,
84902,mp4000,33072,32737,32702,32552,,,unmatched,evo,妈妈总是可以乘坐飞行船。,クローディア姫さまキレイだったねー！,
84903,mp4000,33074,32749,32704,32564,,,unmatched,evo,等我长大了，也想在飞行船上工作。,やっぱり憧れちゃうなぁ。,
84904,mp4000,33083,32773,32713,32588,,,unmatched,evo,哇～今天能和妈妈一起玩呢。,黒い兵士さんたちをやたらとよく見るんだよね。,
84905,mp4000,33085,32785,33072,32737,,,unmatched,evo,克萝蒂雅公主真是好漂亮啊～！,何かの訓練かなぁ？,
84906,mp4000,33094,32809,33074,32749,,,unmatched,evo,让人无比向往啊。,やっほー！武術大会が終わったから次はいよいよ生誕祭だね！,
84907,mp4000,33096,32821,33083,32773,,,unmatched,evo,大街上随处可见那些黑衣的士兵。,よーし、精一杯楽しむぞー！,
84908,mp4000,33105,32845,33085,32785,,,unmatched,evo,是在训练吗？,あーっ、もう燃え尽きるほど応援したわ！,
84909,mp4000,33107,32857,33094,32809,,,unmatched,evo,呀嗬～！武术大会结束之后，接下来就是诞生庆典了哦！,やっぱり武術大会って燃えるわ。来年もゼッタイ応援にくるんだから。,
84910,mp4000,33116,32881,33096,32821,,,unmatched,evo,好～的，尽情地狂欢吧！,やっほー！いよいよ決勝戦ね！,
84911,mp4000,33118,32893,33105,32845,,,unmatched,evo,啊～我已经拼尽全力加油了！,どっちが勝つのか楽しみだね。,
84912,mp4000,33127,32917,33107,32857,,,unmatched,evo,武术大会果然很棒，明年我一定还来现场看。,うっはー、決勝戦の組み合わせはお互いにダークホースね。,
84913,mp4000,33129,32929,33116,32881,,,unmatched,evo,呀嗬～！决赛终于开始了。,全く予想ができなかったわ。,
84914,mp4000,33138,32953,33118,32893,,,unmatched,evo,究竟哪个小组会获得冠军呢。,うふふ、今日も見逃せない試合ばかりだね。,
84915,mp4000,33147,32977,33127,32917,,,unmatched,evo,哇～啊，决赛的双方都是黑马呢。,はーっ、どれもなかなか見所のある試合ばかりだったわ。,
84916,mp4000,33156,33001,33129,32929,,,unmatched,evo,完全没有预料到。,やっほー！今日も気合い入れて応援するよ。,
84917,mp4000,33165,33025,33138,32953,,,unmatched,evo,呵呵，今天的比赛也是一场都不能错过呢。,うーん、やっぱり予選の戦いぶりを見ると本命は遊撃士チームかなぁ。,
84918,mp4000,33174,33049,33147,32977,,,unmatched,evo,呼～不管哪场比赛都有精彩的看点。,やっほー！今年は誰を応援しようかな。,
84919,mp4000,33833,33204,33156,33001,,,unmatched,evo,呀嗬～！今天也要鼓足干劲支持他们。,ふぁ～っ……,
84920,mp4000,33835,33216,33165,33025,,,unmatched,evo,唔～从预赛的情况来看，今年就支持游击士小组吧。,西街区のコーヒーハウスで眠気覚ましにきついのを１つお願いするか……,
84921,mp4000,33837,33228,33174,33049,,,unmatched,evo,呀嗬～！今年支持谁好呢？,兵隊たちも朝早くからご苦労だね。,
84922,mp4000,33848,33258,33833,33204,,,unmatched,evo,呼～啊……,ふーっ、決勝は盛り上がったな。何だかんだで昨日はよく飲んだぜ。,
84923,mp4000,33850,33270,33835,33216,,,unmatched,evo,要不要去西街区的咖啡厅喝杯咖啡解解困呢……,朝までぐっすりと眠っちまったよ。,
84924,mp4000,33852,33318,33837,33228,,,unmatched,evo,士兵们从早忙到晚，真是辛苦了。,それはそうと街の警備が厳しくなってないか？,
84925,mp4000,33854,33330,33848,33258,,,unmatched,evo,呼～决赛那天好热闹啊。昨天不知不觉就喝多了。,ブラブラしているだけなのに兵士に次々と尋問されるんだよ。,
84926,mp4000,33862,33318,33850,33270,,,unmatched,evo,一觉睡到大天亮。,それはそうと街の警備が厳しくなってないか？,
84927,mp4000,33864,33330,33852,33318,,,unmatched,evo,街上的警戒怎么变得这么严了？,ブラブラしているだけなのに兵士に次々と尋問されるんだよ。,
84928,mp4000,33884,33366,33854,33330,,,unmatched,evo,不过是闲逛了一会儿，就被士兵盘问了好几次。,さーて……どっちを応援するかねぇ。,
84929,mp4000,33886,33378,33862,33318,,,unmatched,evo,街上的警戒怎么变得这么严了？,今年は俺っちが応援するほうが負けるんだよな。,
84930,mp4000,33888,33390,33864,33330,,,unmatched,evo,不过是闲逛了一会儿，就被士兵盘问了好几次。,……ってことは勝って欲しいチームは応援しないほうがいいのか？,
84931,mp4000,33890,33402,33884,33366,,,unmatched,evo,那～么……支持哪一组好呢。,何だかややこしいな。,
84932,mp4000,33898,33426,33886,33378,,,unmatched,evo,我之前支持的小组在今年的比赛里都输掉了。,よし、決めたぜ……,
84933,mp4000,33900,33438,33888,33390,,,unmatched,evo,……是不是还是不要支持我希望胜利的小组会好一些呢？,共和国のジンとかいうのを応援してやるぜ！,
84934,mp4000,33902,33450,33890,33402,,,unmatched,evo,总觉得很矛盾啊。,いやいや、やっぱり特務部隊のほうが名前が強そうだな……,
84935,mp4000,33904,33462,33898,33426,,,unmatched,evo,好，我决定了……,……ってことはやっぱり遊撃士チームを応援すればいいのか？,
84936,mp4000,33918,33552,33900,33438,,,unmatched,evo,就给共和国的阵选手加油吧！,はぁ～っ、また俺っちの応援するチームが負けちまったかぁ。,
84937,mp4000,33920,33564,33902,33450,,,unmatched,evo,不行不行，还是觉得特务部队从名字上听起来更强……,俺っちは何かにとりつかれているのかなぁ……,
84938,mp4000,33922,33516,33904,33462,,,unmatched,evo,……也就是说，果然还是要反过来支持游击士小组了？,……それはそうと街の中にやたらと兵士が増えてるみたいだぜ。,
84939,mp4000,33924,,33918,33552,,,conflict,evo,啊～我支持的小组又输了吗？,何かあったのか？,
84940,mp4000,33932,33552,33920,33564,,,unmatched,evo,我难道被什么东西附体了吗……,はぁ～っ、また俺っちの応援するチームが負けちまったかぁ。,
84941,mp4000,33934,33564,33922,33516,,,unmatched,evo,……说起来，街上的士兵一直在增加呢。,俺っちは何かにとりつかれているのかなぁ……,
84942,mp4000,33948,33642,33924,33528,,,unmatched,evo,发生什么事了？,今日は遊撃士のグランセル支部チームを応援するぜ。,
84943,mp4000,33950,33606,33932,33552,,,unmatched,evo,啊～我支持的小组又输了吗？,昨日、おとといと俺っちの応援するチームはことごとく負けてるからなぁ。,
84944,mp4000,33952,33618,33934,33564,,,unmatched,evo,我难道被什么东西附体了吗……,今日こそ勝ってほしいもんだ。,
84945,mp4000,33960,33642,33948,33642,,,unmatched,evo,今天我要为游击士的格兰赛尔分部小组加油。,今日は遊撃士のグランセル支部チームを応援するぜ。,
84946,mp4000,33972,33666,33950,33606,,,unmatched,evo,昨天还有前天，我支持的小组都悉数败下阵来。,はーっ、レイヴンも負けちまったか……,
84947,mp4000,33974,33678,33952,33618,,,unmatched,evo,希望他们今天能取得胜利。,何だか俺っちが応援するチームが片っ端から負けていくよ。,
84948,mp4000,33985,33708,33960,33642,,,unmatched,evo,今天我要为游击士的格兰赛尔分部小组加油。,こう見えて俺っちも昔はワルぶっていた時期があったよ。,
84949,mp4000,33987,33720,33972,33666,,,unmatched,evo,呜～渡鸦帮也输掉了……,親近感もあるからレイヴンとかいう無名のチームを応援してみるか。,
84950,mp4000,33995,33744,33974,33678,,,unmatched,evo,为什么我支持过的小组都一一败下阵来了呢。,やっぱ、応援するチームを決めておくと観戦するのも格段に面白いね。,
84951,mp4000,34007,33768,33985,33708,,,unmatched,evo,这场比赛让我想起了以前我也有一段叛逆的时候啊。,オレの応援していた国境師団が負けちまったんだ。,
84952,mp4000,34009,33780,33987,33720,,,unmatched,evo,因为觉得很有亲切感，所以我支持那个叫做“渡鸦帮”的小组。,まさか、モルガン将軍が今年は参加していないとはな……,
84953,mp4000,34018,33804,33995,33744,,,unmatched,evo,观战的时候就是要先选好自己支持哪一方才会更有意思。,やっぱ、今年も国境師団が優勝だろ！,
84954,mp4000,34443,34042,34007,33768,,,unmatched,evo,我支持的国境师团输了。,武術大会で活躍した遊撃士たちがクーデターを阻止したんだってね。,
84955,mp4000,34445,34054,34009,33780,,,unmatched,evo,没想到摩尔根将军今年没有参加……,はーっ、かっこいいなぁ。,
84956,mp4000,34460,34084,34018,33804,,,unmatched,evo,果然，今年国境师团也会夺冠吧！,やれやれ、昨日は飲みすぎちゃったよ。,
84957,mp4000,34462,34096,34443,34042,,,unmatched,evo,在武术大会里大显身手的游击士成功阻止了这次政变。,誰と飲んだのかもよく覚えていないんだ。,
84958,mp4000,34464,34108,34445,34054,,,unmatched,evo,哈～真是太棒了。,あー、頭がズキズキする……,
84959,mp4000,34479,34138,34460,34084,,,unmatched,evo,哎呀哎呀，昨天喝过头了呢。,今日はいつもより早く来たのにもう人がたくさんいるなぁ。,
84960,mp4000,34481,34150,34462,34096,,,unmatched,evo,连是和谁喝的酒都记不清了。,さすが決勝戦だね。,
84961,mp4000,34492,34240,34464,34108,,,unmatched,evo,啊～头疼得好厉害……,空賊たちを応援する人はあまりいないみたいだったよ。,
84962,mp4000,34494,34192,34479,34138,,,unmatched,evo,虽然今天来得比往常要早，不过已经有这么多人了呢。,負けた時も一斉に歓声があがったからね……,
84963,mp4000,34496,34252,34481,34150,,,unmatched,evo,不愧是决赛啊。,でも、この大会で彼らの戦いは正々堂々としていたし素晴らしかったと思うんだ。,
84964,mp4000,34498,34216,34492,34240,,,unmatched,evo,支持空贼组的人好像没有几个呢。,これからはまっとうに生きてほしいなぁ。,
84965,mp4000,34506,34240,34494,34192,,,unmatched,evo,他们输的时候大家还一同欢呼……,空賊たちを応援する人はあまりいないみたいだったよ。,
84966,mp4000,34508,34252,34496,34252,,,unmatched,evo,但是，我觉得他们能在这次大会上堂堂正正地战斗，非常了不起呢。,でも、この大会で彼らの戦いは正々堂々としていたし素晴らしかったと思うんだ。,
84967,mp4000,34520,34276,34498,34216,,,unmatched,evo,以后希望他们也能这样正大光明地生活啊。,今日はいよいよ決勝の組み合わせが決まる日だね。,
84968,mp4000,34522,34288,34506,34240,,,unmatched,evo,支持空贼组的人好像没有几个呢。,どのチームが勝ち抜くのかなぁ……,
84969,mp4000,34531,34312,34508,34252,,,unmatched,evo,但是，我觉得他们能在这次大会上堂堂正正地战斗，非常了不起呢。,く、空賊が王国軍に勝っちゃうと何となく不安になるよなぁ……,
84970,mp4000,34533,34324,34520,34276,,,unmatched,evo,今天终于到了决赛分组的日子了。,王国軍の選手にはもうちょっと頑張ってほしかったなぁ。,
84971,mp4000,34542,34348,34522,34288,,,unmatched,evo,究竟哪一组会取得最终的胜利呢……,早く始まらないかなぁ。,
84972,mp4000,34544,34360,34531,34312,,,unmatched,evo,空、空贼战胜了王国军，总感觉不太妙啊……,やっぱり本戦ともなるとワクワクするよ。,
84973,mp4000,34553,34384,34533,34324,,,unmatched,evo,王国军的选手们也要加把劲才行啊。,まさか今年から団体戦なんてなぁ……,
84974,mp4000,34555,34396,34542,34348,,,unmatched,evo,快点开始吧。,俺は個人戦のほうがじっくり楽しめてよかったんだけど。,
84975,mp4000,34564,34420,34544,34360,,,unmatched,evo,正赛真是让人异常激动啊。,何でも今年はいつもと対戦のルールが変わったらしいよ。,
84976,mp4000,34911,34588,34553,34384,,,unmatched,evo,没想到从今年开始就变成团体战了……,王室御用達ってマジなのかな？,
84977,mp4000,34938,34630,34555,34396,,,unmatched,evo,我对个人战的方式更要感兴趣一些。,どっちのチームか色々考えたんだけどー……,
84978,mp4000,34942,34654,34564,34420,,,unmatched,evo,为何今年与往常不同呢，对战的规则似乎改变了不少。,やっぱ、だんぜんヨシュア君だけを応援するわ！,
84979,mp4000,34953,34684,34911,34588,,,unmatched,evo,真的是王室御用的吗？,あの黒髪の男の子よくない？,
84980,mp4000,34955,34696,34938,34630,,,unmatched,evo,考虑了很久要支持哪一支队伍……,かわいいんだけど涼しげなカンジがそそるっていうか。,
84981,mp4000,34957,34708,34942,34654,,,unmatched,evo,最后我还是决定支持约书亚一个人！,抱きしめたくなっちゃうのよねー。,
84982,mp4000,34965,34732,34953,34684,,,unmatched,evo,那个黑发男孩子不错吧？,あの黒髪の男の子、かわいくて涼しげなカンジがそそるのよね。,
84983,mp4000,34967,34744,34955,34696,,,unmatched,evo,不仅很可爱，而且感觉也很酷呢。,抱きしめたくなっちゃう。,
84984,mp4000,34979,34768,34957,34708,,,unmatched,evo,好想紧紧地抱抱他啊～,うーん、ほらあのダサい公爵のやることだしー。,
84985,mp4000,34988,34792,34965,34732,,,unmatched,evo,那个黑发男孩子很可爱，而且感觉也很酷呢。,うんうん、いえてるー。,
84986,mp4000,34997,34816,34967,34744,,,unmatched,evo,好想紧紧地抱抱他啊。,おそろで黒っぽい服着た人たちも強そうじゃん？,
84987,mp4000,35006,34840,34979,34768,,,unmatched,evo,唔～这就是那个粗俗公爵的所作所为～,あのジンとかいう人、シブくて強そうじゃない？,
84988,mp4000,35008,34852,34988,34792,,,unmatched,evo,嗯嗯，说得对～,１人ってところがまた男らしいっていうか。,
84989,mp4000,35017,34876,34997,34816,,,unmatched,evo,那些穿着黑衣服的人看起来也很厉害吧？,親衛隊が出ないなんて信じられなーい！,
84990,mp4000,35019,34888,35006,34840,,,unmatched,evo,那个叫做阵的人，对自己的实力好像很有信心呢。,あーん、せっかくユリア様の雄姿を見に来たのにー！,
84991,mp4000,35324,35043,35008,34852,,,unmatched,evo,一个人去面对其他对手，的确是个男子汉。,うーん、知らないけど……,
84992,mp4000,35326,35055,35017,34876,,,unmatched,evo,亲卫队居然不出场，简直难以置信～！,ウワサだったとしてもそれだけ美味しいってことじゃん？,
84993,mp4000,35353,35097,35019,34888,,,unmatched,evo,啊～啊，我原本可是专门来看尤莉亚中尉矫健身姿的呢～！,何それー？１人だけ応援するってこと？,
84994,mp4000,35362,35121,35324,35043,,,unmatched,evo,唔，不太清楚……,っていうか、それあたしも思ったー。,
84995,mp4000,35364,35133,35326,35055,,,unmatched,evo,虽然大家都说好吃，不过味道不是也就一般吗？,見た目が何となく母性本能をくすぐられるカンジ？,
84996,mp4000,35373,35157,35353,35097,,,unmatched,evo,什么？只支持一个人？,ハッキリ言ってー、空賊とかマジやばくない？,
84997,mp4000,35382,35181,35362,35121,,,unmatched,evo,其实，我也是这么想的～,あの赤いマスクの人、顔は見えなかったけど口元とかかっこよくなーい？,
84998,mp4000,35386,35205,35364,35133,,,unmatched,evo,他外表看上去有种刺激母性本能的感觉吧？,それに何だか強そうだし。,
84999,mp4000,35395,35229,35373,35157,,,unmatched,evo,说实话～那些空贼难道不危险吗？,えっとぉー、王国軍の特ナントカってチーム？,
85000,mp4000,35397,35241,35382,35181,,,unmatched,evo,那个带红色面具的人，虽然看不见他的脸，但是不觉得他嘴角那里很酷吗？,みんな同じカッコで個性ないのがつまんなくない？,
85001,mp4000,35406,35265,35386,35205,,,unmatched,evo,而且看起来也很强的样子。,えーっ、強そうだけどオジサンじゃない？,
85002,mp4000,35408,35277,35395,35229,,,unmatched,evo,哦～你是说王国军的那个特别小组吗？,やっぱり今時の格闘家はビジュアルも大事よねー。,
85003,mp4000,35417,35301,35397,35241,,,unmatched,evo,每个人都是同一种装束，真是一点个性也没有啊。,はーっ、何のために前売りチケットを買ったのかしら。,
85004,mp4000,36078,35447,35406,35265,,,unmatched,evo,唉，虽说很强，但只不过是个大叔啊？,無事に生誕祭が行われてほっとしました。,
85005,mp4000,36080,35459,35408,35277,,,unmatched,evo,现在的格斗家果然还是要偶像派的才好呢～,街の方もみんな明るい顔をしている気がします。,
85006,mp4000,36082,35507,35417,35301,,,unmatched,evo,啊～我到底是为了什么才买了预售的门票啊。,女王様の影響力ってすごいですよね。,
85007,mp4000,36090,35495,36078,35447,,,unmatched,evo,诞生庆典能顺利举行，真的是太好了。,街の方がみんな明るい顔をしている気がします。,
85008,mp4000,36092,35507,36080,35495,,,unmatched,evo,街上的人们个个脸上喜气洋洋的。,女王様の影響力ってすごいですよね。,
85009,mp4000,36104,35531,36082,35507,,,unmatched,evo,女王陛下的影响力果然很大啊。,あら、ジンさんにヨシュアさん。,
85010,mp4000,36106,35543,36090,35495,,,unmatched,evo,街上的人们个个脸上喜气洋洋的。,深刻な顔をなさってますけどどうされました？,
85011,mp4000,36115,35567,36092,35507,,,unmatched,evo,女王陛下的影响力果然很大啊。,武術大会は無事に終わりましたけど生誕祭はどうなるんでしょうね。,
85012,mp4000,36126,35645,36104,35531,,,unmatched,evo,哎呀，阵选手和约书亚选手。,皆さん、優勝おめでとうございます！,
85013,mp4000,36128,35609,36106,35543,,,unmatched,evo,表情这么严肃，是发生什么事了吗？,私は見ることができませんでしたけどすごい試合だったみたいですね。,
85014,mp4000,36130,35621,36115,35567,,,unmatched,evo,虽然武术大会平安地结束了，可是诞生庆典会怎么样呢。,今日はゆっくり晩餐会を楽しんできてください。,
85015,mp4000,36138,,36126,35645,45017,ch0590101158,vector_search (0.86),evo,各位，恭喜你们获胜！,皆さん、優勝おめでとうございます！,みんなから聞きましたよ。優勝おめでとうございます。
85016,mp4000,36140,35657,36128,35609,,,unmatched,evo,我虽然不能去看，但应该是一场很精彩的比赛吧。,今日はゆっくり晩餐会を楽しんできてくださいね。,
85017,mp4000,36152,35681,36130,35657,,,unmatched,evo,今天各位就请好好享受王城的晚宴吧。,皆さん、いよいよ決勝戦ですね。,
85018,mp4000,36154,35693,36138,35645,,,unmatched,evo,各位，恭喜你们获胜！,準備ができたら、入り口で受付のほうをお願いします。,
85019,mp4000,36165,35723,36140,35657,,,unmatched,evo,今天各位就请好好享受王城的晚宴吧。,皆さん、明日はいよいよ決勝ですね。,
85020,mp4000,36167,35771,36152,35681,,,unmatched,evo,各位，决赛就要开始了。,ふふ、勝ち抜くにつれて皆さんのファンも増えているみたいですよ。,
85021,mp4000,36169,35783,36154,35819,,,unmatched,evo,准备好了的话，请告诉入口处的柜台人员。,明日も頑張ってくださいね。,
85022,mp4000,36177,35771,36165,35723,,,unmatched,evo,各位，明天终于要迎来决赛了。,ふふ、勝ち抜くにつれて皆さんのファンも増えているみたいですよ。,
85023,mp4000,36179,35783,36167,35771,,,unmatched,evo,呵呵，随着你们不断取胜，你们的崇拜者也在不断增加呢。,明日も頑張ってくださいね。,
85024,mp4000,36191,35807,36169,35783,,,unmatched,evo,明天也要加油哦。,ジンさん、いよいよ２回戦ですね。,
85025,mp4000,36193,35819,36177,35771,,,unmatched,evo,呵呵，随着你们不断取胜，你们的崇拜者也在不断增加呢。,準備がよろしければ入り口の受付係に申し出てください。,
85026,mp4000,36202,35843,36179,35783,,,unmatched,evo,明天也要加油哦。,１回戦突破、おめでとうございます。,
85027,mp4000,36204,35855,36191,35807,,,unmatched,evo,阵选手，终于到第二回合比赛了。,明日の試合も午後からとなりますので時間までにここへ来てくださいね。,
85028,mp4000,36213,35879,36193,35819,,,unmatched,evo,准备好了的话，请告诉入口处的柜台人员。,その選手登録カードを入口の係員に提示すればそのまま競技場内に入れます。,
85029,mp4000,36215,,36202,35843,43846,ch2180110058,exact,evo,第一回合比赛胜利，恭喜你们了。,それでは皆さん。ご健闘をお祈りしていますわ。,それでは皆さん。ご健闘をお祈りしていますわ。
85030,mp4000,36224,35915,36204,35855,,,unmatched,evo,明天的比赛是从下午开始，请准时来这里报到。,武術大会の本戦は明日午後からとなります。,
85031,mp4000,36226,35927,36213,35879,,,unmatched,evo,把选手登记卡给那边入口的柜台人员看一下，就可以进入场内了。,席は全席自由席となっていますので入場順に座って頂くことになります。,
85032,mp4000,36235,,36215,35891,43871,ch2180100878,vector_search (0.86),evo,各位请这边走。祝你们胜利。,グランアリーナの入口は左手にございます。,グランアリーナの入口は左手正面にございます。
85033,mp4000,36237,,36224,35915,43872,ch2180100879,exact,evo,武术大会的正赛将于明日下午开始。,そのチケットを入口の係員にお見せください。,そのチケットを入口の係員にお見せください。
85034,mp4000,36248,35993,36226,35927,,,unmatched,evo,不用对号入座，入场后请选择自己喜欢的座位。,王立競技場へようこそ。,
85035,mp4000,36250,36041,36235,35951,,,unmatched,evo,竞技场的入口就在左边。,入場開始時間まではまだ時間がございます。,
85036,mp4000,36252,36053,36237,35963,,,unmatched,evo,把票让门口的工作人员看一下就可以进去了。,今しばらくお待ちくださいませ。,
85037,mp4000,36260,36041,36248,35993,,,unmatched,evo,欢迎来到王立竞技场。,入場開始時間まではまだ時間がございます。,
85038,mp4000,36262,36053,36250,36041,,,unmatched,evo,离入场开始还有一段时间。,今しばらくお待ちくださいませ。,
85039,mp4000,36381,,36252,36053,43936,ch2190100891,exact,evo,请各位观众耐心等待。,現在、当アリーナでは武術大会を開催中です。,現在、当アリーナでは武術大会を開催中です。
85040,mp4000,36383,,36260,36041,43937,ch2190100892,exact,evo,离入场开始还有一段时间。,選手として出場される際にはあらかじめ選手登録が必要ですよ。,選手として出場される際にはあらかじめ選手登録が必要ですよ。
85041,mp4000,36385,,36262,36053,43938,ch2190100893,exact,evo,请各位观众耐心等待。,登録は右手のチケット売り場にてうけたまわっております。,登録は右手のチケット売り場にてうけたまわっております。
85042,mp4000,36394,,36381,58376,43939,ch2190100883,context,evo,现在，王立竞技场内将要举行武术大会的正赛。,現在、当アリーナでは武術大会・予選試合が開催中です。,現在、当アリーナでは武術大会・予選試合が開催中です。
85043,mp4000,36396,,36383,58388,43946,ch2190100884,context,evo,要作为参赛者出场的话，先要进行选手登记。,ご入場の方はチケットをお出し下さい。,ご入場の方はチケットをお出し下さい。
85044,mp4000,36398,,36385,58400,43947,ch2190100890,exact,evo,选手登记请在右边的售票处进行。,チケット売り場は右手の方にございます。,チケット売り場は右手の方にございます。
85045,mp4000,36625,36422,36394,36334,,,unmatched,evo,现在，王立竞技场内正在举行武术大会的预赛。,生誕祭になるとこのあたりはあまり人気がないんですよね。,
85046,mp4000,36627,36434,36396,36346,,,unmatched,evo,想要入场的话，请先出示门票。,だからこそ警備が必要なんです。,
85047,mp4000,36642,36464,36398,36358,,,unmatched,evo,还没有买票的观众，请到右手边的售票处购票。,さすがに大会が終わるとこのあたりはちょっと寂しいね。,
85048,mp4000,36651,36488,36625,36422,,,unmatched,evo,诞生庆典开始后，这附近就变得比较冷清了。,遊撃士チームの勝ちかぁ。,
85049,mp4000,36653,36500,36627,36434,,,unmatched,evo,正因为如此，更要加强戒备才行。,特務部隊は最精鋭だけに勝つと思ったんだけどなぁ。,
85050,mp4000,36655,36512,36642,36464,,,unmatched,evo,果然啊，大会结束了之后这一带就变得有些冷清了呢。,それだけ遊撃士もやるってことか。,
85051,mp4000,36664,36536,36651,36488,,,unmatched,evo,游击士小组获胜了啊。,今日はついに決勝戦だね。,
85052,mp4000,36666,36548,36653,36500,,,unmatched,evo,特务部队是最精锐的部队，我还以为他们一定会赢呢。,事故がないようにしっかり警備しなきゃな。,
85053,mp4000,36675,36572,36655,36512,,,unmatched,evo,结果还是被游击士打败了。,武術大会で人がたくさんいるから警備するのも大変だよ。,
85054,mp4000,36944,36729,36664,36536,,,unmatched,evo,今天是决赛啊。,王国軍の組織全体が近々見直されるそうなんだ。,
85055,mp4000,36946,36741,36666,36548,,,unmatched,evo,必须做好警备工作，以防让任何事故发生。,やっぱり親切な人に上官になってほしいよなぁ……,
85056,mp4000,36961,36771,36675,36572,,,unmatched,evo,来看武术大会的人实在太多了，执行警备工作也相当辛苦。,テロの犯人はまだ捕まってないみたいなんだ。,
85057,mp4000,36963,36783,36944,36729,,,unmatched,evo,王国军整体最近要进行重组。,だから、こうして警備を続けているんだろうけど……,
85058,mp4000,36965,36795,36946,36741,,,unmatched,evo,还是希望能够有一个亲切的人作上司啊。,俺たちもいい加減に疲れてきちゃったよ。,
85059,mp4000,36974,36819,36961,36771,,,unmatched,evo,恐怖袭击的犯人好像还没有抓到呢。,昨日の巡回のせいで寝不足になっちゃったから今日は早めに寝なくちゃな。,
85060,mp4000,36976,36831,36963,36783,,,unmatched,evo,因此，还得继续保持这样的警戒状态……,大会が無事に終わったんだから少しくらい休ませてほしいぜ。,
85061,mp4000,36985,36855,36965,36795,,,unmatched,evo,我们也觉得多少有些累了呢。,昨日は夜遅くまで市内を巡回したんだ。,
85062,mp4000,36987,36867,36974,36819,,,unmatched,evo,因为昨天的巡逻导致睡眠不足，今天要早点睡才行。,おかげで寝不足だよ。,
85063,mp4000,36996,36891,36976,36831,,,unmatched,evo,大会也顺利结束了，好想放假啊。,テロ対策のために今日から街の中も警備するんだ。,
85064,mp4000,37241,37050,36985,36855,,,unmatched,evo,我昨天通宵在王都里巡逻啊。,王国軍の組織全体が近々見直されるそうなんだが……,
85065,mp4000,37243,37062,36987,36867,,,unmatched,evo,已经睡眠不足了。,やっぱり素直で真面目な者に部下になってほしいよ。,
85066,mp4000,37258,37092,36996,36891,,,unmatched,evo,为了对付恐怖分子，今天也要在街上巡逻。,街の警備だけでなく関所も当分封鎖されるらしいな。,
85067,mp4000,37260,37104,37241,37050,,,unmatched,evo,王国军整体最近要进行重组。,テロリストどもが見つかるのも時間の問題だな。,
85068,mp4000,37269,37128,37243,37062,,,unmatched,evo,还是希望能给既诚实又有真本领的人当部下啊。,あとで百貨店の中も見回らないといかんな。,
85069,mp4000,37278,37152,37258,37092,,,unmatched,evo,不仅街上在进行警戒，关所似乎也暂时封锁了。,親衛隊や怪しい人物を見かけたらすぐに僕たちに知らせてくれ。,
85070,mp4000,37287,37176,37260,37104,,,unmatched,evo,抓到那些恐怖分子也只是时间的问题吧。,まさか空賊どもを武術大会で戦わせるなんて……,
85071,mp4000,37289,37188,37269,37128,,,unmatched,evo,接下来就该到百货店里巡逻了。,公爵は何を考えてるんだろうな。,
85072,mp4000,37434,,37278,37152,43950,ch0120141535,exact,evo,如果发现了亲卫队或者形迹可疑的人，请务必马上告知我们。,今日の朝、仕事でエルベ離宮の近くまで行ったんだけどさ。,今日の朝、仕事でエルベ離宮の近くまで行ったんだけどさ。
85073,mp4000,37436,,37287,37176,43951,ch0120141536,exact,evo,竟然让空贼那群人参加武术大会……,遊撃士だと分かったとたん軍の連中に絡まれて大変だったよ。,遊撃士だと分かったとたん軍の連中に絡まれて大変だったよ。
85074,mp4000,37438,,37289,37188,43952,ch0120141537,normalized,evo,公爵到底在想些什么呢。,テロリストが遊撃士の振りをしているせいでとんだとばっちりだよね～。,テロリストが遊撃士の振りをしているせいでとんだとばっちりだよね〜。
85075,mp4000,37446,,37434,37349,43948,ch0120141538,exact,evo,今天早晨，我到艾尔贝离宫附近执行任务。,今朝は仕事中に軍の連中に絡まれて大変だったよ。,今朝は仕事中に軍の連中に絡まれて大変だったよ。
85076,mp4000,37448,,37436,37361,43952,ch0120141537,normalized,evo,军队那些人知道我是游击士后，纠缠了我好一会儿呢。,テロリストが遊撃士の振りをしているせいでとんだとばっちりだよね～。,テロリストが遊撃士の振りをしているせいでとんだとばっちりだよね〜。
85077,mp4000,37507,37472,37438,37409,,,unmatched,evo,因为恐怖分子曾经乔装过游击士的缘故，害得我倒大霉了。,何だあ？,
85078,mp4000,37509,37484,37446,37397,,,unmatched,evo,今天早上工作的时候，被军队纠缠了好一会儿。,おい、ジロジロ見てるんじゃねえぞ。,
85079,mp4000,37568,37533,37448,37409,,,unmatched,evo,因为恐怖分子曾经乔装过游击士的缘故，害得我倒大霉了。,ここ数日、リシャール大佐を城内でも見かけないんだ。,
85080,mp4000,37570,37545,37507,37472,,,unmatched,evo,怎么了？,どこかに出かけているんだろうか……。,
85081,mp4000,37685,37600,37509,37484,,,unmatched,evo,喂，不要在这里乱看。,お前たちは確か武術大会で優勝した……,
85082,mp4000,37687,37648,37568,37533,,,unmatched,evo,这几天在城里都没有看见理查德上校。,ふん、あの決勝戦がロランス隊長の本気だと思うなよ。,
85083,mp4000,37689,37660,37570,37545,,,unmatched,evo,是不是外出到什么地方去了……,隊長は手を抜いていたに決まっているんだ。,
85084,mp4000,37697,37648,37685,37600,,,unmatched,evo,你们好像是武术大会取得优胜的……,ふん、あの決勝戦がロランス隊長の本気だと思うなよ。,
85085,mp4000,37699,37660,37687,37648,,,unmatched,evo,哼，我不认为决赛时洛伦斯队长使出了全力。,隊長は手を抜いていたに決まっているんだ。,
85086,mp4000,37746,37723,37689,37660,,,unmatched,evo,队长肯定是手下留情了的。,よーし、次は百貨店に行ってみようか。,
85087,mp4000,37793,37770,37697,37648,,,unmatched,evo,哼，我不认为决赛时洛伦斯队长使出了全力。,せっかくだから王都で流行りの服を買って帰りたいな。,
85088,mp4000,37852,37817,37699,37660,,,unmatched,evo,队长肯定是手下留情了的。,何だかずいぶん人が並んでいるみたいだけど……,
85089,mp4000,37854,37829,37746,37723,,,unmatched,evo,好～的，接下来去百货店看看吧。,一体、何の行列かしら？,
85090,mp4000,37901,37878,37793,37770,,,unmatched,evo,怎么也要在王都买到流行的衣服才回去。,も、もう子供じゃないしそんなモノ食べるかよ！,
85091,mp4000,37960,37925,37852,37817,,,unmatched,evo,为何会有那么多人在那边排队呢……,はっはっはっ、そうか。いらないのか？,
85092,mp4000,37962,37937,37854,37829,,,unmatched,evo,究竟是在排什么队呢？,じゃあ、父さんが食べちゃうぞー。はっはっはっ。,
85093,mp4000,38009,37986,37901,37878,,,unmatched,evo,我、我已经不是小孩了，怎么会想吃那种东西！,いやはや……すごい賑わいじゃのう。,
85094,mp4000,38068,38033,37960,37925,,,unmatched,evo,哈～哈～哈，是吗，不要了是吧？,今日は少し暑いかしら……,
85095,mp4000,38070,38045,37962,37937,,,unmatched,evo,那老爸我要开始吃了哦～哈～哈～哈～,何か冷たいものが欲しいわね。,
85096,mp4000,38129,38094,38009,37986,,,unmatched,evo,哎呀……好热闹呢。,あーっ！,
85097,mp4000,38131,38106,38068,38033,,,unmatched,evo,今天有一点热呢……,横入りはダメなのよ。さ、うしろにならんでならんで！,
85098,mp4000,38178,38155,38070,38045,,,unmatched,evo,想吃点凉爽的东西。,まだかなまだかなー……,
85099,mp4000,38237,38202,38129,38094,,,unmatched,evo,啊～！,クーデターと聞いて心配したが親衛隊と遊撃士が阻止したらしいね。,
85100,mp4000,38239,38214,38131,38106,,,unmatched,evo,不能插队哦，快到后面去排队！,それにしてもこれからの王国軍が大丈夫なのか心配だよ。,
85101,mp4000,38298,38263,38178,38155,,,unmatched,evo,等呀等呀等……,ほうほう、歴史資料館か……,
85102,mp4000,38300,38275,38237,38202,,,unmatched,evo,当听说政变的时候我很担忧，幸亏被亲卫队和游击士阻止了。,こりゃ、生誕祭が終わったらぜひ来てみたいわい。,
85103,mp4000,38347,38324,38239,38214,,,unmatched,evo,这样一来我就开始担心王国军是否还好了。,人間、何歳になっても死ぬまで勉強ですよ。,
85104,mp4000,38418,38371,38298,38263,,,unmatched,evo,呵呵，历史资料馆……,いててっ……,
85105,mp4000,38420,38383,38300,38275,,,unmatched,evo,诞生庆典结束之后，一定要去看看。,街が広いから歩きっぱなしで靴ズレができちゃったよ。,
85106,mp4000,38422,38395,38347,38324,,,unmatched,evo,人啊，要活到老，学到老。,あーあ、こりゃひどい……,
85107,mp4000,38469,38446,38418,38371,,,unmatched,evo,痛痛痛……,だから、履き慣れた靴にしておけばよかったのに。,
85108,mp4000,38516,38493,38420,38383,,,unmatched,evo,王都太大了，走的路过多，结果脚都给磨破了。,おとーさん、かっこわるーい。,
85109,mp4000,38587,38540,38422,38395,,,unmatched,evo,啊～啊，好惨……,ぶるぶるぶる…………,
85110,mp4000,38589,38552,38469,38446,,,unmatched,evo,所以我早说过，让你带一双穿着习惯的鞋子来啊。,クーデターが成功したらあのデュナン公爵が国王になる予定だったんだって？,
85111,mp4000,38591,38564,38516,38493,,,unmatched,evo,爸～爸，你好～差劲。,そうなったら王国は終わりだよ。,
85112,mp4000,38650,38615,38587,38540,,,unmatched,evo,（浑身发抖）…………,テロは情報部の自作自演だったそうじゃないか。,
85113,mp4000,38652,38627,38589,38552,,,unmatched,evo,如果政变得逞的话，那个杜南公爵就会成为国王吧？,親衛隊が犯人とは思えなかったから安心したよ。,
85114,mp4000,38711,38676,38591,38564,,,unmatched,evo,那样一来这个王国就完了。,百貨店で生誕祭記念セールをやってるらしいわよ。,
85115,mp4000,38713,38688,38650,38615,,,unmatched,evo,所谓恐怖袭击不就是情报部自导自演的吗。,色々なブランド物も安くなってるんだって。,
85116,mp4000,38772,38737,38652,38627,,,unmatched,evo,我一直不认为亲卫队是坏人，所以很放心哦。,きゃっ、本当に！？,
85117,mp4000,38774,38749,38711,38676,,,unmatched,evo,百货店好像在搞诞生庆典纪念大酬宾哦。,早速、今すぐに行ってみなきゃ。,
85118,mp4000,38821,38798,38713,38688,,,unmatched,evo,各种商品都变得很便宜了。,いやあ、クーデターの後とは思えないほど華やかだね。,
85119,mp4000,38880,38845,38772,38737,,,unmatched,evo,呀啊～真的吗！？,ほう、ここが共和国大使館か。,
85120,mp4000,38882,38857,38774,38749,,,unmatched,evo,快快，现在立刻就去吧。,１度中に入ってみたいものだが……,
85121,mp4000,38941,38906,38821,38798,,,unmatched,evo,哎呀，没想到在政变之后还能有如此盛大的庆典。,王都にははじめて来たのよ。,
85122,mp4000,38943,38918,38880,38845,,,unmatched,evo,哦，这里就是共和国大使馆啊。,すごーい、おっきな道ねー。,
85123,mp4000,39008,38967,38882,38857,,,unmatched,evo,好想进去看看，哪怕一次也好……,おーい、あまり遠くへ行くなよー！,
85124,mp4000,39011,38985,38941,38906,,,unmatched,evo,我是第一次来王都呢。,娘はいつの間にか迷子になるから心配だよ。,
85125,mp4000,39082,39035,38943,38918,,,unmatched,evo,太～棒了，好宽的大街啊～,今年は飛行船の運行がめちゃくちゃで武術大会は見られなかったのよね。,
85126,mp4000,39084,39047,39008,38967,,,unmatched,evo,喂～不要跑那么远～！,それもリシャール大佐のクーデターが原因なんですって。,
85127,mp4000,39086,39059,39011,38985,,,unmatched,evo,我担心女儿会不小心迷路。,あーあ、大佐のファンだっただけにがっかりだわ。,
85128,mp4000,39133,39110,39082,39035,,,unmatched,evo,今年的航运杂乱无章，害我没能欣赏到武术大会的盛况。,ボク、飛行船のおもちゃを買ってもらうんだー。,
85129,mp4000,39180,39157,39084,39047,,,unmatched,evo,而且竟然是理查德上校发动的政变导致的这一切。,孫にせがまれて、これから百貨店に行くところなんです。,
85130,mp4000,39251,39204,39086,39059,,,unmatched,evo,啊～我可是上校的忠实支持者呢。,全てが終わった今だから言えることですが……,
85131,mp4000,39253,39216,39133,39110,,,unmatched,evo,我想买一个玩具飞行船～,武術大会の優勝者がクーデターを阻止したとはなかなか痛快な話ですな。,
85132,mp4000,39255,39228,39180,39157,,,unmatched,evo,孙子一直缠着我，就只好带他到百货店去了。,市民が盛り上がるのも無理はないと思います。,
85133,mp4000,39314,39279,39251,39204,,,unmatched,evo,这种话只能在一切都结束了才能说……,帝国大使館の前を通るときって何だか緊張しちゃうよ。,
85134,mp4000,39316,39291,39253,39216,,,unmatched,evo,武术大会的优胜者阻止了此次政变，真是让人痛快之极啊。,門構えさえ威圧的に見えてくるんだよなぁ。,
85135,mp4000,39375,39340,39255,39228,,,unmatched,evo,市民的情绪这么高涨也不是没有原因的。,自分で歩くって約束したのに……,
85136,mp4000,39377,39352,39314,39279,,,unmatched,evo,从帝国大使馆门前走过时不知为何就紧张起来了。,……もう、仕方ないわねぇ。,
85137,mp4000,39424,39401,39316,39291,,,unmatched,evo,很可能是那扇大门看上去很有震慑力吧。,おねえちゃん、おんぶして！,
85138,mp4000,39471,39448,39375,39340,,,unmatched,evo,明明说好了你要自己走路的……,式典は終わったことですし、これから市内を見てまわるのよ。,
85139,mp4000,39698,39495,39377,39352,,,unmatched,evo,……真是的，拿你没办法呀。,家で働いていたってなかなか子供にはかまってあげられないのよねー。,
85140,mp4000,39700,39507,39424,39401,,,unmatched,evo,姐姐，背我嘛！,でも、結局何とかなるわよ。要は自分の努力次第ね。,
85141,mp4000,39709,39531,39471,39448,,,unmatched,evo,典礼已经结束了，这下可以在市区内逛逛了。,私たちももともと生誕祭まで王都にいるつもりだけど……,
85142,mp4000,39711,39543,39698,39495,,,unmatched,evo,我为了维持家庭生计而忙于工作，不能照顾好孩子们了。,最近、飛行船がよく止まるから家のほうが心配になっちゃうのよ。,
85143,mp4000,39720,39567,39700,39507,,,unmatched,evo,不过最后还是能两者兼顾。关键还是在于自身的努力啊。,男の子って元気があっていいわよねー。,
85144,mp4000,39729,39591,39709,39531,,,unmatched,evo,我们原本打算在诞生庆典之前一直呆在王都的……,この奥さん、飛行船の客室係なんですって。,
85145,mp4000,39731,39603,39711,39543,,,unmatched,evo,但是最近飞行船时常停运，有些担心家里的情况。,互いに仕事を持って子育てしてる者どうしでついつい話がはずんじゃうわ。,
85146,mp4000,39740,39627,39720,39567,,,unmatched,evo,男孩子就是要充满阳光才好哦～,ここのアイスクリーム屋さん、とても美味しいのよ。,
85147,mp4000,39742,39639,39729,39591,,,unmatched,evo,这位夫人是飞行船的空中乘务员哦。,ひょっとして王都でも有名なお店なのかしら？,
85148,mp4000,39993,39802,39731,39603,,,unmatched,evo,因为大家都是有工作有儿女的人，所以谈起话来会更加投缘。,ママがアイス買ってあげるから食べてる間、話させてだってー。,
85149,mp4000,40002,39826,39740,39627,,,unmatched,evo,这个冰激凌店的冰激凌真的非常好吃呢。,ルシア、もう１度アイス食べたいなー。,
85150,mp4000,40011,39850,39742,39639,,,unmatched,evo,难道说这个店子在王都非常有名吗？,ルシアの村はね、海のすぐ近くにあってー、真っ白なお花がたくさん咲くの。,
85151,mp4000,40013,39862,39993,39802,,,unmatched,evo,妈妈和别人说话去了，叫我一边吃冰激凌一边等她～,それでね、ポーリィちゃんとかお友達がたくさんいるのよ。,
85152,mp4000,40022,39886,40002,39826,,,unmatched,evo,卢希娅啊，还想再吃一个冰激凌呢～,ルシア、早くお城に行ってみたいな。,
85153,mp4000,40024,39898,40011,39850,,,unmatched,evo,卢希娅住的村子啊，离海边很近很近哦～还盛开着纯白色的花儿呢。,でも、今は入れないんだってー。,
85154,mp4000,40033,39922,40013,39862,,,unmatched,evo,而且，我还有波利他们那样很多很多的朋友哦。,アイスクリーム、すっごくおいしいよー。,
85155,mp4000,40035,39934,40022,39886,,,unmatched,evo,卢希娅我好想快点进王城看看啊。,ママが買ってくれたの。,
85156,mp4000,40642,40161,40024,39898,,,unmatched,evo,但现在已经不能进去了～,ようやく《アルセイユ》のテスト再開の見通しが立ちました。,
85157,mp4000,40644,40113,40033,39922,,,unmatched,evo,冰激凌～真的很好吃哦。,中央工房の新型エンジン開発も急がせないといけませんね。,
85158,mp4000,40646,40173,40035,39934,,,unmatched,evo,是妈妈买给我的。,ラッセル博士も無事だったしこれでプロジェクトが大きく前進するといいなぁ。,
85159,mp4000,40648,40137,40642,40161,,,unmatched,evo,终于有望看到《埃尔赛尤号》的再次试飞了。,よーし、やるぞー！,
85160,mp4000,40656,40161,40644,40113,,,unmatched,evo,中央工房必须得加快新型引擎的开发速度。,ようやく《アルセイユ》のテスト再開の見通しが立ちました。,
85161,mp4000,40658,40173,40646,40173,,,unmatched,evo,幸好拉赛尔博士平安无事，这个项目总算可以向前迈进一大步了。,ラッセル博士も無事だったしこれでプロジェクトが大きく前進するといいなぁ。,
85162,mp4000,40670,,40648,40137,9132,ch2350131081,blockwise,evo,好，加油干！,一応、皆さんのオーブメントを調整する道具を持ってきました。,一応、皆さんのオーブメントを調整する道具を持ってきました。
85163,mp4000,40672,,40656,40161,9133,ch2350131082,blockwise,evo,终于有望看到《埃尔赛尤号》的再次试飞了。,あと、種類は少ないですけど装備や道具なども用意しています。,あと、種類は少ないですけど装備や道具なども用意しています。
85164,mp4000,40674,,40658,40173,9138,ch2350131087,blockwise,evo,幸好拉赛尔博士平安无事，这个项目总算可以向前迈进一大步了。,用があれば声をかけてください。,用があれば声をかけてください。
85165,mp4000,40695,40257,40670,40197,,,unmatched,evo,我带了一些可以调整大家的导力器的工具。,いやいや、若い人は熱意があっていいですね。,
85166,mp4000,40706,40287,40672,40209,,,unmatched,evo,还有，我也准备了一些装备和道具，虽然种类不算很多。,ここだけの話ですが……,
85167,mp4000,40708,40347,40674,40221,,,unmatched,evo,有需要的话请说一声。,（中央工房の仲間から　あのラッセル博士が　さらわれたと聞きました。）,
85168,mp4000,40710,40311,40695,40257,,,unmatched,evo,哎呀呀，不错不错，年轻人就是有干劲呀。,（ティータちゃんが一緒だったとも　聞きますし心配ですね……）,
85169,mp4000,40712,40359,40706,40287,,,unmatched,evo,不要外传哦……,（でも、あの博士なら自分で　脱出して工房へひょっこり　戻ってくる気もするんですけどね。）,
85170,mp4000,40720,40347,40708,40347,,,unmatched,evo,（我听中央工房的同事说，　拉赛尔博士　被人绑架了。）,（中央工房の仲間から　あのラッセル博士が　さらわれたと聞きました。）,
85171,mp4000,40722,40359,40710,40311,,,unmatched,evo,（而且听说缇妲也在一起，　我真是有些担心呢……）,（でも、あの博士なら自分で　脱出して工房へひょっこり　戻ってくる気もするんですけどね。）,
85172,mp4000,40734,40383,40712,40359,,,unmatched,evo,（不过，我觉得博士　一定能靠自己的能力逃脱，　然后回到工房。）,うっぷんがたまっていたせいかつい熱く語っちゃいました。,
85173,mp4000,40736,40395,40720,40347,,,unmatched,evo,（我听中央工房的同事说，　拉赛尔博士　被人绑架了。）,早く《アルセイユ》のテストの続きがしたいですね。,
85174,mp4000,40745,40419,40722,40359,,,unmatched,evo,（不过，我觉得博士　一定能靠自己的能力逃脱，　然后回到工房。）,うーん、退屈だし《リンデ号》の整備でも手伝いましょうか。,
85175,mp4000,40754,40443,40734,40383,,,unmatched,evo,我已经憋了太久，实在是忍不下去，所以只能对你们说了。,あの警備艇は最近レイストン要塞に納入したものですね。,
85176,mp4000,40756,40455,40736,40395,,,unmatched,evo,好想尽快进行《埃尔赛尤号》的后续测试工作啊。,こんな時間に着陸してくるなんて何か事件でもあったのでしょうか……,
85177,mp4000,40765,40479,40745,40419,,,unmatched,evo,唔，反正闲着无聊，不如去帮忙维修《林德号》吧。,《アルセイユ》はまだ未完成の状態なんです。,
85178,mp4000,40767,40491,40754,40443,,,unmatched,evo,那艘警备飞艇是最近才配备到雷斯顿要塞的。,すぐに次の実験に移りたかったのですが今はこんな状態でして……,
85179,mp4000,40776,40515,40756,40455,,,unmatched,evo,在这种时候准备警备飞艇，难道发生了什么事件吗……,それにしてもユリアさんたちが心配ですね。,
85180,mp4000,40778,40527,40765,40479,,,unmatched,evo,《埃尔赛尤号》尚处于未完工的状态。,彼女たちがクーデターを起こすなんて何かの間違いですよ。,
85181,mp4000,40789,40605,40767,40491,,,unmatched,evo,原本计划在近期进行下一阶段的测试，但在如今这种状况下……,《アルセイユ》は王家が所有する飛行船のはずです。,
85182,mp4000,40791,40617,40776,40515,,,unmatched,evo,说起来，我有些担心尤莉亚中尉他们。,いくら王国軍と言っても接収できるはずないのですが。,
85183,mp4000,40793,40581,40778,40527,,,unmatched,evo,他们怎么可能会发动政变呢，肯定是搞错了。,本当に女王様の許可が出ているんでしょうか……,
85184,mp4000,40801,40605,40789,40605,,,unmatched,evo,《埃尔赛尤号》是归王族所有的飞行船。,《アルセイユ》は王家が所有する飛行船のはずです。,
85185,mp4000,40803,40617,40791,40617,,,unmatched,evo,无论怎么说，也不应该由王国军接收。,いくら王国軍と言っても接収できるはずないのですが。,
85186,mp4000,41396,40827,40793,40581,,,unmatched,evo,他们真的得到过女王陛下的许可吗……,やっと、まともに仕事ができるようになったわ。,
85187,mp4000,41398,40839,40801,40605,,,unmatched,evo,《埃尔赛尤号》是归王族所有的飞行船。,お客さんの信頼を取り戻すためにも頑張らなきゃね。,
85188,mp4000,41407,40863,40803,40617,,,unmatched,evo,无论怎么说，也不应该由王国军接收。,軍のヤツらにはいい加減アッタマ来るわね。,
85189,mp4000,41409,40875,41396,40827,,,unmatched,evo,我终于可以回到工作岗位了。,早く出て行きなさいよ。,
85190,mp4000,41422,40917,41398,40839,,,unmatched,evo,为了重新赢得客人们的信赖，一定要多加努力。,あー、ムカつくわね。,
85191,mp4000,41424,40929,41407,40863,,,unmatched,evo,军队的那些家伙实在是太气人了。,いつまでたってもテロリストを捕まえられないクセに。,
85192,mp4000,41426,40941,41409,40875,,,unmatched,evo,希望他们早点离开。,何よ、いばっちゃって……,
85193,mp4000,41434,40965,41422,40917,,,unmatched,evo,啊，太气人了。,あれ…………,
85194,mp4000,41436,40977,41424,40929,,,unmatched,evo,他们直到现在都没抓到那些恐怖分子。,そう言えばペイトンさんはどこに行っちゃったのかしら？,
85195,mp4000,41448,41001,41426,40941,,,unmatched,evo,却还大摇大摆地在这里碍事……,さすがペイトンさんはツァイスの中央工房から派遣されてきているだけあるわ。,
85196,mp4000,41450,41013,41434,40965,,,unmatched,evo,哎…………,うちの技術顧問になってくれればいいのにね。,
85197,mp4000,41459,41037,41436,40977,,,unmatched,evo,说起来，佩顿师傅去哪里了？,さて、次に来るのは《セシリア号》ね。,
85198,mp4000,41461,41049,41448,41001,,,unmatched,evo,真不愧是来自蔡斯中央工房的佩顿师傅啊。,準備を進めておかなくちゃ。,
85199,mp4000,41472,41079,41450,41013,,,unmatched,evo,要是能当我们的技术顾问就好了。,《アルセイユ》のことを色々とペイトンさんに聞いてみたの。,
85200,mp4000,41474,41091,41459,41037,,,unmatched,evo,好，下一艘进港的定期船是《赛希莉亚号》。,まだ未完成みたいだけどあれはすごい船だわ。,
85201,mp4000,41476,41103,41461,41049,,,unmatched,evo,要提前做好准备。,軍がいなくなれば中を見せてもらえるのになぁ。,
85202,mp4000,41484,41127,41472,41079,,,unmatched,evo,我向佩顿师傅询问过很多有关《埃尔赛尤号》的事情。,軍の連中はさっさと出て行ってくれないかしら。,
85203,mp4000,41486,41139,41474,41091,,,unmatched,evo,虽然还没完工，但那艘飞艇真是太棒了。,手伝ってくれるわけでもないのに邪魔よ、邪魔！,
85204,mp4000,41498,41163,41476,41103,,,unmatched,evo,要是没有那些军人，我就能进去参观一下了。,どんなに飛行船が遅れてきても私たちのやるべきことは１つね。,
85205,mp4000,41500,41175,41484,41127,,,unmatched,evo,军队的那些家伙能不能赶快离开啊。,飛行船の安全のために全力を尽くすのみよ。,
85206,mp4000,41511,41205,41486,41139,,,unmatched,evo,从来不帮忙，只会给我们添麻烦！,あの女性士官の態度ったら全く何様のつもりかしら。,
85207,mp4000,41513,41217,41498,41163,,,unmatched,evo,不管飞行船延误多久，我们要做的事情也只有一件。,ハラが立って仕方ないわ。,
85208,mp4000,41515,41265,41500,41175,,,unmatched,evo,那就是全力保证飞行船的安全。,弱気すぎる主任の態度にはもっとハラが立ったけどね。,
85209,mp4000,41523,41253,41511,41205,,,unmatched,evo,那个女军官的态度实在是太过分了。,あの女性士官の態度ったら本当にハラ立つわ。,
85210,mp4000,41525,41265,41513,41217,,,unmatched,evo,我非常恼火。,弱気すぎる主任の態度にはもっとハラが立ったけどね。,
85211,mp4000,41537,41289,41515,41265,,,unmatched,evo,主任那种唯唯诺诺的态度更让人生气。,来ないわね……,
85212,mp4000,41539,41301,41523,41253,,,unmatched,evo,那个女军官的态度真是太让人恼火了。,また何か事件に巻き込まれたのかしら。,
85213,mp4000,41548,41325,41525,41265,,,unmatched,evo,主任那种唯唯诺诺的态度更让人生气。,機関部は全て異常なし、と。,
85214,mp4000,41550,41337,41537,41289,,,unmatched,evo,还没来啊……,導力圧の調整も終わったし、私の担当箇所はこれで全て終わりね。,
85215,mp4000,41559,41361,41539,41301,,,unmatched,evo,不会又被卷入什么事件了吧？,新しい整備主任はハッキリ言って技術も態度も頼りないわ。,
85216,mp4000,41561,41373,41548,41325,,,unmatched,evo,发动机没有异常。,男ならもう少ししっかりして欲しいものね。,
85217,mp4000,42022,41585,41550,41337,,,unmatched,evo,导力压调整完毕，我负责的工作已经全部完成。,ようやく飛行船も正常に運航されるようになったよ。,
85218,mp4000,42024,41597,41559,41361,,,unmatched,evo,老实说，新来的那个维修主任不怎么样，技术和态度都让人觉得很不可靠。,これから僕も整備主任としてもっと頑張らないとなぁ……,
85219,mp4000,42033,41621,41561,41373,,,unmatched,evo,希望他能拿出点男子气概，在工作中再加把劲。,王国軍の兵士に代わって黒い兵士たちが見張りを始めたんだ。,
85220,mp4000,42035,41633,42022,41585,,,unmatched,evo,飞行船总算恢复正常航行了。,前にいた兵士と比べるとずいぶんと威圧的で怖いよ……,
85221,mp4000,42044,41657,42024,41597,,,unmatched,evo,我这个维修主任今后一定要更加努力……,はあ、軍に仕事場から閉め出されちゃったんだ。,
85222,mp4000,42046,41669,42033,41621,,,unmatched,evo,那些黑衣士兵代替正规军的士兵来站岗了。,今は飛行船も動いてないみたいだけどどうなっちゃうんだろうな。,
85223,mp4000,42055,41693,42035,41633,,,unmatched,evo,和以前那些士兵相比，他们有种可怕的震慑力……,はあ、今日は何とか飛行船を予定通りに送り出せたよ。,
85224,mp4000,42057,41705,42044,41657,,,unmatched,evo,唉，军方把我的工作场所封锁了。,いつもこうならいいのにね。,
85225,mp4000,42066,41729,42046,41669,,,unmatched,evo,飞行船已经不能航行了，接下来究竟会怎样呢。,ふう、今日は今のところ予定通りに飛行船が来ているよ。,
85226,mp4000,42075,41753,42055,41693,,,unmatched,evo,呼，今天的飞行船总算在正常时间起飞了。,《アルセイユ》は技術屋みんなのあこがれだよ。,
85227,mp4000,42077,41765,42057,41705,,,unmatched,evo,要是总能这么顺利就好了。,いつか、あんな仕事をしてみたいよな。,
85228,mp4000,42086,41789,42066,41729,,,unmatched,evo,呼，今天的飞行船在正常时间进港了。,え、えっと、これで整備は全部終了のはずだね。,
85229,mp4000,42088,41801,42075,41753,,,unmatched,evo,《埃尔赛尤号》是所有技术人员都十分憧憬的飞艇。,もう飛行船がいつ入ってくるか分からない状態だからいつもの倍は疲れちゃったよ。,
85230,mp4000,42097,41825,42077,41765,,,unmatched,evo,真希望有朝一日能在那上面工作啊。,《セシリア号》のかわりに軍の警備艇が突然入ってきたんだ。,
85231,mp4000,42099,41837,42086,41789,,,unmatched,evo,嗯，这样一来，就算维修完毕了。,《セシリア号》は今日中に着くのかなぁ……,
85232,mp4000,42108,41861,42088,41801,,,unmatched,evo,因为不知道飞行船什么时候进港，所以比平时辛苦很多。,どうなってるんだい……,
85233,mp4000,42110,41873,42097,41825,,,unmatched,evo,《赛希莉亚号》没有进港，军队的警备飞艇却突然在这里降落了。,飛行船がさっぱり到着しないんだ。,
85234,mp4000,42119,41897,42099,41837,,,unmatched,evo,《赛希莉亚号》能在今天内进港吗……,え、えっと機体のチェックは全てオッケーっと……,
85235,mp4000,42121,41909,42108,41861,,,unmatched,evo,怎么回事……,つ、次のチェック項目は……,
85236,mp4000,42132,41987,42110,41873,,,unmatched,evo,飞行船怎么还没飞到这里。,僕が整備主任になってから色々な事件が起きるんだよ。,
85237,mp4000,42134,41999,42119,41897,,,unmatched,evo,嗯，机体部分已经检查完毕……,空賊事件もそうだし、今回のテロリスト事件もそうだし……,
85238,mp4000,42136,41963,42121,41909,,,unmatched,evo,唔，接下来要检查的项目是……,何だか暗くなっちゃうなぁ。,
85239,mp4000,42144,41987,42132,41987,,,unmatched,evo,自从我当上维修主任之后，发生了很多事情。,僕が整備主任になってから色々な事件が起きるんだよ。,
85240,mp4000,42146,41999,42134,41999,,,unmatched,evo,比如空贼事件，还有这次的恐怖袭击事件……,空賊事件もそうだし、今回のテロリスト事件もそうだし……,
85241,mp4000,42313,42170,42136,41963,,,unmatched,evo,真是让人心情低落啊。,飛行船もようやく動き出したみたいですね。,
85242,mp4000,42315,42182,42144,41987,,,unmatched,evo,自从我当上维修主任之后，发生了很多事情。,これでボースに帰ることができます。,
85243,mp4000,42324,42206,42146,41999,,,unmatched,evo,比如空贼事件，还有这次的恐怖袭击事件……,飛行船に乗れないならせめて家に連絡したいですね……,
85244,mp4000,42333,42230,42313,42170,,,unmatched,evo,飞行船总算可以正常航行了。,王国軍によって発着場が封鎖されてしまっているんです。,
85245,mp4000,42335,42242,42315,42182,,,unmatched,evo,这样一来，我就可以回柏斯了。,困ったわ。どうしたものかしら……,
85246,mp4000,42730,42425,42324,42206,,,unmatched,evo,不能乘坐飞行船也就罢了，至少得和家人取得联络……,親衛隊の残党たちが王都に潜り込んでいるというウワサはあるんだけど……,
85247,mp4000,42732,42437,42333,42230,,,unmatched,evo,起降坪好像被王国军封锁了。,あれだけの厳戒態勢なのに１人も捕まえることができないんだ。,
85248,mp4000,42734,42449,42335,42242,,,unmatched,evo,真糟糕啊，发生什么事了……,誰かがかくまっているとしか思えないんだよな。,
85249,mp4000,42743,42473,42730,42425,,,unmatched,evo,有传闻称，亲卫队的残党已经潜入王都了……,あふ、眠いぜ……早く交代の時間が来ないかな。,
85250,mp4000,42745,42485,42732,42437,,,unmatched,evo,警戒如此森严，却一个人都没抓到。,今年はこの調子じゃ武術大会は見に行けそうにないな。,
85251,mp4000,42754,42509,42734,42449,,,unmatched,evo,肯定是有人给他们提供了藏身之所。,今日から市内の警戒を厳しくするみたいだな。,
85252,mp4000,42756,42521,42743,42473,,,unmatched,evo,呼，好困……怎么还不到交班时间。,本格的に親衛隊の残党をいぶり出すつもりなんだろう。,
85253,mp4000,42765,42545,42745,42485,,,unmatched,evo,照这样看，今年是没法去观看武术大会了。,親衛隊のやつらも何だってテロ事件なんて起こしたんだろうな……,
85254,mp4000,42774,42569,42754,42509,,,unmatched,evo,从今天开始，要加强市内的警戒力度了。,あの船は……,
85255,mp4000,42776,42581,42756,42521,,,unmatched,evo,看来上级是真想找出亲卫队的残余分子。,要塞から誰か来たのかな？,
85256,mp4000,42785,42641,42765,42545,,,unmatched,evo,亲卫队的那些人为何要发动恐怖袭击呢……,最新鋭機だけに逃走中の親衛隊員に奪われると面倒だからな。,
85257,mp4000,42787,42653,42774,42569,,,unmatched,evo,那艘飞艇是……,悪いが誰であろうとこの船に近づけるわけにはいかないんだ。,
85258,mp4000,42796,42641,42776,42581,,,unmatched,evo,有人从要塞来了吗？,最新鋭機だけに逃走中の親衛隊員に奪われると面倒だからな。,
85259,mp4000,42798,42653,42785,42641,,,unmatched,evo,这是最新型的飞艇，如果被逃窜中的亲卫队员夺走，可就麻烦了。,悪いが誰であろうとこの船に近づけるわけにはいかないんだ。,
85260,mp4000,42807,42677,42787,42653,,,unmatched,evo,所以很抱歉，任何人都不许接近这艘飞艇。,《アルセイユ》は王国軍が接収した。,
85261,mp4000,42809,42689,42796,42641,,,unmatched,evo,这是最新型的飞艇，如果被逃窜中的亲卫队员夺走，可就麻烦了。,民間人は近づかないでもらおう。,
85262,mp4000,42880,42839,42798,42653,,,unmatched,evo,所以很抱歉，任何人都不许接近这艘飞艇。,悪いが遊撃士だからといって信用できないんだ。,
85263,mp4000,42882,42851,42807,42677,,,unmatched,evo,《埃尔赛尤号》已被王国军接管了。,さ、行った行った。,
85264,mp4000,42953,42912,42809,42689,,,unmatched,evo,普通群众不得接近。,民間の者がここに用事があるはずがあるまい。,
85265,mp4000,42955,42924,42880,42839,,,unmatched,evo,很抱歉，就算是游击士，我们也不能相信。,あまり、うろついていると尋問することになるぞ？,
85266,mp4000,43026,42985,42882,42851,,,unmatched,evo,你们快走吧。,グランセル空港は当分の間、封鎖することになった。,
85267,mp4000,43028,42997,42953,42912,,,unmatched,evo,平民不需要来这种地方吧？,これも市民の安全を守るためだよ。,
85268,mp4000,43075,43052,42955,42924,,,unmatched,evo,要是一直在这里转来转去，我可就要审问你们了。,……遊撃士が何のようだ？,
85269,mp4000,43134,43099,43026,42985,,,unmatched,evo,格兰赛尔空港暂时处于封锁状态。,何だ、貴様らは？,
85270,mp4000,43136,43111,43028,42997,,,unmatched,evo,这也是为了保证市民们的安全。,ケガをしたくなきゃ家に帰っておとなしく寝てな。,
85271,mp4000,43195,43160,43075,43052,,,unmatched,evo,……游击士来干什么？,あやしいヤツらめ……テロリストの仲間じゃないだろうな？,
85272,mp4000,43197,43172,43134,43099,,,unmatched,evo,你们想做什么？,さっさと立ち去らないとひどい目にあうぞ。,
85273,mp4000,43742,43221,43136,43111,,,unmatched,evo,如果不想受伤，就乖乖回家睡觉去。,知らないうちに私たちクーデターに巻き込まれていたんですね。,
85274,mp4000,43744,,43195,43160,55180,ch0070890017,exact,evo,可疑的家伙……你们该不会是恐怖分子的同伙吧？,びっくりしちゃいました。,びっくりしちゃいました。
85275,mp4000,43753,43257,43197,43172,,,unmatched,evo,再不赶快离开，后果会很严重。,はあ、いつになったら普通にお仕事できるのかしら……,
85276,mp4000,43764,,43742,43221,37413,ch0550181153,vector_single (0.99),evo,我们在不知不觉中就被卷入政变事件了。,申し訳ありません……,も、申し訳ない……
85277,mp4000,43766,43335,43744,43233,,,unmatched,evo,真是太震惊了。,本日は王国軍によるテロリスト捜索のため運行を一切中止しているんです。,
85278,mp4000,43768,43347,43753,43257,,,unmatched,evo,唉，什么时候才能恢复正常工作啊……,搭乗券の払い戻しを承っていますのでお申し付けくださいませ。,
85279,mp4000,43776,43335,43764,43287,,,unmatched,evo,非常抱歉……,本日は王国軍によるテロリスト捜索のため運行を一切中止しているんです。,
85280,mp4000,43778,43347,43766,43335,,,unmatched,evo,王国军今天要搜捕恐怖分子，所以定期船全面停航了。,搭乗券の払い戻しを承っていますのでお申し付けくださいませ。,
85281,mp4000,43790,43371,43768,43347,,,unmatched,evo,我随时都可以为您办理退票手续。,ふう、明日も予定通りに飛行船を運航できるといいんですが……,
85282,mp4000,43799,43395,43776,43335,,,unmatched,evo,王国军今天要搜捕恐怖分子，所以定期船全面停航了。,飛行船が遅れるたびにボースの空賊事件を思い出しちゃいます。,
85283,mp4000,43801,43407,43778,43347,,,unmatched,evo,我随时都可以为您办理退票手续。,心臓に悪いですよね……,
85284,mp4000,43810,43431,43790,43371,,,unmatched,evo,呼，希望明天的飞行船也能准点起降……,ここにも頻繁に王国軍の方が巡回に来るようになりました。,
85285,mp4000,43812,43443,43799,43395,,,unmatched,evo,现在只要一晚点，我就会想到柏斯那起空贼事件。,最近、事件が多いですし不安になっちゃいますね……,
85286,mp4000,43821,43467,43801,43407,,,unmatched,evo,这样对心脏可不好啊……,ただいま、停泊中の飛行船はロレント方面行きの《リンデ号》です。,
85287,mp4000,43823,43479,43810,43431,,,unmatched,evo,这段时间，王国军的士兵频繁来这里巡逻。,ご搭乗のお客さまは通常ゲートにお向かいください。,
85288,mp4000,43832,43503,43812,43443,,,unmatched,evo,最近发生了不少事情，让人有些不安啊……,王国軍の飛行船が出入りする関係で今日も発着時刻が遅れているんです。,
85289,mp4000,43834,43515,43821,43467,,,unmatched,evo,您好，目前停泊在飞艇坪的飞行船是飞往洛连特方向的《林德号》。,困りましたね……,
85290,mp4000,43845,43593,43823,43479,,,unmatched,evo,如需搭乘，请前往普通登船口。,おかしいですね。《リンデ号》がまだ到着しないんです。,
85291,mp4000,43847,43605,43832,43503,,,unmatched,evo,由于王国军的飞行船要在这里起降，所以今天的飞行船也要延迟起飞。,今日は予定通りに運行できるって聞いていたんですけど……,
85292,mp4000,43849,43569,43834,43515,,,unmatched,evo,真头疼啊……,お客様に何て説明しようかしら。,
85293,mp4000,43857,43593,43845,43593,,,unmatched,evo,真奇怪，《林德号》怎么还没到。,おかしいですね。《リンデ号》がまだ到着しないんです。,
85294,mp4000,43859,43605,43847,43605,,,unmatched,evo,今天应该可以准点到达啊……,今日は予定通りに運行できるって聞いていたんですけど……,
85295,mp4000,43871,43629,43849,43569,,,unmatched,evo,我该怎样向大家解释呢。,お昼に到着予定の《セシリア号》が今ようやく着いたんですよ。,
85296,mp4000,43882,43659,43857,43593,,,unmatched,evo,真奇怪，《林德号》怎么还没到。,大変お待たせして申し訳ありません。,
85297,mp4000,43884,43707,43859,43605,,,unmatched,evo,今天应该可以准点到达啊……,ただいま王国軍による検問のため発着時刻が大幅に遅れております。,
85298,mp4000,43886,43719,43871,43629,,,unmatched,evo,预定在中午抵达的《赛希莉亚号》总算抵达了。,飛行船が到着次第搭乗のご案内をさせていただきます。,
85299,mp4000,43894,43707,43882,43659,,,unmatched,evo,让大家等待这么久，实在是很抱歉。,ただいま王国軍による検問のため発着時刻が大幅に遅れております。,
85300,mp4000,43896,43719,43884,43707,,,unmatched,evo,王国军要进行盘查，所以定期船的起降时间被延误了很久。,飛行船が到着次第搭乗のご案内をさせていただきます。,
85301,mp4000,44029,43926,43886,43719,,,unmatched,evo,飞行船到达之后，我会马上通知各位的。,はあ～……優美なフォルムだな～。,
85302,mp4000,44031,43938,43894,43707,,,unmatched,evo,王国军要进行盘查，所以定期船的起降时间被延误了很久。,こんな間近で《アルセイユ》を見られるなんて……,
85303,mp4000,44033,43950,43896,43719,,,unmatched,evo,飞行船到达之后，我会马上通知各位的。,わざわざ生誕祭に来たかいがあったかもね。,
85304,mp4000,44043,43980,44029,43926,,,unmatched,evo,哇～好美的造型啊～,ほらブラム、見てよあの流れるような艦橋構造！,
85305,mp4000,44049,43992,44031,43938,,,unmatched,evo,没想到能在这么近的距离下欣赏《埃尔赛尤号》……,ほらルーディ、見てよあの流れるような艦橋構造！,
85306,mp4000,44054,44004,44033,43950,,,unmatched,evo,特意赶来参加诞生庆典，真是太对了。,最高でしょ？もうぞくぞく来るわ。,
85307,mp4000,44181,44132,44043,43980,,,unmatched,evo,布拉姆，你看，那流线型的舰桥构造！,憧れの先輩を生誕祭に誘ったらなんとＯＫしてくれたんだよ！,
85308,mp4000,44183,44096,44049,43992,,,unmatched,evo,鲁迪，你看，那流线型的舰桥构造！,仕事でツライこともあったけど今までがんばってきて良かったなぁ。,
85309,mp4000,44185,44108,44054,44004,,,unmatched,evo,真是太棒了！我激动得全身颤抖啊。,うう、なんだかちょっと泣けてきたよ。,
85310,mp4000,44193,44132,44181,44132,,,unmatched,evo,我邀请心仪已久的前辈来参加诞生庆典，她竟然很痛快地答应了！,憧れの先輩を生誕祭に誘ったらなんとＯＫしてくれたんだよ！,
85311,mp4000,44195,44144,44183,44096,,,unmatched,evo,虽然曾在工作中遇到过很多挫折，但能坚持到现在，真是太值得了。,でも、せっかく王都に来たのにずっと発着場にいるなんてやだぞ。,
85312,mp4000,44197,44156,44185,44108,,,unmatched,evo,呜呜，说着说着，我都想哭了。,う～、なんとか先輩を誘導してもっとムーディな場所に移動しないと。,
85313,mp4000,44552,44227,44193,44132,,,unmatched,evo,我邀请心仪已久的前辈来参加诞生庆典，她竟然很痛快地答应了！,あっ、君たち！,
85314,mp4000,44556,,44195,44144,43627,ch0010100427,vector_search (0.91),evo,不过，好不容易来到王都，她却一直待在起降坪。真是的。,？？？,？？？
85315,mp4000,44561,44251,44197,44156,,,unmatched,evo,唔～我一定要想办法把前辈带到有情调的地方。,？？？,
85316,mp4000,44566,44263,44552,44227,,,unmatched,evo,啊，是你们！,ほら俺だよ、俺！,
85317,mp4000,44568,44275,44556,44245,,,unmatched,evo,？？？,ちょっと前に、ヴォルフ砦から手紙の配達を頼んだブラムだよ！,
85318,mp4000,44572,44293,44561,44251,,,unmatched,evo,？？？,ああ～、あの時の兵士さんね。,
85319,mp4000,44577,44299,44566,44263,,,unmatched,evo,是我啊！,ああ～、あの時の兵士さんね。,
85320,mp4000,44584,,44568,44275,7796,ch0020020258,exact,evo,我就是之前在沃尔费堡垒请你们帮忙送信的布拉姆！,お久しぶりです。,お久しぶりです。
85321,mp4000,44589,,44572,44293,7796,ch0020020258,exact,evo,哦～是那个士兵先生啊。,お久しぶりです。,お久しぶりです。
85322,mp4000,44594,44335,44577,44299,,,unmatched,evo,哦～是那个士兵先生啊。,いや～、本当にお礼の言葉もないよ。,
85323,mp4000,44596,44347,44584,44317,,,unmatched,evo,好久不见了。,あの手紙のお陰で、この通りフェイと仲直りできたんだからね。,
85324,mp4000,44600,44365,44589,44323,,,unmatched,evo,好久不见了。,良かったじゃない。おめでとう♪,
85325,mp4000,44605,44371,44594,44335,,,unmatched,evo,哎呀～真不知道该怎么感谢你们。,良かったじゃない。おめでとう♪,
85326,mp4000,44610,,44596,44347,24239,ch0010170363,exact,evo,多亏那封信，我和绯已经重归于好了。,うん、ありがとう。,うん、ありがとう。
85327,mp4000,44612,44395,44600,44365,,,unmatched,evo,那可太好了，恭喜你们♪,あれ、そういえば君たちも今日は２人っきりなんだね。,
85328,mp4000,44616,44413,44605,44371,,,unmatched,evo,那可太好了，恭喜你们♪,えっ……！？,
85329,mp4000,44621,44419,44610,44383,,,unmatched,evo,嗯，谢谢。,えっ……！？,
85330,mp4000,44628,,44612,44395,,,conflict,evo,哎，说起来，今天只有你们两人啊。,ま、まあ、そうなんだけど……,
85331,mp4000,44633,44443,44616,44413,,,unmatched,evo,哎……！？,ま、まあ、そうなんだけど……,
85332,mp4000,44638,44455,44621,44419,,,unmatched,evo,哎……！？,うんうん、今日はお互いに勝負の日になりそうだね。,
85333,mp4000,44640,44467,44628,44437,,,unmatched,evo,嗯、嗯……是的……,君たちにも幸福が訪れることを祈ってるよ！,
85334,mp4000,44644,,44633,44443,30446,ch0010170712,exact,evo,嗯、嗯……是的……,う、うん、ありがと。,う、うん、ありがと。
85335,mp4000,44649,,44638,44455,30446,ch0010170712,exact,evo,嗯，看样子，对我们双方来说，今天都是个很关键的日子啊！,う、うん、ありがと。,う、うん、ありがと。
85336,mp4000,44660,44515,44640,44467,,,unmatched,evo,愿你们两个也能得到幸福！,今日はお互いに勝負の日になりそうだね。,
85337,mp4000,44662,44527,44644,44485,,,unmatched,evo,嗯……谢谢。,君たちにとっても幸福な生誕祭になることを祈ってるよ！,
85338,mp4000,44789,44740,44649,44491,,,unmatched,evo,嗯……谢谢。,公社に飛行船の機体を売り込みに来たんだけど……,
85339,mp4000,44791,44752,44660,44515,,,unmatched,evo,对我们双方来说，今天都是个很关键的日子啊！,色々と取り込み中でそれどころじゃないみたいだね。,
85340,mp4000,44793,44716,44662,44527,,,unmatched,evo,祝你们度过一个幸福的诞生庆典！,新型エンジンのプロジェクトも心配だし、１度ツァイスに帰ることにしたよ。,
85341,mp4000,44801,44740,44789,44740,,,unmatched,evo,我原本是来推销新型飞行船的……,公社に飛行船の機体を売り込みに来たんだけど……,
85342,mp4000,44803,44752,44791,44752,,,unmatched,evo,但这里异常忙乱，看来我来得不是时候……,色々と取り込み中でそれどころじゃないみたいだね。,
85343,mp4000,44877,44842,44793,44716,,,unmatched,evo,而且我有些担心新型引擎的研制计划，还是先回蔡斯一趟吧。,そろそろ僕も街のほうへ行ってみようかな。,
85344,mp4000,44879,44854,44801,44740,,,unmatched,evo,我原本是来推销新型飞行船的……,きっと、今頃すごく賑わっていると思うよ。,
85345,mp4000,44938,44903,44803,44752,,,unmatched,evo,但这里异常忙乱，看来我来得不是时候……,女王様の病気ってデマだったんですって？,
85346,mp4000,44940,44915,44877,44842,,,unmatched,evo,我要去街区逛逛了。,よかったわ……すごく心配しちゃったんだから。,
85347,mp4000,44999,44964,44879,44854,,,unmatched,evo,那边现在肯定非常热闹。,お姫さま、きれいだったね～。,
85348,mp4000,45001,44976,44938,44903,,,unmatched,evo,女王陛下生病一事只是谣言吗？,ぽわ～んとなっちゃったよ。,
85349,mp4000,45060,45025,44940,44915,,,unmatched,evo,太好了……我一直都很担心。,どうなるかと思いましたが今年も孫と女王様のお顔を見ることができました。,
85350,mp4000,45062,45037,44999,44964,,,unmatched,evo,公主殿下好漂亮啊～,いや、よかったよかった。,
85351,mp4000,45121,45086,45001,44976,,,unmatched,evo,我真是大吃一惊。,グランセル城は完全に封鎖だ。,
85352,mp4000,45123,45098,45060,45025,,,unmatched,evo,之前还怕有什么意外呢，结果今年也能和孙子一起一睹女王陛下的风采。,たとえ誰であっても通すなという命令が出ている。,
85353,mp4000,45182,45147,45062,45037,,,unmatched,evo,哎呀，太好了，太好了。,お前たちは武術大会で優勝した遊撃士か。,
85354,mp4000,45184,45159,45121,45086,,,unmatched,evo,格兰赛尔城完全封锁。,晩餐会は終わったんだ。さっさとギルドへ帰るんだな。,
85355,mp4000,45719,45262,45123,45098,,,unmatched,evo,上面下了命令，无论是谁也不能通行。,ユリア中尉がテロリストって話も信じられなかったけど……,
85356,mp4000,45721,45274,45182,45147,,,unmatched,evo,你们是在武术大会取得冠军的游击士吧。,リシャール大佐がクーデターの首謀者だったなんて同じくらい信じられないぜ。,
85357,mp4000,45723,45238,45184,45159,,,unmatched,evo,晚宴已经结束了。快回游击士协会去吧。,あんなにいい人なのにどうしてだろな。,
85358,mp4000,45731,45262,45719,45214,,,unmatched,evo,尤莉亚中尉是恐怖分子的说法让我难以置信……,ユリア中尉がテロリストって話も信じられなかったけど……,
85359,mp4000,45733,45274,45721,45226,,,unmatched,evo,而理查德上校是政变的主谋这一点同样让我难以置信……,リシャール大佐がクーデターの首謀者だったなんて同じくらい信じられないぜ。,
85360,mp4000,45751,45304,45723,45238,,,unmatched,evo,那么优秀的一个人，怎么会做出这种事来啊。,よう、城の中はゆっくり見物できたかい？,
85361,mp4000,45760,45328,45731,45262,,,unmatched,evo,尤莉亚中尉是恐怖分子的说法让我难以相信……,ようこそ女王陛下のグランセル城へ！,
85362,mp4000,45762,,45733,45274,,,conflict,evo,而理查德上校是政变的主谋这件事同样让我难以相信……,そのまま中に入ったら案内係が待っているはずだぜ。,
85363,mp4000,45771,45364,45751,45304,,,unmatched,evo,哟，在王城里好好参观了吗？,あーあ、ユリア中尉は今頃どうしてるかなぁ。,
85364,mp4000,45773,45376,45760,45328,,,unmatched,evo,欢迎来到女王陛下的格兰赛尔城！,あの人に挨拶することが毎日の楽しみだったんだがな。,
85365,mp4000,45782,45400,45762,45340,,,unmatched,evo,你们进去之后，就会有接待人员前来迎接。,俺たちゃ今夜から市内を巡回しないといけないそうだ。,
85366,mp4000,45784,45412,45771,45364,,,unmatched,evo,啊～尤莉亚中尉现在怎么样了？,テロリストが捕まらないから厳しく見まわるんだってよ。,
85367,mp4000,45786,45424,45773,45376,,,unmatched,evo,和她打声招呼是我每天的一大期待。,特務部隊の尻拭いをどうして正規軍の俺たちにやらせるのかねぇ。,
85368,mp4000,45795,45448,45782,45400,,,unmatched,evo,从今晚开始，我们要在市内巡逻。,特務部隊の連中は大会で勝ち続けているらしいな。,
85369,mp4000,45797,45460,45784,45412,,,unmatched,evo,因为还没抓到恐怖分子，所以必须要严加防范。,試合に出るより早く親衛隊の連中を捜索してほしいものだぜ。,
85370,mp4000,45808,45490,45786,45424,,,unmatched,evo,我们正规军为什么要给特务部队收拾烂摊子啊？,リシャール大佐はずいぶんと忙しいみたいだな。,
85371,mp4000,45810,45502,45795,45448,,,unmatched,evo,特务部队的那些家伙在大会中连战连胜啊。,女王様が倒れてからほとんど城の外に姿を見せてないぜ。,
85372,mp4000,45812,45550,45797,45460,,,unmatched,evo,相比参加比赛，我更希望他们尽快去搜捕亲卫队的人。,そういえば情報部の本部も一時的に城の中へ移したみたいだな。,
85373,mp4000,45820,45538,45808,45490,,,unmatched,evo,理查德上校似乎非常忙。,リシャール大佐は女王様が倒れてからほとんど城の外に姿を見せてないぜ。,
85374,mp4000,45822,45550,45810,45502,,,unmatched,evo,自从女王陛下生病之后，就很少能在王城外面看到他了。,そういえば情報部の本部も一時的に城の中へ移したみたいだな。,
85375,mp4000,45834,45574,45812,45550,,,unmatched,evo,说起来，情报部的总部好像要暂时转移到王城内。,リシャール大佐は俺も尊敬しているけど情報部の特務部隊の連中はなぁ……,
85376,mp4000,45836,45586,45820,45538,,,unmatched,evo,女王陛下生病后，就几乎很少能在城外看见理查德上校。,腕が立つのは認めるがどこか不気味で軍の中でも色々と言われてるんだ。,
85377,mp4000,45845,45610,45822,45550,,,unmatched,evo,说起来，情报部的总部好像要暂时转移到王城内。,リシャール大佐はまあ確かに立派な人だな。,
85378,mp4000,45847,45622,45834,45574,,,unmatched,evo,我很尊敬理查德上校。不过，至于情报部特务部队的那些家伙……,軍の中でも人気があって情報部に転属したがっているやつらは多いみたいなんだ。,
85379,mp4000,45856,45646,45836,45586,,,unmatched,evo,我承认他们有实力，但总觉得他们有些古怪。军队中有很多人都这么想。,城内見物は無理だけどそんなに気を落とさないでくれや。,
85380,mp4000,45858,,45845,45610,53071,ch2160100837,exact,evo,理查德上校确实是个优秀的人。,グランセルの街には他にも名所がたくさんあるからな。,グランセルの街には他にも名所がたくさんあるからな。
85381,mp4000,45867,,45847,45622,58653,ch2330130666,normalized,evo,他在军队中很有人望，不少人都慕名转到情报部。,ちょっと待った。,ちょっと待った……
85382,mp4000,45869,45694,45856,45646,,,unmatched,evo,虽然不能进城参观，但也不要这么沮丧嘛。,申しわけないが城は今立ち入りを禁止してるんだ。,
85383,mp4000,46420,45893,45858,45658,,,unmatched,evo,格兰赛尔这座城市中还有很多值得参观的地方呢。,クーデターを企んでいたのが城内にいる情報部だったなんてショックだよ。,
85384,mp4000,46422,45905,45867,45682,,,unmatched,evo,请留步。,でも、こうやって無事に生誕祭が行えて本当によかった。,
85385,mp4000,46437,45935,45869,45694,,,unmatched,evo,很抱歉，王城目前禁止入内。,やあ、晩餐会はどうだったんだい？,
85386,mp4000,46439,45947,46420,45893,,,unmatched,evo,这场政变竟然是王城内的情报部策动的，我真是太震惊了。,宮廷料理なんて警護の時に見るだけで食べたことはないんだよなぁ。,
85387,mp4000,46448,,46422,45905,,,conflict,evo,不过，庆典能顺利召开，真是太好了。,それでは皆さん、よき夕べを。,
85388,mp4000,46457,45995,46437,45935,,,unmatched,evo,哟，晚宴怎么样啊？,さっき、宮廷料理の材料が城内に運ばれていったよ。,
85389,mp4000,46459,46007,46439,45947,,,unmatched,evo,我只在执行警卫工作时见过宫廷料理，从来都没品尝过。,多分、今日の晩餐会に使うものじゃないかな。,
85390,mp4000,46470,46037,46448,45971,,,unmatched,evo,祝各位度过一个愉快的夜晚。,今日から市内全域の警戒を強めるんだって。,
85391,mp4000,46472,46049,46457,45995,,,unmatched,evo,宫廷料理的专用食材刚才已经运到王城内了。,大佐の副官にあたるカノーネ大尉が指揮を取るみたいだよ。,
85392,mp4000,46474,46061,46459,46007,,,unmatched,evo,多半会用来烹制今天这场晚宴中的料理。,やっぱりリシャール大佐はずいぶん忙しいみたいだね。,
85393,mp4000,46482,46085,46470,46085,,,unmatched,evo,从今天开始，全城的警备力度都加强了。,今日から市内全域の警戒を強めるみたいだよ。,
85394,mp4000,46484,46097,46472,46097,,,unmatched,evo,警备任务由上校的副官凯诺娜上尉负责指挥。,大佐の副官にあたるカノーネ大尉が指揮を取るんだって。,
85395,mp4000,46496,46121,46474,46061,,,unmatched,evo,理查德上校果然很忙啊。,女王様の病気については俺たちも詳しくは知らされていないんだ。,
85396,mp4000,46498,46133,46482,46085,,,unmatched,evo,从今天开始，全城的警备力度都加强了。,どうなっているのかさすがにちょっと不安だよ。,
85397,mp4000,46507,46157,46484,46097,,,unmatched,evo,警备任务由上校的副官凯诺娜上尉负责指挥。,大会本戦の１回戦が終わったみたいだね。,
85398,mp4000,46509,46169,46496,46121,,,unmatched,evo,唉……我们也不太了解女王陛下详细病情。,王都警備隊から出場している連中はどうなったのかな？,
85399,mp4000,46520,46247,46498,46133,,,unmatched,evo,今后究竟会怎样呢？真是有些不安。,デュナン公爵の評判は城の中でも最悪だよ。,
85400,mp4000,46522,46211,46507,46157,,,unmatched,evo,大会正赛的第一回合比赛好像已经结束了。,誰が見ても食って寝て遊んでいるだけだからね。,
85401,mp4000,46524,46259,46509,46169,,,unmatched,evo,代表王国警备队出战的那些人赢了没有？,リシャール大佐がいなかったらと思うとぞっとするよ。,
85402,mp4000,46532,46247,46520,46199,,,unmatched,evo,杜南公爵是王城中最让人讨厌的人。,デュナン公爵の評判は城の中でも最悪だよ。,
85403,mp4000,46534,46259,46522,46211,,,unmatched,evo,除了吃、睡、玩之外，就没见他干过别的事。,リシャール大佐がいなかったらと思うとぞっとするよ。,
85404,mp4000,46548,46289,46524,46223,,,unmatched,evo,要不是有理查德上校在，真不知道会是什么样子。,武術大会の予選が終わったみたいだね。,
85405,mp4000,46550,46301,46532,46247,,,unmatched,evo,杜南公爵就算在王城里也很招人讨厌。,今年は団体戦だから試合数は少ないんだってね。,
85406,mp4000,46552,46349,46534,46259,,,unmatched,evo,要不是有理查德上校在，真不知道会成什么样子。,本戦もいつもと違って午後から始まるらしいよ。,
85407,mp4000,46560,46337,46548,46289,,,unmatched,evo,武术大会的预赛好像已经结束了。,今年の武術大会は団体戦だから試合数は少ないんだってね。,
85408,mp4000,46562,46349,46550,46301,,,unmatched,evo,今年的武术大会是团体战，所以比赛场次比以往少。,本戦もいつもと違って午後から始まるらしいよ。,
85409,mp4000,46574,,46552,46349,53072,ch2170100838,exact,evo,正赛和预赛不一样，是在下午进行的。,せっかくの王都見物だ。のんびり観光を楽しむといいよ。,せっかくの王都見物だ。のんびり観光を楽しむといいよ。
85410,mp4000,46583,46397,46560,46337,,,unmatched,evo,因为今年的武术大会是团体战，比赛场次比以往减少了一些呢。,今、城の見学はできないよ。,
85411,mp4000,46944,,46562,46349,46662,ch0100101485,exact,evo,正赛和预赛不一样，是在下午进行的。,あ、あなたがたは……,あ、あなたがたは……
85412,mp4000,46948,,46574,46373,46663,ch0010101486,exact,evo,好不容易来一次王都，就请舒舒服服地享受观光的乐趣吧。,あ、シスターのエレンさんだ。,あ、シスターのエレンさんだ。
85413,mp4000,46953,,46583,46397,46663,ch0010101486,exact,evo,现在不能进城参观。,あ、シスターのエレンさんだ。,あ、シスターのエレンさんだ。
85414,mp4000,46960,,46944,46655,46664,ch0020101487,exact,evo,啊，是你们……,どうしたんですか、こんなところで。,どうしたんですか、こんなところで。
85415,mp4000,46965,,46948,46673,46664,ch0020101487,blockwise,evo,啊，是修女艾伦啊。,どうしたんですか、こんなところで。,どうしたんですか、こんなところで。
85416,mp4000,46972,,46953,46679,46665,ch0100101488,blockwise,evo,啊，是修女艾伦啊。,え、ええ……お使いに出たら道に迷ってしまいまして。,え、ええ……お使いに出たら道に迷ってしまいまして。
85417,mp4000,46976,,46960,46697,46666,ch0020101489,blockwise,evo,怎么了？在这种地方。,もしよければ、大聖堂まで送りましょうか？,もしよければ、大聖堂まで送りましょうか？
85418,mp4000,46981,,46965,46703,46666,ch0020101489,blockwise,evo,怎么了？在这种地方。,もしよければ、大聖堂まで送りましょうか？,もしよければ、大聖堂まで送りましょうか？
85419,mp4000,46986,,46972,46727,46667,ch0100101490,blockwise,evo,这、这……我出来办点事情，结果却迷了路。,あ、兵士の方に今道を教えてもらったのでもう大丈夫です。,あ、兵士の方に今道を教えてもらったのでもう大丈夫です。
85420,mp4000,46990,,46976,46745,46668,ch0010101491,blockwise,evo,如果可以的话，让我们送您回大教堂好吗？,そっか、じゃあ気をつけてね。,そっか、じゃあ気をつけてね。
85421,mp4000,46995,,46981,46751,46668,ch0010101491,exact,evo,如果可以的话，让我们送您回大教堂好吗？,そっか、じゃあ気をつけてね。,そっか、じゃあ気をつけてね。
85422,mp4000,47000,,46986,46763,46669,ch0100101492,exact,evo,啊，士兵刚才已经告诉我怎么走了，已经没问题了。,ええ、ありがとうございます。,ええ、ありがとうございます。
85423,mp4000,47008,,46990,46781,46659,ch0100101482,blockwise,evo,这样啊，那你路上小心哦。,わ、私はもともと方向音痴なんです。,わ、私はもともと方向音痴なんです。
85424,mp4000,47010,,46995,46787,46660,ch0100101483,blockwise,evo,这样啊，那你路上小心哦。,グランセルの市街はまだまだ不慣れでして……,グランセルの市街はまだまだ不慣れでして……
85425,mp4000,47014,,47000,46799,46661,ch0020101484,blockwise,evo,嗯，谢谢你们。,……そうですか。,……そうですか。
85426,mp4000,47019,,47008,46823,46661,ch0020101484,exact,evo,我、我是个路痴。,……そうですか。,……そうですか。
85427,mp4000,47090,47067,47010,46835,,,unmatched,evo,对格兰赛尔的大街还不是很熟悉。,もう……パパったら何度点呼を取れば気がすむのよ。,
85428,mp4000,47149,47114,47014,46853,,,unmatched,evo,……是这样啊。,今日もうちの旦那は絶好調ね。,
85429,mp4000,47151,47126,47019,46859,,,unmatched,evo,……是这样啊。,困ったものだわ……,
85430,mp4000,47198,47175,47090,47067,,,unmatched,evo,真是的……爸爸他究竟要点过多少次名才罢休嘛。,はっはっはっ、みんなそれじゃあ点呼を取るぞー。,
85431,mp4000,47257,47222,47149,47114,,,unmatched,evo,今天我的老公又是状态极佳。,えっと……ここはどのあたりかしら？,
85432,mp4000,47259,47234,47151,47126,,,unmatched,evo,真是没办法啊……,地図がないと迷っちゃうわね……,
85433,mp4000,47306,47283,47198,47175,,,unmatched,evo,哈～哈～哈，接下来就开始点名吧～,さーて、せっかく王都に来たんだから色々と回ってみたいなぁ。,
85434,mp4000,47365,47330,47257,47222,,,unmatched,evo,嗯……这附近是什么地方呢？,あれ、まぁ、おじいさん。こんなホテルに泊まれるんですか？,
85435,mp4000,47367,47342,47259,47234,,,unmatched,evo,没有地图所以迷路了……,たいそう立派な建物ですねぇ。,
85436,mp4000,47438,47391,47306,47283,,,unmatched,evo,嗯，好不容易来王都一趟，一定要到处去逛逛。,娘夫妻が還暦祝いに王都旅行をプレゼントしてくれてな。,
85437,mp4000,47440,47403,47365,47330,,,unmatched,evo,哎呀，我说老伴儿啊，就在这个酒店里面住下如何？,せっかくだから女王様の生誕祭に合わせて来たんじゃよ。,
85438,mp4000,47442,47415,47367,47342,,,unmatched,evo,真是异常华丽的建筑呢。,いやいや、１度でいいから王都を見物したかったんじゃ。,
85439,mp4000,47501,47466,47438,47391,,,unmatched,evo,我的女儿女婿为了给我们庆祝六十大寿，特地用王都旅行作为祝寿的礼物。,よーし、撮るぞー！,
85440,mp4000,47503,47478,47440,47403,,,unmatched,evo,既然是她俩的好意，我们就来了，正好也碰上女王陛下的诞生庆典。,……泊まらなくても記念写真とお手洗いを借りるのはタダだよね。,
85441,mp4000,47562,47527,47442,47415,,,unmatched,evo,哎呀，哪怕只有一次机会，能来王都游览一下也很不错呢。,ああ、もう……,
85442,mp4000,47564,47539,47501,47466,,,unmatched,evo,准～备，咔嚓！,これだからパパと来るのはイヤだったのよね。,
85443,mp4000,47623,47588,47503,47478,,,unmatched,evo,……我们不打算在这里住宿，所以要趁现在多照一些照片作为纪念才行。,なるほど、壮麗さと歴史を感じさせる風格を兼ね備えた街並みだね。,
85444,mp4000,47625,47600,47562,47527,,,unmatched,evo,啊，又来了……,それでいて落ち着きがあって……やっぱり共和国の街とは違うなぁ。,
85445,mp4000,47684,47649,47564,47539,,,unmatched,evo,就是因为这样，所以我讨厌和爸爸一起来这里。,そうよ、きっと見間違いよ。,
85446,mp4000,47686,47661,47623,47588,,,unmatched,evo,果然如此，既壮丽又富有历史气息，这些街道真是两者兼备啊。,しかも、学校の制服を着て歩いてるなんてねぇ。,
85447,mp4000,47757,47710,47625,47600,,,unmatched,evo,而且给人以安定的感觉……果然和共和国的城市不一样。,やぁーねぇ、奥さんったら！,
85448,mp4000,47759,47722,47684,47649,,,unmatched,evo,是呀，肯定是看错了呢。,姫さまはさっきまでお城のテラスにいらしたのよ。,
85449,mp4000,47761,47734,47686,47661,,,unmatched,evo,而且从那里走过的女孩穿的还是学校的校服呢。,着替えて出てきたとしても早すぎるんじゃないの？,
85450,mp4000,47832,47785,47757,47710,,,unmatched,evo,哎呀，夫人真是的！,そうそう、そこの角でね……,
85451,mp4000,47834,47797,47759,47722,,,unmatched,evo,公主殿下刚才还在王城的阳台上面呢。,クローディア姫に似た女の子を見かけたのよー。,
85452,mp4000,47836,47809,47761,47734,,,unmatched,evo,如果说是换了着装到外面来，是不是也太快了一点呢？,もしかして本人じゃないかしら？,
85453,mp4000,47883,47860,47832,47785,,,unmatched,evo,对呀对呀，就在那边的拐角……,パパ、ジュース飲みたいよー。,
85454,mp4000,47942,47907,47834,47797,,,unmatched,evo,我看到了一个和克萝蒂雅公主长得很相似的女孩哦～,サイフを取られないよう腹巻の中にしまったんだが……,
85455,mp4000,47944,47919,47836,47809,,,unmatched,evo,难道真的是她本人吗？,あれれ？どこ行っちゃったのかな……,
85456,mp4000,48003,47968,47883,47860,,,unmatched,evo,爸爸，我要喝果汁嘛～,王都の守りは我々特務部隊の管轄となった。,
85457,mp4000,48005,47980,47942,47907,,,unmatched,evo,我的钱包应该不会被偷去的，因为我把它放在腰包里面了……,ま、他のやつらがいても我々の足手まといだからな。,
85458,mp4000,48052,48029,47944,47919,,,unmatched,evo,哎呀？怎么不见了呢……,どけどけ！邪魔するんじゃねぇっ！,
85459,mp4000,48099,48076,48003,47968,,,unmatched,evo,王都的守卫现在由我们特务部队来担当。,ふん、こちらのほうに異常はないみたいだな。,
85460,mp4000,48296,,48005,47980,44574,ch0310141580,exact,evo,也好，如果原来那些家伙还在，只会拖我们后腿。,あのリシャール大佐がまさかクーデターとは……,あのリシャール大佐がまさかクーデターとは……
85461,mp4000,48298,48135,48052,48029,,,unmatched,evo,让开让开！别妨碍执行公务！,信じられないし信じたくないよ。本当に尊敬してたのにな。,
85462,mp4000,48313,48165,48099,48076,,,unmatched,evo,嗯，这边的情况没有异常。,警備の邪魔するなよ。,
85463,mp4000,48315,48177,48296,48123,,,unmatched,evo,那位理查德上校是政变的策划人……,生誕祭にテロリストが紛れ込んだら大変だからな。,
85464,mp4000,48324,48201,48298,48135,,,unmatched,evo,不敢相信更加不愿去相信，我真的很尊敬他的。,あの特務部隊チームが負けたらしいな。,
85465,mp4000,48326,48213,48313,48165,,,unmatched,evo,不要妨碍警备哦。,遊撃士もやるじゃないか。,
85466,mp4000,48335,48237,48315,48177,,,unmatched,evo,如果让恐怖分子混入诞生庆典就不得了了。,リシャール大佐はすごい人だと思うよ。,
85467,mp4000,48337,48249,48324,48201,,,unmatched,evo,那个特务部队在决赛中竟然输了。,君たちもそう思わないかい？,
85468,mp4000,48346,48273,48326,48213,,,unmatched,evo,游击士干得不赖呀。,遊撃士でも怪しいことしたら逮捕するからな。,
85469,mp4000,48531,48370,48335,48237,,,unmatched,evo,理查德上校真是个很厉害的人。,結局、親衛隊の連中だけがだまされることなく女王様を守ろうとしてたんだな。,
85470,mp4000,48533,48382,48337,48249,,,unmatched,evo,你们也是这么认为的吧？,……あいつらは王国軍の鑑だよ。あらためて敬意を表するぜ。,
85471,mp4000,48548,48412,48346,48273,,,unmatched,evo,如果干了什么可疑的事，就算是游击士也要逮捕。,それにしても親衛隊の連中がテロとはいまだに信じられん。,
85472,mp4000,48550,48424,48531,48370,,,unmatched,evo,结果，亲卫队的队员言而有信地成功守护了女王陛下。,軍の中でも特殊な位置づけだけに色々言われてはいるがヤツらは大したものだと思うぜ。,
85473,mp4000,48559,48448,48533,48382,,,unmatched,evo,……他们是王国军的榜样，再次向他们表示敬意。,こっちに異常はないようだ。,
85474,mp4000,48561,48460,48548,48412,,,unmatched,evo,就算到现在我还是无法相信亲卫队的人就是恐怖分子。,ふう、そろそろ交代の時間だな。,
85475,mp4000,48570,48484,48550,48424,,,unmatched,evo,正因为他们在军队中位置特殊，所以才会惹来那么多非议吧，但我还是觉得他们很厉害呢。,悪いな、今は忙しいんだ。,
85476,mp4000,48579,48508,48559,48448,,,unmatched,evo,这里没有异常。,悪いが警備の邪魔をしないでくれ。,
85477,mp4000,48764,48603,48561,48460,,,unmatched,evo,呼，差不多该是换班的时间了。,異常なし！,
85478,mp4000,48766,48615,48570,48484,,,unmatched,evo,抱歉，我们现在很忙。,警備を交代したら俺も街をまわってみたいなぁ。,
85479,mp4000,48781,48645,48579,48508,,,unmatched,evo,很抱歉，请不要妨碍巡逻。,何か変わったことがあったらすぐに教えてね。,
85480,mp4000,48790,48669,48764,48603,,,unmatched,evo,没有异常！,親衛隊がテロなんて本当なのかなぁ……,
85481,mp4000,48792,48681,48766,48615,,,unmatched,evo,因为警备是轮流执行的，所以我也要在街道上巡逻啊。,ここだけの話だけど俺には信じられないよ。,
85482,mp4000,48801,48705,48781,48645,,,unmatched,evo,如果有什么异常情况，请马上告诉我。,もし親衛隊を見つけても戦いになったら勝ち目はないよ。,
85483,mp4000,48803,48717,48790,48669,,,unmatched,evo,据说亲卫队是恐怖分子，这是真的吗……,彼らの強さは有名だからね。,
85484,mp4000,48812,48741,48792,48681,,,unmatched,evo,悄悄告诉你们，我也不相信这件事呢。,親衛隊のメンバーらしき者を見かけたらすぐに教えてくれ。,
85485,mp4000,49063,48836,48801,48705,,,unmatched,evo,就算找到了亲卫队，一旦动手我们也未必有胜算。,道の上はなるべく立ち止まらないで歩いてくださーい！,
85486,mp4000,49078,48866,48803,48717,,,unmatched,evo,因为他们的强大是出了名的。,生誕祭まであと少しだな。,
85487,mp4000,49080,48878,48812,48741,,,unmatched,evo,如果看见有像亲卫队的人，请马上过来报告。,その前に何とかテロの犯人たちを捕まえたいところだよ。,
85488,mp4000,49089,48902,49063,48836,,,unmatched,evo,不要光在街上站着不动，请到处走走看看！,決勝戦が終わったらしいな。,
85489,mp4000,49091,48914,49078,48866,,,unmatched,evo,很快就要到诞生庆典了。,どっちが勝ったんだろう……,
85490,mp4000,49102,48944,49080,48878,,,unmatched,evo,在那之前一定要千方百计将恐怖分子们抓住啊。,今日は決勝戦か……,
85491,mp4000,49104,48992,49089,48902,,,unmatched,evo,决赛好像结束了。,俺は特務部隊のやつらは好きじゃないから遊撃士を応援するぜ。,
85492,mp4000,49106,49004,49091,48914,,,unmatched,evo,是哪一方获胜了呢……,大きな声じゃ言えないがな。,
85493,mp4000,49114,48992,49102,48944,,,unmatched,evo,今天是决赛日啊……,俺は特務部隊のやつらは好きじゃないから遊撃士を応援するぜ。,
85494,mp4000,49116,49004,49104,48992,,,unmatched,evo,我不太喜欢特务部队那些家伙，所以我决定支持你们游击士。,大きな声じゃ言えないがな。,
85495,mp4000,49128,49028,49106,49004,,,unmatched,evo,不要告诉别人哦。,せっかくのお祭りムードに水を差すようで悪いけど警備を強化するよう言われたんだ。,
85496,mp4000,49130,49040,49114,48992,,,unmatched,evo,我不太喜欢特务部队那些家伙，所以我决定支持你们游击士。,市民のみんなには協力してもらわなくては。,
85497,mp4000,49549,49154,49116,49004,,,unmatched,evo,不要告诉别人哦。,生誕祭といっても配達屋は休日にはならないんだ。,
85498,mp4000,49551,49166,49128,49028,,,unmatched,evo,难得大家都沉浸在节日的气氛当中，给你们泼冷水真是很抱歉，但是上面命令我们必须加强警备。,サービス業のつらいところだよね。,
85499,mp4000,49560,49190,49130,49040,,,unmatched,evo,必须得到广大市民的配合才行呢。,発着場が軍に封鎖されたままで入ることができないんだ。,
85500,mp4000,49562,49202,49549,49154,,,unmatched,evo,诞生庆典并不意味着是邮递员的休息日。,この荷物を配り終わったら仕事がなくなっちゃうよ。,
85501,mp4000,49571,49226,49551,49166,,,unmatched,evo,反而是服务行业最忙的时候呢。,昨日、飛行船の発着場にたくさん兵士が来てたな。,
85502,mp4000,49573,49238,49560,49190,,,unmatched,evo,起降坪被军队给封锁了，已经不能进入了。,一体何があったんだろう……,
85503,mp4000,49582,49262,49562,49202,,,unmatched,evo,等这个货物邮递完毕后就没有其他任务了。,次号のリベール通信は武術大会特集らしいね。,
85504,mp4000,49584,49274,49571,49226,,,unmatched,evo,昨天，起降坪来了好多士兵。,今から楽しみだよ。,
85505,mp4000,49593,49298,49573,49238,,,unmatched,evo,到底发生了什么事……,最近あちらこちらで兵士の尋問にあって仕事がはかどらないんだ。,
85506,mp4000,49595,49310,49582,49262,,,unmatched,evo,下次的《利贝尔通信》好像会出武术大会特辑。,まったく迷惑な話だよ。,
85507,mp4000,49604,49334,49584,49274,,,unmatched,evo,我从现在开始就很期待了。,えっと、次の届け先は……,
85508,mp4000,49606,49346,49593,49298,,,unmatched,evo,最近王都大大小小的角落都有一大群士兵在巡逻，搞得我工作也不顺利。,もう夕方だし急がなきゃ。,
85509,mp4000,49615,49370,49595,49310,,,unmatched,evo,真是一群给人添麻烦的人。,さて、と……,
85510,mp4000,49617,49382,49604,49334,,,unmatched,evo,嗯，下面要把东西送到……,この荷物を届け終わったら発着場に戻って休憩しようかな。,
85511,mp4000,49626,49406,49606,49346,,,unmatched,evo,已经傍晚了，必须快点啊。,あて先が汚い字で書かれていて読めない時もあるんだ……,
85512,mp4000,49628,49418,49615,49370,,,unmatched,evo,那么……,困ったなぁ……,
85513,mp4000,49637,49442,49617,49382,,,unmatched,evo,将这些货物送完之后，就回起降坪休息吧。,ああ、僕も仕事さえなければ武術大会の見物に行きたいよ。,
85514,mp4000,49639,49454,49626,49406,,,unmatched,evo,有时候收信人的地址写得不工整导致看不清楚……,配達の仕事ってなかなか休みが自由にもらえないんですよね。,
85515,mp4000,49648,49478,49628,49418,,,unmatched,evo,很麻烦呢……,郵便物を取りに空港へ戻ったら王家の飛行船《アルセイユ》が兵士たちに取り囲まれていたよ。,
85516,mp4000,49650,49490,49637,49442,,,unmatched,evo,啊，如果不是因为工作的话，我肯定已经去观看武术大会了。,一体何があったんだろうな……穏やかじゃない雰囲気だったよ。,
85517,mp4000,49659,49514,49639,49454,,,unmatched,evo,邮递员的工作很多，哪有什么休息的时间啊。,えっと、次の届け物は……,
85518,mp4000,49661,49526,49648,49478,,,unmatched,evo,我回空港去取邮寄的物品时，却发现王家飞行船《埃尔赛尤号》被士兵给包围了。,ふう、王都は広いから僕たち配達屋は大変だよ。,
85519,mp4000,50394,49691,49650,49490,,,unmatched,evo,究竟发生了什么事……感觉不是很太平啊。,やれやれ……思った通りずいぶんと仕事がたまってしまったようだ。,
85520,mp4000,50396,49739,49659,49514,,,unmatched,evo,嗯，接下来要送的东西是……,これからが大変だがあのカシウス大佐が復帰されたんだ。,
85521,mp4000,50398,49751,49661,49526,,,unmatched,evo,呼，王都实在是太大了，对于我们这些邮递员来说真是灾难啊。,我々も頑張らなくてはね！,
85522,mp4000,50406,49739,50394,49691,,,unmatched,evo,哎呀呀……不出所料，工作已经堆积如山了。,これからが大変だがあのカシウス大佐が復帰されたんだ。,
85523,mp4000,50408,49751,50396,49739,,,unmatched,evo,虽然接下来会很辛苦，但是现在卡西乌斯上校回来了。,我々も頑張らなくてはね！,
85524,mp4000,50420,49775,50398,49715,,,unmatched,evo,我们一定要努力了！,布告もないまま王都守備隊がいなくなって特務部隊が出てくるなんて……,
85525,mp4000,50422,49787,50406,49739,,,unmatched,evo,虽然接下来会很辛苦，但是现在卡西乌斯上校回来了。,どう考えても王城で恐るべき事が起こっているとしか思えないのだが……,
85526,mp4000,50431,49811,50408,49751,,,unmatched,evo,那我们就一定要努力了！,何だか街の中で特務兵の姿をよく見るようになったな……,
85527,mp4000,50433,49823,50420,49775,,,unmatched,evo,没有任何公告的情况下，王都守卫队突然撤离，特务部队却出现了……,逆にまだ親衛隊の者たちが捕まってないということだな。,
85528,mp4000,50444,49853,50422,49787,,,unmatched,evo,不管怎么想，都觉得是王城里发生了什么可怕的事件……,情報部の連中はよく慇懃無礼な態度で情報の提供を求めてきたものだ。,
85529,mp4000,50446,49913,50431,49811,,,unmatched,evo,总觉得最近在街上老是能看到特务兵的身影……,同じリベール王国を支える者であるにも関わらず我々役人に友好的ではなかったね。,
85530,mp4000,50448,49877,50433,49823,,,unmatched,evo,即便如此，还是没能抓到亲卫队的那些人。,特にあのカノーネ大尉に反感を持っている者は少なくないよ。,
85531,mp4000,50456,49901,50444,49901,,,unmatched,evo,情报部的家伙们经常用很蛮横的态度来打听情报。,情報部の連中はよく昂然とした顔で情報の提供を求めてきたものだ。,
85532,mp4000,50458,49913,50446,49913,,,unmatched,evo,同样是为利贝尔王国服务的工作人员，他们对我们很不友好。,同じリベール王国を支える者であるにも関わらず我々役人に友好的ではなかったね。,
85533,mp4000,50472,49991,50448,49877,,,unmatched,evo,特别是凯诺娜上尉，对她抱反感的人有不少。,噂では《アルセイユ》も軍が差し押さえているそうじゃないか。,
85534,mp4000,50474,49955,50456,49901,,,unmatched,evo,情报部的家伙们经常用很蛮横的态度来打听情报。,確かにあの船のスタッフと親衛隊は交流があったみたいだがあれは王家の船のはずだ。,
85535,mp4000,50476,50003,50458,49913,,,unmatched,evo,同样是为利贝尔王国服务的工作人员，他们对我们很不友好。,リシャール大佐と言えどあまり愉快な気持ちではないね。,
85536,mp4000,50484,49991,50472,49991,,,unmatched,evo,传说中的《埃尔赛尤号》也被军队接管起来了。,噂では《アルセイユ》も軍が差し押さえているそうじゃないか。,
85537,mp4000,50486,50003,50474,49955,,,unmatched,evo,虽然那艘飞艇的成员和亲卫队的人有交往，不过不管怎么说，那可是王家的飞艇啊。,リシャール大佐と言えどあまり愉快な気持ちではないね。,
85538,mp4000,50500,50081,50476,50003,,,unmatched,evo,就算是那个理查德上校，这样做也会让人不愉快的。,リシャール大佐と言えども親衛隊の捜索には大分苦労しているようだ。,
85539,mp4000,50502,50045,50484,49991,,,unmatched,evo,传说中的《埃尔赛尤号》也被军队接管起来了。,親衛隊は昔から王都の市民には大変人気があるからね。,
85540,mp4000,50504,50093,50486,50003,,,unmatched,evo,就算是那个理查德上校，这样做也会让人不愉快的。,新参者の情報部が市民たちの協力を得るのは難しいかもしれないな。,
85541,mp4000,50512,50081,50500,50081,,,unmatched,evo,就算是理查德上校，搜捕起亲卫队来也着实非常的辛苦。,リシャール大佐と言えども親衛隊の捜索には大分苦労しているようだ。,
85542,mp4000,50514,50093,50502,50045,,,unmatched,evo,因为亲卫队一直都相当受王都市民的欢迎。,新参者の情報部が市民たちの協力を得るのは難しいかもしれないな。,
85543,mp4000,50528,50171,50504,50093,,,unmatched,evo,情报部作为新来的，一时间很难得到市民们的配合。,我々、文官の中でも親衛隊に同情している者は多いみたいなんだ。,
85544,mp4000,50530,50135,50512,50081,,,unmatched,evo,就算是理查德上校，搜捕起亲卫队来也着实非常的辛苦。,テロがあった時刻に彼らはエルベ離宮方面で演習中だったはずだからね。,
85545,mp4000,50532,50147,50514,50093,,,unmatched,evo,情报部作为新来的，一时间很难得到市民们的配合。,アリバイがあるにも関わらず陛下が逮捕命令を出すとは思えないんだがな……,
85546,mp4000,50540,50171,50528,50171,,,unmatched,evo,我们文官当中好像也有很多人同情亲卫队呢。,我々、文官の中でも親衛隊に同情している者は多いみたいなんだ。,
85547,mp4000,50554,50249,50530,50135,,,unmatched,evo,恐怖事件发生的时候，他们应该在艾尔贝离宫那边进行演习吧。,そう言えば休暇をもらった日に情報部の兵士たちが親衛隊の隊士を連行していくのを見たよ。,
85548,mp4000,50556,50213,50532,50147,,,unmatched,evo,虽然他们有不在场证明，但没想到陛下还是下了逮捕令呢……,何でも王城に残っていた隊士は全員捕まったそうだ。,
85549,mp4000,50558,50261,50540,50171,,,unmatched,evo,我们文官当中好像也有很多人同情亲卫队呢。,ユリア・シュバルツ中尉も一体どうなったことか……,
85550,mp4000,50566,50249,50554,50249,,,unmatched,evo,对了，我在休假的时候还看到情报部的士兵押送着亲卫队的人呢。,そう言えば休暇をもらった日に情報部の兵士たちが親衛隊の隊士を連行していくのを見たよ。,
85551,mp4000,50568,50261,50556,50213,,,unmatched,evo,好像是把王城剩下的亲卫队成员都逮捕了。,ユリア・シュバルツ中尉も一体どうなったことか……,
85552,mp4000,50580,50285,50558,50261,,,unmatched,evo,尤莉亚·舒华兹中尉现在到底怎么样了……,急に休みをもらっても過ごし方に困ってしまって……,
85553,mp4000,50582,50297,50566,50249,,,unmatched,evo,对了，我在休假的时候还看到情报部的士兵押送着亲卫队的人呢。,城の政務のほうもどうなっているのか心配だな。,
85554,mp4000,50591,50321,50568,50261,,,unmatched,evo,尤莉亚·舒华兹中尉现在到底怎么样了……,王城には最近しきりにリシャール大佐が出入りしていました。,
85555,mp4000,50593,50333,50580,50285,,,unmatched,evo,突然间可以休假了，还真是有些不太习惯……,ご病気中の女王様がきっと信頼できる彼を要塞から呼び寄せたんでしょう。,
85556,mp4000,50602,50357,50582,50297,,,unmatched,evo,对于王城的公务反而有些放心不下了。,私は城に勤めているんだが先日、女王代理の公爵から休暇を取るように突然言われてね。,
85557,mp4000,50604,50369,50591,50321,,,unmatched,evo,最近一段时间，理查德上校时常在王城出入。,女王陛下がご病気でただでさえ政務が滞るのに休んでいていいんだろうか……,
85558,mp4000,51227,50628,50593,50333,,,unmatched,evo,身体欠佳的女王陛下一定很信任他，才把他从要塞那里叫了回来。,久しぶりに女王様のお姿を見ることができたわ。,
85559,mp4000,51229,50640,50602,50357,,,unmatched,evo,我本来是在王城里工作的，几天前，代替女王行使政权的公爵突然宣布让我们休假。,今までの不安がいっぺんに吹き飛んでしまったわ。,
85560,mp4000,51238,50664,50604,50369,,,unmatched,evo,说是因为女王陛下身体欠佳而暂时不进行政务，休息一段时间……,いつもの兵隊さんたちはあわただしく引き上げていったわ。,
85561,mp4000,51240,50676,51227,50628,,,unmatched,evo,终于看到好久不见的女王陛下的身影了呢。,お城を守っている人たちも黒い兵士に変わったのよ。,
85562,mp4000,51242,50688,51229,50640,,,unmatched,evo,这样一来所有的担心和顾虑就都一扫而空了。,何だかイヤな予感がするわね。,
85563,mp4000,51253,50718,51238,50664,,,unmatched,evo,平常的那些士兵们都匆匆忙忙地撤离了。,武術大会も終わって女王様のお誕生日まであと少しよね。,
85564,mp4000,51255,50730,51240,50676,,,unmatched,evo,守卫王城的人变成了黑衣士兵。,それなのに市民には何の情報も入ってこないのよ。,
85565,mp4000,51257,50742,51242,50688,,,unmatched,evo,有些不好的预感。,まあ、女王様の代理があのデュナン公爵じゃ不思議ではないけど……,
85566,mp4000,51265,50766,51253,50718,,,unmatched,evo,武术大会结束了，离女王陛下的生日已经很近了。,武術大会も終わって女王様のお誕生日まであとわずかなのに……,
85567,mp4000,51267,50778,51255,50730,,,unmatched,evo,但是我们还是不知道陛下病情的详细情况啊。,市民には何の続報も入ってこないのよ。,
85568,mp4000,51279,50802,51257,50742,,,unmatched,evo,唉，本来让那个杜南公爵担任女王陛下的代理我就觉得很不可思议了……,もう夕方になっちゃったわ。早く帰らなきゃ。,
85569,mp4000,51288,50826,51265,50766,,,unmatched,evo,武术大会结束了，离女王陛下的生日也已经没有几天了……,武術大会はいよいよ今日が最終日ね。,
85570,mp4000,51290,50838,51267,50778,,,unmatched,evo,可还是得不到关于陛下病情的详细情况啊。,今日くらいは私もアリーナまで見に行ってみようかしら。,
85571,mp4000,51299,50862,51279,50802,,,unmatched,evo,已经到傍晚了。要快点回家了。,黒い格好した兵士が城に出入りしているのをときどき見かけるけど……,
85572,mp4000,51301,50874,51288,50826,,,unmatched,evo,武术大会今天到了决赛日啊。,彼らは一体何者なの？,
85573,mp4000,51312,50952,51290,50838,,,unmatched,evo,至少今天还是要去现场看看的。,王城の門の前って広場みたいになってるでしょ？,
85574,mp4000,51314,50964,51299,50862,,,unmatched,evo,常常可以看见穿黑衣服的士兵在王城中出入……,生誕祭の日はあそこから女王様の姿を見ることができるの。,
85575,mp4000,51316,50928,51301,50874,,,unmatched,evo,他们到底是什么人啊？,でも、このまま行けば今年の生誕祭はどうなるのかしら。,
85576,mp4000,51324,50952,51312,50952,,,unmatched,evo,王城的城门前面不是有个很大的广场吗？,王城の門の前って広場みたいになってるでしょ？,
85577,mp4000,51326,50964,51314,50964,,,unmatched,evo,诞生庆典当天可以从那里一睹女王陛下的风采。,生誕祭の日はあそこから女王様の姿を見ることができるの。,
85578,mp4000,51340,50994,51316,50928,,,unmatched,evo,不过，照现在这样下去的话，今年的诞生庆典会怎么样呢？,王城内は普段なら空中庭園まで入って見学することができるのよ。,
85579,mp4000,51342,51006,51324,50952,,,unmatched,evo,王城的城门前面不是有个很大的广场吗？,ヴァレリア湖から吹く爽やかな風と庭園の緑の香りが本当に心地いいの。,
85580,mp4000,51344,51054,51326,50964,,,unmatched,evo,诞生庆典当天可以从那里一睹女王陛下的风采。,今は無理だけど入れるようになったら是非行ってみることをお勧めするわ。,
85581,mp4000,51352,51042,51340,50994,,,unmatched,evo,以前是可以到王城的空中庭园去进行参观游览的。,王城内にある空中庭園はヴァレリア湖から吹く爽やかな風と庭園の緑の香りが本当に心地いいの。,
85582,mp4000,51354,51054,51342,51006,,,unmatched,evo,从瓦雷利亚湖吹面而来的清爽凉风和空中庭园里植被的清香让人神清气爽。,今は無理だけど入れるようになったら是非行ってみることをお勧めするわ。,
85583,mp4000,51366,51078,51344,51054,,,unmatched,evo,虽然现在不能进去了，不过无论如何我还是要推荐一下。,少し前までは申し込みさえすれば王城の中を見学できたのよ。,
85584,mp4000,51368,51090,51352,51042,,,unmatched,evo,站在王城的空中庭园，从瓦雷利亚湖吹面而来的清爽凉风和空中庭园里植被的清香让人神清气爽。,女王さまが病気になってからは見学は全て断っているみたいね。,
85585,mp4000,51379,51120,51354,51054,,,unmatched,evo,虽然现在不能进去了，不过无论如何我还是要推荐一下。,この前、あのデュナン公爵が城門前で駄々こねてたわ。,
85586,mp4000,51381,51132,51366,51078,,,unmatched,evo,不久前还是只要通过申请就可以进王城参观的。,全く、女王様がご病気とは言えあんな人が代理だなんて……,
85587,mp4000,51383,51168,51368,51090,,,unmatched,evo,可是因为女王陛下身体欠佳，所以参观的事情基本无望了。,アリシア女王はリベールの誇りだけどデュナン公爵は恥そのものよね。,
85588,mp4000,51391,51168,51379,51120,,,unmatched,evo,之前，那个杜南公爵又在城门外耍无赖。,アリシア女王はリベールの誇りだけどデュナン公爵は恥そのものよね。,
85589,mp4000,51403,51192,51381,51132,,,unmatched,evo,真是的，就算是女王陛下身体欠佳，也不该找那种代理人啊……,武術大会が始まってるのにこのあたりはいつもより観光客が少ないみたいね。,
85590,mp4000,51405,51204,51383,51168,,,unmatched,evo,艾莉茜雅女王是利贝尔的骄傲，而杜南公爵则是耻辱。,きっと王城の一般公開が中止されたせいよ。,
85591,mp4000,51452,51429,51391,51168,,,unmatched,evo,艾莉茜雅女王是利贝尔的骄傲，而杜南公爵则是耻辱。,へー、ここがグランセルだいせーどーかぁ。,
85592,mp4000,51499,51476,51403,51192,,,unmatched,evo,武术大会虽然开始了，但这周围的观光客好像比平时还要少了一些。,へぇ、ここがグランセル大聖堂かぁ。,
85593,mp4000,51558,51523,51405,51204,,,unmatched,evo,肯定是因为王城禁止对外开放的缘故。,今日はお祈りさせてもらえるのかしら？,
85594,mp4000,51560,51535,51452,51429,,,unmatched,evo,啊～这里就是格兰赛尔大教堂呀～,女王様の誕生日に礼拝できたらいい記念になるんですけど。,
85595,mp4000,51607,51584,51499,51476,,,unmatched,evo,啊，这里就是格兰赛尔大教堂呀。,さすがグランセルは住宅街までもが優雅ですなぁ。,
85596,mp4000,51666,51631,51558,51523,,,unmatched,evo,你们今天去教堂祈祷了吗？,ほほう、あれが有名なリベール通信の建物か。,
85597,mp4000,51668,51643,51560,51535,,,unmatched,evo,在女王陛下的诞辰日去做礼拜，很有纪念意义。,中を見学することってできるのかな？,
85598,mp4000,51727,51692,51607,51584,,,unmatched,evo,不愧是格兰赛尔，连住宅区的景色都这么优美。,このお店、雰囲気がいいよね。,
85599,mp4000,51729,51704,51666,51631,,,unmatched,evo,哦，那就是有名的利贝尔通信社大楼吧？,そんなに疲れていないけど一休みしていこうかな。,
85600,mp4000,51776,51753,51668,51643,,,unmatched,evo,不知道让不让进去参观。,うむ、王都のコーヒーは香りもそこはかとなく高級な気がするわい。,
85601,mp4000,51823,51800,51727,51692,,,unmatched,evo,这家店的气氛真不错啊。,ちょうど席が空いていて助かったよ。,
85602,mp4000,51870,51847,51729,51704,,,unmatched,evo,虽然并不是很累，但还是想进去坐坐。,わわ、紙ふぶきがカップの中に！,
85603,mp4000,51929,51894,51776,51753,,,unmatched,evo,唔，王都的咖啡有种难以名状的香味，感觉很高级。,城内にはロランス隊長がいるから問題ないだろう。,
85604,mp4000,51931,51906,51823,51800,,,unmatched,evo,这里正巧有空座位，真是太好了。,市街のほうは我々がしっかりやらなくては……,
85605,mp4000,51990,51955,51870,51847,,,unmatched,evo,哇，彩纸屑飘到杯子里了！,お前たちは……確か大会の優勝者だったな。,
85606,mp4000,51992,51967,51929,51894,,,unmatched,evo,王城内有洛伦斯队长把守，不会有任何问题。,くれぐれも怪しい真似はするんじゃないぞ。,
85607,mp4000,52231,52016,51931,51906,,,unmatched,evo,我们必须要努力镇守市区……,情報部の残党がここを襲う可能性もあるからね。,
85608,mp4000,52233,52028,51990,51955,,,unmatched,evo,你们是……武术大会的冠军吧？,しばらく見張りを続けることになったんだ。,
85609,mp4000,52248,52058,51992,51967,,,unmatched,evo,可不要做出什么可疑的举动哦。,さっきからここの社員が騒いでいるみたいだけど何かあったのかな？,
85610,mp4000,52250,52070,52231,52016,,,unmatched,evo,因为情报部的残党有可能会袭击这里。,気になるなぁ……,
85611,mp4000,52259,52094,52233,52028,,,unmatched,evo,短时间内，还是应该坚持巡逻。,もう夕暮れか……,
85612,mp4000,52261,52106,52248,52058,,,unmatched,evo,从刚才开始，这里的员工就一直心神不宁的，发生什么事了吗？,もうすぐ交代の時間だけど今日は夜の巡回当番もあるんだ。,
85613,mp4000,52270,52130,52250,52070,,,unmatched,evo,真让人担心啊……,さっき出てきた女の子に写真を撮ってもらったんだ。,
85614,mp4000,52272,52142,52259,52094,,,unmatched,evo,已经天黑了啊……,おじさん、かわいいって言われちゃったよ。,
85615,mp4000,52281,52166,52261,52106,,,unmatched,evo,马上就到换班时间了，今晚轮到我值班巡逻呢。,ここに何か用事かい？,
85616,mp4000,52283,52178,52270,52130,,,unmatched,evo,我请刚才遇到的女孩帮我拍了一张照片。,ここの社員は厳重にチェックするよう命令が出ているんだ。,
85617,mp4000,52636,52337,52272,52142,,,unmatched,evo,她对我说“叔叔，你很可爱哦”。,やっぱり王都の警備は王都守備隊がやらなくっちゃな！,
85618,mp4000,52651,52367,52281,52166,,,unmatched,evo,来这里有什么事吗？,女王様の病気がどうなのか俺たちも教えてもらっていないんだ。,
85619,mp4000,52653,52379,52283,52178,,,unmatched,evo,上级有令，让我严密监视这里的员工。,とりあえずは命令通り警備を続けるさ。,
85620,mp4000,52664,52457,52636,52337,,,unmatched,evo,王都的警备工作还是应该由我们王都守卫队来负责！,親衛隊の連中を見つけても戦いたくないよ。,
85621,mp4000,52666,52469,52651,52367,,,unmatched,evo,连我们都不知道女王陛下的病情如何。,もともと同じ王国軍だし、まずかなわないと思うんだよな。,
85622,mp4000,52668,52433,52653,52379,,,unmatched,evo,不管怎么说，还是遵照命令，继续警戒吧。,投降してくれると助かるんだけどね。,
85623,mp4000,52676,52457,52664,52457,,,unmatched,evo,就算发现亲卫队的人，我也不想和他们战斗。,親衛隊の連中を見つけても戦いたくないよ。,
85624,mp4000,52678,52469,52666,52469,,,unmatched,evo,毕竟大家都是王国军的成员，更重要的是我打不过他们。,もともと同じ王国軍だし、まずかなわないと思うんだよな。,
85625,mp4000,52692,52547,52668,52433,,,unmatched,evo,他们要是能投降就好了。,でへへ……,
85626,mp4000,52694,52559,52676,52457,,,unmatched,evo,就算发现亲卫队的人，我也不想和他们战斗。,さっき、ここのシスターさんに挨拶されちゃったよ。,
85627,mp4000,52696,52523,52678,52469,,,unmatched,evo,毕竟大家都是王国军的成员，更重要的是我打不过他们。,よし、今日も王都の平和のために頑張るぞ！,
85628,mp4000,52704,52547,52692,52547,,,unmatched,evo,嘿嘿……,でへへ……,
85629,mp4000,52706,52559,52694,52559,,,unmatched,evo,这里的修女刚才和我打了招呼。,さっき、ここのシスターさんに挨拶されちゃったよ。,
85630,mp4000,52718,52583,52696,52523,,,unmatched,evo,好，为了王都的和平，我今天也要继续努力！,重要な施設は定期的に巡回することになっているんだ。,
85631,mp4000,52969,52772,52704,52547,,,unmatched,evo,嘿嘿……,モルガン将軍はお孫さんを人質に取られていたらしいね。,
85632,mp4000,52971,52784,52706,52559,,,unmatched,evo,这里的修女刚才和我打了招呼。,あのリシャール大佐がそんなことするなんて……,
85633,mp4000,52986,52814,52718,52583,,,unmatched,evo,我们现在要定期巡逻，检查城内的各个重要设施。,この家の女の子が帰らないらしいんだ。,
85634,mp4000,52988,52826,52969,52772,,,unmatched,evo,据说摩尔根将军的孙女也被抓去当人质了。,俺から本部に報告はしたんだけど早く見つかるといいよな。,
85635,mp4000,52997,52850,52971,52784,,,unmatched,evo,理查德上校竟然会干出这种事……,今日の昼間は珍しく休みをもらえたんだ。,
85636,mp4000,52999,52862,52986,52814,,,unmatched,evo,这家人的女孩一直没回家。,おかげで疲れていた体を休めることができたよ。,
85637,mp4000,53001,52874,52988,52826,,,unmatched,evo,我已经向本部报告了情况，希望能尽快找到她。,でも、なぜか休みをもらえたのは俺だけなのさ。,
85638,mp4000,53003,52886,52997,52850,,,unmatched,evo,我今天白天得到了休假，真难得。,他のみんなに悪いよなぁ……,
85639,mp4000,53018,52916,52999,52862,,,unmatched,evo,多亏如此，疲惫的身体总算得到了休息。,噂じゃモルガン将軍もテロ対策のためにずいぶん忙しいらしいな。,
85640,mp4000,53617,53072,53001,52874,,,unmatched,evo,不过，为什么只让我休息呢？,リシャール大佐がクーデターの黒幕だったなんて……,
85641,mp4000,53619,53084,53003,52886,,,unmatched,evo,总觉得很对不住其他人啊……,俺たちは知らなかったとはいえそれに協力しちゃってたんだな……,
85642,mp4000,53628,53108,53018,52916,,,unmatched,evo,据说摩尔根将军为了对付恐怖分子，忙得不可开交。,何だかよく分からないうちに王都警備隊が引き上げて情報部の特務兵が出てきたんだ。,
85643,mp4000,53630,53120,53617,53072,,,unmatched,evo,理查德上校竟然是这起政变事件的幕后元凶……,城のほうは一体どうなっているんだろう……,
85644,mp4000,53639,53144,53619,53084,,,unmatched,evo,我们虽然一直都被蒙在鼓里，但毕竟还是协助了他……,遊撃士を名乗るテロリストが逃亡しているってウワサだよ。,
85645,mp4000,53641,53156,53628,53108,,,unmatched,evo,还没搞清楚是怎么回事，王都守卫队就撤离了，情报部的特务兵紧跟着就来了。,何でもツァイスの検問が突破されて、その後行方が分からないそうだ。,
85646,mp4000,53650,53180,53630,53120,,,unmatched,evo,王城那边究竟发生了什么事呢……,大会が無事に終わったみたいだね。,
85647,mp4000,53652,53192,53639,53144,,,unmatched,evo,据说有个自称为游击士的恐怖分子在四处逃亡。,大会中にテロリストの襲撃がなくてよかったよ。,
85648,mp4000,53663,53270,53641,53156,,,unmatched,evo,他突破了蔡斯的检查哨之后，就一直行踪不明。,そういえば国境師団の連中が武術大会に出るために来てたんだけど……,
85649,mp4000,53665,53282,53650,53180,,,unmatched,evo,武术大会已经顺利落幕了。,モルガン将軍と連絡が取れなくて困ってたな。,
85650,mp4000,53667,53246,53652,53192,,,unmatched,evo,大会上没有发生恐怖袭击事件，真是太好了。,帝国方面で何かあったんじゃないだろうなぁ。,
85651,mp4000,53675,53270,53663,53270,,,unmatched,evo,说起来国境师团的那帮人为了参加武术大会来到这里了……,そういえば国境師団の連中が武術大会に出るために来てたんだけど……,
85652,mp4000,53677,53282,53665,53282,,,unmatched,evo,但一直联络不上摩尔根将军，真是伤脑筋。,モルガン将軍と連絡が取れなくて困ってたな。,
85653,mp4000,53691,53360,53667,53246,,,unmatched,evo,是不是帝国那边有什么情况？,リシャール大佐はグランセル城に入ったきり姿を見せていないんだ。,
85654,mp4000,53693,53372,53675,53270,,,unmatched,evo,说起来国境师团的那帮人为了参加武术大会来到这里了……,テロリスト対策のために来たならエルベ離宮にいかなくていいのかな？,
85655,mp4000,53695,53336,53677,53282,,,unmatched,evo,但一直联络不上摩尔根将军，真是伤脑筋。,それとも公爵が頼りないから女王様に頼まれて残ってるのかな。,
85656,mp4000,53703,53360,53691,53360,,,unmatched,evo,自从理查德上校进入格兰赛尔城之后，我就再也没见过他。,リシャール大佐はグランセル城に入ったきり姿を見せていないんだ。,
85657,mp4000,53705,53372,53693,53372,,,unmatched,evo,他不是为了对付恐怖分子而来的吗，为什么不留守在艾尔贝离宫的总部呢？,テロリスト対策のために来たならエルベ離宮にいかなくていいのかな？,
85658,mp4000,53717,53396,53695,53336,,,unmatched,evo,那个公爵很不可靠，能相信的人只有女王陛下了。,情報部に特務部隊が作られたとは聞いたけど……,
85659,mp4000,53719,53408,53703,53360,,,unmatched,evo,自从理查德上校进入格兰赛尔城之后，我就再也没见过他。,何でも腕の立つヤツらばかりスカウトしたらしいぞ。,
85660,mp4000,53728,53432,53705,53372,,,unmatched,evo,他不是为了对付恐怖分子而来的吗，为什么不留守在艾尔贝离宫的总部呢？,ラッセル博士って言えばオーブメントを発明したすごい人の弟子だろ？,
85661,mp4000,53730,53444,53717,53396,,,unmatched,evo,情报部组建了一支特务部队……,その人をさらって親衛隊は何するつもりなんだろ？,
85662,mp4000,53739,53468,53719,53408,,,unmatched,evo,据说其中的成员都是上校选拔的精英。,手配中の人物は全員親衛隊のメンバーなんだけど……,
85663,mp4000,53741,53480,53728,53432,,,unmatched,evo,说起拉赛尔博士，就是那位发明导力器的伟人的徒弟吧？,手配されてたら親衛隊の制服を着て街を歩いてるワケないよなぁ。,
85664,mp4000,53752,53510,53730,53444,,,unmatched,evo,亲卫队竟然绑架了博士，他们到底想干什么呢？,数日前からリシャール大佐が王城にいらっしゃっているんだ。,
85665,mp4000,53754,53522,53739,53468,,,unmatched,evo,目前正在通缉的犯人全都是亲卫队的成员……,レイストン要塞からこの港に来たんだけどかっこいい人だよな～。,
85666,mp4000,53756,53570,53741,53480,,,unmatched,evo,既然已经被通缉，他们就肯定不会穿着亲卫队的制服在大街上到处走了。,あれで頭もいいし、武術もできるっていうんだから人気あるのもうなずけるよ。,
85667,mp4000,53764,53558,53752,53510,,,unmatched,evo,从几天前到现在，理查德上校一直都在王城。,リシャール大佐ってかっこいい人だよな～。,
85668,mp4000,53766,53570,53754,53522,,,unmatched,evo,他是从雷斯顿要塞来到这个港口的，真是个很帅气的人啊～,あれで頭もいいし、武術もできるっていうんだから人気あるのもうなずけるよ。,
85669,mp4000,53778,53594,53756,53570,,,unmatched,evo,头脑过人，而且武艺高超，难怪这么受欢迎。,この先は港だが今はテロリスト対策のために立ち入り禁止なんだ。,
85670,mp4000,54347,53802,53764,53558,,,unmatched,evo,理查德上校真是太帅了～,ふーっ、生誕祭が無事に行われてようやくほっとしたよ。,
85671,mp4000,54358,53832,53766,53570,,,unmatched,evo,头脑过人，而且武艺高超，难怪这么受欢迎。,あわわ、兵士たちの話を聞いちゃったんだけど……,
85672,mp4000,54360,53844,53778,53594,,,unmatched,evo,前面是港口。为了防范恐怖分子，现在禁止入内。,あの親衛隊が王都に乗り込んでくるらしいじゃないか。,
85673,mp4000,54362,53892,54347,53802,,,unmatched,evo,呼～诞生庆典能顺利举行，真是让我松了一口气。,テロ事件の噂は本当だったのか。俺も避難したほうがいいのかな……,
85674,mp4000,54370,53880,54358,53832,,,unmatched,evo,哇，我听那些士兵说……,あの親衛隊が王都に乗り込んで来るらしいじゃないか。,
85675,mp4000,54372,53892,54360,53844,,,unmatched,evo,亲卫队的人都潜伏在王都。,テロ事件の噂は本当だったのか。俺も避難したほうがいいのかな……,
85676,mp4000,54384,53916,54362,53892,,,unmatched,evo,恐怖袭击事件的传闻难道是真的吗？我是不是应该去避难呢……,今日の朝早くそこで大聖堂のシスターさんとすれ違ったよ。,
85677,mp4000,54386,53928,54370,53880,,,unmatched,evo,据说亲卫队的人都潜伏在王都。,あんなに早い時間にどこへ行ったんだろうね。,
85678,mp4000,54395,53952,54372,53892,,,unmatched,evo,恐怖袭击事件的传闻难道是真的吗？我是不是应该去避难呢……,いつもなら徹夜で騒ぐ人たちがいるんだけど……,
85679,mp4000,54397,53964,54384,53916,,,unmatched,evo,今天早上我和大教堂的一位修女擦肩而过。,さすがに今年は無理だろうなぁ。,
85680,mp4000,54406,53988,54386,53928,,,unmatched,evo,那么早就出门，她要去哪里呢？,昨日の夜から兵士の巡回が増えたみたいだね。,
85681,mp4000,54408,54000,54395,53952,,,unmatched,evo,以往总有通宵吵闹的人……,せっかく大会が盛り上がってるのにどこの店も早く閉まっちゃってシラけちゃうなぁ。,
85682,mp4000,54417,54024,54397,53964,,,unmatched,evo,但今年倒是不会有了。,見張りの兵士の数が増えたね。,
85683,mp4000,54419,54036,54406,53988,,,unmatched,evo,从昨天晚上开始，巡逻的士兵增加了不少啊。,何だか物騒だなぁ……,
85684,mp4000,54428,54060,54408,54000,,,unmatched,evo,难得有武术大会这种大型活动，结果所有店铺都要早早关门，真让人扫兴。,城も離宮も波止場も封鎖されちゃって何だか息苦しいよなぁ。,
85685,mp4000,54430,54072,54417,54024,,,unmatched,evo,巡逻的士兵增加了。,武術大会でも見にいこうかな。,
85686,mp4000,54441,54150,54419,54036,,,unmatched,evo,总觉得有些不太平啊……,この近くにある大聖堂は観光名所にもなっているんだ。,
85687,mp4000,54443,54114,54428,54060,,,unmatched,evo,王城、离宫和港口都被封锁了，让我有种窒息的感觉。,王国にある七耀教会の建物の中でも最も古くからあるって聞いているよ。,
85688,mp4000,54445,54126,54430,54072,,,unmatched,evo,还是去看看武术大会的比赛吧。,今は武術大会のほうに人が集まってるけど普段はもう少しにぎやかなんだ。,
85689,mp4000,54453,54150,54441,54150,,,unmatched,evo,这附近的大教堂也是个观光胜地。,この近くにある大聖堂は観光名所にもなっているんだ。,
85690,mp4000,54455,54162,54443,54114,,,unmatched,evo,据说那是整个王国中建造时间最早的七耀教会礼拜堂。,今は武術大会のほうに人が集まってるけど普段はもう少しにぎやかだよ。,
85691,mp4000,54467,54186,54445,54162,,,unmatched,evo,大家都跑去看武术大会的比赛了，所以这里没有平时热闹。,この街区にはあのリベール通信社があるんだ。,
85692,mp4000,54469,54198,54453,54150,,,unmatched,evo,这附近的大教堂也是个观光胜地。,近くのコーヒーハウスで記者たちが打ち合わせているのを時々見かけるよ。,
85693,mp4000,54480,54228,54455,54162,,,unmatched,evo,大家都跑去看武术大会的比赛了，所以这里没有平时热闹。,この西街区には住宅が多くあのモルガン将軍の家もあるんだ。,
85694,mp4000,54482,54240,54467,54186,,,unmatched,evo,著名的利贝尔通信社就在这个街区。,将軍は忙しくてなかなか帰ってこられないみたいだけどね。,
85695,mp4000,54484,54252,54469,54198,,,unmatched,evo,在附近的咖啡厅里，经常能看到记者们在商讨工作。,でも、生誕祭の時期には毎年帰ってきているんだよ。,
85696,mp4000,54492,54276,54480,54228,,,unmatched,evo,这个西街区有很多住宅，摩尔根将军的家也在这里。,モルガン将軍は忙しくてなかなか王都の自宅には帰ってこられないみたいだよ。,
85697,mp4000,54494,54288,54482,54240,,,unmatched,evo,但他一直都很忙，所以很少回家。,でも、生誕祭の時期には毎年帰ってきているんだ。,
85698,mp4000,54506,54312,54484,54288,,,unmatched,evo,不过，在每年的诞生庆典时期，他都会回来的。,さっき、手錠をつけたヤツらが兵士に連れられていったよ。,
85699,mp4000,54508,54324,54492,54276,,,unmatched,evo,摩尔根将军的家就在王都。但他一直都很忙，所以很少回家。,封鎖されている波止場のほうから来たみたいだったな。,
85700,mp4000,54915,54532,54494,54288,,,unmatched,evo,不过，在每年的诞生庆典时期，他都会回来的。,女王様とクローディア姫、お２人とも元気そうだったわね。,
85701,mp4000,54917,54544,54506,54312,,,unmatched,evo,就在刚才，有几个戴着手铐的家伙被士兵押送过去了。,ところでデュナン公爵の姿が見えなかったけど、どうしたのかしらね？,
85702,mp4000,54926,54568,54508,54324,,,unmatched,evo,他们好像是从已被封锁的的港口那边过来的。,な、何が起きるのかしら……,
85703,mp4000,54935,54592,54915,54532,,,unmatched,evo,女王陛下和克萝蒂雅公主，她们二位看起来都很有精神呢。,生誕祭にはせめてクローディア姫のお姿だけでも見たいわ。,
85704,mp4000,54937,54604,54917,54544,,,unmatched,evo,话说回来，一直没见到杜南公爵啊，这是怎么回事呢？,とても可憐で可愛らしいのよ。あんな子が娘だったらねぇ。,
85705,mp4000,54946,54628,54926,54568,,,unmatched,evo,发、发生什么事了……,今年は兵士がいるせいかハメを外す人があまりいないわね。,
85706,mp4000,54948,54640,54935,54592,,,unmatched,evo,我希望能在诞生庆典上亲眼目睹克萝蒂雅公主的英姿。,これはこれでいいのかしら……,
85707,mp4000,54957,54664,54937,54604,,,unmatched,evo,我要是有个那么楚楚动人的女儿就好了。,大会の最終日は街中いつもすごい騒ぎなのよ。,
85708,mp4000,54959,54676,54946,54628,,,unmatched,evo,今年有士兵到处巡逻，所以基本没有不守秩序的人。,今年はどうなるのかしらね。,
85709,mp4000,54968,54700,54948,54640,,,unmatched,evo,这样倒也不错……,あら、もう夕方なの……,
85710,mp4000,54970,54712,54957,54664,,,unmatched,evo,每到武术大会的最后一天，城里都会非常热闹。,やあね、年を取ると１日が過ぎるのが早いわ。,
85711,mp4000,54979,54736,54959,54676,,,unmatched,evo,不知今年将会怎样呢。,武術大会をやっている間に百貨店に行ってこようかしら。,
85712,mp4000,54981,54748,54968,54700,,,unmatched,evo,啊，天都黑了啊……,試合のあいだは店が空いていて気分がいいのよね。,
85713,mp4000,54990,54772,54970,54712,,,unmatched,evo,真是的，上了年纪之后，就觉得每天都过得很快。,早く帰って夕飯の支度をしなきゃ。,
85714,mp4000,54999,54796,54979,54736,,,unmatched,evo,趁着武术大会的比赛正在进行，我去百货商店逛逛吧。,今年の大会は割引きなしってどういうことかしら……,
85715,mp4000,55001,54808,54981,54748,,,unmatched,evo,在比赛期间，店里很清静，逛起来非常爽。,チケット代が高いから今年は見に行くのをあきらめたわ。,
85716,mp4000,55010,54832,54990,54772,,,unmatched,evo,必须赶快回家准备晚饭了。,女王様が病気なのに武術大会だけ開かれても嬉しさ半減ね。,
85717,mp4000,55012,54844,54999,54796,,,unmatched,evo,今年的武术大会不卖打折票，这是为什么呢……,あの評判が悪いデュナン公爵の主催ってところが複雑なのよ。,
85718,mp4000,55014,54856,55001,54808,,,unmatched,evo,门票太贵了，今年就不去看了。,リシャール大佐もあんな人のお守りをさせられて大変ね。,
85719,mp4000,55023,54880,55010,54832,,,unmatched,evo,女王陛下身体欠佳，就算举办武术大会，也没法让人开心。,テロ事件の噂って本当なのかしら？,
85720,mp4000,55025,54892,55012,54844,,,unmatched,evo,而且主办者还是那个差劲的杜南公爵，让人有种说不出的感觉。,私としちゃ、これで物の値段が上がったりしなきゃいいけど……,
85721,mp4000,55084,55049,55014,54856,,,unmatched,evo,理查德上校还要看护那种人，真是难为他了。,今年はおじいちゃん帰ってこないし大会にも出ないみたい……,
85722,mp4000,55086,55061,55023,54880,,,unmatched,evo,听说发生了恐怖袭击事件，是真的吗？,つまらないからお外で遊ぶの。,
85723,mp4000,55145,,55025,54892,,,conflict,evo,对我而言，只要物价不因此上涨就好了……,リアンヌちゃ～ん！,
85724,mp4000,55147,,55084,55049,49305,ch0280130362,vector_single (0.99),evo,爷爷今年一直没回家，而且也没有参加武术大会。,どこに行っちゃったのかなぁ？,一体どこに行っちゃったの〜？
85725,mp4000,55194,55171,55086,55061,,,unmatched,evo,实在太无聊了，所以我自己出来玩。,街が落ち着いたら、今度こそ旦那には仕事を探してもらわなきゃね。,
85726,mp4000,55253,55218,55145,55110,,,unmatched,evo,莉安妮～！,何でも有名な軍人がクーデターを起こしたんだって？,
85727,mp4000,55255,55230,55147,55122,,,unmatched,evo,你在哪里啊？,いやあ、街が巻き込まれなくてよかったよ。,
85728,mp4000,55386,55279,55194,55171,,,unmatched,evo,等城里平静下来之后，一定要让我老公去找份工作。,ギルドに依頼して良かったよ。,
85729,mp4000,55388,55291,55253,55218,,,unmatched,evo,那么有名的军人为何要发动政变呢？,また家族みんなで王都の観光を楽しむとしよう。,
85730,mp4000,55397,55315,55255,55230,,,unmatched,evo,哎呀，幸好没有波及城里啊。,息子の名前はミーノ、今年で５歳になる。,
85731,mp4000,55399,55327,55386,55279,,,unmatched,evo,有委托游击士协会真是太好了。,好奇心旺盛でね、どこに行ってしまったのか……,
85732,mp4000,55401,55339,55388,55291,,,unmatched,evo,我们一家人再一起好好游览王都吧。,とにかく、よろしく頼んだよ。,
85733,mp4000,55410,55363,55397,55315,,,unmatched,evo,我儿子名叫米诺，今年五岁了。,落ち着きなさい。きっと心配いらないさ……,
85734,mp4000,55529,55434,55399,55327,,,unmatched,evo,他好奇心特别强，不知道跑到哪里去了……,皆さん、本当にありがとうございました。,
85735,mp4000,55531,55446,55401,55339,,,unmatched,evo,总之，拜托你们了。,あのグラッツさんにもお礼を伝えておいてください。,
85736,mp4000,55540,55470,55410,55363,,,unmatched,evo,冷静点。一定不会有事的……,私が目を離したりしなければ……,
85737,mp4000,55542,55482,55529,55434,,,unmatched,evo,各位，真的是多谢你们了。,みなさん、ミーノのことをどうか見つけてください。,
85738,mp4000,55551,55506,55531,55446,,,unmatched,evo,请也替我向那位库拉茨先生道谢。,ああ、どうしましょ。まさか人さらいにでもあったんじゃ……,
85739,mp4000,55617,55581,55540,55470,,,unmatched,evo,都怪我没看好他……,ママ、しんぱいかけてごめんなさい……,
85740,mp4000,55619,55593,55542,55482,,,unmatched,evo,各位，请一定要找到米诺。,ううん、いいのよ、あなたが無事で良かった……！,
85741,mp4000,55732,55649,55551,55506,,,unmatched,evo,啊，怎么办啊。该不会是遇到人贩子了吧……,エステルたちは先に行っててくれ。,
85742,mp4000,55734,55661,55617,55581,,,unmatched,evo,妈妈，让你担心了，对不起……,俺は念の為、この辺りをもう一度見回ってから行くぜ。,
85743,mp4000,55743,55685,55619,55593,,,unmatched,evo,不不，没关系的，你平安无事就好了……！,ざっとこの辺の主要な建物は回ってみたが、目撃者はいなそうだ。,
85744,mp4000,55745,55697,55732,55649,,,unmatched,evo,艾丝蒂尔你们先走吧。,ちょっと外れのほうに行っちまったのかもな……,
85745,mp4000,55810,55775,55734,55661,,,unmatched,evo,我为了保险起见，再巡视一下这附近再过去。,ふん、お前らも試合前にフラフラしてんじゃねーぞ。,
85746,mp4000,55812,55787,55743,55685,,,unmatched,evo,我大致转了一圈这附近的主要建筑，但好像没有目击者。,優勝しなかったらマジで承知しねぇからな！,
85747,mp4000,55871,55836,55745,55697,,,unmatched,evo,可能是跑到偏僻一点的地方去了……,あのガキ、“でっかいオサカナさん”のところに行くとか言ってたな。,
85748,mp4000,55873,55848,55810,55775,,,unmatched,evo,哼，你们也别在比赛前到处晃荡。,し、心配しているわけじゃねえぞ。……微笑ましい顔してんじゃねえ！,
85749,mp4000,55932,55897,55812,55787,,,unmatched,evo,要是没拿到冠军，我绝对不会放过你们！,やれやれ、ロッコちゃんったら何をやってるんだか。,
85750,mp4000,55934,55909,55871,55836,,,unmatched,evo,那小鬼说要去“大大的小鱼儿”那里。,ただでさえ人相悪いんだから気を付けないとねぇ？,
85751,mp4000,56251,55958,55873,55848,,,unmatched,evo,我、我才不是在担心呢。……别露出那种会心一笑的表情！,先輩に聞いたんだけど国境師団のモルガン将軍ってとても怖い人らしいね。,
85752,mp4000,56253,55970,55932,55897,,,unmatched,evo,哎呀呀，洛克你在搞什么呢。,でも、教科書に出てるくらい有名な人だからきっとすごい人なんだろうな。,
85753,mp4000,56262,55994,55934,55909,,,unmatched,evo,本来就长得凶神恶煞的，还是要注意一下形象啊？,親衛隊も特務部隊と同じくらい強い人がそろっているらしいね。,
85754,mp4000,56264,56006,56251,55958,,,unmatched,evo,我听前辈说国境师团的摩尔根将军是个非常可怕的人。,そんな人たちに襲撃されたらと思うと怖くなってきちゃうよ。,
85755,mp4000,56275,56084,56253,55970,,,unmatched,evo,但他毕竟是个在教科书中都曾提到的名人，一定是个很了不起的人。,王国軍の警戒レベルが引き上げられたんだ。,
85756,mp4000,56277,56096,56262,55994,,,unmatched,evo,据说亲卫队和特务部队一样，也是个强者云集的集团。,ここが襲われる可能性もあるって隊長が言ってたよ。,
85757,mp4000,56279,56060,56264,56006,,,unmatched,evo,要是被那些家伙袭击……光是想想就觉得很恐怖啊。,そ、そう言われると見張りするのにも緊張するなぁ。,
85758,mp4000,56287,56084,56275,56084,,,unmatched,evo,王国军的警戒等级提高了。,王国軍の警戒レベルが引き上げられたんだ。,
85759,mp4000,56289,56096,56277,56096,,,unmatched,evo,队长说这里也有被袭击的可能性。,ここが襲われる可能性もあるって隊長が言ってたよ。,
85760,mp4000,56301,56120,56279,56060,,,unmatched,evo,这、这么一说，连警戒工作我都觉得紧张了。,今日から武術大会の本戦かあ。,
85761,mp4000,56303,56132,56287,56084,,,unmatched,evo,王国军的警戒等级提高了。,子供のころよく母親に連れられて見物に行ったよ。,
85762,mp4000,56312,56156,56289,56096,,,unmatched,evo,队长说这里也有被袭击的可能性。,ふう、この前に行われたテロ対策の訓練の疲れがまだ残っているんだ。,
85763,mp4000,56314,56168,56301,56120,,,unmatched,evo,武术大会的淘汰赛是从今天开始吧。,でも、今大変な時だし頑張らなきゃなぁ。,
85764,mp4000,56323,56192,56303,56132,,,unmatched,evo,在我小的时候，妈妈经常带我去竞技场看比赛。,生誕祭も近いし早くテロリストが捕まるといいね。,
85765,mp4000,56332,56216,56312,56156,,,unmatched,evo,呼～之前刚进行了防恐训练，还没有从疲劳中恢复呢。,僕は最近、ここの守備隊に配属されたばかりなんだ。,
85766,mp4000,56334,56228,56314,56168,,,unmatched,evo,但是，现在是非常时期，不振作起来不行啊。,まわりは厳しい先輩が多いし一日中緊張してるよ。,
85767,mp4000,56839,56364,56323,56192,,,unmatched,evo,快要到诞生庆典了，要是能早点抓住恐怖分子就好了。,異常なし！,
85768,mp4000,56841,56412,56332,56216,,,unmatched,evo,我是刚刚被分配到这里的守备队来的。,武術大会は終わったけど今度は生誕祭が控えているから気を抜けないよ。,
85769,mp4000,56843,56388,56334,56228,,,unmatched,evo,这里有很多严厉的前辈，弄得我一天到晚都很紧张。,いつテロリストによる襲撃があるか分からないからね。,
85770,mp4000,56851,56412,56839,56364,,,unmatched,evo,没有异常！,武術大会は終わったけど今度は生誕祭が控えているから気を抜けないよ。,
85771,mp4000,56853,56424,56841,56412,,,unmatched,evo,武术大会结束了，但是还有诞生庆典，不能松懈啊！,いつテロリストの襲撃があるか分からないからね。,
85772,mp4000,56865,56448,56843,56424,,,unmatched,evo,因为不知道恐怖分子什么时候会袭击过来。,最近、隊長や副隊長が何かと悩んでいるみたいだよ。,
85773,mp4000,56867,56460,56851,56412,,,unmatched,evo,武术大会结束了，但是还有诞生庆典，不能松懈啊！,王国軍の中にも色々とあるみたいだね。,
85774,mp4000,56878,56490,56853,56424,,,unmatched,evo,因为不知道恐怖分子什么时候会袭击过来。,君たちは遊撃士なのかい？,
85775,mp4000,56880,56538,56865,56448,,,unmatched,evo,最近队长和副队长好像都在烦恼。,僕も少し前までは遊撃士になるのが夢だったんだ。,
85776,mp4000,56882,56550,56867,56460,,,unmatched,evo,看来在军队里麻烦事也不少呢。,最後まで王国軍に入るか遊撃士になるか迷ったもんだよ。,
85777,mp4000,56890,56538,56878,56490,,,unmatched,evo,你们是游击士吧？,僕も少し前までは遊撃士になるのが夢だったんだ。,
85778,mp4000,56892,56550,56880,56538,,,unmatched,evo,我之前一直梦想当个游击士。,最後まで王国軍に入るか遊撃士になるか迷ったもんだよ。,
85779,mp4000,56904,56574,56882,56550,,,unmatched,evo,直到最后还在犹豫到底是要入伍还是当游击士。,この前、周遊道でやたらと光る魔獣を見たんだ。,
85780,mp4000,56906,56586,56890,56538,,,unmatched,evo,我之前一直梦想当个游击士。,ひとしきり光ったら満足そうに去っていったよ。,
85781,mp4000,56908,56598,56892,56550,,,unmatched,evo,直到最后还在犹豫到底是要入伍还是当游击士。,何だか妙に愛嬌のあるやつらだったなぁ。,
85782,mp4000,56919,56676,56904,56574,,,unmatched,evo,前一阵子我在周游道发现了一种发光的魔兽。,テロリストが親衛隊を装ってるって最初は聞いたんだけど……,
85783,mp4000,56921,56688,56906,56586,,,unmatched,evo,他们只是一直在闪着光，后来闪够了就走掉了。,実際には親衛隊自身がテロを起こして、王城から姿を消したそうじゃないか。,
85784,mp4000,56923,56652,56908,56598,,,unmatched,evo,真是有着奇特魅力的小家伙。,親衛隊とやり合うことになったらここも無事じゃすまないなぁ。,
85785,mp4000,56931,56676,56919,56676,,,unmatched,evo,以前听说，恐怖分子伪装成了亲卫队对中央工房进行了袭击……,テロリストが親衛隊を装ってるって最初は聞いたんだけど……,
85786,mp4000,56933,56688,56921,56688,,,unmatched,evo,不过，实际上不就是亲卫队自己犯下案件，从王城中逃走失踪了吗？,実際には親衛隊自身がテロを起こして、王城から姿を消したそうじゃないか。,
85787,mp4000,56945,56712,56923,56652,,,unmatched,evo,如果要和亲卫队交战的话，这里也不能保证平安无事啊。,今、ここを通っていった連中は逃げたテロリストを捕まえるために派遣されたらしいよ。,
85788,mp4000,56947,56724,56931,56676,,,unmatched,evo,以前听说，恐怖分子伪装成了亲卫队对中央工房进行了袭击……,何となくいばってて嫌な感じだったよなぁ。,
85789,mp4000,56958,56754,56933,56688,,,unmatched,evo,不过，实际上不就是亲卫队自己犯下案件，从王城中逃走失踪了吗？,おや、王都へ行くのかい？,
85790,mp4000,56960,56802,56945,56712,,,unmatched,evo,刚才通过这里的部队，好像是为了抓捕恐怖分子而被派遣去的。,手配中のテロリストが潜んでいるかもしれないから気をつけて行くんだよ。,
85791,mp4000,56962,56814,56947,56724,,,unmatched,evo,总觉得他们趾高气扬，有点让人讨厌啊。,もっとも、このあたりは王国軍が巡回しているから安全だとは思うけどね。,
85792,mp4000,56970,56802,56958,56754,,,unmatched,evo,哦？你们要去王都吗？,手配中のテロリストが潜んでいるかもしれないから気をつけて行くんだよ。,
85793,mp4000,56972,56814,56960,56802,,,unmatched,evo,说不定通缉中的恐怖分子正潜藏在周围，要小心点哦。,もっとも、このあたりは王国軍が巡回しているから安全だとは思うけどね。,
85794,mp4000,57267,57002,56962,56814,,,unmatched,evo,当然，这一带有王国军在巡逻，我想应该很安全的。,ようこそグリューネ門へ。,
85795,mp4000,57269,57014,56970,56802,,,unmatched,evo,说不定通缉中的恐怖分子正潜藏在周围，要小心点哦。,……と言いたいところだけど昨日より王国各地の関所は完全封鎖することになったんだ。,
85796,mp4000,57271,57062,56972,56814,,,unmatched,evo,当然，这一带有王国军在巡逻，我想应该很安全的。,今は通行手続きも一切行っていないよ。,
85797,mp4000,57279,57050,57267,57002,,,unmatched,evo,欢迎来到格鲁纳门。,昨日より王国各地の関所は完全封鎖することになったんだ。,
85798,mp4000,57281,57062,57269,57014,,,unmatched,evo,……话虽如此，但从昨天开始，王国各地的关所已经全部封锁了。,今は通行手続きも一切行っていないよ。,
85799,mp4000,57293,57086,57271,57062,,,unmatched,evo,现在无法办理任何通行手续。,大会も今日で終わりだな。,
85800,mp4000,57295,57098,57279,57050,,,unmatched,evo,从昨天开始，王国各地的关所已经全部封锁了。,でも、テロの犯人が見つかるまで僕らは息を抜けないよ。,
85801,mp4000,57304,57122,57281,57062,,,unmatched,evo,现在无法办理任何通行手续。,警備を厳重にするよう命令があったんだ。,
85802,mp4000,57306,57134,57293,57086,,,unmatched,evo,武术大会要在今天结束了。,通行証の発行も今日から厳しくするらしいよ。,
85803,mp4000,57315,57158,57295,57098,,,unmatched,evo,在抓到恐怖分子之前，我们绝对不能掉以轻心。,確か今日から武術大会の本戦だよね。,
85804,mp4000,57317,57170,57304,57122,,,unmatched,evo,上级已经下达了命令，让我们加强警备力度。,今年は誰が優勝するのかなぁ。,
85805,mp4000,57326,57194,57306,57134,,,unmatched,evo,从今天开始，通行证的发放标准比以前严格了。,中央工房が襲撃を受けたなんてただ事じゃないよね。,
85806,mp4000,57328,57206,57315,57158,,,unmatched,evo,武术大会的正赛好像是从今天开始吧？,ボースやルーアンの事件が一段落したばかりだってのになぁ。,
85807,mp4000,57337,57230,57317,57170,,,unmatched,evo,今年的冠军会是谁呢？,ここはグリューネ門だよ。,
85808,mp4000,57339,57242,57326,57194,,,unmatched,evo,中央工房遭受袭击可是一起重大事件。,グランセル地方とロレント地方をつなぐ関所さ。,
85809,mp4000,57674,57363,57328,57206,,,unmatched,evo,柏斯和卢安的事件刚过去，就又发生了这种事。,王城で晩餐会が行われたって聞いたけど女王陛下も出席されたんだろうか？,
85810,mp4000,57676,57375,57337,57230,,,unmatched,evo,这里是格鲁纳门。,病気や生誕祭についてそろそろ正式な発表があっても良さそうだよね。,
85811,mp4000,57685,57399,57339,57242,,,unmatched,evo,是连接格兰赛尔地区和洛连特地区的关所。,ここ数日間、この辺りでも情報部の特務部隊をよく見かけるんだ。,
85812,mp4000,57687,57411,57674,57363,,,unmatched,evo,听说王城内举办了晚宴，不知道女王陛下是否会出席。,生誕祭までにテロリストを見つけないとさすがに不安だよね。,
85813,mp4000,57696,57435,57676,57375,,,unmatched,evo,有关女王陛下生病和诞生庆典的事情，差不多也该对外界发布消息了吧。,異常なし！,
85814,mp4000,57698,57447,57685,57399,,,unmatched,evo,最近这几天，经常能在这一带看到情报部的特务部队。,ここには今のところ親衛隊も不審者も現れていないよ。,
85815,mp4000,57711,57483,57687,57411,,,unmatched,evo,要是在诞生庆典之前找不到恐怖分子，确实让人不安啊。,財布の持ち主が分かって良かったよ。,
85816,mp4000,57713,57495,57696,57435,,,unmatched,evo,没有异常情况！,くれぐれも酒の飲み方には気を付けるよう言っておいてくれよ。,
85817,mp4000,57720,57513,57698,57447,,,unmatched,evo,目前并未发现亲卫队的成员或其他可疑分子。,親衛隊が反逆罪って聞いてびっくりしたよ。,
85818,mp4000,57722,57525,57711,57483,,,unmatched,evo,钱包的主人找到了，真是太好了。,でも任務は任務だ。もし遭遇したら彼らと戦わなければいけないな。,
85819,mp4000,57734,57549,57713,57495,,,unmatched,evo,一定要提醒他注意喝酒的方式啊。,テロリスト対策のためについにあのモルガン将軍が動き始めたらしいよ。,
85820,mp4000,57736,57561,57720,57513,,,unmatched,evo,听说亲卫队叛乱时，我真是大吃一惊。,リシャール大佐やモルガン将軍が出てくれば事件の解決は時間の問題だよ。,
85821,mp4000,57747,57639,57722,57525,,,unmatched,evo,但任务就是任务。如果遇上了，就必须和他们战斗。,キルシェ通りとエルベ周遊道はこの地方を１周しているのさ。,
85822,mp4000,57749,57603,57734,57549,,,unmatched,evo,为了抓捕恐怖分子，连摩尔根将军都开始行动了。,だから、時々王都へ入る道を見落として１周しちゃう人がいるんだ。,
85823,mp4000,57751,57615,57736,57561,,,unmatched,evo,只要理查德上校和摩尔根将军都出动，解决这起事件就只是时间问题了。,以前メガネをかけた変わったお姉さんが１周してたな。,
85824,mp4000,57759,57639,57747,57639,,,unmatched,evo,庭园大道和艾尔贝周游道环绕着整个格兰赛尔地区。,キルシェ通りとエルベ周遊道はこの地方を１周しているのさ。,
85825,mp4000,57761,57651,57749,57603,,,unmatched,evo,所以经常有人看漏通向王都的道路，整整绕行一圈。,だから、王都へ入る道を見落として１周しちゃう人がいるんだ。,
85826,mp4000,58566,,57751,57615,43936,ch2190100891,blockwise,evo,之前有个戴眼镜的小姑娘就绕着跑了一圈。,現在、当アリーナでは武術大会を開催中です。,現在、当アリーナでは武術大会を開催中です。
85827,mp4000,58568,,57759,57639,43937,ch2190100892,blockwise,evo,庭园大道和艾尔贝周游道环绕着整个格兰赛尔地区。,選手として出場される際にはあらかじめ選手登録が必要ですよ。,選手として出場される際にはあらかじめ選手登録が必要ですよ。
85828,mp4000,58570,,57761,57651,43938,ch2190100893,blockwise,evo,所以有些人会看漏通向王都的道路，整整绕行一圈。,登録は右手のチケット売り場にてうけたまわっております。,登録は右手のチケット売り場にてうけたまわっております。
85829,mp4000,58597,,58566,58376,43945,ch2190100883,blockwise,evo,现在，王立竞技场内将要举行武术大会的正赛。,現在、当アリーナでは武術大会・予選試合が開催中です。,現在、当アリーナでは武術大会・予選試合が開催中です。
85830,mp4000,58599,,58568,58388,43946,ch2190100884,blockwise,evo,要作为参赛者出场的话，先要进行选手登记。,ご入場の方はチケットをお出し下さい。,ご入場の方はチケットをお出し下さい。
85831,mp4000,58601,,58570,58400,43947,ch2190100890,blockwise,evo,选手登记请在右边的售票处进行。,チケット売り場は右手の方にございます。,チケット売り場は右手の方にございます。
85832,mp4000,59520,,58597,58472,54245,ch2620120501,blockwise,evo,现在，王立竞技场内正在举行武术大会的预赛。,おや、ヒルダ夫人。まだ何かご用ですかな？,おや、ヒルダ夫人。まだ何かご用ですかな？
85833,mp4000,59522,,58599,58484,54246,ch2620120502,blockwise,evo,想要入场的话，请先出示门票。,陛下は我らがお守りいたします。どうかご安心のほどを……,陛下は我らがお守りいたします。どうかご安心のほどを……
85834,mp4000,59528,,58601,58496,54247,ch2620120503,blockwise,evo,还没有买票的观众，请到右手边的售票处购票。,女王宮の付近に近づくことは禁じられている。,女王宮の付近に近づくことは禁じられている。
85835,mp4000,59530,,59520,59460,54248,ch2620120504,blockwise,evo,哦，希尔丹夫人。还有什么事吗？,陛下にお目通りを願っても無駄だぞ。,陛下にお目通りを願っても無駄だぞ。
85836,mp4000,60257,60417,59522,59472,,,unmatched,evo,我们会好好保护陛下的。请放心吧……,扉には鍵がかかっている。,
85837,mp4000,60263,,59528,59484,175018,ch0020110945,vector_single (0.99),evo,女王宫附近禁止无关人等接近。,ここがエルナンさんが言ってた地下水路の入口みたいだね。,どうやらここが　エルナンさんが言ってた地下水路の入口みたいだね。
85838,mp4000,60265,,59530,59496,52870,ch0020110431,normalized,evo,就算想见陛下也是不允许的。,今日はもう遅いから、ジンさんたちが一緒にいる時に調べに来てみようか。,今日はもう遅いからジンさんたちが一緒にいる時に調べに来てみようか。
85839,mp4000,60277,60220,60257,60417,,,unmatched,evo,门锁着。,地下水路の鍵Ｂを使った。,
85840,mp4000,60354,60369,60263,60178,,,unmatched,evo,这里就是艾南先生说的地下水道入口了。,扉は固く閉ざされている。,
85841,mp4000,60390,60369,60265,60453,,,unmatched,evo,今天已经很晚了，等阵先生他们在一起的时候再来调查吧。,扉は固く閉ざされている。,
85842,mp4000,60520,60417,60277,60220,,,unmatched,evo,使用了地下水道的钥匙Ｂ。,扉には鍵がかかっている。,
85843,mp4000,60526,,60354,60369,52869,ch0020110430,vector_search (0.92),evo,门紧紧关着。,ここが《レイヴン》の人たちが言ってた地下水路の入口みたいだね。,どうやらここが　《レイヴン》の人たちが言ってた地下水路の入口みたいだね。
85844,mp4000,60528,,60390,60369,52870,ch0020110431,normalized,evo,门紧紧关着。,今日はもう遅いから、ジンさんたちが一緒にいる時に調べに来てみようか。,今日はもう遅いからジンさんたちが一緒にいる時に調べに来てみようか。
85845,mp4000,60540,60483,60520,60417,,,unmatched,evo,门锁着。,地下水路の鍵Ａを使った。,
85846,mp4000,60703,60682,60526,60441,,,unmatched,evo,这里好像就是《渡鸦帮》的人说的地下水道入口呢。,古びた琥耀石の石碑がある。,
85847,mp4000,60739,60718,60528,60453,,,unmatched,evo,今天已经很晚了，等阵先生他们在一起的时候再来调查吧。,古びた翠耀石の石碑がある。,
85848,mp4000,60775,60754,60540,60483,,,unmatched,evo,使用了地下水道的钥匙Ａ。,古びた蒼耀石の石碑がある。,
85849,mp4000,60811,60790,60703,60682,,,unmatched,evo,矗立着古老的琥耀石石碑。,古びた紅耀石の石碑がある。,
85850,mp4000,60919,60898,60739,60718,,,unmatched,evo,矗立着古老的翠耀石石碑。,扉には鍵がかかっている。,
